activation_month,observation_month,months_since_activation,prior_revenue_lifecycle_state,revenue_lifecycle_state,persona,initial_subscription_group,segment_level,companies,transition_rate_from_prior_state_pct
2025-10-01,2025-11-01,1,Active,Active,ALL,business,initial_plan,25,89.29
2025-10-01,2025-11-01,1,Active,At-risk,ALL,business,initial_plan,3,10.71
2025-10-01,2025-11-01,1,Active,Active,ALL,free,initial_plan,391,95.83
2025-10-01,2025-11-01,1,Active,At-risk,ALL,free,initial_plan,17,4.17
2025-10-01,2025-11-01,1,Never monetized,Never monetized,ALL,free,initial_plan,1,100.0
2025-10-01,2025-11-01,1,Active,Active,ALL,plus,initial_plan,199,94.76
2025-10-01,2025-11-01,1,Active,At-risk,ALL,plus,initial_plan,11,5.24
2025-10-01,2025-11-01,1,Never monetized,Active,ALL,plus,initial_plan,1,100.0
2025-10-01,2025-11-01,1,Active,Active,ALL,start,initial_plan,537,98.17
2025-10-01,2025-11-01,1,Active,At-risk,ALL,start,initial_plan,10,1.83
2025-10-01,2025-11-01,1,Never monetized,Never monetized,ALL,start,initial_plan,1,100.0
2025-10-01,2025-11-01,1,Active,Active,ALL,ALL,overall,1152,96.56
2025-10-01,2025-11-01,1,Active,At-risk,ALL,ALL,overall,41,3.44
2025-10-01,2025-11-01,1,Never monetized,Active,ALL,ALL,overall,1,33.33
2025-10-01,2025-11-01,1,Never monetized,Never monetized,ALL,ALL,overall,2,66.67
2025-10-01,2025-11-01,1,Active,Active,Automobile_Trade_Repair,ALL,persona,53,100.0
2025-10-01,2025-11-01,1,Active,Active,BTP,ALL,persona,228,95.4
2025-10-01,2025-11-01,1,Active,At-risk,BTP,ALL,persona,11,4.6
2025-10-01,2025-11-01,1,Never monetized,Active,BTP,ALL,persona,1,100.0
2025-10-01,2025-11-01,1,Active,Active,Bankers_Insurance,ALL,persona,14,93.33
2025-10-01,2025-11-01,1,Active,At-risk,Bankers_Insurance,ALL,persona,1,6.67
2025-10-01,2025-11-01,1,Active,Active,Bikers_Drivers,ALL,persona,92,92.93
2025-10-01,2025-11-01,1,Active,At-risk,Bikers_Drivers,ALL,persona,7,7.07
2025-10-01,2025-11-01,1,Never monetized,Never monetized,Bikers_Drivers,ALL,persona,1,100.0
2025-10-01,2025-11-01,1,Active,Active,Cleaning_CallCenters,ALL,persona,6,100.0
2025-10-01,2025-11-01,1,Active,Active,Consultant,ALL,persona,197,97.52
2025-10-01,2025-11-01,1,Active,At-risk,Consultant,ALL,persona,5,2.48
2025-10-01,2025-11-01,1,Active,Active,Developer_IT,ALL,persona,84,93.33
2025-10-01,2025-11-01,1,Active,At-risk,Developer_IT,ALL,persona,6,6.67
2025-10-01,2025-11-01,1,Never monetized,Never monetized,Developer_IT,ALL,persona,1,100.0
2025-10-01,2025-11-01,1,Active,Active,Media_Publishing,ALL,persona,32,94.12
2025-10-01,2025-11-01,1,Active,At-risk,Media_Publishing,ALL,persona,2,5.88
2025-10-01,2025-11-01,1,Active,Active,Medical_Professionals,ALL,persona,14,100.0
2025-10-01,2025-11-01,1,Active,Active,Others,ALL,persona,185,96.86
2025-10-01,2025-11-01,1,Active,At-risk,Others,ALL,persona,6,3.14
2025-10-01,2025-11-01,1,Active,Active,Professeur,ALL,persona,34,100.0
2025-10-01,2025-11-01,1,Active,Active,Repair,ALL,persona,8,100.0
2025-10-01,2025-11-01,1,Active,Active,Restauration,ALL,persona,27,96.43
2025-10-01,2025-11-01,1,Active,At-risk,Restauration,ALL,persona,1,3.57
2025-10-01,2025-11-01,1,Active,Active,Retail,ALL,persona,155,98.73
2025-10-01,2025-11-01,1,Active,At-risk,Retail,ALL,persona,2,1.27
2025-10-01,2025-11-01,1,Active,Active,Wholesale,ALL,persona,23,100.0
2025-10-01,2025-11-01,1,Active,Active,Automobile_Trade_Repair,business,persona_x_initial_plan,5,100.0
2025-10-01,2025-11-01,1,Active,Active,Automobile_Trade_Repair,free,persona_x_initial_plan,15,100.0
2025-10-01,2025-11-01,1,Active,Active,Automobile_Trade_Repair,plus,persona_x_initial_plan,11,100.0
2025-10-01,2025-11-01,1,Active,Active,Automobile_Trade_Repair,start,persona_x_initial_plan,22,100.0
2025-10-01,2025-11-01,1,Active,Active,BTP,business,persona_x_initial_plan,7,87.5
2025-10-01,2025-11-01,1,Active,At-risk,BTP,business,persona_x_initial_plan,1,12.5
2025-10-01,2025-11-01,1,Active,Active,BTP,free,persona_x_initial_plan,69,94.52
2025-10-01,2025-11-01,1,Active,At-risk,BTP,free,persona_x_initial_plan,4,5.48
2025-10-01,2025-11-01,1,Active,Active,BTP,plus,persona_x_initial_plan,63,94.03
2025-10-01,2025-11-01,1,Active,At-risk,BTP,plus,persona_x_initial_plan,4,5.97
2025-10-01,2025-11-01,1,Never monetized,Active,BTP,plus,persona_x_initial_plan,1,100.0
2025-10-01,2025-11-01,1,Active,Active,BTP,start,persona_x_initial_plan,89,97.8
2025-10-01,2025-11-01,1,Active,At-risk,BTP,start,persona_x_initial_plan,2,2.2
2025-10-01,2025-11-01,1,Active,Active,Bankers_Insurance,free,persona_x_initial_plan,7,87.5
2025-10-01,2025-11-01,1,Active,At-risk,Bankers_Insurance,free,persona_x_initial_plan,1,12.5
2025-10-01,2025-11-01,1,Active,Active,Bankers_Insurance,start,persona_x_initial_plan,7,100.0
2025-10-01,2025-11-01,1,Active,Active,Bikers_Drivers,business,persona_x_initial_plan,5,100.0
2025-10-01,2025-11-01,1,Active,Active,Bikers_Drivers,free,persona_x_initial_plan,33,94.29
2025-10-01,2025-11-01,1,Active,At-risk,Bikers_Drivers,free,persona_x_initial_plan,2,5.71
2025-10-01,2025-11-01,1,Never monetized,Never monetized,Bikers_Drivers,free,persona_x_initial_plan,1,100.0
2025-10-01,2025-11-01,1,Active,Active,Bikers_Drivers,plus,persona_x_initial_plan,23,88.46
2025-10-01,2025-11-01,1,Active,At-risk,Bikers_Drivers,plus,persona_x_initial_plan,3,11.54
2025-10-01,2025-11-01,1,Active,Active,Bikers_Drivers,start,persona_x_initial_plan,31,93.94
2025-10-01,2025-11-01,1,Active,At-risk,Bikers_Drivers,start,persona_x_initial_plan,2,6.06
2025-10-01,2025-11-01,1,Active,Active,Cleaning_CallCenters,free,persona_x_initial_plan,4,100.0
2025-10-01,2025-11-01,1,Active,Active,Cleaning_CallCenters,start,persona_x_initial_plan,2,100.0
2025-10-01,2025-11-01,1,Active,Active,Consultant,business,persona_x_initial_plan,2,100.0
2025-10-01,2025-11-01,1,Active,Active,Consultant,free,persona_x_initial_plan,77,96.25
2025-10-01,2025-11-01,1,Active,At-risk,Consultant,free,persona_x_initial_plan,3,3.75
2025-10-01,2025-11-01,1,Active,Active,Consultant,plus,persona_x_initial_plan,15,100.0
2025-10-01,2025-11-01,1,Active,Active,Consultant,start,persona_x_initial_plan,103,98.1
2025-10-01,2025-11-01,1,Active,At-risk,Consultant,start,persona_x_initial_plan,2,1.9
2025-10-01,2025-11-01,1,Active,Active,Developer_IT,free,persona_x_initial_plan,31,88.57
2025-10-01,2025-11-01,1,Active,At-risk,Developer_IT,free,persona_x_initial_plan,4,11.43
2025-10-01,2025-11-01,1,Active,Active,Developer_IT,plus,persona_x_initial_plan,12,92.31
2025-10-01,2025-11-01,1,Active,At-risk,Developer_IT,plus,persona_x_initial_plan,1,7.69
2025-10-01,2025-11-01,1,Active,Active,Developer_IT,start,persona_x_initial_plan,41,97.62
2025-10-01,2025-11-01,1,Active,At-risk,Developer_IT,start,persona_x_initial_plan,1,2.38
2025-10-01,2025-11-01,1,Never monetized,Never monetized,Developer_IT,start,persona_x_initial_plan,1,100.0
2025-10-01,2025-11-01,1,Active,Active,Media_Publishing,free,persona_x_initial_plan,14,93.33
2025-10-01,2025-11-01,1,Active,At-risk,Media_Publishing,free,persona_x_initial_plan,1,6.67
2025-10-01,2025-11-01,1,Active,Active,Media_Publishing,plus,persona_x_initial_plan,1,100.0
2025-10-01,2025-11-01,1,Active,Active,Media_Publishing,start,persona_x_initial_plan,17,94.44
2025-10-01,2025-11-01,1,Active,At-risk,Media_Publishing,start,persona_x_initial_plan,1,5.56
2025-10-01,2025-11-01,1,Active,Active,Medical_Professionals,free,persona_x_initial_plan,5,100.0
2025-10-01,2025-11-01,1,Active,Active,Medical_Professionals,plus,persona_x_initial_plan,1,100.0
2025-10-01,2025-11-01,1,Active,Active,Medical_Professionals,start,persona_x_initial_plan,8,100.0
2025-10-01,2025-11-01,1,Active,Active,Others,business,persona_x_initial_plan,5,83.33
2025-10-01,2025-11-01,1,Active,At-risk,Others,business,persona_x_initial_plan,1,16.67
2025-10-01,2025-11-01,1,Active,Active,Others,free,persona_x_initial_plan,58,98.31
2025-10-01,2025-11-01,1,Active,At-risk,Others,free,persona_x_initial_plan,1,1.69
2025-10-01,2025-11-01,1,Active,Active,Others,plus,persona_x_initial_plan,32,94.12
2025-10-01,2025-11-01,1,Active,At-risk,Others,plus,persona_x_initial_plan,2,5.88
2025-10-01,2025-11-01,1,Active,Active,Others,start,persona_x_initial_plan,90,97.83
2025-10-01,2025-11-01,1,Active,At-risk,Others,start,persona_x_initial_plan,2,2.17
2025-10-01,2025-11-01,1,Active,Active,Professeur,free,persona_x_initial_plan,12,100.0
2025-10-01,2025-11-01,1,Active,Active,Professeur,plus,persona_x_initial_plan,1,100.0
2025-10-01,2025-11-01,1,Active,Active,Professeur,start,persona_x_initial_plan,21,100.0
2025-10-01,2025-11-01,1,Active,Active,Repair,free,persona_x_initial_plan,3,100.0
2025-10-01,2025-11-01,1,Active,Active,Repair,plus,persona_x_initial_plan,1,100.0
2025-10-01,2025-11-01,1,Active,Active,Repair,start,persona_x_initial_plan,4,100.0
2025-10-01,2025-11-01,1,Active,Active,Restauration,free,persona_x_initial_plan,9,100.0
2025-10-01,2025-11-01,1,Active,Active,Restauration,plus,persona_x_initial_plan,11,91.67
2025-10-01,2025-11-01,1,Active,At-risk,Restauration,plus,persona_x_initial_plan,1,8.33
2025-10-01,2025-11-01,1,Active,Active,Restauration,start,persona_x_initial_plan,7,100.0
2025-10-01,2025-11-01,1,Active,At-risk,Retail,business,persona_x_initial_plan,1,100.0
2025-10-01,2025-11-01,1,Active,Active,Retail,free,persona_x_initial_plan,48,97.96
2025-10-01,2025-11-01,1,Active,At-risk,Retail,free,persona_x_initial_plan,1,2.04
2025-10-01,2025-11-01,1,Active,Active,Retail,plus,persona_x_initial_plan,25,100.0
2025-10-01,2025-11-01,1,Active,Active,Retail,start,persona_x_initial_plan,82,100.0
2025-10-01,2025-11-01,1,Active,Active,Wholesale,business,persona_x_initial_plan,1,100.0
2025-10-01,2025-11-01,1,Active,Active,Wholesale,free,persona_x_initial_plan,6,100.0
2025-10-01,2025-11-01,1,Active,Active,Wholesale,plus,persona_x_initial_plan,3,100.0
2025-10-01,2025-11-01,1,Active,Active,Wholesale,start,persona_x_initial_plan,13,100.0
2025-10-01,2025-12-01,2,Active,Active,ALL,business,initial_plan,22,88.0
2025-10-01,2025-12-01,2,Active,At-risk,ALL,business,initial_plan,3,12.0
2025-10-01,2025-12-01,2,At-risk,At-risk,ALL,business,initial_plan,3,100.0
2025-10-01,2025-12-01,2,Active,Active,ALL,free,initial_plan,374,95.65
2025-10-01,2025-12-01,2,Active,At-risk,ALL,free,initial_plan,17,4.35
2025-10-01,2025-12-01,2,At-risk,Active,ALL,free,initial_plan,3,17.65
2025-10-01,2025-12-01,2,At-risk,At-risk,ALL,free,initial_plan,14,82.35
2025-10-01,2025-12-01,2,Never monetized,Never monetized,ALL,free,initial_plan,1,100.0
2025-10-01,2025-12-01,2,Active,Active,ALL,plus,initial_plan,183,91.5
2025-10-01,2025-12-01,2,Active,At-risk,ALL,plus,initial_plan,17,8.5
2025-10-01,2025-12-01,2,At-risk,Active,ALL,plus,initial_plan,1,9.09
2025-10-01,2025-12-01,2,At-risk,At-risk,ALL,plus,initial_plan,10,90.91
2025-10-01,2025-12-01,2,Active,Active,ALL,start,initial_plan,516,96.09
2025-10-01,2025-12-01,2,Active,At-risk,ALL,start,initial_plan,21,3.91
2025-10-01,2025-12-01,2,At-risk,Active,ALL,start,initial_plan,2,20.0
2025-10-01,2025-12-01,2,At-risk,At-risk,ALL,start,initial_plan,8,80.0
2025-10-01,2025-12-01,2,Never monetized,Never monetized,ALL,start,initial_plan,1,100.0
2025-10-01,2025-12-01,2,Active,Active,ALL,ALL,overall,1095,94.97
2025-10-01,2025-12-01,2,Active,At-risk,ALL,ALL,overall,58,5.03
2025-10-01,2025-12-01,2,At-risk,Active,ALL,ALL,overall,6,14.63
2025-10-01,2025-12-01,2,At-risk,At-risk,ALL,ALL,overall,35,85.37
2025-10-01,2025-12-01,2,Never monetized,Never monetized,ALL,ALL,overall,2,100.0
2025-10-01,2025-12-01,2,Active,Active,Automobile_Trade_Repair,ALL,persona,49,92.45
2025-10-01,2025-12-01,2,Active,At-risk,Automobile_Trade_Repair,ALL,persona,4,7.55
2025-10-01,2025-12-01,2,Active,Active,BTP,ALL,persona,218,95.2
2025-10-01,2025-12-01,2,Active,At-risk,BTP,ALL,persona,11,4.8
2025-10-01,2025-12-01,2,At-risk,At-risk,BTP,ALL,persona,11,100.0
2025-10-01,2025-12-01,2,Active,Active,Bankers_Insurance,ALL,persona,13,92.86
2025-10-01,2025-12-01,2,Active,At-risk,Bankers_Insurance,ALL,persona,1,7.14
2025-10-01,2025-12-01,2,At-risk,Active,Bankers_Insurance,ALL,persona,1,100.0
2025-10-01,2025-12-01,2,Active,Active,Bikers_Drivers,ALL,persona,82,89.13
2025-10-01,2025-12-01,2,Active,At-risk,Bikers_Drivers,ALL,persona,10,10.87
2025-10-01,2025-12-01,2,At-risk,Active,Bikers_Drivers,ALL,persona,1,14.29
2025-10-01,2025-12-01,2,At-risk,At-risk,Bikers_Drivers,ALL,persona,6,85.71
2025-10-01,2025-12-01,2,Never monetized,Never monetized,Bikers_Drivers,ALL,persona,1,100.0
2025-10-01,2025-12-01,2,Active,Active,Cleaning_CallCenters,ALL,persona,6,100.0
2025-10-01,2025-12-01,2,Active,Active,Consultant,ALL,persona,192,97.46
2025-10-01,2025-12-01,2,Active,At-risk,Consultant,ALL,persona,5,2.54
2025-10-01,2025-12-01,2,At-risk,Active,Consultant,ALL,persona,2,40.0
2025-10-01,2025-12-01,2,At-risk,At-risk,Consultant,ALL,persona,3,60.0
2025-10-01,2025-12-01,2,Active,Active,Developer_IT,ALL,persona,79,94.05
2025-10-01,2025-12-01,2,Active,At-risk,Developer_IT,ALL,persona,5,5.95
2025-10-01,2025-12-01,2,At-risk,At-risk,Developer_IT,ALL,persona,6,100.0
2025-10-01,2025-12-01,2,Never monetized,Never monetized,Developer_IT,ALL,persona,1,100.0
2025-10-01,2025-12-01,2,Active,Active,Media_Publishing,ALL,persona,32,100.0
2025-10-01,2025-12-01,2,At-risk,Active,Media_Publishing,ALL,persona,1,50.0
2025-10-01,2025-12-01,2,At-risk,At-risk,Media_Publishing,ALL,persona,1,50.0
2025-10-01,2025-12-01,2,Active,Active,Medical_Professionals,ALL,persona,14,100.0
2025-10-01,2025-12-01,2,Active,Active,Others,ALL,persona,176,95.14
2025-10-01,2025-12-01,2,Active,At-risk,Others,ALL,persona,9,4.86
2025-10-01,2025-12-01,2,At-risk,At-risk,Others,ALL,persona,6,100.0
2025-10-01,2025-12-01,2,Active,Active,Professeur,ALL,persona,32,94.12
2025-10-01,2025-12-01,2,Active,At-risk,Professeur,ALL,persona,2,5.88
2025-10-01,2025-12-01,2,Active,Active,Repair,ALL,persona,7,87.5
2025-10-01,2025-12-01,2,Active,At-risk,Repair,ALL,persona,1,12.5
2025-10-01,2025-12-01,2,Active,Active,Restauration,ALL,persona,26,96.3
2025-10-01,2025-12-01,2,Active,At-risk,Restauration,ALL,persona,1,3.7
2025-10-01,2025-12-01,2,At-risk,Active,Restauration,ALL,persona,1,100.0
2025-10-01,2025-12-01,2,Active,Active,Retail,ALL,persona,149,96.13
2025-10-01,2025-12-01,2,Active,At-risk,Retail,ALL,persona,6,3.87
2025-10-01,2025-12-01,2,At-risk,At-risk,Retail,ALL,persona,2,100.0
2025-10-01,2025-12-01,2,Active,Active,Wholesale,ALL,persona,20,86.96
2025-10-01,2025-12-01,2,Active,At-risk,Wholesale,ALL,persona,3,13.04
2025-10-01,2025-12-01,2,Active,Active,Automobile_Trade_Repair,business,persona_x_initial_plan,5,100.0
2025-10-01,2025-12-01,2,Active,Active,Automobile_Trade_Repair,free,persona_x_initial_plan,14,93.33
2025-10-01,2025-12-01,2,Active,At-risk,Automobile_Trade_Repair,free,persona_x_initial_plan,1,6.67
2025-10-01,2025-12-01,2,Active,Active,Automobile_Trade_Repair,plus,persona_x_initial_plan,10,90.91
2025-10-01,2025-12-01,2,Active,At-risk,Automobile_Trade_Repair,plus,persona_x_initial_plan,1,9.09
2025-10-01,2025-12-01,2,Active,Active,Automobile_Trade_Repair,start,persona_x_initial_plan,20,90.91
2025-10-01,2025-12-01,2,Active,At-risk,Automobile_Trade_Repair,start,persona_x_initial_plan,2,9.09
2025-10-01,2025-12-01,2,Active,Active,BTP,business,persona_x_initial_plan,6,85.71
2025-10-01,2025-12-01,2,Active,At-risk,BTP,business,persona_x_initial_plan,1,14.29
2025-10-01,2025-12-01,2,At-risk,At-risk,BTP,business,persona_x_initial_plan,1,100.0
2025-10-01,2025-12-01,2,Active,Active,BTP,free,persona_x_initial_plan,68,98.55
2025-10-01,2025-12-01,2,Active,At-risk,BTP,free,persona_x_initial_plan,1,1.45
2025-10-01,2025-12-01,2,At-risk,At-risk,BTP,free,persona_x_initial_plan,4,100.0
2025-10-01,2025-12-01,2,Active,Active,BTP,plus,persona_x_initial_plan,58,90.63
2025-10-01,2025-12-01,2,Active,At-risk,BTP,plus,persona_x_initial_plan,6,9.38
2025-10-01,2025-12-01,2,At-risk,At-risk,BTP,plus,persona_x_initial_plan,4,100.0
2025-10-01,2025-12-01,2,Active,Active,BTP,start,persona_x_initial_plan,86,96.63
2025-10-01,2025-12-01,2,Active,At-risk,BTP,start,persona_x_initial_plan,3,3.37
2025-10-01,2025-12-01,2,At-risk,At-risk,BTP,start,persona_x_initial_plan,2,100.0
2025-10-01,2025-12-01,2,Active,Active,Bankers_Insurance,free,persona_x_initial_plan,7,100.0
2025-10-01,2025-12-01,2,At-risk,Active,Bankers_Insurance,free,persona_x_initial_plan,1,100.0
2025-10-01,2025-12-01,2,Active,Active,Bankers_Insurance,start,persona_x_initial_plan,6,85.71
2025-10-01,2025-12-01,2,Active,At-risk,Bankers_Insurance,start,persona_x_initial_plan,1,14.29
2025-10-01,2025-12-01,2,Active,Active,Bikers_Drivers,business,persona_x_initial_plan,4,80.0
2025-10-01,2025-12-01,2,Active,At-risk,Bikers_Drivers,business,persona_x_initial_plan,1,20.0
2025-10-01,2025-12-01,2,Active,Active,Bikers_Drivers,free,persona_x_initial_plan,30,90.91
2025-10-01,2025-12-01,2,Active,At-risk,Bikers_Drivers,free,persona_x_initial_plan,3,9.09
2025-10-01,2025-12-01,2,At-risk,Active,Bikers_Drivers,free,persona_x_initial_plan,1,50.0
2025-10-01,2025-12-01,2,At-risk,At-risk,Bikers_Drivers,free,persona_x_initial_plan,1,50.0
2025-10-01,2025-12-01,2,Never monetized,Never monetized,Bikers_Drivers,free,persona_x_initial_plan,1,100.0
2025-10-01,2025-12-01,2,Active,Active,Bikers_Drivers,plus,persona_x_initial_plan,19,82.61
2025-10-01,2025-12-01,2,Active,At-risk,Bikers_Drivers,plus,persona_x_initial_plan,4,17.39
2025-10-01,2025-12-01,2,At-risk,At-risk,Bikers_Drivers,plus,persona_x_initial_plan,3,100.0
2025-10-01,2025-12-01,2,Active,Active,Bikers_Drivers,start,persona_x_initial_plan,29,93.55
2025-10-01,2025-12-01,2,Active,At-risk,Bikers_Drivers,start,persona_x_initial_plan,2,6.45
2025-10-01,2025-12-01,2,At-risk,At-risk,Bikers_Drivers,start,persona_x_initial_plan,2,100.0
2025-10-01,2025-12-01,2,Active,Active,Cleaning_CallCenters,free,persona_x_initial_plan,4,100.0
2025-10-01,2025-12-01,2,Active,Active,Cleaning_CallCenters,start,persona_x_initial_plan,2,100.0
2025-10-01,2025-12-01,2,Active,Active,Consultant,business,persona_x_initial_plan,1,50.0
2025-10-01,2025-12-01,2,Active,At-risk,Consultant,business,persona_x_initial_plan,1,50.0
2025-10-01,2025-12-01,2,Active,Active,Consultant,free,persona_x_initial_plan,75,97.4
2025-10-01,2025-12-01,2,Active,At-risk,Consultant,free,persona_x_initial_plan,2,2.6
2025-10-01,2025-12-01,2,At-risk,Active,Consultant,free,persona_x_initial_plan,1,33.33
2025-10-01,2025-12-01,2,At-risk,At-risk,Consultant,free,persona_x_initial_plan,2,66.67
2025-10-01,2025-12-01,2,Active,Active,Consultant,plus,persona_x_initial_plan,15,100.0
2025-10-01,2025-12-01,2,Active,Active,Consultant,start,persona_x_initial_plan,101,98.06
2025-10-01,2025-12-01,2,Active,At-risk,Consultant,start,persona_x_initial_plan,2,1.94
2025-10-01,2025-12-01,2,At-risk,Active,Consultant,start,persona_x_initial_plan,1,50.0
2025-10-01,2025-12-01,2,At-risk,At-risk,Consultant,start,persona_x_initial_plan,1,50.0
2025-10-01,2025-12-01,2,Active,Active,Developer_IT,free,persona_x_initial_plan,28,90.32
2025-10-01,2025-12-01,2,Active,At-risk,Developer_IT,free,persona_x_initial_plan,3,9.68
2025-10-01,2025-12-01,2,At-risk,At-risk,Developer_IT,free,persona_x_initial_plan,4,100.0
2025-10-01,2025-12-01,2,Active,Active,Developer_IT,plus,persona_x_initial_plan,12,100.0
2025-10-01,2025-12-01,2,At-risk,At-risk,Developer_IT,plus,persona_x_initial_plan,1,100.0
2025-10-01,2025-12-01,2,Active,Active,Developer_IT,start,persona_x_initial_plan,39,95.12
2025-10-01,2025-12-01,2,Active,At-risk,Developer_IT,start,persona_x_initial_plan,2,4.88
2025-10-01,2025-12-01,2,At-risk,At-risk,Developer_IT,start,persona_x_initial_plan,1,100.0
2025-10-01,2025-12-01,2,Never monetized,Never monetized,Developer_IT,start,persona_x_initial_plan,1,100.0
2025-10-01,2025-12-01,2,Active,Active,Media_Publishing,free,persona_x_initial_plan,14,100.0
2025-10-01,2025-12-01,2,At-risk,At-risk,Media_Publishing,free,persona_x_initial_plan,1,100.0
2025-10-01,2025-12-01,2,Active,Active,Media_Publishing,plus,persona_x_initial_plan,1,100.0
2025-10-01,2025-12-01,2,Active,Active,Media_Publishing,start,persona_x_initial_plan,17,100.0
2025-10-01,2025-12-01,2,At-risk,Active,Media_Publishing,start,persona_x_initial_plan,1,100.0
2025-10-01,2025-12-01,2,Active,Active,Medical_Professionals,free,persona_x_initial_plan,5,100.0
2025-10-01,2025-12-01,2,Active,Active,Medical_Professionals,plus,persona_x_initial_plan,1,100.0
2025-10-01,2025-12-01,2,Active,Active,Medical_Professionals,start,persona_x_initial_plan,8,100.0
2025-10-01,2025-12-01,2,Active,Active,Others,business,persona_x_initial_plan,5,100.0
2025-10-01,2025-12-01,2,At-risk,At-risk,Others,business,persona_x_initial_plan,1,100.0
2025-10-01,2025-12-01,2,Active,Active,Others,free,persona_x_initial_plan,57,98.28
2025-10-01,2025-12-01,2,Active,At-risk,Others,free,persona_x_initial_plan,1,1.72
2025-10-01,2025-12-01,2,At-risk,At-risk,Others,free,persona_x_initial_plan,1,100.0
2025-10-01,2025-12-01,2,Active,Active,Others,plus,persona_x_initial_plan,27,84.38
2025-10-01,2025-12-01,2,Active,At-risk,Others,plus,persona_x_initial_plan,5,15.63
2025-10-01,2025-12-01,2,At-risk,At-risk,Others,plus,persona_x_initial_plan,2,100.0
2025-10-01,2025-12-01,2,Active,Active,Others,start,persona_x_initial_plan,87,96.67
2025-10-01,2025-12-01,2,Active,At-risk,Others,start,persona_x_initial_plan,3,3.33
2025-10-01,2025-12-01,2,At-risk,At-risk,Others,start,persona_x_initial_plan,2,100.0
2025-10-01,2025-12-01,2,Active,Active,Professeur,free,persona_x_initial_plan,11,91.67
2025-10-01,2025-12-01,2,Active,At-risk,Professeur,free,persona_x_initial_plan,1,8.33
2025-10-01,2025-12-01,2,Active,Active,Professeur,plus,persona_x_initial_plan,1,100.0
2025-10-01,2025-12-01,2,Active,Active,Professeur,start,persona_x_initial_plan,20,95.24
2025-10-01,2025-12-01,2,Active,At-risk,Professeur,start,persona_x_initial_plan,1,4.76
2025-10-01,2025-12-01,2,Active,Active,Repair,free,persona_x_initial_plan,2,66.67
2025-10-01,2025-12-01,2,Active,At-risk,Repair,free,persona_x_initial_plan,1,33.33
2025-10-01,2025-12-01,2,Active,Active,Repair,plus,persona_x_initial_plan,1,100.0
2025-10-01,2025-12-01,2,Active,Active,Repair,start,persona_x_initial_plan,4,100.0
2025-10-01,2025-12-01,2,Active,Active,Restauration,free,persona_x_initial_plan,8,88.89
2025-10-01,2025-12-01,2,Active,At-risk,Restauration,free,persona_x_initial_plan,1,11.11
2025-10-01,2025-12-01,2,Active,Active,Restauration,plus,persona_x_initial_plan,11,100.0
2025-10-01,2025-12-01,2,At-risk,Active,Restauration,plus,persona_x_initial_plan,1,100.0
2025-10-01,2025-12-01,2,Active,Active,Restauration,start,persona_x_initial_plan,7,100.0
2025-10-01,2025-12-01,2,At-risk,At-risk,Retail,business,persona_x_initial_plan,1,100.0
2025-10-01,2025-12-01,2,Active,Active,Retail,free,persona_x_initial_plan,46,95.83
2025-10-01,2025-12-01,2,Active,At-risk,Retail,free,persona_x_initial_plan,2,4.17
2025-10-01,2025-12-01,2,At-risk,At-risk,Retail,free,persona_x_initial_plan,1,100.0
2025-10-01,2025-12-01,2,Active,Active,Retail,plus,persona_x_initial_plan,24,96.0
2025-10-01,2025-12-01,2,Active,At-risk,Retail,plus,persona_x_initial_plan,1,4.0
2025-10-01,2025-12-01,2,Active,Active,Retail,start,persona_x_initial_plan,79,96.34
2025-10-01,2025-12-01,2,Active,At-risk,Retail,start,persona_x_initial_plan,3,3.66
2025-10-01,2025-12-01,2,Active,Active,Wholesale,business,persona_x_initial_plan,1,100.0
2025-10-01,2025-12-01,2,Active,Active,Wholesale,free,persona_x_initial_plan,5,83.33
2025-10-01,2025-12-01,2,Active,At-risk,Wholesale,free,persona_x_initial_plan,1,16.67
2025-10-01,2025-12-01,2,Active,Active,Wholesale,plus,persona_x_initial_plan,3,100.0
2025-10-01,2025-12-01,2,Active,Active,Wholesale,start,persona_x_initial_plan,11,84.62
2025-10-01,2025-12-01,2,Active,At-risk,Wholesale,start,persona_x_initial_plan,2,15.38
2025-10-01,2026-01-01,3,Active,Active,ALL,business,initial_plan,22,100.0
2025-10-01,2026-01-01,3,At-risk,At-risk,ALL,business,initial_plan,3,50.0
2025-10-01,2026-01-01,3,At-risk,Churned proxy,ALL,business,initial_plan,3,50.0
2025-10-01,2026-01-01,3,Active,Active,ALL,free,initial_plan,366,97.08
2025-10-01,2026-01-01,3,Active,At-risk,ALL,free,initial_plan,11,2.92
2025-10-01,2026-01-01,3,At-risk,Active,ALL,free,initial_plan,4,12.9
2025-10-01,2026-01-01,3,At-risk,At-risk,ALL,free,initial_plan,16,51.61
2025-10-01,2026-01-01,3,At-risk,Churned proxy,ALL,free,initial_plan,11,35.48
2025-10-01,2026-01-01,3,Never monetized,Never monetized,ALL,free,initial_plan,1,100.0
2025-10-01,2026-01-01,3,Active,Active,ALL,plus,initial_plan,170,92.39
2025-10-01,2026-01-01,3,Active,At-risk,ALL,plus,initial_plan,14,7.61
2025-10-01,2026-01-01,3,At-risk,Active,ALL,plus,initial_plan,2,7.41
2025-10-01,2026-01-01,3,At-risk,At-risk,ALL,plus,initial_plan,16,59.26
2025-10-01,2026-01-01,3,At-risk,Churned proxy,ALL,plus,initial_plan,9,33.33
2025-10-01,2026-01-01,3,Active,Active,ALL,start,initial_plan,500,96.53
2025-10-01,2026-01-01,3,Active,At-risk,ALL,start,initial_plan,18,3.47
2025-10-01,2026-01-01,3,At-risk,Active,ALL,start,initial_plan,3,10.34
2025-10-01,2026-01-01,3,At-risk,At-risk,ALL,start,initial_plan,19,65.52
2025-10-01,2026-01-01,3,At-risk,Churned proxy,ALL,start,initial_plan,7,24.14
2025-10-01,2026-01-01,3,Never monetized,Never monetized,ALL,start,initial_plan,1,100.0
2025-10-01,2026-01-01,3,Active,Active,ALL,ALL,overall,1058,96.09
2025-10-01,2026-01-01,3,Active,At-risk,ALL,ALL,overall,43,3.91
2025-10-01,2026-01-01,3,At-risk,Active,ALL,ALL,overall,9,9.68
2025-10-01,2026-01-01,3,At-risk,At-risk,ALL,ALL,overall,54,58.06
2025-10-01,2026-01-01,3,At-risk,Churned proxy,ALL,ALL,overall,30,32.26
2025-10-01,2026-01-01,3,Never monetized,Never monetized,ALL,ALL,overall,2,100.0
2025-10-01,2026-01-01,3,Active,Active,Automobile_Trade_Repair,ALL,persona,46,93.88
2025-10-01,2026-01-01,3,Active,At-risk,Automobile_Trade_Repair,ALL,persona,3,6.12
2025-10-01,2026-01-01,3,At-risk,At-risk,Automobile_Trade_Repair,ALL,persona,4,100.0
2025-10-01,2026-01-01,3,Active,Active,BTP,ALL,persona,210,96.33
2025-10-01,2026-01-01,3,Active,At-risk,BTP,ALL,persona,8,3.67
2025-10-01,2026-01-01,3,At-risk,Active,BTP,ALL,persona,1,4.55
2025-10-01,2026-01-01,3,At-risk,At-risk,BTP,ALL,persona,11,50.0
2025-10-01,2026-01-01,3,At-risk,Churned proxy,BTP,ALL,persona,10,45.45
2025-10-01,2026-01-01,3,Active,Active,Bankers_Insurance,ALL,persona,14,100.0
2025-10-01,2026-01-01,3,At-risk,At-risk,Bankers_Insurance,ALL,persona,1,100.0
2025-10-01,2026-01-01,3,Active,Active,Bikers_Drivers,ALL,persona,77,92.77
2025-10-01,2026-01-01,3,Active,At-risk,Bikers_Drivers,ALL,persona,6,7.23
2025-10-01,2026-01-01,3,At-risk,At-risk,Bikers_Drivers,ALL,persona,10,62.5
2025-10-01,2026-01-01,3,At-risk,Churned proxy,Bikers_Drivers,ALL,persona,6,37.5
2025-10-01,2026-01-01,3,Never monetized,Never monetized,Bikers_Drivers,ALL,persona,1,100.0
2025-10-01,2026-01-01,3,Active,Active,Cleaning_CallCenters,ALL,persona,6,100.0
2025-10-01,2026-01-01,3,Active,Active,Consultant,ALL,persona,187,96.39
2025-10-01,2026-01-01,3,Active,At-risk,Consultant,ALL,persona,7,3.61
2025-10-01,2026-01-01,3,At-risk,At-risk,Consultant,ALL,persona,5,62.5
2025-10-01,2026-01-01,3,At-risk,Churned proxy,Consultant,ALL,persona,3,37.5
2025-10-01,2026-01-01,3,Active,Active,Developer_IT,ALL,persona,75,94.94
2025-10-01,2026-01-01,3,Active,At-risk,Developer_IT,ALL,persona,4,5.06
2025-10-01,2026-01-01,3,At-risk,Active,Developer_IT,ALL,persona,3,27.27
2025-10-01,2026-01-01,3,At-risk,At-risk,Developer_IT,ALL,persona,4,36.36
2025-10-01,2026-01-01,3,At-risk,Churned proxy,Developer_IT,ALL,persona,4,36.36
2025-10-01,2026-01-01,3,Never monetized,Never monetized,Developer_IT,ALL,persona,1,100.0
2025-10-01,2026-01-01,3,Active,Active,Media_Publishing,ALL,persona,33,100.0
2025-10-01,2026-01-01,3,At-risk,Active,Media_Publishing,ALL,persona,1,100.0
2025-10-01,2026-01-01,3,Active,Active,Medical_Professionals,ALL,persona,14,100.0
2025-10-01,2026-01-01,3,Active,Active,Others,ALL,persona,171,97.16
2025-10-01,2026-01-01,3,Active,At-risk,Others,ALL,persona,5,2.84
2025-10-01,2026-01-01,3,At-risk,Active,Others,ALL,persona,2,13.33
2025-10-01,2026-01-01,3,At-risk,At-risk,Others,ALL,persona,8,53.33
2025-10-01,2026-01-01,3,At-risk,Churned proxy,Others,ALL,persona,5,33.33
2025-10-01,2026-01-01,3,Active,Active,Professeur,ALL,persona,31,96.88
2025-10-01,2026-01-01,3,Active,At-risk,Professeur,ALL,persona,1,3.13
2025-10-01,2026-01-01,3,At-risk,At-risk,Professeur,ALL,persona,2,100.0
2025-10-01,2026-01-01,3,Active,Active,Repair,ALL,persona,7,100.0
2025-10-01,2026-01-01,3,At-risk,At-risk,Repair,ALL,persona,1,100.0
2025-10-01,2026-01-01,3,Active,Active,Restauration,ALL,persona,26,96.3
2025-10-01,2026-01-01,3,Active,At-risk,Restauration,ALL,persona,1,3.7
2025-10-01,2026-01-01,3,At-risk,At-risk,Restauration,ALL,persona,1,100.0
2025-10-01,2026-01-01,3,Active,Active,Retail,ALL,persona,142,95.3
2025-10-01,2026-01-01,3,Active,At-risk,Retail,ALL,persona,7,4.7
2025-10-01,2026-01-01,3,At-risk,Active,Retail,ALL,persona,1,12.5
2025-10-01,2026-01-01,3,At-risk,At-risk,Retail,ALL,persona,5,62.5
2025-10-01,2026-01-01,3,At-risk,Churned proxy,Retail,ALL,persona,2,25.0
2025-10-01,2026-01-01,3,Active,Active,Wholesale,ALL,persona,19,95.0
2025-10-01,2026-01-01,3,Active,At-risk,Wholesale,ALL,persona,1,5.0
2025-10-01,2026-01-01,3,At-risk,Active,Wholesale,ALL,persona,1,33.33
2025-10-01,2026-01-01,3,At-risk,At-risk,Wholesale,ALL,persona,2,66.67
2025-10-01,2026-01-01,3,Active,Active,Automobile_Trade_Repair,business,persona_x_initial_plan,5,100.0
2025-10-01,2026-01-01,3,Active,Active,Automobile_Trade_Repair,free,persona_x_initial_plan,14,100.0
2025-10-01,2026-01-01,3,At-risk,At-risk,Automobile_Trade_Repair,free,persona_x_initial_plan,1,100.0
2025-10-01,2026-01-01,3,Active,Active,Automobile_Trade_Repair,plus,persona_x_initial_plan,10,100.0
2025-10-01,2026-01-01,3,At-risk,At-risk,Automobile_Trade_Repair,plus,persona_x_initial_plan,1,100.0
2025-10-01,2026-01-01,3,Active,Active,Automobile_Trade_Repair,start,persona_x_initial_plan,17,85.0
2025-10-01,2026-01-01,3,Active,At-risk,Automobile_Trade_Repair,start,persona_x_initial_plan,3,15.0
2025-10-01,2026-01-01,3,At-risk,At-risk,Automobile_Trade_Repair,start,persona_x_initial_plan,2,100.0
2025-10-01,2026-01-01,3,Active,Active,BTP,business,persona_x_initial_plan,6,100.0
2025-10-01,2026-01-01,3,At-risk,At-risk,BTP,business,persona_x_initial_plan,1,50.0
2025-10-01,2026-01-01,3,At-risk,Churned proxy,BTP,business,persona_x_initial_plan,1,50.0
2025-10-01,2026-01-01,3,Active,Active,BTP,free,persona_x_initial_plan,67,98.53
2025-10-01,2026-01-01,3,Active,At-risk,BTP,free,persona_x_initial_plan,1,1.47
2025-10-01,2026-01-01,3,At-risk,Active,BTP,free,persona_x_initial_plan,1,20.0
2025-10-01,2026-01-01,3,At-risk,At-risk,BTP,free,persona_x_initial_plan,1,20.0
2025-10-01,2026-01-01,3,At-risk,Churned proxy,BTP,free,persona_x_initial_plan,3,60.0
2025-10-01,2026-01-01,3,Active,Active,BTP,plus,persona_x_initial_plan,55,94.83
2025-10-01,2026-01-01,3,Active,At-risk,BTP,plus,persona_x_initial_plan,3,5.17
2025-10-01,2026-01-01,3,At-risk,At-risk,BTP,plus,persona_x_initial_plan,6,60.0
2025-10-01,2026-01-01,3,At-risk,Churned proxy,BTP,plus,persona_x_initial_plan,4,40.0
2025-10-01,2026-01-01,3,Active,Active,BTP,start,persona_x_initial_plan,82,95.35
2025-10-01,2026-01-01,3,Active,At-risk,BTP,start,persona_x_initial_plan,4,4.65
2025-10-01,2026-01-01,3,At-risk,At-risk,BTP,start,persona_x_initial_plan,3,60.0
2025-10-01,2026-01-01,3,At-risk,Churned proxy,BTP,start,persona_x_initial_plan,2,40.0
2025-10-01,2026-01-01,3,Active,Active,Bankers_Insurance,free,persona_x_initial_plan,8,100.0
2025-10-01,2026-01-01,3,Active,Active,Bankers_Insurance,start,persona_x_initial_plan,6,100.0
2025-10-01,2026-01-01,3,At-risk,At-risk,Bankers_Insurance,start,persona_x_initial_plan,1,100.0
2025-10-01,2026-01-01,3,Active,Active,Bikers_Drivers,business,persona_x_initial_plan,4,100.0
2025-10-01,2026-01-01,3,At-risk,At-risk,Bikers_Drivers,business,persona_x_initial_plan,1,100.0
2025-10-01,2026-01-01,3,Active,Active,Bikers_Drivers,free,persona_x_initial_plan,28,90.32
2025-10-01,2026-01-01,3,Active,At-risk,Bikers_Drivers,free,persona_x_initial_plan,3,9.68
2025-10-01,2026-01-01,3,At-risk,At-risk,Bikers_Drivers,free,persona_x_initial_plan,3,75.0
2025-10-01,2026-01-01,3,At-risk,Churned proxy,Bikers_Drivers,free,persona_x_initial_plan,1,25.0
2025-10-01,2026-01-01,3,Never monetized,Never monetized,Bikers_Drivers,free,persona_x_initial_plan,1,100.0
2025-10-01,2026-01-01,3,Active,Active,Bikers_Drivers,plus,persona_x_initial_plan,18,94.74
2025-10-01,2026-01-01,3,Active,At-risk,Bikers_Drivers,plus,persona_x_initial_plan,1,5.26
2025-10-01,2026-01-01,3,At-risk,At-risk,Bikers_Drivers,plus,persona_x_initial_plan,4,57.14
2025-10-01,2026-01-01,3,At-risk,Churned proxy,Bikers_Drivers,plus,persona_x_initial_plan,3,42.86
2025-10-01,2026-01-01,3,Active,Active,Bikers_Drivers,start,persona_x_initial_plan,27,93.1
2025-10-01,2026-01-01,3,Active,At-risk,Bikers_Drivers,start,persona_x_initial_plan,2,6.9
2025-10-01,2026-01-01,3,At-risk,At-risk,Bikers_Drivers,start,persona_x_initial_plan,2,50.0
2025-10-01,2026-01-01,3,At-risk,Churned proxy,Bikers_Drivers,start,persona_x_initial_plan,2,50.0
2025-10-01,2026-01-01,3,Active,Active,Cleaning_CallCenters,free,persona_x_initial_plan,4,100.0
2025-10-01,2026-01-01,3,Active,Active,Cleaning_CallCenters,start,persona_x_initial_plan,2,100.0
2025-10-01,2026-01-01,3,Active,Active,Consultant,business,persona_x_initial_plan,1,100.0
2025-10-01,2026-01-01,3,At-risk,At-risk,Consultant,business,persona_x_initial_plan,1,100.0
2025-10-01,2026-01-01,3,Active,Active,Consultant,free,persona_x_initial_plan,74,97.37
2025-10-01,2026-01-01,3,Active,At-risk,Consultant,free,persona_x_initial_plan,2,2.63
2025-10-01,2026-01-01,3,At-risk,At-risk,Consultant,free,persona_x_initial_plan,2,50.0
2025-10-01,2026-01-01,3,At-risk,Churned proxy,Consultant,free,persona_x_initial_plan,2,50.0
2025-10-01,2026-01-01,3,Active,Active,Consultant,plus,persona_x_initial_plan,12,80.0
2025-10-01,2026-01-01,3,Active,At-risk,Consultant,plus,persona_x_initial_plan,3,20.0
2025-10-01,2026-01-01,3,Active,Active,Consultant,start,persona_x_initial_plan,100,98.04
2025-10-01,2026-01-01,3,Active,At-risk,Consultant,start,persona_x_initial_plan,2,1.96
2025-10-01,2026-01-01,3,At-risk,At-risk,Consultant,start,persona_x_initial_plan,2,66.67
2025-10-01,2026-01-01,3,At-risk,Churned proxy,Consultant,start,persona_x_initial_plan,1,33.33
2025-10-01,2026-01-01,3,Active,Active,Developer_IT,free,persona_x_initial_plan,25,89.29
2025-10-01,2026-01-01,3,Active,At-risk,Developer_IT,free,persona_x_initial_plan,3,10.71
2025-10-01,2026-01-01,3,At-risk,Active,Developer_IT,free,persona_x_initial_plan,1,14.29
2025-10-01,2026-01-01,3,At-risk,At-risk,Developer_IT,free,persona_x_initial_plan,3,42.86
2025-10-01,2026-01-01,3,At-risk,Churned proxy,Developer_IT,free,persona_x_initial_plan,3,42.86
2025-10-01,2026-01-01,3,Active,Active,Developer_IT,plus,persona_x_initial_plan,11,91.67
2025-10-01,2026-01-01,3,Active,At-risk,Developer_IT,plus,persona_x_initial_plan,1,8.33
2025-10-01,2026-01-01,3,At-risk,Churned proxy,Developer_IT,plus,persona_x_initial_plan,1,100.0
2025-10-01,2026-01-01,3,Active,Active,Developer_IT,start,persona_x_initial_plan,39,100.0
2025-10-01,2026-01-01,3,At-risk,Active,Developer_IT,start,persona_x_initial_plan,2,66.67
2025-10-01,2026-01-01,3,At-risk,At-risk,Developer_IT,start,persona_x_initial_plan,1,33.33
2025-10-01,2026-01-01,3,Never monetized,Never monetized,Developer_IT,start,persona_x_initial_plan,1,100.0
2025-10-01,2026-01-01,3,Active,Active,Media_Publishing,free,persona_x_initial_plan,14,100.0
2025-10-01,2026-01-01,3,At-risk,Active,Media_Publishing,free,persona_x_initial_plan,1,100.0
2025-10-01,2026-01-01,3,Active,Active,Media_Publishing,plus,persona_x_initial_plan,1,100.0
2025-10-01,2026-01-01,3,Active,Active,Media_Publishing,start,persona_x_initial_plan,18,100.0
2025-10-01,2026-01-01,3,Active,Active,Medical_Professionals,free,persona_x_initial_plan,5,100.0
2025-10-01,2026-01-01,3,Active,Active,Medical_Professionals,plus,persona_x_initial_plan,1,100.0
2025-10-01,2026-01-01,3,Active,Active,Medical_Professionals,start,persona_x_initial_plan,8,100.0
2025-10-01,2026-01-01,3,Active,Active,Others,business,persona_x_initial_plan,5,100.0
2025-10-01,2026-01-01,3,At-risk,Churned proxy,Others,business,persona_x_initial_plan,1,100.0
2025-10-01,2026-01-01,3,Active,Active,Others,free,persona_x_initial_plan,57,100.0
2025-10-01,2026-01-01,3,At-risk,At-risk,Others,free,persona_x_initial_plan,1,50.0
2025-10-01,2026-01-01,3,At-risk,Churned proxy,Others,free,persona_x_initial_plan,1,50.0
2025-10-01,2026-01-01,3,Active,Active,Others,plus,persona_x_initial_plan,26,96.3
2025-10-01,2026-01-01,3,Active,At-risk,Others,plus,persona_x_initial_plan,1,3.7
2025-10-01,2026-01-01,3,At-risk,Active,Others,plus,persona_x_initial_plan,2,28.57
2025-10-01,2026-01-01,3,At-risk,At-risk,Others,plus,persona_x_initial_plan,4,57.14
2025-10-01,2026-01-01,3,At-risk,Churned proxy,Others,plus,persona_x_initial_plan,1,14.29
2025-10-01,2026-01-01,3,Active,Active,Others,start,persona_x_initial_plan,83,95.4
2025-10-01,2026-01-01,3,Active,At-risk,Others,start,persona_x_initial_plan,4,4.6
2025-10-01,2026-01-01,3,At-risk,At-risk,Others,start,persona_x_initial_plan,3,60.0
2025-10-01,2026-01-01,3,At-risk,Churned proxy,Others,start,persona_x_initial_plan,2,40.0
2025-10-01,2026-01-01,3,Active,Active,Professeur,free,persona_x_initial_plan,11,100.0
2025-10-01,2026-01-01,3,At-risk,At-risk,Professeur,free,persona_x_initial_plan,1,100.0
2025-10-01,2026-01-01,3,Active,Active,Professeur,plus,persona_x_initial_plan,1,100.0
2025-10-01,2026-01-01,3,Active,Active,Professeur,start,persona_x_initial_plan,19,95.0
2025-10-01,2026-01-01,3,Active,At-risk,Professeur,start,persona_x_initial_plan,1,5.0
2025-10-01,2026-01-01,3,At-risk,At-risk,Professeur,start,persona_x_initial_plan,1,100.0
2025-10-01,2026-01-01,3,Active,Active,Repair,free,persona_x_initial_plan,2,100.0
2025-10-01,2026-01-01,3,At-risk,At-risk,Repair,free,persona_x_initial_plan,1,100.0
2025-10-01,2026-01-01,3,Active,Active,Repair,plus,persona_x_initial_plan,1,100.0
2025-10-01,2026-01-01,3,Active,Active,Repair,start,persona_x_initial_plan,4,100.0
2025-10-01,2026-01-01,3,Active,Active,Restauration,free,persona_x_initial_plan,8,100.0
2025-10-01,2026-01-01,3,At-risk,At-risk,Restauration,free,persona_x_initial_plan,1,100.0
2025-10-01,2026-01-01,3,Active,Active,Restauration,plus,persona_x_initial_plan,11,91.67
2025-10-01,2026-01-01,3,Active,At-risk,Restauration,plus,persona_x_initial_plan,1,8.33
2025-10-01,2026-01-01,3,Active,Active,Restauration,start,persona_x_initial_plan,7,100.0
2025-10-01,2026-01-01,3,At-risk,Churned proxy,Retail,business,persona_x_initial_plan,1,100.0
2025-10-01,2026-01-01,3,Active,Active,Retail,free,persona_x_initial_plan,44,95.65
2025-10-01,2026-01-01,3,Active,At-risk,Retail,free,persona_x_initial_plan,2,4.35
2025-10-01,2026-01-01,3,At-risk,Active,Retail,free,persona_x_initial_plan,1,33.33
2025-10-01,2026-01-01,3,At-risk,At-risk,Retail,free,persona_x_initial_plan,1,33.33
2025-10-01,2026-01-01,3,At-risk,Churned proxy,Retail,free,persona_x_initial_plan,1,33.33
2025-10-01,2026-01-01,3,Active,Active,Retail,plus,persona_x_initial_plan,21,87.5
2025-10-01,2026-01-01,3,Active,At-risk,Retail,plus,persona_x_initial_plan,3,12.5
2025-10-01,2026-01-01,3,At-risk,At-risk,Retail,plus,persona_x_initial_plan,1,100.0
2025-10-01,2026-01-01,3,Active,Active,Retail,start,persona_x_initial_plan,77,97.47
2025-10-01,2026-01-01,3,Active,At-risk,Retail,start,persona_x_initial_plan,2,2.53
2025-10-01,2026-01-01,3,At-risk,At-risk,Retail,start,persona_x_initial_plan,3,100.0
2025-10-01,2026-01-01,3,Active,Active,Wholesale,business,persona_x_initial_plan,1,100.0
2025-10-01,2026-01-01,3,Active,Active,Wholesale,free,persona_x_initial_plan,5,100.0
2025-10-01,2026-01-01,3,At-risk,At-risk,Wholesale,free,persona_x_initial_plan,1,100.0
2025-10-01,2026-01-01,3,Active,Active,Wholesale,plus,persona_x_initial_plan,2,66.67
2025-10-01,2026-01-01,3,Active,At-risk,Wholesale,plus,persona_x_initial_plan,1,33.33
2025-10-01,2026-01-01,3,Active,Active,Wholesale,start,persona_x_initial_plan,11,100.0
2025-10-01,2026-01-01,3,At-risk,Active,Wholesale,start,persona_x_initial_plan,1,50.0
2025-10-01,2026-01-01,3,At-risk,At-risk,Wholesale,start,persona_x_initial_plan,1,50.0
2025-10-01,2026-02-01,4,Active,Active,ALL,business,initial_plan,19,86.36
2025-10-01,2026-02-01,4,Active,At-risk,ALL,business,initial_plan,3,13.64
2025-10-01,2026-02-01,4,At-risk,Churned proxy,ALL,business,initial_plan,3,100.0
2025-10-01,2026-02-01,4,Churned proxy,Churned proxy,ALL,business,initial_plan,3,100.0
2025-10-01,2026-02-01,4,Active,Active,ALL,free,initial_plan,359,97.03
2025-10-01,2026-02-01,4,Active,At-risk,ALL,free,initial_plan,11,2.97
2025-10-01,2026-02-01,4,At-risk,Active,ALL,free,initial_plan,3,11.11
2025-10-01,2026-02-01,4,At-risk,At-risk,ALL,free,initial_plan,9,33.33
2025-10-01,2026-02-01,4,At-risk,Churned proxy,ALL,free,initial_plan,15,55.56
2025-10-01,2026-02-01,4,Churned proxy,Churned proxy,ALL,free,initial_plan,11,100.0
2025-10-01,2026-02-01,4,Never monetized,Never monetized,ALL,free,initial_plan,1,100.0
2025-10-01,2026-02-01,4,Active,Active,ALL,plus,initial_plan,165,95.93
2025-10-01,2026-02-01,4,Active,At-risk,ALL,plus,initial_plan,7,4.07
2025-10-01,2026-02-01,4,At-risk,At-risk,ALL,plus,initial_plan,14,46.67
2025-10-01,2026-02-01,4,At-risk,Churned proxy,ALL,plus,initial_plan,16,53.33
2025-10-01,2026-02-01,4,Churned proxy,Churned proxy,ALL,plus,initial_plan,9,100.0
2025-10-01,2026-02-01,4,Active,Active,ALL,start,initial_plan,492,97.81
2025-10-01,2026-02-01,4,Active,At-risk,ALL,start,initial_plan,11,2.19
2025-10-01,2026-02-01,4,At-risk,Active,ALL,start,initial_plan,1,2.7
2025-10-01,2026-02-01,4,At-risk,At-risk,ALL,start,initial_plan,18,48.65
2025-10-01,2026-02-01,4,At-risk,Churned proxy,ALL,start,initial_plan,18,48.65
2025-10-01,2026-02-01,4,Churned proxy,Churned proxy,ALL,start,initial_plan,7,100.0
2025-10-01,2026-02-01,4,Never monetized,Never monetized,ALL,start,initial_plan,1,100.0
2025-10-01,2026-02-01,4,Active,Active,ALL,ALL,overall,1035,97.0
2025-10-01,2026-02-01,4,Active,At-risk,ALL,ALL,overall,32,3.0
2025-10-01,2026-02-01,4,At-risk,Active,ALL,ALL,overall,4,4.12
2025-10-01,2026-02-01,4,At-risk,At-risk,ALL,ALL,overall,41,42.27
2025-10-01,2026-02-01,4,At-risk,Churned proxy,ALL,ALL,overall,52,53.61
2025-10-01,2026-02-01,4,Churned proxy,Churned proxy,ALL,ALL,overall,30,100.0
2025-10-01,2026-02-01,4,Never monetized,Never monetized,ALL,ALL,overall,2,100.0
2025-10-01,2026-02-01,4,Active,Active,Automobile_Trade_Repair,ALL,persona,45,97.83
2025-10-01,2026-02-01,4,Active,At-risk,Automobile_Trade_Repair,ALL,persona,1,2.17
2025-10-01,2026-02-01,4,At-risk,At-risk,Automobile_Trade_Repair,ALL,persona,3,42.86
2025-10-01,2026-02-01,4,At-risk,Churned proxy,Automobile_Trade_Repair,ALL,persona,4,57.14
2025-10-01,2026-02-01,4,Active,Active,BTP,ALL,persona,205,97.16
2025-10-01,2026-02-01,4,Active,At-risk,BTP,ALL,persona,6,2.84
2025-10-01,2026-02-01,4,At-risk,At-risk,BTP,ALL,persona,8,42.11
2025-10-01,2026-02-01,4,At-risk,Churned proxy,BTP,ALL,persona,11,57.89
2025-10-01,2026-02-01,4,Churned proxy,Churned proxy,BTP,ALL,persona,10,100.0
2025-10-01,2026-02-01,4,Active,Active,Bankers_Insurance,ALL,persona,14,100.0
2025-10-01,2026-02-01,4,At-risk,Churned proxy,Bankers_Insurance,ALL,persona,1,100.0
2025-10-01,2026-02-01,4,Active,Active,Bikers_Drivers,ALL,persona,72,93.51
2025-10-01,2026-02-01,4,Active,At-risk,Bikers_Drivers,ALL,persona,5,6.49
2025-10-01,2026-02-01,4,At-risk,Active,Bikers_Drivers,ALL,persona,1,6.25
2025-10-01,2026-02-01,4,At-risk,At-risk,Bikers_Drivers,ALL,persona,5,31.25
2025-10-01,2026-02-01,4,At-risk,Churned proxy,Bikers_Drivers,ALL,persona,10,62.5
2025-10-01,2026-02-01,4,Churned proxy,Churned proxy,Bikers_Drivers,ALL,persona,6,100.0
2025-10-01,2026-02-01,4,Never monetized,Never monetized,Bikers_Drivers,ALL,persona,1,100.0
2025-10-01,2026-02-01,4,Active,Active,Cleaning_CallCenters,ALL,persona,6,100.0
2025-10-01,2026-02-01,4,Active,Active,Consultant,ALL,persona,185,98.93
2025-10-01,2026-02-01,4,Active,At-risk,Consultant,ALL,persona,2,1.07
2025-10-01,2026-02-01,4,At-risk,At-risk,Consultant,ALL,persona,7,58.33
2025-10-01,2026-02-01,4,At-risk,Churned proxy,Consultant,ALL,persona,5,41.67
2025-10-01,2026-02-01,4,Churned proxy,Churned proxy,Consultant,ALL,persona,3,100.0
2025-10-01,2026-02-01,4,Active,Active,Developer_IT,ALL,persona,74,94.87
2025-10-01,2026-02-01,4,Active,At-risk,Developer_IT,ALL,persona,4,5.13
2025-10-01,2026-02-01,4,At-risk,Active,Developer_IT,ALL,persona,1,12.5
2025-10-01,2026-02-01,4,At-risk,At-risk,Developer_IT,ALL,persona,3,37.5
2025-10-01,2026-02-01,4,At-risk,Churned proxy,Developer_IT,ALL,persona,4,50.0
2025-10-01,2026-02-01,4,Churned proxy,Churned proxy,Developer_IT,ALL,persona,4,100.0
2025-10-01,2026-02-01,4,Never monetized,Never monetized,Developer_IT,ALL,persona,1,100.0
2025-10-01,2026-02-01,4,Active,Active,Media_Publishing,ALL,persona,32,94.12
2025-10-01,2026-02-01,4,Active,At-risk,Media_Publishing,ALL,persona,2,5.88
2025-10-01,2026-02-01,4,Active,Active,Medical_Professionals,ALL,persona,14,100.0
2025-10-01,2026-02-01,4,Active,Active,Others,ALL,persona,169,97.69
2025-10-01,2026-02-01,4,Active,At-risk,Others,ALL,persona,4,2.31
2025-10-01,2026-02-01,4,At-risk,Active,Others,ALL,persona,2,15.38
2025-10-01,2026-02-01,4,At-risk,At-risk,Others,ALL,persona,5,38.46
2025-10-01,2026-02-01,4,At-risk,Churned proxy,Others,ALL,persona,6,46.15
2025-10-01,2026-02-01,4,Churned proxy,Churned proxy,Others,ALL,persona,5,100.0
2025-10-01,2026-02-01,4,Active,Active,Professeur,ALL,persona,30,96.77
2025-10-01,2026-02-01,4,Active,At-risk,Professeur,ALL,persona,1,3.23
2025-10-01,2026-02-01,4,At-risk,At-risk,Professeur,ALL,persona,1,33.33
2025-10-01,2026-02-01,4,At-risk,Churned proxy,Professeur,ALL,persona,2,66.67
2025-10-01,2026-02-01,4,Active,Active,Repair,ALL,persona,7,100.0
2025-10-01,2026-02-01,4,At-risk,Churned proxy,Repair,ALL,persona,1,100.0
2025-10-01,2026-02-01,4,Active,Active,Restauration,ALL,persona,25,96.15
2025-10-01,2026-02-01,4,Active,At-risk,Restauration,ALL,persona,1,3.85
2025-10-01,2026-02-01,4,At-risk,At-risk,Restauration,ALL,persona,1,50.0
2025-10-01,2026-02-01,4,At-risk,Churned proxy,Restauration,ALL,persona,1,50.0
2025-10-01,2026-02-01,4,Active,Active,Retail,ALL,persona,138,96.5
2025-10-01,2026-02-01,4,Active,At-risk,Retail,ALL,persona,5,3.5
2025-10-01,2026-02-01,4,At-risk,At-risk,Retail,ALL,persona,7,58.33
2025-10-01,2026-02-01,4,At-risk,Churned proxy,Retail,ALL,persona,5,41.67
2025-10-01,2026-02-01,4,Churned proxy,Churned proxy,Retail,ALL,persona,2,100.0
2025-10-01,2026-02-01,4,Active,Active,Wholesale,ALL,persona,19,95.0
2025-10-01,2026-02-01,4,Active,At-risk,Wholesale,ALL,persona,1,5.0
2025-10-01,2026-02-01,4,At-risk,At-risk,Wholesale,ALL,persona,1,33.33
2025-10-01,2026-02-01,4,At-risk,Churned proxy,Wholesale,ALL,persona,2,66.67
2025-10-01,2026-02-01,4,Active,Active,Automobile_Trade_Repair,business,persona_x_initial_plan,5,100.0
2025-10-01,2026-02-01,4,Active,Active,Automobile_Trade_Repair,free,persona_x_initial_plan,13,92.86
2025-10-01,2026-02-01,4,Active,At-risk,Automobile_Trade_Repair,free,persona_x_initial_plan,1,7.14
2025-10-01,2026-02-01,4,At-risk,Churned proxy,Automobile_Trade_Repair,free,persona_x_initial_plan,1,100.0
2025-10-01,2026-02-01,4,Active,Active,Automobile_Trade_Repair,plus,persona_x_initial_plan,10,100.0
2025-10-01,2026-02-01,4,At-risk,Churned proxy,Automobile_Trade_Repair,plus,persona_x_initial_plan,1,100.0
2025-10-01,2026-02-01,4,Active,Active,Automobile_Trade_Repair,start,persona_x_initial_plan,17,100.0
2025-10-01,2026-02-01,4,At-risk,At-risk,Automobile_Trade_Repair,start,persona_x_initial_plan,3,60.0
2025-10-01,2026-02-01,4,At-risk,Churned proxy,Automobile_Trade_Repair,start,persona_x_initial_plan,2,40.0
2025-10-01,2026-02-01,4,Active,Active,BTP,business,persona_x_initial_plan,5,83.33
2025-10-01,2026-02-01,4,Active,At-risk,BTP,business,persona_x_initial_plan,1,16.67
2025-10-01,2026-02-01,4,At-risk,Churned proxy,BTP,business,persona_x_initial_plan,1,100.0
2025-10-01,2026-02-01,4,Churned proxy,Churned proxy,BTP,business,persona_x_initial_plan,1,100.0
2025-10-01,2026-02-01,4,Active,Active,BTP,free,persona_x_initial_plan,68,100.0
2025-10-01,2026-02-01,4,At-risk,At-risk,BTP,free,persona_x_initial_plan,1,50.0
2025-10-01,2026-02-01,4,At-risk,Churned proxy,BTP,free,persona_x_initial_plan,1,50.0
2025-10-01,2026-02-01,4,Churned proxy,Churned proxy,BTP,free,persona_x_initial_plan,3,100.0
2025-10-01,2026-02-01,4,Active,Active,BTP,plus,persona_x_initial_plan,52,94.55
2025-10-01,2026-02-01,4,Active,At-risk,BTP,plus,persona_x_initial_plan,3,5.45
2025-10-01,2026-02-01,4,At-risk,At-risk,BTP,plus,persona_x_initial_plan,3,33.33
2025-10-01,2026-02-01,4,At-risk,Churned proxy,BTP,plus,persona_x_initial_plan,6,66.67
2025-10-01,2026-02-01,4,Churned proxy,Churned proxy,BTP,plus,persona_x_initial_plan,4,100.0
2025-10-01,2026-02-01,4,Active,Active,BTP,start,persona_x_initial_plan,80,97.56
2025-10-01,2026-02-01,4,Active,At-risk,BTP,start,persona_x_initial_plan,2,2.44
2025-10-01,2026-02-01,4,At-risk,At-risk,BTP,start,persona_x_initial_plan,4,57.14
2025-10-01,2026-02-01,4,At-risk,Churned proxy,BTP,start,persona_x_initial_plan,3,42.86
2025-10-01,2026-02-01,4,Churned proxy,Churned proxy,BTP,start,persona_x_initial_plan,2,100.0
2025-10-01,2026-02-01,4,Active,Active,Bankers_Insurance,free,persona_x_initial_plan,8,100.0
2025-10-01,2026-02-01,4,Active,Active,Bankers_Insurance,start,persona_x_initial_plan,6,100.0
2025-10-01,2026-02-01,4,At-risk,Churned proxy,Bankers_Insurance,start,persona_x_initial_plan,1,100.0
2025-10-01,2026-02-01,4,Active,Active,Bikers_Drivers,business,persona_x_initial_plan,3,75.0
2025-10-01,2026-02-01,4,Active,At-risk,Bikers_Drivers,business,persona_x_initial_plan,1,25.0
2025-10-01,2026-02-01,4,At-risk,Churned proxy,Bikers_Drivers,business,persona_x_initial_plan,1,100.0
2025-10-01,2026-02-01,4,Active,Active,Bikers_Drivers,free,persona_x_initial_plan,26,92.86
2025-10-01,2026-02-01,4,Active,At-risk,Bikers_Drivers,free,persona_x_initial_plan,2,7.14
2025-10-01,2026-02-01,4,At-risk,Active,Bikers_Drivers,free,persona_x_initial_plan,1,16.67
2025-10-01,2026-02-01,4,At-risk,At-risk,Bikers_Drivers,free,persona_x_initial_plan,2,33.33
2025-10-01,2026-02-01,4,At-risk,Churned proxy,Bikers_Drivers,free,persona_x_initial_plan,3,50.0
2025-10-01,2026-02-01,4,Churned proxy,Churned proxy,Bikers_Drivers,free,persona_x_initial_plan,1,100.0
2025-10-01,2026-02-01,4,Never monetized,Never monetized,Bikers_Drivers,free,persona_x_initial_plan,1,100.0
2025-10-01,2026-02-01,4,Active,Active,Bikers_Drivers,plus,persona_x_initial_plan,17,94.44
2025-10-01,2026-02-01,4,Active,At-risk,Bikers_Drivers,plus,persona_x_initial_plan,1,5.56
2025-10-01,2026-02-01,4,At-risk,At-risk,Bikers_Drivers,plus,persona_x_initial_plan,1,20.0
2025-10-01,2026-02-01,4,At-risk,Churned proxy,Bikers_Drivers,plus,persona_x_initial_plan,4,80.0
2025-10-01,2026-02-01,4,Churned proxy,Churned proxy,Bikers_Drivers,plus,persona_x_initial_plan,3,100.0
2025-10-01,2026-02-01,4,Active,Active,Bikers_Drivers,start,persona_x_initial_plan,26,96.3
2025-10-01,2026-02-01,4,Active,At-risk,Bikers_Drivers,start,persona_x_initial_plan,1,3.7
2025-10-01,2026-02-01,4,At-risk,At-risk,Bikers_Drivers,start,persona_x_initial_plan,2,50.0
2025-10-01,2026-02-01,4,At-risk,Churned proxy,Bikers_Drivers,start,persona_x_initial_plan,2,50.0
2025-10-01,2026-02-01,4,Churned proxy,Churned proxy,Bikers_Drivers,start,persona_x_initial_plan,2,100.0
2025-10-01,2026-02-01,4,Active,Active,Cleaning_CallCenters,free,persona_x_initial_plan,4,100.0
2025-10-01,2026-02-01,4,Active,Active,Cleaning_CallCenters,start,persona_x_initial_plan,2,100.0
2025-10-01,2026-02-01,4,Active,Active,Consultant,business,persona_x_initial_plan,1,100.0
2025-10-01,2026-02-01,4,At-risk,Churned proxy,Consultant,business,persona_x_initial_plan,1,100.0
2025-10-01,2026-02-01,4,Active,Active,Consultant,free,persona_x_initial_plan,72,97.3
2025-10-01,2026-02-01,4,Active,At-risk,Consultant,free,persona_x_initial_plan,2,2.7
2025-10-01,2026-02-01,4,At-risk,At-risk,Consultant,free,persona_x_initial_plan,2,50.0
2025-10-01,2026-02-01,4,At-risk,Churned proxy,Consultant,free,persona_x_initial_plan,2,50.0
2025-10-01,2026-02-01,4,Churned proxy,Churned proxy,Consultant,free,persona_x_initial_plan,2,100.0
2025-10-01,2026-02-01,4,Active,Active,Consultant,plus,persona_x_initial_plan,12,100.0
2025-10-01,2026-02-01,4,At-risk,At-risk,Consultant,plus,persona_x_initial_plan,3,100.0
2025-10-01,2026-02-01,4,Active,Active,Consultant,start,persona_x_initial_plan,100,100.0
2025-10-01,2026-02-01,4,At-risk,At-risk,Consultant,start,persona_x_initial_plan,2,50.0
2025-10-01,2026-02-01,4,At-risk,Churned proxy,Consultant,start,persona_x_initial_plan,2,50.0
2025-10-01,2026-02-01,4,Churned proxy,Churned proxy,Consultant,start,persona_x_initial_plan,1,100.0
2025-10-01,2026-02-01,4,Active,Active,Developer_IT,free,persona_x_initial_plan,24,92.31
2025-10-01,2026-02-01,4,Active,At-risk,Developer_IT,free,persona_x_initial_plan,2,7.69
2025-10-01,2026-02-01,4,At-risk,Active,Developer_IT,free,persona_x_initial_plan,1,16.67
2025-10-01,2026-02-01,4,At-risk,At-risk,Developer_IT,free,persona_x_initial_plan,2,33.33
2025-10-01,2026-02-01,4,At-risk,Churned proxy,Developer_IT,free,persona_x_initial_plan,3,50.0
2025-10-01,2026-02-01,4,Churned proxy,Churned proxy,Developer_IT,free,persona_x_initial_plan,3,100.0
2025-10-01,2026-02-01,4,Active,Active,Developer_IT,plus,persona_x_initial_plan,11,100.0
2025-10-01,2026-02-01,4,At-risk,At-risk,Developer_IT,plus,persona_x_initial_plan,1,100.0
2025-10-01,2026-02-01,4,Churned proxy,Churned proxy,Developer_IT,plus,persona_x_initial_plan,1,100.0
2025-10-01,2026-02-01,4,Active,Active,Developer_IT,start,persona_x_initial_plan,39,95.12
2025-10-01,2026-02-01,4,Active,At-risk,Developer_IT,start,persona_x_initial_plan,2,4.88
2025-10-01,2026-02-01,4,At-risk,Churned proxy,Developer_IT,start,persona_x_initial_plan,1,100.0
2025-10-01,2026-02-01,4,Never monetized,Never monetized,Developer_IT,start,persona_x_initial_plan,1,100.0
2025-10-01,2026-02-01,4,Active,Active,Media_Publishing,free,persona_x_initial_plan,14,93.33
2025-10-01,2026-02-01,4,Active,At-risk,Media_Publishing,free,persona_x_initial_plan,1,6.67
2025-10-01,2026-02-01,4,Active,Active,Media_Publishing,plus,persona_x_initial_plan,1,100.0
2025-10-01,2026-02-01,4,Active,Active,Media_Publishing,start,persona_x_initial_plan,17,94.44
2025-10-01,2026-02-01,4,Active,At-risk,Media_Publishing,start,persona_x_initial_plan,1,5.56
2025-10-01,2026-02-01,4,Active,Active,Medical_Professionals,free,persona_x_initial_plan,5,100.0
2025-10-01,2026-02-01,4,Active,Active,Medical_Professionals,plus,persona_x_initial_plan,1,100.0
2025-10-01,2026-02-01,4,Active,Active,Medical_Professionals,start,persona_x_initial_plan,8,100.0
2025-10-01,2026-02-01,4,Active,Active,Others,business,persona_x_initial_plan,4,80.0
2025-10-01,2026-02-01,4,Active,At-risk,Others,business,persona_x_initial_plan,1,20.0
2025-10-01,2026-02-01,4,Churned proxy,Churned proxy,Others,business,persona_x_initial_plan,1,100.0
2025-10-01,2026-02-01,4,Active,Active,Others,free,persona_x_initial_plan,56,98.25
2025-10-01,2026-02-01,4,Active,At-risk,Others,free,persona_x_initial_plan,1,1.75
2025-10-01,2026-02-01,4,At-risk,Active,Others,free,persona_x_initial_plan,1,100.0
2025-10-01,2026-02-01,4,Churned proxy,Churned proxy,Others,free,persona_x_initial_plan,1,100.0
2025-10-01,2026-02-01,4,Active,Active,Others,plus,persona_x_initial_plan,27,96.43
2025-10-01,2026-02-01,4,Active,At-risk,Others,plus,persona_x_initial_plan,1,3.57
2025-10-01,2026-02-01,4,At-risk,At-risk,Others,plus,persona_x_initial_plan,1,20.0
2025-10-01,2026-02-01,4,At-risk,Churned proxy,Others,plus,persona_x_initial_plan,4,80.0
2025-10-01,2026-02-01,4,Churned proxy,Churned proxy,Others,plus,persona_x_initial_plan,1,100.0
2025-10-01,2026-02-01,4,Active,Active,Others,start,persona_x_initial_plan,82,98.8
2025-10-01,2026-02-01,4,Active,At-risk,Others,start,persona_x_initial_plan,1,1.2
2025-10-01,2026-02-01,4,At-risk,Active,Others,start,persona_x_initial_plan,1,14.29
2025-10-01,2026-02-01,4,At-risk,At-risk,Others,start,persona_x_initial_plan,4,57.14
2025-10-01,2026-02-01,4,At-risk,Churned proxy,Others,start,persona_x_initial_plan,2,28.57
2025-10-01,2026-02-01,4,Churned proxy,Churned proxy,Others,start,persona_x_initial_plan,2,100.0
2025-10-01,2026-02-01,4,Active,Active,Professeur,free,persona_x_initial_plan,10,90.91
2025-10-01,2026-02-01,4,Active,At-risk,Professeur,free,persona_x_initial_plan,1,9.09
2025-10-01,2026-02-01,4,At-risk,Churned proxy,Professeur,free,persona_x_initial_plan,1,100.0
2025-10-01,2026-02-01,4,Active,Active,Professeur,plus,persona_x_initial_plan,1,100.0
2025-10-01,2026-02-01,4,Active,Active,Professeur,start,persona_x_initial_plan,19,100.0
2025-10-01,2026-02-01,4,At-risk,At-risk,Professeur,start,persona_x_initial_plan,1,50.0
2025-10-01,2026-02-01,4,At-risk,Churned proxy,Professeur,start,persona_x_initial_plan,1,50.0
2025-10-01,2026-02-01,4,Active,Active,Repair,free,persona_x_initial_plan,2,100.0
2025-10-01,2026-02-01,4,At-risk,Churned proxy,Repair,free,persona_x_initial_plan,1,100.0
2025-10-01,2026-02-01,4,Active,Active,Repair,plus,persona_x_initial_plan,1,100.0
2025-10-01,2026-02-01,4,Active,Active,Repair,start,persona_x_initial_plan,4,100.0
2025-10-01,2026-02-01,4,Active,Active,Restauration,free,persona_x_initial_plan,8,100.0
2025-10-01,2026-02-01,4,At-risk,Churned proxy,Restauration,free,persona_x_initial_plan,1,100.0
2025-10-01,2026-02-01,4,Active,Active,Restauration,plus,persona_x_initial_plan,10,90.91
2025-10-01,2026-02-01,4,Active,At-risk,Restauration,plus,persona_x_initial_plan,1,9.09
2025-10-01,2026-02-01,4,At-risk,At-risk,Restauration,plus,persona_x_initial_plan,1,100.0
2025-10-01,2026-02-01,4,Active,Active,Restauration,start,persona_x_initial_plan,7,100.0
2025-10-01,2026-02-01,4,Churned proxy,Churned proxy,Retail,business,persona_x_initial_plan,1,100.0
2025-10-01,2026-02-01,4,Active,Active,Retail,free,persona_x_initial_plan,45,100.0
2025-10-01,2026-02-01,4,At-risk,At-risk,Retail,free,persona_x_initial_plan,2,66.67
2025-10-01,2026-02-01,4,At-risk,Churned proxy,Retail,free,persona_x_initial_plan,1,33.33
2025-10-01,2026-02-01,4,Churned proxy,Churned proxy,Retail,free,persona_x_initial_plan,1,100.0
2025-10-01,2026-02-01,4,Active,Active,Retail,plus,persona_x_initial_plan,20,95.24
2025-10-01,2026-02-01,4,Active,At-risk,Retail,plus,persona_x_initial_plan,1,4.76
2025-10-01,2026-02-01,4,At-risk,At-risk,Retail,plus,persona_x_initial_plan,3,75.0
2025-10-01,2026-02-01,4,At-risk,Churned proxy,Retail,plus,persona_x_initial_plan,1,25.0
2025-10-01,2026-02-01,4,Active,Active,Retail,start,persona_x_initial_plan,73,94.81
2025-10-01,2026-02-01,4,Active,At-risk,Retail,start,persona_x_initial_plan,4,5.19
2025-10-01,2026-02-01,4,At-risk,At-risk,Retail,start,persona_x_initial_plan,2,40.0
2025-10-01,2026-02-01,4,At-risk,Churned proxy,Retail,start,persona_x_initial_plan,3,60.0
2025-10-01,2026-02-01,4,Active,Active,Wholesale,business,persona_x_initial_plan,1,100.0
2025-10-01,2026-02-01,4,Active,Active,Wholesale,free,persona_x_initial_plan,4,80.0
2025-10-01,2026-02-01,4,Active,At-risk,Wholesale,free,persona_x_initial_plan,1,20.0
2025-10-01,2026-02-01,4,At-risk,Churned proxy,Wholesale,free,persona_x_initial_plan,1,100.0
2025-10-01,2026-02-01,4,Active,Active,Wholesale,plus,persona_x_initial_plan,2,100.0
2025-10-01,2026-02-01,4,At-risk,At-risk,Wholesale,plus,persona_x_initial_plan,1,100.0
2025-10-01,2026-02-01,4,Active,Active,Wholesale,start,persona_x_initial_plan,12,100.0
2025-10-01,2026-02-01,4,At-risk,Churned proxy,Wholesale,start,persona_x_initial_plan,1,100.0
2025-10-01,2026-03-01,5,Active,Active,ALL,business,initial_plan,19,100.0
2025-10-01,2026-03-01,5,At-risk,At-risk,ALL,business,initial_plan,3,100.0
2025-10-01,2026-03-01,5,Churned proxy,Churned proxy,ALL,business,initial_plan,6,100.0
2025-10-01,2026-03-01,5,Active,Active,ALL,free,initial_plan,356,98.34
2025-10-01,2026-03-01,5,Active,At-risk,ALL,free,initial_plan,6,1.66
2025-10-01,2026-03-01,5,At-risk,Active,ALL,free,initial_plan,1,5.0
2025-10-01,2026-03-01,5,At-risk,At-risk,ALL,free,initial_plan,10,50.0
2025-10-01,2026-03-01,5,At-risk,Churned proxy,ALL,free,initial_plan,9,45.0
2025-10-01,2026-03-01,5,Churned proxy,Churned proxy,ALL,free,initial_plan,26,100.0
2025-10-01,2026-03-01,5,Never monetized,Never monetized,ALL,free,initial_plan,1,100.0
2025-10-01,2026-03-01,5,Active,Active,ALL,plus,initial_plan,158,95.76
2025-10-01,2026-03-01,5,Active,At-risk,ALL,plus,initial_plan,7,4.24
2025-10-01,2026-03-01,5,At-risk,Active,ALL,plus,initial_plan,2,9.52
2025-10-01,2026-03-01,5,At-risk,At-risk,ALL,plus,initial_plan,5,23.81
2025-10-01,2026-03-01,5,At-risk,Churned proxy,ALL,plus,initial_plan,14,66.67
2025-10-01,2026-03-01,5,Churned proxy,Churned proxy,ALL,plus,initial_plan,25,100.0
2025-10-01,2026-03-01,5,Active,Active,ALL,start,initial_plan,483,97.97
2025-10-01,2026-03-01,5,Active,At-risk,ALL,start,initial_plan,10,2.03
2025-10-01,2026-03-01,5,At-risk,Active,ALL,start,initial_plan,1,3.45
2025-10-01,2026-03-01,5,At-risk,At-risk,ALL,start,initial_plan,10,34.48
2025-10-01,2026-03-01,5,At-risk,Churned proxy,ALL,start,initial_plan,18,62.07
2025-10-01,2026-03-01,5,Churned proxy,Active,ALL,start,initial_plan,1,4.0
2025-10-01,2026-03-01,5,Churned proxy,Churned proxy,ALL,start,initial_plan,24,96.0
2025-10-01,2026-03-01,5,Never monetized,Never monetized,ALL,start,initial_plan,1,100.0
2025-10-01,2026-03-01,5,Active,Active,ALL,ALL,overall,1016,97.79
2025-10-01,2026-03-01,5,Active,At-risk,ALL,ALL,overall,23,2.21
2025-10-01,2026-03-01,5,At-risk,Active,ALL,ALL,overall,4,5.48
2025-10-01,2026-03-01,5,At-risk,At-risk,ALL,ALL,overall,28,38.36
2025-10-01,2026-03-01,5,At-risk,Churned proxy,ALL,ALL,overall,41,56.16
2025-10-01,2026-03-01,5,Churned proxy,Active,ALL,ALL,overall,1,1.22
2025-10-01,2026-03-01,5,Churned proxy,Churned proxy,ALL,ALL,overall,81,98.78
2025-10-01,2026-03-01,5,Never monetized,Never monetized,ALL,ALL,overall,2,100.0
2025-10-01,2026-03-01,5,Active,Active,Automobile_Trade_Repair,ALL,persona,44,97.78
2025-10-01,2026-03-01,5,Active,At-risk,Automobile_Trade_Repair,ALL,persona,1,2.22
2025-10-01,2026-03-01,5,At-risk,At-risk,Automobile_Trade_Repair,ALL,persona,1,25.0
2025-10-01,2026-03-01,5,At-risk,Churned proxy,Automobile_Trade_Repair,ALL,persona,3,75.0
2025-10-01,2026-03-01,5,Churned proxy,Churned proxy,Automobile_Trade_Repair,ALL,persona,4,100.0
2025-10-01,2026-03-01,5,Active,Active,BTP,ALL,persona,203,99.02
2025-10-01,2026-03-01,5,Active,At-risk,BTP,ALL,persona,2,0.98
2025-10-01,2026-03-01,5,At-risk,Active,BTP,ALL,persona,1,7.14
2025-10-01,2026-03-01,5,At-risk,At-risk,BTP,ALL,persona,5,35.71
2025-10-01,2026-03-01,5,At-risk,Churned proxy,BTP,ALL,persona,8,57.14
2025-10-01,2026-03-01,5,Churned proxy,Churned proxy,BTP,ALL,persona,21,100.0
2025-10-01,2026-03-01,5,Active,Active,Bankers_Insurance,ALL,persona,14,100.0
2025-10-01,2026-03-01,5,Churned proxy,Churned proxy,Bankers_Insurance,ALL,persona,1,100.0
2025-10-01,2026-03-01,5,Active,Active,Bikers_Drivers,ALL,persona,71,97.26
2025-10-01,2026-03-01,5,Active,At-risk,Bikers_Drivers,ALL,persona,2,2.74
2025-10-01,2026-03-01,5,At-risk,At-risk,Bikers_Drivers,ALL,persona,5,50.0
2025-10-01,2026-03-01,5,At-risk,Churned proxy,Bikers_Drivers,ALL,persona,5,50.0
2025-10-01,2026-03-01,5,Churned proxy,Churned proxy,Bikers_Drivers,ALL,persona,16,100.0
2025-10-01,2026-03-01,5,Never monetized,Never monetized,Bikers_Drivers,ALL,persona,1,100.0
2025-10-01,2026-03-01,5,Active,Active,Cleaning_CallCenters,ALL,persona,6,100.0
2025-10-01,2026-03-01,5,Active,Active,Consultant,ALL,persona,184,99.46
2025-10-01,2026-03-01,5,Active,At-risk,Consultant,ALL,persona,1,0.54
2025-10-01,2026-03-01,5,At-risk,At-risk,Consultant,ALL,persona,2,22.22
2025-10-01,2026-03-01,5,At-risk,Churned proxy,Consultant,ALL,persona,7,77.78
2025-10-01,2026-03-01,5,Churned proxy,Active,Consultant,ALL,persona,1,12.5
2025-10-01,2026-03-01,5,Churned proxy,Churned proxy,Consultant,ALL,persona,7,87.5
2025-10-01,2026-03-01,5,Active,Active,Developer_IT,ALL,persona,73,97.33
2025-10-01,2026-03-01,5,Active,At-risk,Developer_IT,ALL,persona,2,2.67
2025-10-01,2026-03-01,5,At-risk,Active,Developer_IT,ALL,persona,1,14.29
2025-10-01,2026-03-01,5,At-risk,At-risk,Developer_IT,ALL,persona,3,42.86
2025-10-01,2026-03-01,5,At-risk,Churned proxy,Developer_IT,ALL,persona,3,42.86
2025-10-01,2026-03-01,5,Churned proxy,Churned proxy,Developer_IT,ALL,persona,8,100.0
2025-10-01,2026-03-01,5,Never monetized,Never monetized,Developer_IT,ALL,persona,1,100.0
2025-10-01,2026-03-01,5,Active,Active,Media_Publishing,ALL,persona,31,96.88
2025-10-01,2026-03-01,5,Active,At-risk,Media_Publishing,ALL,persona,1,3.13
2025-10-01,2026-03-01,5,At-risk,Active,Media_Publishing,ALL,persona,1,50.0
2025-10-01,2026-03-01,5,At-risk,At-risk,Media_Publishing,ALL,persona,1,50.0
2025-10-01,2026-03-01,5,Active,Active,Medical_Professionals,ALL,persona,14,100.0
2025-10-01,2026-03-01,5,Active,Active,Others,ALL,persona,165,96.49
2025-10-01,2026-03-01,5,Active,At-risk,Others,ALL,persona,6,3.51
2025-10-01,2026-03-01,5,At-risk,At-risk,Others,ALL,persona,4,44.44
2025-10-01,2026-03-01,5,At-risk,Churned proxy,Others,ALL,persona,5,55.56
2025-10-01,2026-03-01,5,Churned proxy,Churned proxy,Others,ALL,persona,11,100.0
2025-10-01,2026-03-01,5,Active,Active,Professeur,ALL,persona,30,100.0
2025-10-01,2026-03-01,5,At-risk,At-risk,Professeur,ALL,persona,1,50.0
2025-10-01,2026-03-01,5,At-risk,Churned proxy,Professeur,ALL,persona,1,50.0
2025-10-01,2026-03-01,5,Churned proxy,Churned proxy,Professeur,ALL,persona,2,100.0
2025-10-01,2026-03-01,5,Active,Active,Repair,ALL,persona,7,100.0
2025-10-01,2026-03-01,5,Churned proxy,Churned proxy,Repair,ALL,persona,1,100.0
2025-10-01,2026-03-01,5,Active,Active,Restauration,ALL,persona,24,96.0
2025-10-01,2026-03-01,5,Active,At-risk,Restauration,ALL,persona,1,4.0
2025-10-01,2026-03-01,5,At-risk,At-risk,Restauration,ALL,persona,1,50.0
2025-10-01,2026-03-01,5,At-risk,Churned proxy,Restauration,ALL,persona,1,50.0
2025-10-01,2026-03-01,5,Churned proxy,Churned proxy,Restauration,ALL,persona,1,100.0
2025-10-01,2026-03-01,5,Active,Active,Retail,ALL,persona,131,94.93
2025-10-01,2026-03-01,5,Active,At-risk,Retail,ALL,persona,7,5.07
2025-10-01,2026-03-01,5,At-risk,Active,Retail,ALL,persona,1,8.33
2025-10-01,2026-03-01,5,At-risk,At-risk,Retail,ALL,persona,4,33.33
2025-10-01,2026-03-01,5,At-risk,Churned proxy,Retail,ALL,persona,7,58.33
2025-10-01,2026-03-01,5,Churned proxy,Churned proxy,Retail,ALL,persona,7,100.0
2025-10-01,2026-03-01,5,Active,Active,Wholesale,ALL,persona,19,100.0
2025-10-01,2026-03-01,5,At-risk,At-risk,Wholesale,ALL,persona,1,50.0
2025-10-01,2026-03-01,5,At-risk,Churned proxy,Wholesale,ALL,persona,1,50.0
2025-10-01,2026-03-01,5,Churned proxy,Churned proxy,Wholesale,ALL,persona,2,100.0
2025-10-01,2026-03-01,5,Active,Active,Automobile_Trade_Repair,business,persona_x_initial_plan,5,100.0
2025-10-01,2026-03-01,5,Active,Active,Automobile_Trade_Repair,free,persona_x_initial_plan,13,100.0
2025-10-01,2026-03-01,5,At-risk,At-risk,Automobile_Trade_Repair,free,persona_x_initial_plan,1,100.0
2025-10-01,2026-03-01,5,Churned proxy,Churned proxy,Automobile_Trade_Repair,free,persona_x_initial_plan,1,100.0
2025-10-01,2026-03-01,5,Active,Active,Automobile_Trade_Repair,plus,persona_x_initial_plan,10,100.0
2025-10-01,2026-03-01,5,Churned proxy,Churned proxy,Automobile_Trade_Repair,plus,persona_x_initial_plan,1,100.0
2025-10-01,2026-03-01,5,Active,Active,Automobile_Trade_Repair,start,persona_x_initial_plan,16,94.12
2025-10-01,2026-03-01,5,Active,At-risk,Automobile_Trade_Repair,start,persona_x_initial_plan,1,5.88
2025-10-01,2026-03-01,5,At-risk,Churned proxy,Automobile_Trade_Repair,start,persona_x_initial_plan,3,100.0
2025-10-01,2026-03-01,5,Churned proxy,Churned proxy,Automobile_Trade_Repair,start,persona_x_initial_plan,2,100.0
2025-10-01,2026-03-01,5,Active,Active,BTP,business,persona_x_initial_plan,5,100.0
2025-10-01,2026-03-01,5,At-risk,At-risk,BTP,business,persona_x_initial_plan,1,100.0
2025-10-01,2026-03-01,5,Churned proxy,Churned proxy,BTP,business,persona_x_initial_plan,2,100.0
2025-10-01,2026-03-01,5,Active,Active,BTP,free,persona_x_initial_plan,68,100.0
2025-10-01,2026-03-01,5,At-risk,Churned proxy,BTP,free,persona_x_initial_plan,1,100.0
2025-10-01,2026-03-01,5,Churned proxy,Churned proxy,BTP,free,persona_x_initial_plan,4,100.0
2025-10-01,2026-03-01,5,Active,Active,BTP,plus,persona_x_initial_plan,50,96.15
2025-10-01,2026-03-01,5,Active,At-risk,BTP,plus,persona_x_initial_plan,2,3.85
2025-10-01,2026-03-01,5,At-risk,Active,BTP,plus,persona_x_initial_plan,1,16.67
2025-10-01,2026-03-01,5,At-risk,At-risk,BTP,plus,persona_x_initial_plan,2,33.33
2025-10-01,2026-03-01,5,At-risk,Churned proxy,BTP,plus,persona_x_initial_plan,3,50.0
2025-10-01,2026-03-01,5,Churned proxy,Churned proxy,BTP,plus,persona_x_initial_plan,10,100.0
2025-10-01,2026-03-01,5,Active,Active,BTP,start,persona_x_initial_plan,80,100.0
2025-10-01,2026-03-01,5,At-risk,At-risk,BTP,start,persona_x_initial_plan,2,33.33
2025-10-01,2026-03-01,5,At-risk,Churned proxy,BTP,start,persona_x_initial_plan,4,66.67
2025-10-01,2026-03-01,5,Churned proxy,Churned proxy,BTP,start,persona_x_initial_plan,5,100.0
2025-10-01,2026-03-01,5,Active,Active,Bankers_Insurance,free,persona_x_initial_plan,8,100.0
2025-10-01,2026-03-01,5,Active,Active,Bankers_Insurance,start,persona_x_initial_plan,6,100.0
2025-10-01,2026-03-01,5,Churned proxy,Churned proxy,Bankers_Insurance,start,persona_x_initial_plan,1,100.0
2025-10-01,2026-03-01,5,Active,Active,Bikers_Drivers,business,persona_x_initial_plan,3,100.0
2025-10-01,2026-03-01,5,At-risk,At-risk,Bikers_Drivers,business,persona_x_initial_plan,1,100.0
2025-10-01,2026-03-01,5,Churned proxy,Churned proxy,Bikers_Drivers,business,persona_x_initial_plan,1,100.0
2025-10-01,2026-03-01,5,Active,Active,Bikers_Drivers,free,persona_x_initial_plan,27,100.0
2025-10-01,2026-03-01,5,At-risk,At-risk,Bikers_Drivers,free,persona_x_initial_plan,2,50.0
2025-10-01,2026-03-01,5,At-risk,Churned proxy,Bikers_Drivers,free,persona_x_initial_plan,2,50.0
2025-10-01,2026-03-01,5,Churned proxy,Churned proxy,Bikers_Drivers,free,persona_x_initial_plan,4,100.0
2025-10-01,2026-03-01,5,Never monetized,Never monetized,Bikers_Drivers,free,persona_x_initial_plan,1,100.0
2025-10-01,2026-03-01,5,Active,Active,Bikers_Drivers,plus,persona_x_initial_plan,17,100.0
2025-10-01,2026-03-01,5,At-risk,At-risk,Bikers_Drivers,plus,persona_x_initial_plan,1,50.0
2025-10-01,2026-03-01,5,At-risk,Churned proxy,Bikers_Drivers,plus,persona_x_initial_plan,1,50.0
2025-10-01,2026-03-01,5,Churned proxy,Churned proxy,Bikers_Drivers,plus,persona_x_initial_plan,7,100.0
2025-10-01,2026-03-01,5,Active,Active,Bikers_Drivers,start,persona_x_initial_plan,24,92.31
2025-10-01,2026-03-01,5,Active,At-risk,Bikers_Drivers,start,persona_x_initial_plan,2,7.69
2025-10-01,2026-03-01,5,At-risk,At-risk,Bikers_Drivers,start,persona_x_initial_plan,1,33.33
2025-10-01,2026-03-01,5,At-risk,Churned proxy,Bikers_Drivers,start,persona_x_initial_plan,2,66.67
2025-10-01,2026-03-01,5,Churned proxy,Churned proxy,Bikers_Drivers,start,persona_x_initial_plan,4,100.0
2025-10-01,2026-03-01,5,Active,Active,Cleaning_CallCenters,free,persona_x_initial_plan,4,100.0
2025-10-01,2026-03-01,5,Active,Active,Cleaning_CallCenters,start,persona_x_initial_plan,2,100.0
2025-10-01,2026-03-01,5,Active,Active,Consultant,business,persona_x_initial_plan,1,100.0
2025-10-01,2026-03-01,5,Churned proxy,Churned proxy,Consultant,business,persona_x_initial_plan,1,100.0
2025-10-01,2026-03-01,5,Active,Active,Consultant,free,persona_x_initial_plan,72,100.0
2025-10-01,2026-03-01,5,At-risk,At-risk,Consultant,free,persona_x_initial_plan,2,50.0
2025-10-01,2026-03-01,5,At-risk,Churned proxy,Consultant,free,persona_x_initial_plan,2,50.0
2025-10-01,2026-03-01,5,Churned proxy,Churned proxy,Consultant,free,persona_x_initial_plan,4,100.0
2025-10-01,2026-03-01,5,Active,Active,Consultant,plus,persona_x_initial_plan,12,100.0
2025-10-01,2026-03-01,5,At-risk,Churned proxy,Consultant,plus,persona_x_initial_plan,3,100.0
2025-10-01,2026-03-01,5,Active,Active,Consultant,start,persona_x_initial_plan,99,99.0
2025-10-01,2026-03-01,5,Active,At-risk,Consultant,start,persona_x_initial_plan,1,1.0
2025-10-01,2026-03-01,5,At-risk,Churned proxy,Consultant,start,persona_x_initial_plan,2,100.0
2025-10-01,2026-03-01,5,Churned proxy,Active,Consultant,start,persona_x_initial_plan,1,33.33
2025-10-01,2026-03-01,5,Churned proxy,Churned proxy,Consultant,start,persona_x_initial_plan,2,66.67
2025-10-01,2026-03-01,5,Active,Active,Developer_IT,free,persona_x_initial_plan,24,96.0
2025-10-01,2026-03-01,5,Active,At-risk,Developer_IT,free,persona_x_initial_plan,1,4.0
2025-10-01,2026-03-01,5,At-risk,At-risk,Developer_IT,free,persona_x_initial_plan,2,50.0
2025-10-01,2026-03-01,5,At-risk,Churned proxy,Developer_IT,free,persona_x_initial_plan,2,50.0
2025-10-01,2026-03-01,5,Churned proxy,Churned proxy,Developer_IT,free,persona_x_initial_plan,6,100.0
2025-10-01,2026-03-01,5,Active,Active,Developer_IT,plus,persona_x_initial_plan,11,100.0
2025-10-01,2026-03-01,5,At-risk,Churned proxy,Developer_IT,plus,persona_x_initial_plan,1,100.0
2025-10-01,2026-03-01,5,Churned proxy,Churned proxy,Developer_IT,plus,persona_x_initial_plan,1,100.0
2025-10-01,2026-03-01,5,Active,Active,Developer_IT,start,persona_x_initial_plan,38,97.44
2025-10-01,2026-03-01,5,Active,At-risk,Developer_IT,start,persona_x_initial_plan,1,2.56
2025-10-01,2026-03-01,5,At-risk,Active,Developer_IT,start,persona_x_initial_plan,1,50.0
2025-10-01,2026-03-01,5,At-risk,At-risk,Developer_IT,start,persona_x_initial_plan,1,50.0
2025-10-01,2026-03-01,5,Churned proxy,Churned proxy,Developer_IT,start,persona_x_initial_plan,1,100.0
2025-10-01,2026-03-01,5,Never monetized,Never monetized,Developer_IT,start,persona_x_initial_plan,1,100.0
2025-10-01,2026-03-01,5,Active,Active,Media_Publishing,free,persona_x_initial_plan,13,92.86
2025-10-01,2026-03-01,5,Active,At-risk,Media_Publishing,free,persona_x_initial_plan,1,7.14
2025-10-01,2026-03-01,5,At-risk,Active,Media_Publishing,free,persona_x_initial_plan,1,100.0
2025-10-01,2026-03-01,5,Active,Active,Media_Publishing,plus,persona_x_initial_plan,1,100.0
2025-10-01,2026-03-01,5,Active,Active,Media_Publishing,start,persona_x_initial_plan,17,100.0
2025-10-01,2026-03-01,5,At-risk,At-risk,Media_Publishing,start,persona_x_initial_plan,1,100.0
2025-10-01,2026-03-01,5,Active,Active,Medical_Professionals,free,persona_x_initial_plan,5,100.0
2025-10-01,2026-03-01,5,Active,Active,Medical_Professionals,plus,persona_x_initial_plan,1,100.0
2025-10-01,2026-03-01,5,Active,Active,Medical_Professionals,start,persona_x_initial_plan,8,100.0
2025-10-01,2026-03-01,5,Active,Active,Others,business,persona_x_initial_plan,4,100.0
2025-10-01,2026-03-01,5,At-risk,At-risk,Others,business,persona_x_initial_plan,1,100.0
2025-10-01,2026-03-01,5,Churned proxy,Churned proxy,Others,business,persona_x_initial_plan,1,100.0
2025-10-01,2026-03-01,5,Active,Active,Others,free,persona_x_initial_plan,56,98.25
2025-10-01,2026-03-01,5,Active,At-risk,Others,free,persona_x_initial_plan,1,1.75
2025-10-01,2026-03-01,5,At-risk,At-risk,Others,free,persona_x_initial_plan,1,100.0
2025-10-01,2026-03-01,5,Churned proxy,Churned proxy,Others,free,persona_x_initial_plan,1,100.0
2025-10-01,2026-03-01,5,Active,Active,Others,plus,persona_x_initial_plan,24,88.89
2025-10-01,2026-03-01,5,Active,At-risk,Others,plus,persona_x_initial_plan,3,11.11
2025-10-01,2026-03-01,5,At-risk,At-risk,Others,plus,persona_x_initial_plan,1,50.0
2025-10-01,2026-03-01,5,At-risk,Churned proxy,Others,plus,persona_x_initial_plan,1,50.0
2025-10-01,2026-03-01,5,Churned proxy,Churned proxy,Others,plus,persona_x_initial_plan,5,100.0
2025-10-01,2026-03-01,5,Active,Active,Others,start,persona_x_initial_plan,81,97.59
2025-10-01,2026-03-01,5,Active,At-risk,Others,start,persona_x_initial_plan,2,2.41
2025-10-01,2026-03-01,5,At-risk,At-risk,Others,start,persona_x_initial_plan,1,20.0
2025-10-01,2026-03-01,5,At-risk,Churned proxy,Others,start,persona_x_initial_plan,4,80.0
2025-10-01,2026-03-01,5,Churned proxy,Churned proxy,Others,start,persona_x_initial_plan,4,100.0
2025-10-01,2026-03-01,5,Active,Active,Professeur,free,persona_x_initial_plan,10,100.0
2025-10-01,2026-03-01,5,At-risk,At-risk,Professeur,free,persona_x_initial_plan,1,100.0
2025-10-01,2026-03-01,5,Churned proxy,Churned proxy,Professeur,free,persona_x_initial_plan,1,100.0
2025-10-01,2026-03-01,5,Active,Active,Professeur,plus,persona_x_initial_plan,1,100.0
2025-10-01,2026-03-01,5,Active,Active,Professeur,start,persona_x_initial_plan,19,100.0
2025-10-01,2026-03-01,5,At-risk,Churned proxy,Professeur,start,persona_x_initial_plan,1,100.0
2025-10-01,2026-03-01,5,Churned proxy,Churned proxy,Professeur,start,persona_x_initial_plan,1,100.0
2025-10-01,2026-03-01,5,Active,Active,Repair,free,persona_x_initial_plan,2,100.0
2025-10-01,2026-03-01,5,Churned proxy,Churned proxy,Repair,free,persona_x_initial_plan,1,100.0
2025-10-01,2026-03-01,5,Active,Active,Repair,plus,persona_x_initial_plan,1,100.0
2025-10-01,2026-03-01,5,Active,Active,Repair,start,persona_x_initial_plan,4,100.0
2025-10-01,2026-03-01,5,Active,Active,Restauration,free,persona_x_initial_plan,8,100.0
2025-10-01,2026-03-01,5,Churned proxy,Churned proxy,Restauration,free,persona_x_initial_plan,1,100.0
2025-10-01,2026-03-01,5,Active,Active,Restauration,plus,persona_x_initial_plan,10,100.0
2025-10-01,2026-03-01,5,At-risk,At-risk,Restauration,plus,persona_x_initial_plan,1,50.0
2025-10-01,2026-03-01,5,At-risk,Churned proxy,Restauration,plus,persona_x_initial_plan,1,50.0
2025-10-01,2026-03-01,5,Active,Active,Restauration,start,persona_x_initial_plan,6,85.71
2025-10-01,2026-03-01,5,Active,At-risk,Restauration,start,persona_x_initial_plan,1,14.29
2025-10-01,2026-03-01,5,Churned proxy,Churned proxy,Retail,business,persona_x_initial_plan,1,100.0
2025-10-01,2026-03-01,5,Active,Active,Retail,free,persona_x_initial_plan,42,93.33
2025-10-01,2026-03-01,5,Active,At-risk,Retail,free,persona_x_initial_plan,3,6.67
2025-10-01,2026-03-01,5,At-risk,Churned proxy,Retail,free,persona_x_initial_plan,2,100.0
2025-10-01,2026-03-01,5,Churned proxy,Churned proxy,Retail,free,persona_x_initial_plan,2,100.0
2025-10-01,2026-03-01,5,Active,Active,Retail,plus,persona_x_initial_plan,18,90.0
2025-10-01,2026-03-01,5,Active,At-risk,Retail,plus,persona_x_initial_plan,2,10.0
2025-10-01,2026-03-01,5,At-risk,Active,Retail,plus,persona_x_initial_plan,1,25.0
2025-10-01,2026-03-01,5,At-risk,Churned proxy,Retail,plus,persona_x_initial_plan,3,75.0
2025-10-01,2026-03-01,5,Churned proxy,Churned proxy,Retail,plus,persona_x_initial_plan,1,100.0
2025-10-01,2026-03-01,5,Active,Active,Retail,start,persona_x_initial_plan,71,97.26
2025-10-01,2026-03-01,5,Active,At-risk,Retail,start,persona_x_initial_plan,2,2.74
2025-10-01,2026-03-01,5,At-risk,At-risk,Retail,start,persona_x_initial_plan,4,66.67
2025-10-01,2026-03-01,5,At-risk,Churned proxy,Retail,start,persona_x_initial_plan,2,33.33
2025-10-01,2026-03-01,5,Churned proxy,Churned proxy,Retail,start,persona_x_initial_plan,3,100.0
2025-10-01,2026-03-01,5,Active,Active,Wholesale,business,persona_x_initial_plan,1,100.0
2025-10-01,2026-03-01,5,Active,Active,Wholesale,free,persona_x_initial_plan,4,100.0
2025-10-01,2026-03-01,5,At-risk,At-risk,Wholesale,free,persona_x_initial_plan,1,100.0
2025-10-01,2026-03-01,5,Churned proxy,Churned proxy,Wholesale,free,persona_x_initial_plan,1,100.0
2025-10-01,2026-03-01,5,Active,Active,Wholesale,plus,persona_x_initial_plan,2,100.0
2025-10-01,2026-03-01,5,At-risk,Churned proxy,Wholesale,plus,persona_x_initial_plan,1,100.0
2025-10-01,2026-03-01,5,Active,Active,Wholesale,start,persona_x_initial_plan,12,100.0
2025-10-01,2026-03-01,5,Churned proxy,Churned proxy,Wholesale,start,persona_x_initial_plan,1,100.0
2025-10-01,2026-04-01,6,Active,Active,ALL,business,initial_plan,17,89.47
2025-10-01,2026-04-01,6,Active,At-risk,ALL,business,initial_plan,2,10.53
2025-10-01,2026-04-01,6,At-risk,Churned proxy,ALL,business,initial_plan,3,100.0
2025-10-01,2026-04-01,6,Churned proxy,Churned proxy,ALL,business,initial_plan,6,100.0
2025-10-01,2026-04-01,6,Active,Active,ALL,free,initial_plan,346,96.92
2025-10-01,2026-04-01,6,Active,At-risk,ALL,free,initial_plan,11,3.08
2025-10-01,2026-04-01,6,At-risk,At-risk,ALL,free,initial_plan,6,37.5
2025-10-01,2026-04-01,6,At-risk,Churned proxy,ALL,free,initial_plan,10,62.5
2025-10-01,2026-04-01,6,Churned proxy,Churned proxy,ALL,free,initial_plan,35,100.0
2025-10-01,2026-04-01,6,Never monetized,Never monetized,ALL,free,initial_plan,1,100.0
2025-10-01,2026-04-01,6,Active,Active,ALL,plus,initial_plan,155,96.88
2025-10-01,2026-04-01,6,Active,At-risk,ALL,plus,initial_plan,5,3.13
2025-10-01,2026-04-01,6,At-risk,Active,ALL,plus,initial_plan,2,16.67
2025-10-01,2026-04-01,6,At-risk,At-risk,ALL,plus,initial_plan,6,50.0
2025-10-01,2026-04-01,6,At-risk,Churned proxy,ALL,plus,initial_plan,4,33.33
2025-10-01,2026-04-01,6,Churned proxy,Active,ALL,plus,initial_plan,1,2.56
2025-10-01,2026-04-01,6,Churned proxy,Churned proxy,ALL,plus,initial_plan,38,97.44
2025-10-01,2026-04-01,6,Active,Active,ALL,start,initial_plan,477,98.35
2025-10-01,2026-04-01,6,Active,At-risk,ALL,start,initial_plan,8,1.65
2025-10-01,2026-04-01,6,At-risk,Active,ALL,start,initial_plan,2,10.0
2025-10-01,2026-04-01,6,At-risk,At-risk,ALL,start,initial_plan,8,40.0
2025-10-01,2026-04-01,6,At-risk,Churned proxy,ALL,start,initial_plan,10,50.0
2025-10-01,2026-04-01,6,Churned proxy,Churned proxy,ALL,start,initial_plan,42,100.0
2025-10-01,2026-04-01,6,Never monetized,Never monetized,ALL,start,initial_plan,1,100.0
2025-10-01,2026-04-01,6,Active,Active,ALL,ALL,overall,995,97.45
2025-10-01,2026-04-01,6,Active,At-risk,ALL,ALL,overall,26,2.55
2025-10-01,2026-04-01,6,At-risk,Active,ALL,ALL,overall,4,7.84
2025-10-01,2026-04-01,6,At-risk,At-risk,ALL,ALL,overall,20,39.22
2025-10-01,2026-04-01,6,At-risk,Churned proxy,ALL,ALL,overall,27,52.94
2025-10-01,2026-04-01,6,Churned proxy,Active,ALL,ALL,overall,1,0.82
2025-10-01,2026-04-01,6,Churned proxy,Churned proxy,ALL,ALL,overall,121,99.18
2025-10-01,2026-04-01,6,Never monetized,Never monetized,ALL,ALL,overall,2,100.0
2025-10-01,2026-04-01,6,Active,Active,Automobile_Trade_Repair,ALL,persona,44,100.0
2025-10-01,2026-04-01,6,At-risk,At-risk,Automobile_Trade_Repair,ALL,persona,1,50.0
2025-10-01,2026-04-01,6,At-risk,Churned proxy,Automobile_Trade_Repair,ALL,persona,1,50.0
2025-10-01,2026-04-01,6,Churned proxy,Churned proxy,Automobile_Trade_Repair,ALL,persona,7,100.0
2025-10-01,2026-04-01,6,Active,Active,BTP,ALL,persona,203,99.51
2025-10-01,2026-04-01,6,Active,At-risk,BTP,ALL,persona,1,0.49
2025-10-01,2026-04-01,6,At-risk,At-risk,BTP,ALL,persona,2,28.57
2025-10-01,2026-04-01,6,At-risk,Churned proxy,BTP,ALL,persona,5,71.43
2025-10-01,2026-04-01,6,Churned proxy,Churned proxy,BTP,ALL,persona,29,100.0
2025-10-01,2026-04-01,6,Active,Active,Bankers_Insurance,ALL,persona,14,100.0
2025-10-01,2026-04-01,6,Churned proxy,Churned proxy,Bankers_Insurance,ALL,persona,1,100.0
2025-10-01,2026-04-01,6,Active,Active,Bikers_Drivers,ALL,persona,68,95.77
2025-10-01,2026-04-01,6,Active,At-risk,Bikers_Drivers,ALL,persona,3,4.23
2025-10-01,2026-04-01,6,At-risk,At-risk,Bikers_Drivers,ALL,persona,2,28.57
2025-10-01,2026-04-01,6,At-risk,Churned proxy,Bikers_Drivers,ALL,persona,5,71.43
2025-10-01,2026-04-01,6,Churned proxy,Churned proxy,Bikers_Drivers,ALL,persona,21,100.0
2025-10-01,2026-04-01,6,Never monetized,Never monetized,Bikers_Drivers,ALL,persona,1,100.0
2025-10-01,2026-04-01,6,Active,Active,Cleaning_CallCenters,ALL,persona,6,100.0
2025-10-01,2026-04-01,6,Active,Active,Consultant,ALL,persona,181,97.84
2025-10-01,2026-04-01,6,Active,At-risk,Consultant,ALL,persona,4,2.16
2025-10-01,2026-04-01,6,At-risk,Active,Consultant,ALL,persona,1,33.33
2025-10-01,2026-04-01,6,At-risk,Churned proxy,Consultant,ALL,persona,2,66.67
2025-10-01,2026-04-01,6,Churned proxy,Churned proxy,Consultant,ALL,persona,14,100.0
2025-10-01,2026-04-01,6,Active,Active,Developer_IT,ALL,persona,73,98.65
2025-10-01,2026-04-01,6,Active,At-risk,Developer_IT,ALL,persona,1,1.35
2025-10-01,2026-04-01,6,At-risk,At-risk,Developer_IT,ALL,persona,2,40.0
2025-10-01,2026-04-01,6,At-risk,Churned proxy,Developer_IT,ALL,persona,3,60.0
2025-10-01,2026-04-01,6,Churned proxy,Churned proxy,Developer_IT,ALL,persona,11,100.0
2025-10-01,2026-04-01,6,Never monetized,Never monetized,Developer_IT,ALL,persona,1,100.0
2025-10-01,2026-04-01,6,Active,Active,Media_Publishing,ALL,persona,30,93.75
2025-10-01,2026-04-01,6,Active,At-risk,Media_Publishing,ALL,persona,2,6.25
2025-10-01,2026-04-01,6,At-risk,At-risk,Media_Publishing,ALL,persona,1,50.0
2025-10-01,2026-04-01,6,At-risk,Churned proxy,Media_Publishing,ALL,persona,1,50.0
2025-10-01,2026-04-01,6,Active,Active,Medical_Professionals,ALL,persona,13,92.86
2025-10-01,2026-04-01,6,Active,At-risk,Medical_Professionals,ALL,persona,1,7.14
2025-10-01,2026-04-01,6,Active,Active,Others,ALL,persona,156,94.55
2025-10-01,2026-04-01,6,Active,At-risk,Others,ALL,persona,9,5.45
2025-10-01,2026-04-01,6,At-risk,Active,Others,ALL,persona,1,10.0
2025-10-01,2026-04-01,6,At-risk,At-risk,Others,ALL,persona,5,50.0
2025-10-01,2026-04-01,6,At-risk,Churned proxy,Others,ALL,persona,4,40.0
2025-10-01,2026-04-01,6,Churned proxy,Churned proxy,Others,ALL,persona,16,100.0
2025-10-01,2026-04-01,6,Active,Active,Professeur,ALL,persona,30,100.0
2025-10-01,2026-04-01,6,At-risk,Churned proxy,Professeur,ALL,persona,1,100.0
2025-10-01,2026-04-01,6,Churned proxy,Churned proxy,Professeur,ALL,persona,3,100.0
2025-10-01,2026-04-01,6,Active,Active,Repair,ALL,persona,7,100.0
2025-10-01,2026-04-01,6,Churned proxy,Churned proxy,Repair,ALL,persona,1,100.0
2025-10-01,2026-04-01,6,Active,Active,Restauration,ALL,persona,23,95.83
2025-10-01,2026-04-01,6,Active,At-risk,Restauration,ALL,persona,1,4.17
2025-10-01,2026-04-01,6,At-risk,Active,Restauration,ALL,persona,1,50.0
2025-10-01,2026-04-01,6,At-risk,At-risk,Restauration,ALL,persona,1,50.0
2025-10-01,2026-04-01,6,Churned proxy,Active,Restauration,ALL,persona,1,50.0
2025-10-01,2026-04-01,6,Churned proxy,Churned proxy,Restauration,ALL,persona,1,50.0
2025-10-01,2026-04-01,6,Active,Active,Retail,ALL,persona,130,98.48
2025-10-01,2026-04-01,6,Active,At-risk,Retail,ALL,persona,2,1.52
2025-10-01,2026-04-01,6,At-risk,Active,Retail,ALL,persona,1,9.09
2025-10-01,2026-04-01,6,At-risk,At-risk,Retail,ALL,persona,6,54.55
2025-10-01,2026-04-01,6,At-risk,Churned proxy,Retail,ALL,persona,4,36.36
2025-10-01,2026-04-01,6,Churned proxy,Churned proxy,Retail,ALL,persona,14,100.0
2025-10-01,2026-04-01,6,Active,Active,Wholesale,ALL,persona,17,89.47
2025-10-01,2026-04-01,6,Active,At-risk,Wholesale,ALL,persona,2,10.53
2025-10-01,2026-04-01,6,At-risk,Churned proxy,Wholesale,ALL,persona,1,100.0
2025-10-01,2026-04-01,6,Churned proxy,Churned proxy,Wholesale,ALL,persona,3,100.0
2025-10-01,2026-04-01,6,Active,Active,Automobile_Trade_Repair,business,persona_x_initial_plan,5,100.0
2025-10-01,2026-04-01,6,Active,Active,Automobile_Trade_Repair,free,persona_x_initial_plan,13,100.0
2025-10-01,2026-04-01,6,At-risk,Churned proxy,Automobile_Trade_Repair,free,persona_x_initial_plan,1,100.0
2025-10-01,2026-04-01,6,Churned proxy,Churned proxy,Automobile_Trade_Repair,free,persona_x_initial_plan,1,100.0
2025-10-01,2026-04-01,6,Active,Active,Automobile_Trade_Repair,plus,persona_x_initial_plan,10,100.0
2025-10-01,2026-04-01,6,Churned proxy,Churned proxy,Automobile_Trade_Repair,plus,persona_x_initial_plan,1,100.0
2025-10-01,2026-04-01,6,Active,Active,Automobile_Trade_Repair,start,persona_x_initial_plan,16,100.0
2025-10-01,2026-04-01,6,At-risk,At-risk,Automobile_Trade_Repair,start,persona_x_initial_plan,1,100.0
2025-10-01,2026-04-01,6,Churned proxy,Churned proxy,Automobile_Trade_Repair,start,persona_x_initial_plan,5,100.0
2025-10-01,2026-04-01,6,Active,Active,BTP,business,persona_x_initial_plan,4,80.0
2025-10-01,2026-04-01,6,Active,At-risk,BTP,business,persona_x_initial_plan,1,20.0
2025-10-01,2026-04-01,6,At-risk,Churned proxy,BTP,business,persona_x_initial_plan,1,100.0
2025-10-01,2026-04-01,6,Churned proxy,Churned proxy,BTP,business,persona_x_initial_plan,2,100.0
2025-10-01,2026-04-01,6,Active,Active,BTP,free,persona_x_initial_plan,68,100.0
2025-10-01,2026-04-01,6,Churned proxy,Churned proxy,BTP,free,persona_x_initial_plan,5,100.0
2025-10-01,2026-04-01,6,Active,Active,BTP,plus,persona_x_initial_plan,51,100.0
2025-10-01,2026-04-01,6,At-risk,At-risk,BTP,plus,persona_x_initial_plan,2,50.0
2025-10-01,2026-04-01,6,At-risk,Churned proxy,BTP,plus,persona_x_initial_plan,2,50.0
2025-10-01,2026-04-01,6,Churned proxy,Churned proxy,BTP,plus,persona_x_initial_plan,13,100.0
2025-10-01,2026-04-01,6,Active,Active,BTP,start,persona_x_initial_plan,80,100.0
2025-10-01,2026-04-01,6,At-risk,Churned proxy,BTP,start,persona_x_initial_plan,2,100.0
2025-10-01,2026-04-01,6,Churned proxy,Churned proxy,BTP,start,persona_x_initial_plan,9,100.0
2025-10-01,2026-04-01,6,Active,Active,Bankers_Insurance,free,persona_x_initial_plan,8,100.0
2025-10-01,2026-04-01,6,Active,Active,Bankers_Insurance,start,persona_x_initial_plan,6,100.0
2025-10-01,2026-04-01,6,Churned proxy,Churned proxy,Bankers_Insurance,start,persona_x_initial_plan,1,100.0
2025-10-01,2026-04-01,6,Active,Active,Bikers_Drivers,business,persona_x_initial_plan,3,100.0
2025-10-01,2026-04-01,6,At-risk,Churned proxy,Bikers_Drivers,business,persona_x_initial_plan,1,100.0
2025-10-01,2026-04-01,6,Churned proxy,Churned proxy,Bikers_Drivers,business,persona_x_initial_plan,1,100.0
2025-10-01,2026-04-01,6,Active,Active,Bikers_Drivers,free,persona_x_initial_plan,25,92.59
2025-10-01,2026-04-01,6,Active,At-risk,Bikers_Drivers,free,persona_x_initial_plan,2,7.41
2025-10-01,2026-04-01,6,At-risk,Churned proxy,Bikers_Drivers,free,persona_x_initial_plan,2,100.0
2025-10-01,2026-04-01,6,Churned proxy,Churned proxy,Bikers_Drivers,free,persona_x_initial_plan,6,100.0
2025-10-01,2026-04-01,6,Never monetized,Never monetized,Bikers_Drivers,free,persona_x_initial_plan,1,100.0
2025-10-01,2026-04-01,6,Active,Active,Bikers_Drivers,plus,persona_x_initial_plan,16,94.12
2025-10-01,2026-04-01,6,Active,At-risk,Bikers_Drivers,plus,persona_x_initial_plan,1,5.88
2025-10-01,2026-04-01,6,At-risk,Churned proxy,Bikers_Drivers,plus,persona_x_initial_plan,1,100.0
2025-10-01,2026-04-01,6,Churned proxy,Churned proxy,Bikers_Drivers,plus,persona_x_initial_plan,8,100.0
2025-10-01,2026-04-01,6,Active,Active,Bikers_Drivers,start,persona_x_initial_plan,24,100.0
2025-10-01,2026-04-01,6,At-risk,At-risk,Bikers_Drivers,start,persona_x_initial_plan,2,66.67
2025-10-01,2026-04-01,6,At-risk,Churned proxy,Bikers_Drivers,start,persona_x_initial_plan,1,33.33
2025-10-01,2026-04-01,6,Churned proxy,Churned proxy,Bikers_Drivers,start,persona_x_initial_plan,6,100.0
2025-10-01,2026-04-01,6,Active,Active,Cleaning_CallCenters,free,persona_x_initial_plan,4,100.0
2025-10-01,2026-04-01,6,Active,Active,Cleaning_CallCenters,start,persona_x_initial_plan,2,100.0
2025-10-01,2026-04-01,6,Active,Active,Consultant,business,persona_x_initial_plan,1,100.0
2025-10-01,2026-04-01,6,Churned proxy,Churned proxy,Consultant,business,persona_x_initial_plan,1,100.0
2025-10-01,2026-04-01,6,Active,Active,Consultant,free,persona_x_initial_plan,71,98.61
2025-10-01,2026-04-01,6,Active,At-risk,Consultant,free,persona_x_initial_plan,1,1.39
2025-10-01,2026-04-01,6,At-risk,Churned proxy,Consultant,free,persona_x_initial_plan,2,100.0
2025-10-01,2026-04-01,6,Churned proxy,Churned proxy,Consultant,free,persona_x_initial_plan,6,100.0
2025-10-01,2026-04-01,6,Active,Active,Consultant,plus,persona_x_initial_plan,12,100.0
2025-10-01,2026-04-01,6,Churned proxy,Churned proxy,Consultant,plus,persona_x_initial_plan,3,100.0
2025-10-01,2026-04-01,6,Active,Active,Consultant,start,persona_x_initial_plan,97,97.0
2025-10-01,2026-04-01,6,Active,At-risk,Consultant,start,persona_x_initial_plan,3,3.0
2025-10-01,2026-04-01,6,At-risk,Active,Consultant,start,persona_x_initial_plan,1,100.0
2025-10-01,2026-04-01,6,Churned proxy,Churned proxy,Consultant,start,persona_x_initial_plan,4,100.0
2025-10-01,2026-04-01,6,Active,Active,Developer_IT,free,persona_x_initial_plan,24,100.0
2025-10-01,2026-04-01,6,At-risk,At-risk,Developer_IT,free,persona_x_initial_plan,1,33.33
2025-10-01,2026-04-01,6,At-risk,Churned proxy,Developer_IT,free,persona_x_initial_plan,2,66.67
2025-10-01,2026-04-01,6,Churned proxy,Churned proxy,Developer_IT,free,persona_x_initial_plan,8,100.0
2025-10-01,2026-04-01,6,Active,Active,Developer_IT,plus,persona_x_initial_plan,11,100.0
2025-10-01,2026-04-01,6,Churned proxy,Churned proxy,Developer_IT,plus,persona_x_initial_plan,2,100.0
2025-10-01,2026-04-01,6,Active,Active,Developer_IT,start,persona_x_initial_plan,38,97.44
2025-10-01,2026-04-01,6,Active,At-risk,Developer_IT,start,persona_x_initial_plan,1,2.56
2025-10-01,2026-04-01,6,At-risk,At-risk,Developer_IT,start,persona_x_initial_plan,1,50.0
2025-10-01,2026-04-01,6,At-risk,Churned proxy,Developer_IT,start,persona_x_initial_plan,1,50.0
2025-10-01,2026-04-01,6,Churned proxy,Churned proxy,Developer_IT,start,persona_x_initial_plan,1,100.0
2025-10-01,2026-04-01,6,Never monetized,Never monetized,Developer_IT,start,persona_x_initial_plan,1,100.0
2025-10-01,2026-04-01,6,Active,Active,Media_Publishing,free,persona_x_initial_plan,13,92.86
2025-10-01,2026-04-01,6,Active,At-risk,Media_Publishing,free,persona_x_initial_plan,1,7.14
2025-10-01,2026-04-01,6,At-risk,At-risk,Media_Publishing,free,persona_x_initial_plan,1,100.0
2025-10-01,2026-04-01,6,Active,Active,Media_Publishing,plus,persona_x_initial_plan,1,100.0
2025-10-01,2026-04-01,6,Active,Active,Media_Publishing,start,persona_x_initial_plan,16,94.12
2025-10-01,2026-04-01,6,Active,At-risk,Media_Publishing,start,persona_x_initial_plan,1,5.88
2025-10-01,2026-04-01,6,At-risk,Churned proxy,Media_Publishing,start,persona_x_initial_plan,1,100.0
2025-10-01,2026-04-01,6,Active,Active,Medical_Professionals,free,persona_x_initial_plan,4,80.0
2025-10-01,2026-04-01,6,Active,At-risk,Medical_Professionals,free,persona_x_initial_plan,1,20.0
2025-10-01,2026-04-01,6,Active,Active,Medical_Professionals,plus,persona_x_initial_plan,1,100.0
2025-10-01,2026-04-01,6,Active,Active,Medical_Professionals,start,persona_x_initial_plan,8,100.0
2025-10-01,2026-04-01,6,Active,Active,Others,business,persona_x_initial_plan,3,75.0
2025-10-01,2026-04-01,6,Active,At-risk,Others,business,persona_x_initial_plan,1,25.0
2025-10-01,2026-04-01,6,At-risk,Churned proxy,Others,business,persona_x_initial_plan,1,100.0
2025-10-01,2026-04-01,6,Churned proxy,Churned proxy,Others,business,persona_x_initial_plan,1,100.0
2025-10-01,2026-04-01,6,Active,Active,Others,free,persona_x_initial_plan,53,94.64
2025-10-01,2026-04-01,6,Active,At-risk,Others,free,persona_x_initial_plan,3,5.36
2025-10-01,2026-04-01,6,At-risk,At-risk,Others,free,persona_x_initial_plan,1,50.0
2025-10-01,2026-04-01,6,At-risk,Churned proxy,Others,free,persona_x_initial_plan,1,50.0
2025-10-01,2026-04-01,6,Churned proxy,Churned proxy,Others,free,persona_x_initial_plan,1,100.0
2025-10-01,2026-04-01,6,Active,Active,Others,plus,persona_x_initial_plan,21,87.5
2025-10-01,2026-04-01,6,Active,At-risk,Others,plus,persona_x_initial_plan,3,12.5
2025-10-01,2026-04-01,6,At-risk,Active,Others,plus,persona_x_initial_plan,1,25.0
2025-10-01,2026-04-01,6,At-risk,At-risk,Others,plus,persona_x_initial_plan,2,50.0
2025-10-01,2026-04-01,6,At-risk,Churned proxy,Others,plus,persona_x_initial_plan,1,25.0
2025-10-01,2026-04-01,6,Churned proxy,Churned proxy,Others,plus,persona_x_initial_plan,6,100.0
2025-10-01,2026-04-01,6,Active,Active,Others,start,persona_x_initial_plan,79,97.53
2025-10-01,2026-04-01,6,Active,At-risk,Others,start,persona_x_initial_plan,2,2.47
2025-10-01,2026-04-01,6,At-risk,At-risk,Others,start,persona_x_initial_plan,2,66.67
2025-10-01,2026-04-01,6,At-risk,Churned proxy,Others,start,persona_x_initial_plan,1,33.33
2025-10-01,2026-04-01,6,Churned proxy,Churned proxy,Others,start,persona_x_initial_plan,8,100.0
2025-10-01,2026-04-01,6,Active,Active,Professeur,free,persona_x_initial_plan,10,100.0
2025-10-01,2026-04-01,6,At-risk,Churned proxy,Professeur,free,persona_x_initial_plan,1,100.0
2025-10-01,2026-04-01,6,Churned proxy,Churned proxy,Professeur,free,persona_x_initial_plan,1,100.0
2025-10-01,2026-04-01,6,Active,Active,Professeur,plus,persona_x_initial_plan,1,100.0
2025-10-01,2026-04-01,6,Active,Active,Professeur,start,persona_x_initial_plan,19,100.0
2025-10-01,2026-04-01,6,Churned proxy,Churned proxy,Professeur,start,persona_x_initial_plan,2,100.0
2025-10-01,2026-04-01,6,Active,Active,Repair,free,persona_x_initial_plan,2,100.0
2025-10-01,2026-04-01,6,Churned proxy,Churned proxy,Repair,free,persona_x_initial_plan,1,100.0
2025-10-01,2026-04-01,6,Active,Active,Repair,plus,persona_x_initial_plan,1,100.0
2025-10-01,2026-04-01,6,Active,Active,Repair,start,persona_x_initial_plan,4,100.0
2025-10-01,2026-04-01,6,Active,Active,Restauration,free,persona_x_initial_plan,7,87.5
2025-10-01,2026-04-01,6,Active,At-risk,Restauration,free,persona_x_initial_plan,1,12.5
2025-10-01,2026-04-01,6,Churned proxy,Churned proxy,Restauration,free,persona_x_initial_plan,1,100.0
2025-10-01,2026-04-01,6,Active,Active,Restauration,plus,persona_x_initial_plan,10,100.0
2025-10-01,2026-04-01,6,At-risk,Active,Restauration,plus,persona_x_initial_plan,1,100.0
2025-10-01,2026-04-01,6,Churned proxy,Active,Restauration,plus,persona_x_initial_plan,1,100.0
2025-10-01,2026-04-01,6,Active,Active,Restauration,start,persona_x_initial_plan,6,100.0
2025-10-01,2026-04-01,6,At-risk,At-risk,Restauration,start,persona_x_initial_plan,1,100.0
2025-10-01,2026-04-01,6,Churned proxy,Churned proxy,Retail,business,persona_x_initial_plan,1,100.0
2025-10-01,2026-04-01,6,Active,Active,Retail,free,persona_x_initial_plan,41,97.62
2025-10-01,2026-04-01,6,Active,At-risk,Retail,free,persona_x_initial_plan,1,2.38
2025-10-01,2026-04-01,6,At-risk,At-risk,Retail,free,persona_x_initial_plan,3,100.0
2025-10-01,2026-04-01,6,Churned proxy,Churned proxy,Retail,free,persona_x_initial_plan,4,100.0
2025-10-01,2026-04-01,6,Active,Active,Retail,plus,persona_x_initial_plan,18,94.74
2025-10-01,2026-04-01,6,Active,At-risk,Retail,plus,persona_x_initial_plan,1,5.26
2025-10-01,2026-04-01,6,At-risk,At-risk,Retail,plus,persona_x_initial_plan,2,100.0
2025-10-01,2026-04-01,6,Churned proxy,Churned proxy,Retail,plus,persona_x_initial_plan,4,100.0
2025-10-01,2026-04-01,6,Active,Active,Retail,start,persona_x_initial_plan,71,100.0
2025-10-01,2026-04-01,6,At-risk,Active,Retail,start,persona_x_initial_plan,1,16.67
2025-10-01,2026-04-01,6,At-risk,At-risk,Retail,start,persona_x_initial_plan,1,16.67
2025-10-01,2026-04-01,6,At-risk,Churned proxy,Retail,start,persona_x_initial_plan,4,66.67
2025-10-01,2026-04-01,6,Churned proxy,Churned proxy,Retail,start,persona_x_initial_plan,5,100.0
2025-10-01,2026-04-01,6,Active,Active,Wholesale,business,persona_x_initial_plan,1,100.0
2025-10-01,2026-04-01,6,Active,Active,Wholesale,free,persona_x_initial_plan,3,75.0
2025-10-01,2026-04-01,6,Active,At-risk,Wholesale,free,persona_x_initial_plan,1,25.0
2025-10-01,2026-04-01,6,At-risk,Churned proxy,Wholesale,free,persona_x_initial_plan,1,100.0
2025-10-01,2026-04-01,6,Churned proxy,Churned proxy,Wholesale,free,persona_x_initial_plan,1,100.0
2025-10-01,2026-04-01,6,Active,Active,Wholesale,plus,persona_x_initial_plan,2,100.0
2025-10-01,2026-04-01,6,Churned proxy,Churned proxy,Wholesale,plus,persona_x_initial_plan,1,100.0
2025-10-01,2026-04-01,6,Active,Active,Wholesale,start,persona_x_initial_plan,11,91.67
2025-10-01,2026-04-01,6,Active,At-risk,Wholesale,start,persona_x_initial_plan,1,8.33
2025-10-01,2026-04-01,6,Churned proxy,Churned proxy,Wholesale,start,persona_x_initial_plan,1,100.0
2025-11-01,2025-12-01,1,Active,Active,ALL,business,initial_plan,46,92.0
2025-11-01,2025-12-01,1,Active,At-risk,ALL,business,initial_plan,4,8.0
2025-11-01,2025-12-01,1,Active,Active,ALL,free,initial_plan,885,96.09
2025-11-01,2025-12-01,1,Active,At-risk,ALL,free,initial_plan,36,3.91
2025-11-01,2025-12-01,1,Never monetized,Active,ALL,free,initial_plan,1,20.0
2025-11-01,2025-12-01,1,Never monetized,Never monetized,ALL,free,initial_plan,4,80.0
2025-11-01,2025-12-01,1,Active,Active,ALL,plus,initial_plan,348,96.67
2025-11-01,2025-12-01,1,Active,At-risk,ALL,plus,initial_plan,12,3.33
2025-11-01,2025-12-01,1,Never monetized,Never monetized,ALL,plus,initial_plan,1,100.0
2025-11-01,2025-12-01,1,Active,Active,ALL,start,initial_plan,1074,98.17
2025-11-01,2025-12-01,1,Active,At-risk,ALL,start,initial_plan,20,1.83
2025-11-01,2025-12-01,1,Never monetized,Never monetized,ALL,start,initial_plan,4,100.0
2025-11-01,2025-12-01,1,Active,Active,ALL,ALL,overall,2353,97.03
2025-11-01,2025-12-01,1,Active,At-risk,ALL,ALL,overall,72,2.97
2025-11-01,2025-12-01,1,Never monetized,Active,ALL,ALL,overall,1,10.0
2025-11-01,2025-12-01,1,Never monetized,Never monetized,ALL,ALL,overall,9,90.0
2025-11-01,2025-12-01,1,Active,Active,Automobile_Trade_Repair,ALL,persona,89,95.7
2025-11-01,2025-12-01,1,Active,At-risk,Automobile_Trade_Repair,ALL,persona,4,4.3
2025-11-01,2025-12-01,1,Never monetized,Never monetized,Automobile_Trade_Repair,ALL,persona,1,100.0
2025-11-01,2025-12-01,1,Active,Active,BTP,ALL,persona,441,98.22
2025-11-01,2025-12-01,1,Active,At-risk,BTP,ALL,persona,8,1.78
2025-11-01,2025-12-01,1,Never monetized,Never monetized,BTP,ALL,persona,1,100.0
2025-11-01,2025-12-01,1,Active,Active,Bankers_Insurance,ALL,persona,31,96.88
2025-11-01,2025-12-01,1,Active,At-risk,Bankers_Insurance,ALL,persona,1,3.13
2025-11-01,2025-12-01,1,Active,Active,Bikers_Drivers,ALL,persona,143,92.26
2025-11-01,2025-12-01,1,Active,At-risk,Bikers_Drivers,ALL,persona,12,7.74
2025-11-01,2025-12-01,1,Never monetized,Never monetized,Bikers_Drivers,ALL,persona,2,100.0
2025-11-01,2025-12-01,1,Active,Active,Cleaning_CallCenters,ALL,persona,16,100.0
2025-11-01,2025-12-01,1,Active,Active,Consultant,ALL,persona,429,98.39
2025-11-01,2025-12-01,1,Active,At-risk,Consultant,ALL,persona,7,1.61
2025-11-01,2025-12-01,1,Active,Active,Developer_IT,ALL,persona,223,96.96
2025-11-01,2025-12-01,1,Active,At-risk,Developer_IT,ALL,persona,7,3.04
2025-11-01,2025-12-01,1,Active,Active,Media_Publishing,ALL,persona,86,96.63
2025-11-01,2025-12-01,1,Active,At-risk,Media_Publishing,ALL,persona,3,3.37
2025-11-01,2025-12-01,1,Active,Active,Medical_Professionals,ALL,persona,29,100.0
2025-11-01,2025-12-01,1,Active,Active,Others,ALL,persona,346,96.38
2025-11-01,2025-12-01,1,Active,At-risk,Others,ALL,persona,13,3.62
2025-11-01,2025-12-01,1,Never monetized,Active,Others,ALL,persona,1,50.0
2025-11-01,2025-12-01,1,Never monetized,Never monetized,Others,ALL,persona,1,50.0
2025-11-01,2025-12-01,1,Active,Active,Professeur,ALL,persona,71,95.95
2025-11-01,2025-12-01,1,Active,At-risk,Professeur,ALL,persona,3,4.05
2025-11-01,2025-12-01,1,Never monetized,Never monetized,Professeur,ALL,persona,1,100.0
2025-11-01,2025-12-01,1,Active,Active,Repair,ALL,persona,14,93.33
2025-11-01,2025-12-01,1,Active,At-risk,Repair,ALL,persona,1,6.67
2025-11-01,2025-12-01,1,Active,Active,Repair_Installation,ALL,persona,9,100.0
2025-11-01,2025-12-01,1,Active,Active,Restauration,ALL,persona,56,94.92
2025-11-01,2025-12-01,1,Active,At-risk,Restauration,ALL,persona,3,5.08
2025-11-01,2025-12-01,1,Active,Active,Retail,ALL,persona,309,96.87
2025-11-01,2025-12-01,1,Active,At-risk,Retail,ALL,persona,10,3.13
2025-11-01,2025-12-01,1,Never monetized,Never monetized,Retail,ALL,persona,2,100.0
2025-11-01,2025-12-01,1,Active,Active,Wholesale,ALL,persona,61,100.0
2025-11-01,2025-12-01,1,Never monetized,Never monetized,Wholesale,ALL,persona,1,100.0
2025-11-01,2025-12-01,1,Active,Active,Automobile_Trade_Repair,business,persona_x_initial_plan,3,60.0
2025-11-01,2025-12-01,1,Active,At-risk,Automobile_Trade_Repair,business,persona_x_initial_plan,2,40.0
2025-11-01,2025-12-01,1,Active,Active,Automobile_Trade_Repair,free,persona_x_initial_plan,28,96.55
2025-11-01,2025-12-01,1,Active,At-risk,Automobile_Trade_Repair,free,persona_x_initial_plan,1,3.45
2025-11-01,2025-12-01,1,Active,Active,Automobile_Trade_Repair,plus,persona_x_initial_plan,27,100.0
2025-11-01,2025-12-01,1,Active,Active,Automobile_Trade_Repair,start,persona_x_initial_plan,31,96.88
2025-11-01,2025-12-01,1,Active,At-risk,Automobile_Trade_Repair,start,persona_x_initial_plan,1,3.13
2025-11-01,2025-12-01,1,Never monetized,Never monetized,Automobile_Trade_Repair,start,persona_x_initial_plan,1,100.0
2025-11-01,2025-12-01,1,Active,Active,BTP,business,persona_x_initial_plan,12,100.0
2025-11-01,2025-12-01,1,Active,Active,BTP,free,persona_x_initial_plan,143,97.95
2025-11-01,2025-12-01,1,Active,At-risk,BTP,free,persona_x_initial_plan,3,2.05
2025-11-01,2025-12-01,1,Never monetized,Never monetized,BTP,free,persona_x_initial_plan,1,100.0
2025-11-01,2025-12-01,1,Active,Active,BTP,plus,persona_x_initial_plan,91,97.85
2025-11-01,2025-12-01,1,Active,At-risk,BTP,plus,persona_x_initial_plan,2,2.15
2025-11-01,2025-12-01,1,Active,Active,BTP,start,persona_x_initial_plan,195,98.48
2025-11-01,2025-12-01,1,Active,At-risk,BTP,start,persona_x_initial_plan,3,1.52
2025-11-01,2025-12-01,1,Active,Active,Bankers_Insurance,free,persona_x_initial_plan,19,95.0
2025-11-01,2025-12-01,1,Active,At-risk,Bankers_Insurance,free,persona_x_initial_plan,1,5.0
2025-11-01,2025-12-01,1,Active,Active,Bankers_Insurance,start,persona_x_initial_plan,12,100.0
2025-11-01,2025-12-01,1,Active,Active,Bikers_Drivers,business,persona_x_initial_plan,5,83.33
2025-11-01,2025-12-01,1,Active,At-risk,Bikers_Drivers,business,persona_x_initial_plan,1,16.67
2025-11-01,2025-12-01,1,Active,Active,Bikers_Drivers,free,persona_x_initial_plan,51,91.07
2025-11-01,2025-12-01,1,Active,At-risk,Bikers_Drivers,free,persona_x_initial_plan,5,8.93
2025-11-01,2025-12-01,1,Active,Active,Bikers_Drivers,plus,persona_x_initial_plan,28,87.5
2025-11-01,2025-12-01,1,Active,At-risk,Bikers_Drivers,plus,persona_x_initial_plan,4,12.5
2025-11-01,2025-12-01,1,Never monetized,Never monetized,Bikers_Drivers,plus,persona_x_initial_plan,1,100.0
2025-11-01,2025-12-01,1,Active,Active,Bikers_Drivers,start,persona_x_initial_plan,59,96.72
2025-11-01,2025-12-01,1,Active,At-risk,Bikers_Drivers,start,persona_x_initial_plan,2,3.28
2025-11-01,2025-12-01,1,Never monetized,Never monetized,Bikers_Drivers,start,persona_x_initial_plan,1,100.0
2025-11-01,2025-12-01,1,Active,Active,Cleaning_CallCenters,business,persona_x_initial_plan,1,100.0
2025-11-01,2025-12-01,1,Active,Active,Cleaning_CallCenters,free,persona_x_initial_plan,5,100.0
2025-11-01,2025-12-01,1,Active,Active,Cleaning_CallCenters,plus,persona_x_initial_plan,4,100.0
2025-11-01,2025-12-01,1,Active,Active,Cleaning_CallCenters,start,persona_x_initial_plan,6,100.0
2025-11-01,2025-12-01,1,Active,Active,Consultant,business,persona_x_initial_plan,5,100.0
2025-11-01,2025-12-01,1,Active,Active,Consultant,free,persona_x_initial_plan,179,97.28
2025-11-01,2025-12-01,1,Active,At-risk,Consultant,free,persona_x_initial_plan,5,2.72
2025-11-01,2025-12-01,1,Active,Active,Consultant,plus,persona_x_initial_plan,41,100.0
2025-11-01,2025-12-01,1,Active,Active,Consultant,start,persona_x_initial_plan,204,99.03
2025-11-01,2025-12-01,1,Active,At-risk,Consultant,start,persona_x_initial_plan,2,0.97
2025-11-01,2025-12-01,1,Active,Active,Developer_IT,business,persona_x_initial_plan,3,75.0
2025-11-01,2025-12-01,1,Active,At-risk,Developer_IT,business,persona_x_initial_plan,1,25.0
2025-11-01,2025-12-01,1,Active,Active,Developer_IT,free,persona_x_initial_plan,95,95.96
2025-11-01,2025-12-01,1,Active,At-risk,Developer_IT,free,persona_x_initial_plan,4,4.04
2025-11-01,2025-12-01,1,Active,Active,Developer_IT,plus,persona_x_initial_plan,14,100.0
2025-11-01,2025-12-01,1,Active,Active,Developer_IT,start,persona_x_initial_plan,111,98.23
2025-11-01,2025-12-01,1,Active,At-risk,Developer_IT,start,persona_x_initial_plan,2,1.77
2025-11-01,2025-12-01,1,Active,Active,Media_Publishing,business,persona_x_initial_plan,1,100.0
2025-11-01,2025-12-01,1,Active,Active,Media_Publishing,free,persona_x_initial_plan,45,100.0
2025-11-01,2025-12-01,1,Active,Active,Media_Publishing,plus,persona_x_initial_plan,6,85.71
2025-11-01,2025-12-01,1,Active,At-risk,Media_Publishing,plus,persona_x_initial_plan,1,14.29
2025-11-01,2025-12-01,1,Active,Active,Media_Publishing,start,persona_x_initial_plan,34,94.44
2025-11-01,2025-12-01,1,Active,At-risk,Media_Publishing,start,persona_x_initial_plan,2,5.56
2025-11-01,2025-12-01,1,Active,Active,Medical_Professionals,free,persona_x_initial_plan,13,100.0
2025-11-01,2025-12-01,1,Active,Active,Medical_Professionals,plus,persona_x_initial_plan,1,100.0
2025-11-01,2025-12-01,1,Active,Active,Medical_Professionals,start,persona_x_initial_plan,15,100.0
2025-11-01,2025-12-01,1,Active,Active,Others,business,persona_x_initial_plan,7,100.0
2025-11-01,2025-12-01,1,Active,Active,Others,free,persona_x_initial_plan,123,95.35
2025-11-01,2025-12-01,1,Active,At-risk,Others,free,persona_x_initial_plan,6,4.65
2025-11-01,2025-12-01,1,Never monetized,Active,Others,free,persona_x_initial_plan,1,50.0
2025-11-01,2025-12-01,1,Never monetized,Never monetized,Others,free,persona_x_initial_plan,1,50.0
2025-11-01,2025-12-01,1,Active,Active,Others,plus,persona_x_initial_plan,60,95.24
2025-11-01,2025-12-01,1,Active,At-risk,Others,plus,persona_x_initial_plan,3,4.76
2025-11-01,2025-12-01,1,Active,Active,Others,start,persona_x_initial_plan,156,97.5
2025-11-01,2025-12-01,1,Active,At-risk,Others,start,persona_x_initial_plan,4,2.5
2025-11-01,2025-12-01,1,Active,Active,Professeur,free,persona_x_initial_plan,36,94.74
2025-11-01,2025-12-01,1,Active,At-risk,Professeur,free,persona_x_initial_plan,2,5.26
2025-11-01,2025-12-01,1,Never monetized,Never monetized,Professeur,free,persona_x_initial_plan,1,100.0
2025-11-01,2025-12-01,1,Active,Active,Professeur,plus,persona_x_initial_plan,6,85.71
2025-11-01,2025-12-01,1,Active,At-risk,Professeur,plus,persona_x_initial_plan,1,14.29
2025-11-01,2025-12-01,1,Active,Active,Professeur,start,persona_x_initial_plan,29,100.0
2025-11-01,2025-12-01,1,Active,Active,Repair,free,persona_x_initial_plan,6,85.71
2025-11-01,2025-12-01,1,Active,At-risk,Repair,free,persona_x_initial_plan,1,14.29
2025-11-01,2025-12-01,1,Active,Active,Repair,start,persona_x_initial_plan,8,100.0
2025-11-01,2025-12-01,1,Active,Active,Repair_Installation,free,persona_x_initial_plan,3,100.0
2025-11-01,2025-12-01,1,Active,Active,Repair_Installation,plus,persona_x_initial_plan,1,100.0
2025-11-01,2025-12-01,1,Active,Active,Repair_Installation,start,persona_x_initial_plan,5,100.0
2025-11-01,2025-12-01,1,Active,Active,Restauration,free,persona_x_initial_plan,17,85.0
2025-11-01,2025-12-01,1,Active,At-risk,Restauration,free,persona_x_initial_plan,3,15.0
2025-11-01,2025-12-01,1,Active,Active,Restauration,plus,persona_x_initial_plan,8,100.0
2025-11-01,2025-12-01,1,Active,Active,Restauration,start,persona_x_initial_plan,31,100.0
2025-11-01,2025-12-01,1,Active,Active,Retail,business,persona_x_initial_plan,5,100.0
2025-11-01,2025-12-01,1,Active,Active,Retail,free,persona_x_initial_plan,104,95.41
2025-11-01,2025-12-01,1,Active,At-risk,Retail,free,persona_x_initial_plan,5,4.59
2025-11-01,2025-12-01,1,Never monetized,Never monetized,Retail,free,persona_x_initial_plan,1,100.0
2025-11-01,2025-12-01,1,Active,Active,Retail,plus,persona_x_initial_plan,44,97.78
2025-11-01,2025-12-01,1,Active,At-risk,Retail,plus,persona_x_initial_plan,1,2.22
2025-11-01,2025-12-01,1,Active,Active,Retail,start,persona_x_initial_plan,156,97.5
2025-11-01,2025-12-01,1,Active,At-risk,Retail,start,persona_x_initial_plan,4,2.5
2025-11-01,2025-12-01,1,Never monetized,Never monetized,Retail,start,persona_x_initial_plan,1,100.0
2025-11-01,2025-12-01,1,Active,Active,Wholesale,business,persona_x_initial_plan,4,100.0
2025-11-01,2025-12-01,1,Active,Active,Wholesale,free,persona_x_initial_plan,18,100.0
2025-11-01,2025-12-01,1,Active,Active,Wholesale,plus,persona_x_initial_plan,17,100.0
2025-11-01,2025-12-01,1,Active,Active,Wholesale,start,persona_x_initial_plan,22,100.0
2025-11-01,2025-12-01,1,Never monetized,Never monetized,Wholesale,start,persona_x_initial_plan,1,100.0
2025-11-01,2026-01-01,2,Active,Active,ALL,business,initial_plan,40,86.96
2025-11-01,2026-01-01,2,Active,At-risk,ALL,business,initial_plan,6,13.04
2025-11-01,2026-01-01,2,At-risk,At-risk,ALL,business,initial_plan,4,100.0
2025-11-01,2026-01-01,2,Active,Active,ALL,free,initial_plan,843,95.15
2025-11-01,2026-01-01,2,Active,At-risk,ALL,free,initial_plan,43,4.85
2025-11-01,2026-01-01,2,At-risk,Active,ALL,free,initial_plan,5,13.89
2025-11-01,2026-01-01,2,At-risk,At-risk,ALL,free,initial_plan,31,86.11
2025-11-01,2026-01-01,2,Never monetized,Active,ALL,free,initial_plan,1,25.0
2025-11-01,2026-01-01,2,Never monetized,Never monetized,ALL,free,initial_plan,3,75.0
2025-11-01,2026-01-01,2,Active,Active,ALL,plus,initial_plan,331,95.11
2025-11-01,2026-01-01,2,Active,At-risk,ALL,plus,initial_plan,17,4.89
2025-11-01,2026-01-01,2,At-risk,Active,ALL,plus,initial_plan,2,16.67
2025-11-01,2026-01-01,2,At-risk,At-risk,ALL,plus,initial_plan,10,83.33
2025-11-01,2026-01-01,2,Never monetized,Never monetized,ALL,plus,initial_plan,1,100.0
2025-11-01,2026-01-01,2,Active,Active,ALL,start,initial_plan,1034,96.28
2025-11-01,2026-01-01,2,Active,At-risk,ALL,start,initial_plan,40,3.72
2025-11-01,2026-01-01,2,At-risk,Active,ALL,start,initial_plan,2,10.0
2025-11-01,2026-01-01,2,At-risk,At-risk,ALL,start,initial_plan,18,90.0
2025-11-01,2026-01-01,2,Never monetized,Active,ALL,start,initial_plan,1,25.0
2025-11-01,2026-01-01,2,Never monetized,Never monetized,ALL,start,initial_plan,3,75.0
2025-11-01,2026-01-01,2,Active,Active,ALL,ALL,overall,2248,95.5
2025-11-01,2026-01-01,2,Active,At-risk,ALL,ALL,overall,106,4.5
2025-11-01,2026-01-01,2,At-risk,Active,ALL,ALL,overall,9,12.5
2025-11-01,2026-01-01,2,At-risk,At-risk,ALL,ALL,overall,63,87.5
2025-11-01,2026-01-01,2,Never monetized,Active,ALL,ALL,overall,2,22.22
2025-11-01,2026-01-01,2,Never monetized,Never monetized,ALL,ALL,overall,7,77.78
2025-11-01,2026-01-01,2,Active,Active,Automobile_Trade_Repair,ALL,persona,84,94.38
2025-11-01,2026-01-01,2,Active,At-risk,Automobile_Trade_Repair,ALL,persona,5,5.62
2025-11-01,2026-01-01,2,At-risk,Active,Automobile_Trade_Repair,ALL,persona,1,25.0
2025-11-01,2026-01-01,2,At-risk,At-risk,Automobile_Trade_Repair,ALL,persona,3,75.0
2025-11-01,2026-01-01,2,Never monetized,Never monetized,Automobile_Trade_Repair,ALL,persona,1,100.0
2025-11-01,2026-01-01,2,Active,Active,BTP,ALL,persona,421,95.46
2025-11-01,2026-01-01,2,Active,At-risk,BTP,ALL,persona,20,4.54
2025-11-01,2026-01-01,2,At-risk,Active,BTP,ALL,persona,1,12.5
2025-11-01,2026-01-01,2,At-risk,At-risk,BTP,ALL,persona,7,87.5
2025-11-01,2026-01-01,2,Never monetized,Never monetized,BTP,ALL,persona,1,100.0
2025-11-01,2026-01-01,2,Active,Active,Bankers_Insurance,ALL,persona,29,93.55
2025-11-01,2026-01-01,2,Active,At-risk,Bankers_Insurance,ALL,persona,2,6.45
2025-11-01,2026-01-01,2,At-risk,At-risk,Bankers_Insurance,ALL,persona,1,100.0
2025-11-01,2026-01-01,2,Active,Active,Bikers_Drivers,ALL,persona,124,86.71
2025-11-01,2026-01-01,2,Active,At-risk,Bikers_Drivers,ALL,persona,19,13.29
2025-11-01,2026-01-01,2,At-risk,At-risk,Bikers_Drivers,ALL,persona,12,100.0
2025-11-01,2026-01-01,2,Never monetized,Active,Bikers_Drivers,ALL,persona,1,50.0
2025-11-01,2026-01-01,2,Never monetized,Never monetized,Bikers_Drivers,ALL,persona,1,50.0
2025-11-01,2026-01-01,2,Active,Active,Cleaning_CallCenters,ALL,persona,16,100.0
2025-11-01,2026-01-01,2,Active,Active,Consultant,ALL,persona,416,96.97
2025-11-01,2026-01-01,2,Active,At-risk,Consultant,ALL,persona,13,3.03
2025-11-01,2026-01-01,2,At-risk,At-risk,Consultant,ALL,persona,7,100.0
2025-11-01,2026-01-01,2,Active,Active,Developer_IT,ALL,persona,219,98.21
2025-11-01,2026-01-01,2,Active,At-risk,Developer_IT,ALL,persona,4,1.79
2025-11-01,2026-01-01,2,At-risk,Active,Developer_IT,ALL,persona,1,14.29
2025-11-01,2026-01-01,2,At-risk,At-risk,Developer_IT,ALL,persona,6,85.71
2025-11-01,2026-01-01,2,Active,Active,Media_Publishing,ALL,persona,84,97.67
2025-11-01,2026-01-01,2,Active,At-risk,Media_Publishing,ALL,persona,2,2.33
2025-11-01,2026-01-01,2,At-risk,Active,Media_Publishing,ALL,persona,2,66.67
2025-11-01,2026-01-01,2,At-risk,At-risk,Media_Publishing,ALL,persona,1,33.33
2025-11-01,2026-01-01,2,Active,Active,Medical_Professionals,ALL,persona,29,100.0
2025-11-01,2026-01-01,2,Active,Active,Others,ALL,persona,331,95.39
2025-11-01,2026-01-01,2,Active,At-risk,Others,ALL,persona,16,4.61
2025-11-01,2026-01-01,2,At-risk,Active,Others,ALL,persona,2,15.38
2025-11-01,2026-01-01,2,At-risk,At-risk,Others,ALL,persona,11,84.62
2025-11-01,2026-01-01,2,Never monetized,Never monetized,Others,ALL,persona,1,100.0
2025-11-01,2026-01-01,2,Active,Active,Professeur,ALL,persona,71,100.0
2025-11-01,2026-01-01,2,At-risk,Active,Professeur,ALL,persona,1,33.33
2025-11-01,2026-01-01,2,At-risk,At-risk,Professeur,ALL,persona,2,66.67
2025-11-01,2026-01-01,2,Never monetized,Active,Professeur,ALL,persona,1,100.0
2025-11-01,2026-01-01,2,Active,Active,Repair,ALL,persona,13,92.86
2025-11-01,2026-01-01,2,Active,At-risk,Repair,ALL,persona,1,7.14
2025-11-01,2026-01-01,2,At-risk,At-risk,Repair,ALL,persona,1,100.0
2025-11-01,2026-01-01,2,Active,Active,Repair_Installation,ALL,persona,9,100.0
2025-11-01,2026-01-01,2,Active,Active,Restauration,ALL,persona,52,92.86
2025-11-01,2026-01-01,2,Active,At-risk,Restauration,ALL,persona,4,7.14
2025-11-01,2026-01-01,2,At-risk,At-risk,Restauration,ALL,persona,3,100.0
2025-11-01,2026-01-01,2,Active,Active,Retail,ALL,persona,291,94.17
2025-11-01,2026-01-01,2,Active,At-risk,Retail,ALL,persona,18,5.83
2025-11-01,2026-01-01,2,At-risk,Active,Retail,ALL,persona,1,10.0
2025-11-01,2026-01-01,2,At-risk,At-risk,Retail,ALL,persona,9,90.0
2025-11-01,2026-01-01,2,Never monetized,Never monetized,Retail,ALL,persona,2,100.0
2025-11-01,2026-01-01,2,Active,Active,Wholesale,ALL,persona,59,96.72
2025-11-01,2026-01-01,2,Active,At-risk,Wholesale,ALL,persona,2,3.28
2025-11-01,2026-01-01,2,Never monetized,Never monetized,Wholesale,ALL,persona,1,100.0
2025-11-01,2026-01-01,2,Active,Active,Automobile_Trade_Repair,business,persona_x_initial_plan,3,100.0
2025-11-01,2026-01-01,2,At-risk,At-risk,Automobile_Trade_Repair,business,persona_x_initial_plan,2,100.0
2025-11-01,2026-01-01,2,Active,Active,Automobile_Trade_Repair,free,persona_x_initial_plan,25,89.29
2025-11-01,2026-01-01,2,Active,At-risk,Automobile_Trade_Repair,free,persona_x_initial_plan,3,10.71
2025-11-01,2026-01-01,2,At-risk,Active,Automobile_Trade_Repair,free,persona_x_initial_plan,1,100.0
2025-11-01,2026-01-01,2,Active,Active,Automobile_Trade_Repair,plus,persona_x_initial_plan,26,96.3
2025-11-01,2026-01-01,2,Active,At-risk,Automobile_Trade_Repair,plus,persona_x_initial_plan,1,3.7
2025-11-01,2026-01-01,2,Active,Active,Automobile_Trade_Repair,start,persona_x_initial_plan,30,96.77
2025-11-01,2026-01-01,2,Active,At-risk,Automobile_Trade_Repair,start,persona_x_initial_plan,1,3.23
2025-11-01,2026-01-01,2,At-risk,At-risk,Automobile_Trade_Repair,start,persona_x_initial_plan,1,100.0
2025-11-01,2026-01-01,2,Never monetized,Never monetized,Automobile_Trade_Repair,start,persona_x_initial_plan,1,100.0
2025-11-01,2026-01-01,2,Active,Active,BTP,business,persona_x_initial_plan,11,91.67
2025-11-01,2026-01-01,2,Active,At-risk,BTP,business,persona_x_initial_plan,1,8.33
2025-11-01,2026-01-01,2,Active,Active,BTP,free,persona_x_initial_plan,134,93.71
2025-11-01,2026-01-01,2,Active,At-risk,BTP,free,persona_x_initial_plan,9,6.29
2025-11-01,2026-01-01,2,At-risk,Active,BTP,free,persona_x_initial_plan,1,33.33
2025-11-01,2026-01-01,2,At-risk,At-risk,BTP,free,persona_x_initial_plan,2,66.67
2025-11-01,2026-01-01,2,Never monetized,Never monetized,BTP,free,persona_x_initial_plan,1,100.0
2025-11-01,2026-01-01,2,Active,Active,BTP,plus,persona_x_initial_plan,88,96.7
2025-11-01,2026-01-01,2,Active,At-risk,BTP,plus,persona_x_initial_plan,3,3.3
2025-11-01,2026-01-01,2,At-risk,At-risk,BTP,plus,persona_x_initial_plan,2,100.0
2025-11-01,2026-01-01,2,Active,Active,BTP,start,persona_x_initial_plan,188,96.41
2025-11-01,2026-01-01,2,Active,At-risk,BTP,start,persona_x_initial_plan,7,3.59
2025-11-01,2026-01-01,2,At-risk,At-risk,BTP,start,persona_x_initial_plan,3,100.0
2025-11-01,2026-01-01,2,Active,Active,Bankers_Insurance,free,persona_x_initial_plan,17,89.47
2025-11-01,2026-01-01,2,Active,At-risk,Bankers_Insurance,free,persona_x_initial_plan,2,10.53
2025-11-01,2026-01-01,2,At-risk,At-risk,Bankers_Insurance,free,persona_x_initial_plan,1,100.0
2025-11-01,2026-01-01,2,Active,Active,Bankers_Insurance,start,persona_x_initial_plan,12,100.0
2025-11-01,2026-01-01,2,Active,Active,Bikers_Drivers,business,persona_x_initial_plan,3,60.0
2025-11-01,2026-01-01,2,Active,At-risk,Bikers_Drivers,business,persona_x_initial_plan,2,40.0
2025-11-01,2026-01-01,2,At-risk,At-risk,Bikers_Drivers,business,persona_x_initial_plan,1,100.0
2025-11-01,2026-01-01,2,Active,Active,Bikers_Drivers,free,persona_x_initial_plan,45,88.24
2025-11-01,2026-01-01,2,Active,At-risk,Bikers_Drivers,free,persona_x_initial_plan,6,11.76
2025-11-01,2026-01-01,2,At-risk,At-risk,Bikers_Drivers,free,persona_x_initial_plan,5,100.0
2025-11-01,2026-01-01,2,Active,Active,Bikers_Drivers,plus,persona_x_initial_plan,23,82.14
2025-11-01,2026-01-01,2,Active,At-risk,Bikers_Drivers,plus,persona_x_initial_plan,5,17.86
2025-11-01,2026-01-01,2,At-risk,At-risk,Bikers_Drivers,plus,persona_x_initial_plan,4,100.0
2025-11-01,2026-01-01,2,Never monetized,Never monetized,Bikers_Drivers,plus,persona_x_initial_plan,1,100.0
2025-11-01,2026-01-01,2,Active,Active,Bikers_Drivers,start,persona_x_initial_plan,53,89.83
2025-11-01,2026-01-01,2,Active,At-risk,Bikers_Drivers,start,persona_x_initial_plan,6,10.17
2025-11-01,2026-01-01,2,At-risk,At-risk,Bikers_Drivers,start,persona_x_initial_plan,2,100.0
2025-11-01,2026-01-01,2,Never monetized,Active,Bikers_Drivers,start,persona_x_initial_plan,1,100.0
2025-11-01,2026-01-01,2,Active,Active,Cleaning_CallCenters,business,persona_x_initial_plan,1,100.0
2025-11-01,2026-01-01,2,Active,Active,Cleaning_CallCenters,free,persona_x_initial_plan,5,100.0
2025-11-01,2026-01-01,2,Active,Active,Cleaning_CallCenters,plus,persona_x_initial_plan,4,100.0
2025-11-01,2026-01-01,2,Active,Active,Cleaning_CallCenters,start,persona_x_initial_plan,6,100.0
2025-11-01,2026-01-01,2,Active,Active,Consultant,business,persona_x_initial_plan,5,100.0
2025-11-01,2026-01-01,2,Active,Active,Consultant,free,persona_x_initial_plan,171,95.53
2025-11-01,2026-01-01,2,Active,At-risk,Consultant,free,persona_x_initial_plan,8,4.47
2025-11-01,2026-01-01,2,At-risk,At-risk,Consultant,free,persona_x_initial_plan,5,100.0
2025-11-01,2026-01-01,2,Active,Active,Consultant,plus,persona_x_initial_plan,40,97.56
2025-11-01,2026-01-01,2,Active,At-risk,Consultant,plus,persona_x_initial_plan,1,2.44
2025-11-01,2026-01-01,2,Active,Active,Consultant,start,persona_x_initial_plan,200,98.04
2025-11-01,2026-01-01,2,Active,At-risk,Consultant,start,persona_x_initial_plan,4,1.96
2025-11-01,2026-01-01,2,At-risk,At-risk,Consultant,start,persona_x_initial_plan,2,100.0
2025-11-01,2026-01-01,2,Active,Active,Developer_IT,business,persona_x_initial_plan,3,100.0
2025-11-01,2026-01-01,2,At-risk,At-risk,Developer_IT,business,persona_x_initial_plan,1,100.0
2025-11-01,2026-01-01,2,Active,Active,Developer_IT,free,persona_x_initial_plan,94,98.95
2025-11-01,2026-01-01,2,Active,At-risk,Developer_IT,free,persona_x_initial_plan,1,1.05
2025-11-01,2026-01-01,2,At-risk,At-risk,Developer_IT,free,persona_x_initial_plan,4,100.0
2025-11-01,2026-01-01,2,Active,Active,Developer_IT,plus,persona_x_initial_plan,14,100.0
2025-11-01,2026-01-01,2,Active,Active,Developer_IT,start,persona_x_initial_plan,108,97.3
2025-11-01,2026-01-01,2,Active,At-risk,Developer_IT,start,persona_x_initial_plan,3,2.7
2025-11-01,2026-01-01,2,At-risk,Active,Developer_IT,start,persona_x_initial_plan,1,50.0
2025-11-01,2026-01-01,2,At-risk,At-risk,Developer_IT,start,persona_x_initial_plan,1,50.0
2025-11-01,2026-01-01,2,Active,Active,Media_Publishing,business,persona_x_initial_plan,1,100.0
2025-11-01,2026-01-01,2,Active,Active,Media_Publishing,free,persona_x_initial_plan,43,95.56
2025-11-01,2026-01-01,2,Active,At-risk,Media_Publishing,free,persona_x_initial_plan,2,4.44
2025-11-01,2026-01-01,2,Active,Active,Media_Publishing,plus,persona_x_initial_plan,6,100.0
2025-11-01,2026-01-01,2,At-risk,Active,Media_Publishing,plus,persona_x_initial_plan,1,100.0
2025-11-01,2026-01-01,2,Active,Active,Media_Publishing,start,persona_x_initial_plan,34,100.0
2025-11-01,2026-01-01,2,At-risk,Active,Media_Publishing,start,persona_x_initial_plan,1,50.0
2025-11-01,2026-01-01,2,At-risk,At-risk,Media_Publishing,start,persona_x_initial_plan,1,50.0
2025-11-01,2026-01-01,2,Active,Active,Medical_Professionals,free,persona_x_initial_plan,13,100.0
2025-11-01,2026-01-01,2,Active,Active,Medical_Professionals,plus,persona_x_initial_plan,1,100.0
2025-11-01,2026-01-01,2,Active,Active,Medical_Professionals,start,persona_x_initial_plan,15,100.0
2025-11-01,2026-01-01,2,Active,Active,Others,business,persona_x_initial_plan,5,71.43
2025-11-01,2026-01-01,2,Active,At-risk,Others,business,persona_x_initial_plan,2,28.57
2025-11-01,2026-01-01,2,Active,Active,Others,free,persona_x_initial_plan,119,95.97
2025-11-01,2026-01-01,2,Active,At-risk,Others,free,persona_x_initial_plan,5,4.03
2025-11-01,2026-01-01,2,At-risk,Active,Others,free,persona_x_initial_plan,2,33.33
2025-11-01,2026-01-01,2,At-risk,At-risk,Others,free,persona_x_initial_plan,4,66.67
2025-11-01,2026-01-01,2,Never monetized,Never monetized,Others,free,persona_x_initial_plan,1,100.0
2025-11-01,2026-01-01,2,Active,Active,Others,plus,persona_x_initial_plan,57,95.0
2025-11-01,2026-01-01,2,Active,At-risk,Others,plus,persona_x_initial_plan,3,5.0
2025-11-01,2026-01-01,2,At-risk,At-risk,Others,plus,persona_x_initial_plan,3,100.0
2025-11-01,2026-01-01,2,Active,Active,Others,start,persona_x_initial_plan,150,96.15
2025-11-01,2026-01-01,2,Active,At-risk,Others,start,persona_x_initial_plan,6,3.85
2025-11-01,2026-01-01,2,At-risk,At-risk,Others,start,persona_x_initial_plan,4,100.0
2025-11-01,2026-01-01,2,Active,Active,Professeur,free,persona_x_initial_plan,36,100.0
2025-11-01,2026-01-01,2,At-risk,At-risk,Professeur,free,persona_x_initial_plan,2,100.0
2025-11-01,2026-01-01,2,Never monetized,Active,Professeur,free,persona_x_initial_plan,1,100.0
2025-11-01,2026-01-01,2,Active,Active,Professeur,plus,persona_x_initial_plan,6,100.0
2025-11-01,2026-01-01,2,At-risk,Active,Professeur,plus,persona_x_initial_plan,1,100.0
2025-11-01,2026-01-01,2,Active,Active,Professeur,start,persona_x_initial_plan,29,100.0
2025-11-01,2026-01-01,2,Active,Active,Repair,free,persona_x_initial_plan,5,83.33
2025-11-01,2026-01-01,2,Active,At-risk,Repair,free,persona_x_initial_plan,1,16.67
2025-11-01,2026-01-01,2,At-risk,At-risk,Repair,free,persona_x_initial_plan,1,100.0
2025-11-01,2026-01-01,2,Active,Active,Repair,start,persona_x_initial_plan,8,100.0
2025-11-01,2026-01-01,2,Active,Active,Repair_Installation,free,persona_x_initial_plan,3,100.0
2025-11-01,2026-01-01,2,Active,Active,Repair_Installation,plus,persona_x_initial_plan,1,100.0
2025-11-01,2026-01-01,2,Active,Active,Repair_Installation,start,persona_x_initial_plan,5,100.0
2025-11-01,2026-01-01,2,Active,Active,Restauration,free,persona_x_initial_plan,17,100.0
2025-11-01,2026-01-01,2,At-risk,At-risk,Restauration,free,persona_x_initial_plan,3,100.0
2025-11-01,2026-01-01,2,Active,Active,Restauration,plus,persona_x_initial_plan,8,100.0
2025-11-01,2026-01-01,2,Active,Active,Restauration,start,persona_x_initial_plan,27,87.1
2025-11-01,2026-01-01,2,Active,At-risk,Restauration,start,persona_x_initial_plan,4,12.9
2025-11-01,2026-01-01,2,Active,Active,Retail,business,persona_x_initial_plan,4,80.0
2025-11-01,2026-01-01,2,Active,At-risk,Retail,business,persona_x_initial_plan,1,20.0
2025-11-01,2026-01-01,2,Active,Active,Retail,free,persona_x_initial_plan,99,95.19
2025-11-01,2026-01-01,2,Active,At-risk,Retail,free,persona_x_initial_plan,5,4.81
2025-11-01,2026-01-01,2,At-risk,Active,Retail,free,persona_x_initial_plan,1,20.0
2025-11-01,2026-01-01,2,At-risk,At-risk,Retail,free,persona_x_initial_plan,4,80.0
2025-11-01,2026-01-01,2,Never monetized,Never monetized,Retail,free,persona_x_initial_plan,1,100.0
2025-11-01,2026-01-01,2,Active,Active,Retail,plus,persona_x_initial_plan,41,93.18
2025-11-01,2026-01-01,2,Active,At-risk,Retail,plus,persona_x_initial_plan,3,6.82
2025-11-01,2026-01-01,2,At-risk,At-risk,Retail,plus,persona_x_initial_plan,1,100.0
2025-11-01,2026-01-01,2,Active,Active,Retail,start,persona_x_initial_plan,147,94.23
2025-11-01,2026-01-01,2,Active,At-risk,Retail,start,persona_x_initial_plan,9,5.77
2025-11-01,2026-01-01,2,At-risk,At-risk,Retail,start,persona_x_initial_plan,4,100.0
2025-11-01,2026-01-01,2,Never monetized,Never monetized,Retail,start,persona_x_initial_plan,1,100.0
2025-11-01,2026-01-01,2,Active,Active,Wholesale,business,persona_x_initial_plan,4,100.0
2025-11-01,2026-01-01,2,Active,Active,Wholesale,free,persona_x_initial_plan,17,94.44
2025-11-01,2026-01-01,2,Active,At-risk,Wholesale,free,persona_x_initial_plan,1,5.56
2025-11-01,2026-01-01,2,Active,Active,Wholesale,plus,persona_x_initial_plan,16,94.12
2025-11-01,2026-01-01,2,Active,At-risk,Wholesale,plus,persona_x_initial_plan,1,5.88
2025-11-01,2026-01-01,2,Active,Active,Wholesale,start,persona_x_initial_plan,22,100.0
2025-11-01,2026-01-01,2,Never monetized,Never monetized,Wholesale,start,persona_x_initial_plan,1,100.0
2025-11-01,2026-02-01,3,Active,Active,ALL,business,initial_plan,36,90.0
2025-11-01,2026-02-01,3,Active,At-risk,ALL,business,initial_plan,4,10.0
2025-11-01,2026-02-01,3,At-risk,At-risk,ALL,business,initial_plan,6,60.0
2025-11-01,2026-02-01,3,At-risk,Churned proxy,ALL,business,initial_plan,4,40.0
2025-11-01,2026-02-01,3,Active,Active,ALL,free,initial_plan,824,97.06
2025-11-01,2026-02-01,3,Active,At-risk,ALL,free,initial_plan,25,2.94
2025-11-01,2026-02-01,3,At-risk,Active,ALL,free,initial_plan,10,13.51
2025-11-01,2026-02-01,3,At-risk,At-risk,ALL,free,initial_plan,35,47.3
2025-11-01,2026-02-01,3,At-risk,Churned proxy,ALL,free,initial_plan,29,39.19
2025-11-01,2026-02-01,3,Never monetized,Never monetized,ALL,free,initial_plan,3,100.0
2025-11-01,2026-02-01,3,Active,Active,ALL,plus,initial_plan,315,94.59
2025-11-01,2026-02-01,3,Active,At-risk,ALL,plus,initial_plan,18,5.41
2025-11-01,2026-02-01,3,At-risk,Active,ALL,plus,initial_plan,1,3.7
2025-11-01,2026-02-01,3,At-risk,At-risk,ALL,plus,initial_plan,17,62.96
2025-11-01,2026-02-01,3,At-risk,Churned proxy,ALL,plus,initial_plan,9,33.33
2025-11-01,2026-02-01,3,Never monetized,Never monetized,ALL,plus,initial_plan,1,100.0
2025-11-01,2026-02-01,3,Active,Active,ALL,start,initial_plan,1007,97.11
2025-11-01,2026-02-01,3,Active,At-risk,ALL,start,initial_plan,30,2.89
2025-11-01,2026-02-01,3,At-risk,Active,ALL,start,initial_plan,5,8.62
2025-11-01,2026-02-01,3,At-risk,At-risk,ALL,start,initial_plan,35,60.34
2025-11-01,2026-02-01,3,At-risk,Churned proxy,ALL,start,initial_plan,18,31.03
2025-11-01,2026-02-01,3,Never monetized,Never monetized,ALL,start,initial_plan,3,100.0
2025-11-01,2026-02-01,3,Active,Active,ALL,ALL,overall,2182,96.59
2025-11-01,2026-02-01,3,Active,At-risk,ALL,ALL,overall,77,3.41
2025-11-01,2026-02-01,3,At-risk,Active,ALL,ALL,overall,16,9.47
2025-11-01,2026-02-01,3,At-risk,At-risk,ALL,ALL,overall,93,55.03
2025-11-01,2026-02-01,3,At-risk,Churned proxy,ALL,ALL,overall,60,35.5
2025-11-01,2026-02-01,3,Never monetized,Never monetized,ALL,ALL,overall,7,100.0
2025-11-01,2026-02-01,3,Active,Active,Automobile_Trade_Repair,ALL,persona,79,92.94
2025-11-01,2026-02-01,3,Active,At-risk,Automobile_Trade_Repair,ALL,persona,6,7.06
2025-11-01,2026-02-01,3,At-risk,At-risk,Automobile_Trade_Repair,ALL,persona,5,62.5
2025-11-01,2026-02-01,3,At-risk,Churned proxy,Automobile_Trade_Repair,ALL,persona,3,37.5
2025-11-01,2026-02-01,3,Never monetized,Never monetized,Automobile_Trade_Repair,ALL,persona,1,100.0
2025-11-01,2026-02-01,3,Active,Active,BTP,ALL,persona,408,96.68
2025-11-01,2026-02-01,3,Active,At-risk,BTP,ALL,persona,14,3.32
2025-11-01,2026-02-01,3,At-risk,Active,BTP,ALL,persona,2,7.41
2025-11-01,2026-02-01,3,At-risk,At-risk,BTP,ALL,persona,18,66.67
2025-11-01,2026-02-01,3,At-risk,Churned proxy,BTP,ALL,persona,7,25.93
2025-11-01,2026-02-01,3,Never monetized,Never monetized,BTP,ALL,persona,1,100.0
2025-11-01,2026-02-01,3,Active,Active,Bankers_Insurance,ALL,persona,28,96.55
2025-11-01,2026-02-01,3,Active,At-risk,Bankers_Insurance,ALL,persona,1,3.45
2025-11-01,2026-02-01,3,At-risk,Active,Bankers_Insurance,ALL,persona,1,33.33
2025-11-01,2026-02-01,3,At-risk,At-risk,Bankers_Insurance,ALL,persona,1,33.33
2025-11-01,2026-02-01,3,At-risk,Churned proxy,Bankers_Insurance,ALL,persona,1,33.33
2025-11-01,2026-02-01,3,Active,Active,Bikers_Drivers,ALL,persona,119,95.2
2025-11-01,2026-02-01,3,Active,At-risk,Bikers_Drivers,ALL,persona,6,4.8
2025-11-01,2026-02-01,3,At-risk,Active,Bikers_Drivers,ALL,persona,3,9.68
2025-11-01,2026-02-01,3,At-risk,At-risk,Bikers_Drivers,ALL,persona,18,58.06
2025-11-01,2026-02-01,3,At-risk,Churned proxy,Bikers_Drivers,ALL,persona,10,32.26
2025-11-01,2026-02-01,3,Never monetized,Never monetized,Bikers_Drivers,ALL,persona,1,100.0
2025-11-01,2026-02-01,3,Active,Active,Cleaning_CallCenters,ALL,persona,16,100.0
2025-11-01,2026-02-01,3,Active,Active,Consultant,ALL,persona,406,97.6
2025-11-01,2026-02-01,3,Active,At-risk,Consultant,ALL,persona,10,2.4
2025-11-01,2026-02-01,3,At-risk,Active,Consultant,ALL,persona,1,5.0
2025-11-01,2026-02-01,3,At-risk,At-risk,Consultant,ALL,persona,12,60.0
2025-11-01,2026-02-01,3,At-risk,Churned proxy,Consultant,ALL,persona,7,35.0
2025-11-01,2026-02-01,3,Active,Active,Developer_IT,ALL,persona,217,98.64
2025-11-01,2026-02-01,3,Active,At-risk,Developer_IT,ALL,persona,3,1.36
2025-11-01,2026-02-01,3,At-risk,Active,Developer_IT,ALL,persona,2,20.0
2025-11-01,2026-02-01,3,At-risk,At-risk,Developer_IT,ALL,persona,3,30.0
2025-11-01,2026-02-01,3,At-risk,Churned proxy,Developer_IT,ALL,persona,5,50.0
2025-11-01,2026-02-01,3,Active,Active,Media_Publishing,ALL,persona,85,98.84
2025-11-01,2026-02-01,3,Active,At-risk,Media_Publishing,ALL,persona,1,1.16
2025-11-01,2026-02-01,3,At-risk,At-risk,Media_Publishing,ALL,persona,2,66.67
2025-11-01,2026-02-01,3,At-risk,Churned proxy,Media_Publishing,ALL,persona,1,33.33
2025-11-01,2026-02-01,3,Active,Active,Medical_Professionals,ALL,persona,27,93.1
2025-11-01,2026-02-01,3,Active,At-risk,Medical_Professionals,ALL,persona,2,6.9
2025-11-01,2026-02-01,3,Active,Active,Others,ALL,persona,320,96.1
2025-11-01,2026-02-01,3,Active,At-risk,Others,ALL,persona,13,3.9
2025-11-01,2026-02-01,3,At-risk,Active,Others,ALL,persona,3,11.11
2025-11-01,2026-02-01,3,At-risk,At-risk,Others,ALL,persona,13,48.15
2025-11-01,2026-02-01,3,At-risk,Churned proxy,Others,ALL,persona,11,40.74
2025-11-01,2026-02-01,3,Never monetized,Never monetized,Others,ALL,persona,1,100.0
2025-11-01,2026-02-01,3,Active,Active,Professeur,ALL,persona,70,95.89
2025-11-01,2026-02-01,3,Active,At-risk,Professeur,ALL,persona,3,4.11
2025-11-01,2026-02-01,3,At-risk,Churned proxy,Professeur,ALL,persona,2,100.0
2025-11-01,2026-02-01,3,Active,Active,Repair,ALL,persona,11,84.62
2025-11-01,2026-02-01,3,Active,At-risk,Repair,ALL,persona,2,15.38
2025-11-01,2026-02-01,3,At-risk,At-risk,Repair,ALL,persona,1,50.0
2025-11-01,2026-02-01,3,At-risk,Churned proxy,Repair,ALL,persona,1,50.0
2025-11-01,2026-02-01,3,Active,Active,Repair_Installation,ALL,persona,9,100.0
2025-11-01,2026-02-01,3,Active,Active,Restauration,ALL,persona,50,96.15
2025-11-01,2026-02-01,3,Active,At-risk,Restauration,ALL,persona,2,3.85
2025-11-01,2026-02-01,3,At-risk,Active,Restauration,ALL,persona,2,28.57
2025-11-01,2026-02-01,3,At-risk,At-risk,Restauration,ALL,persona,2,28.57
2025-11-01,2026-02-01,3,At-risk,Churned proxy,Restauration,ALL,persona,3,42.86
2025-11-01,2026-02-01,3,Active,Active,Retail,ALL,persona,280,95.89
2025-11-01,2026-02-01,3,Active,At-risk,Retail,ALL,persona,12,4.11
2025-11-01,2026-02-01,3,At-risk,Active,Retail,ALL,persona,1,3.7
2025-11-01,2026-02-01,3,At-risk,At-risk,Retail,ALL,persona,17,62.96
2025-11-01,2026-02-01,3,At-risk,Churned proxy,Retail,ALL,persona,9,33.33
2025-11-01,2026-02-01,3,Never monetized,Never monetized,Retail,ALL,persona,2,100.0
2025-11-01,2026-02-01,3,Active,Active,Wholesale,ALL,persona,57,96.61
2025-11-01,2026-02-01,3,Active,At-risk,Wholesale,ALL,persona,2,3.39
2025-11-01,2026-02-01,3,At-risk,Active,Wholesale,ALL,persona,1,50.0
2025-11-01,2026-02-01,3,At-risk,At-risk,Wholesale,ALL,persona,1,50.0
2025-11-01,2026-02-01,3,Never monetized,Never monetized,Wholesale,ALL,persona,1,100.0
2025-11-01,2026-02-01,3,Active,Active,Automobile_Trade_Repair,business,persona_x_initial_plan,2,66.67
2025-11-01,2026-02-01,3,Active,At-risk,Automobile_Trade_Repair,business,persona_x_initial_plan,1,33.33
2025-11-01,2026-02-01,3,At-risk,Churned proxy,Automobile_Trade_Repair,business,persona_x_initial_plan,2,100.0
2025-11-01,2026-02-01,3,Active,Active,Automobile_Trade_Repair,free,persona_x_initial_plan,26,100.0
2025-11-01,2026-02-01,3,At-risk,At-risk,Automobile_Trade_Repair,free,persona_x_initial_plan,3,100.0
2025-11-01,2026-02-01,3,Active,Active,Automobile_Trade_Repair,plus,persona_x_initial_plan,24,92.31
2025-11-01,2026-02-01,3,Active,At-risk,Automobile_Trade_Repair,plus,persona_x_initial_plan,2,7.69
2025-11-01,2026-02-01,3,At-risk,At-risk,Automobile_Trade_Repair,plus,persona_x_initial_plan,1,100.0
2025-11-01,2026-02-01,3,Active,Active,Automobile_Trade_Repair,start,persona_x_initial_plan,27,90.0
2025-11-01,2026-02-01,3,Active,At-risk,Automobile_Trade_Repair,start,persona_x_initial_plan,3,10.0
2025-11-01,2026-02-01,3,At-risk,At-risk,Automobile_Trade_Repair,start,persona_x_initial_plan,1,50.0
2025-11-01,2026-02-01,3,At-risk,Churned proxy,Automobile_Trade_Repair,start,persona_x_initial_plan,1,50.0
2025-11-01,2026-02-01,3,Never monetized,Never monetized,Automobile_Trade_Repair,start,persona_x_initial_plan,1,100.0
2025-11-01,2026-02-01,3,Active,Active,BTP,business,persona_x_initial_plan,9,81.82
2025-11-01,2026-02-01,3,Active,At-risk,BTP,business,persona_x_initial_plan,2,18.18
2025-11-01,2026-02-01,3,At-risk,At-risk,BTP,business,persona_x_initial_plan,1,100.0
2025-11-01,2026-02-01,3,Active,Active,BTP,free,persona_x_initial_plan,131,97.04
2025-11-01,2026-02-01,3,Active,At-risk,BTP,free,persona_x_initial_plan,4,2.96
2025-11-01,2026-02-01,3,At-risk,Active,BTP,free,persona_x_initial_plan,2,18.18
2025-11-01,2026-02-01,3,At-risk,At-risk,BTP,free,persona_x_initial_plan,7,63.64
2025-11-01,2026-02-01,3,At-risk,Churned proxy,BTP,free,persona_x_initial_plan,2,18.18
2025-11-01,2026-02-01,3,Never monetized,Never monetized,BTP,free,persona_x_initial_plan,1,100.0
2025-11-01,2026-02-01,3,Active,Active,BTP,plus,persona_x_initial_plan,84,95.45
2025-11-01,2026-02-01,3,Active,At-risk,BTP,plus,persona_x_initial_plan,4,4.55
2025-11-01,2026-02-01,3,At-risk,At-risk,BTP,plus,persona_x_initial_plan,3,60.0
2025-11-01,2026-02-01,3,At-risk,Churned proxy,BTP,plus,persona_x_initial_plan,2,40.0
2025-11-01,2026-02-01,3,Active,Active,BTP,start,persona_x_initial_plan,184,97.87
2025-11-01,2026-02-01,3,Active,At-risk,BTP,start,persona_x_initial_plan,4,2.13
2025-11-01,2026-02-01,3,At-risk,At-risk,BTP,start,persona_x_initial_plan,7,70.0
2025-11-01,2026-02-01,3,At-risk,Churned proxy,BTP,start,persona_x_initial_plan,3,30.0
2025-11-01,2026-02-01,3,Active,Active,Bankers_Insurance,free,persona_x_initial_plan,16,94.12
2025-11-01,2026-02-01,3,Active,At-risk,Bankers_Insurance,free,persona_x_initial_plan,1,5.88
2025-11-01,2026-02-01,3,At-risk,Active,Bankers_Insurance,free,persona_x_initial_plan,1,33.33
2025-11-01,2026-02-01,3,At-risk,At-risk,Bankers_Insurance,free,persona_x_initial_plan,1,33.33
2025-11-01,2026-02-01,3,At-risk,Churned proxy,Bankers_Insurance,free,persona_x_initial_plan,1,33.33
2025-11-01,2026-02-01,3,Active,Active,Bankers_Insurance,start,persona_x_initial_plan,12,100.0
2025-11-01,2026-02-01,3,Active,Active,Bikers_Drivers,business,persona_x_initial_plan,3,100.0
2025-11-01,2026-02-01,3,At-risk,At-risk,Bikers_Drivers,business,persona_x_initial_plan,2,66.67
2025-11-01,2026-02-01,3,At-risk,Churned proxy,Bikers_Drivers,business,persona_x_initial_plan,1,33.33
2025-11-01,2026-02-01,3,Active,Active,Bikers_Drivers,free,persona_x_initial_plan,43,95.56
2025-11-01,2026-02-01,3,Active,At-risk,Bikers_Drivers,free,persona_x_initial_plan,2,4.44
2025-11-01,2026-02-01,3,At-risk,Active,Bikers_Drivers,free,persona_x_initial_plan,2,18.18
2025-11-01,2026-02-01,3,At-risk,At-risk,Bikers_Drivers,free,persona_x_initial_plan,5,45.45
2025-11-01,2026-02-01,3,At-risk,Churned proxy,Bikers_Drivers,free,persona_x_initial_plan,4,36.36
2025-11-01,2026-02-01,3,Active,Active,Bikers_Drivers,plus,persona_x_initial_plan,22,95.65
2025-11-01,2026-02-01,3,Active,At-risk,Bikers_Drivers,plus,persona_x_initial_plan,1,4.35
2025-11-01,2026-02-01,3,At-risk,Active,Bikers_Drivers,plus,persona_x_initial_plan,1,11.11
2025-11-01,2026-02-01,3,At-risk,At-risk,Bikers_Drivers,plus,persona_x_initial_plan,5,55.56
2025-11-01,2026-02-01,3,At-risk,Churned proxy,Bikers_Drivers,plus,persona_x_initial_plan,3,33.33
2025-11-01,2026-02-01,3,Never monetized,Never monetized,Bikers_Drivers,plus,persona_x_initial_plan,1,100.0
2025-11-01,2026-02-01,3,Active,Active,Bikers_Drivers,start,persona_x_initial_plan,51,94.44
2025-11-01,2026-02-01,3,Active,At-risk,Bikers_Drivers,start,persona_x_initial_plan,3,5.56
2025-11-01,2026-02-01,3,At-risk,At-risk,Bikers_Drivers,start,persona_x_initial_plan,6,75.0
2025-11-01,2026-02-01,3,At-risk,Churned proxy,Bikers_Drivers,start,persona_x_initial_plan,2,25.0
2025-11-01,2026-02-01,3,Active,Active,Cleaning_CallCenters,business,persona_x_initial_plan,1,100.0
2025-11-01,2026-02-01,3,Active,Active,Cleaning_CallCenters,free,persona_x_initial_plan,5,100.0
2025-11-01,2026-02-01,3,Active,Active,Cleaning_CallCenters,plus,persona_x_initial_plan,4,100.0
2025-11-01,2026-02-01,3,Active,Active,Cleaning_CallCenters,start,persona_x_initial_plan,6,100.0
2025-11-01,2026-02-01,3,Active,Active,Consultant,business,persona_x_initial_plan,5,100.0
2025-11-01,2026-02-01,3,Active,Active,Consultant,free,persona_x_initial_plan,166,97.08
2025-11-01,2026-02-01,3,Active,At-risk,Consultant,free,persona_x_initial_plan,5,2.92
2025-11-01,2026-02-01,3,At-risk,Active,Consultant,free,persona_x_initial_plan,1,7.69
2025-11-01,2026-02-01,3,At-risk,At-risk,Consultant,free,persona_x_initial_plan,7,53.85
2025-11-01,2026-02-01,3,At-risk,Churned proxy,Consultant,free,persona_x_initial_plan,5,38.46
2025-11-01,2026-02-01,3,Active,Active,Consultant,plus,persona_x_initial_plan,39,97.5
2025-11-01,2026-02-01,3,Active,At-risk,Consultant,plus,persona_x_initial_plan,1,2.5
2025-11-01,2026-02-01,3,At-risk,At-risk,Consultant,plus,persona_x_initial_plan,1,100.0
2025-11-01,2026-02-01,3,Active,Active,Consultant,start,persona_x_initial_plan,196,98.0
2025-11-01,2026-02-01,3,Active,At-risk,Consultant,start,persona_x_initial_plan,4,2.0
2025-11-01,2026-02-01,3,At-risk,At-risk,Consultant,start,persona_x_initial_plan,4,66.67
2025-11-01,2026-02-01,3,At-risk,Churned proxy,Consultant,start,persona_x_initial_plan,2,33.33
2025-11-01,2026-02-01,3,Active,Active,Developer_IT,business,persona_x_initial_plan,3,100.0
2025-11-01,2026-02-01,3,At-risk,Churned proxy,Developer_IT,business,persona_x_initial_plan,1,100.0
2025-11-01,2026-02-01,3,Active,Active,Developer_IT,free,persona_x_initial_plan,92,97.87
2025-11-01,2026-02-01,3,Active,At-risk,Developer_IT,free,persona_x_initial_plan,2,2.13
2025-11-01,2026-02-01,3,At-risk,Active,Developer_IT,free,persona_x_initial_plan,1,20.0
2025-11-01,2026-02-01,3,At-risk,At-risk,Developer_IT,free,persona_x_initial_plan,1,20.0
2025-11-01,2026-02-01,3,At-risk,Churned proxy,Developer_IT,free,persona_x_initial_plan,3,60.0
2025-11-01,2026-02-01,3,Active,Active,Developer_IT,plus,persona_x_initial_plan,13,92.86
2025-11-01,2026-02-01,3,Active,At-risk,Developer_IT,plus,persona_x_initial_plan,1,7.14
2025-11-01,2026-02-01,3,Active,Active,Developer_IT,start,persona_x_initial_plan,109,100.0
2025-11-01,2026-02-01,3,At-risk,Active,Developer_IT,start,persona_x_initial_plan,1,25.0
2025-11-01,2026-02-01,3,At-risk,At-risk,Developer_IT,start,persona_x_initial_plan,2,50.0
2025-11-01,2026-02-01,3,At-risk,Churned proxy,Developer_IT,start,persona_x_initial_plan,1,25.0
2025-11-01,2026-02-01,3,Active,Active,Media_Publishing,business,persona_x_initial_plan,1,100.0
2025-11-01,2026-02-01,3,Active,Active,Media_Publishing,free,persona_x_initial_plan,43,100.0
2025-11-01,2026-02-01,3,At-risk,At-risk,Media_Publishing,free,persona_x_initial_plan,2,100.0
2025-11-01,2026-02-01,3,Active,Active,Media_Publishing,plus,persona_x_initial_plan,7,100.0
2025-11-01,2026-02-01,3,Active,Active,Media_Publishing,start,persona_x_initial_plan,34,97.14
2025-11-01,2026-02-01,3,Active,At-risk,Media_Publishing,start,persona_x_initial_plan,1,2.86
2025-11-01,2026-02-01,3,At-risk,Churned proxy,Media_Publishing,start,persona_x_initial_plan,1,100.0
2025-11-01,2026-02-01,3,Active,Active,Medical_Professionals,free,persona_x_initial_plan,13,100.0
2025-11-01,2026-02-01,3,Active,Active,Medical_Professionals,plus,persona_x_initial_plan,1,100.0
2025-11-01,2026-02-01,3,Active,Active,Medical_Professionals,start,persona_x_initial_plan,13,86.67
2025-11-01,2026-02-01,3,Active,At-risk,Medical_Professionals,start,persona_x_initial_plan,2,13.33
2025-11-01,2026-02-01,3,Active,Active,Others,business,persona_x_initial_plan,4,80.0
2025-11-01,2026-02-01,3,Active,At-risk,Others,business,persona_x_initial_plan,1,20.0
2025-11-01,2026-02-01,3,At-risk,At-risk,Others,business,persona_x_initial_plan,2,100.0
2025-11-01,2026-02-01,3,Active,Active,Others,free,persona_x_initial_plan,116,95.87
2025-11-01,2026-02-01,3,Active,At-risk,Others,free,persona_x_initial_plan,5,4.13
2025-11-01,2026-02-01,3,At-risk,Active,Others,free,persona_x_initial_plan,1,11.11
2025-11-01,2026-02-01,3,At-risk,At-risk,Others,free,persona_x_initial_plan,4,44.44
2025-11-01,2026-02-01,3,At-risk,Churned proxy,Others,free,persona_x_initial_plan,4,44.44
2025-11-01,2026-02-01,3,Never monetized,Never monetized,Others,free,persona_x_initial_plan,1,100.0
2025-11-01,2026-02-01,3,Active,Active,Others,plus,persona_x_initial_plan,53,92.98
2025-11-01,2026-02-01,3,Active,At-risk,Others,plus,persona_x_initial_plan,4,7.02
2025-11-01,2026-02-01,3,At-risk,At-risk,Others,plus,persona_x_initial_plan,3,50.0
2025-11-01,2026-02-01,3,At-risk,Churned proxy,Others,plus,persona_x_initial_plan,3,50.0
2025-11-01,2026-02-01,3,Active,Active,Others,start,persona_x_initial_plan,147,98.0
2025-11-01,2026-02-01,3,Active,At-risk,Others,start,persona_x_initial_plan,3,2.0
2025-11-01,2026-02-01,3,At-risk,Active,Others,start,persona_x_initial_plan,2,20.0
2025-11-01,2026-02-01,3,At-risk,At-risk,Others,start,persona_x_initial_plan,4,40.0
2025-11-01,2026-02-01,3,At-risk,Churned proxy,Others,start,persona_x_initial_plan,4,40.0
2025-11-01,2026-02-01,3,Active,Active,Professeur,free,persona_x_initial_plan,34,91.89
2025-11-01,2026-02-01,3,Active,At-risk,Professeur,free,persona_x_initial_plan,3,8.11
2025-11-01,2026-02-01,3,At-risk,Churned proxy,Professeur,free,persona_x_initial_plan,2,100.0
2025-11-01,2026-02-01,3,Active,Active,Professeur,plus,persona_x_initial_plan,7,100.0
2025-11-01,2026-02-01,3,Active,Active,Professeur,start,persona_x_initial_plan,29,100.0
2025-11-01,2026-02-01,3,Active,Active,Repair,free,persona_x_initial_plan,4,80.0
2025-11-01,2026-02-01,3,Active,At-risk,Repair,free,persona_x_initial_plan,1,20.0
2025-11-01,2026-02-01,3,At-risk,At-risk,Repair,free,persona_x_initial_plan,1,50.0
2025-11-01,2026-02-01,3,At-risk,Churned proxy,Repair,free,persona_x_initial_plan,1,50.0
2025-11-01,2026-02-01,3,Active,Active,Repair,start,persona_x_initial_plan,7,87.5
2025-11-01,2026-02-01,3,Active,At-risk,Repair,start,persona_x_initial_plan,1,12.5
2025-11-01,2026-02-01,3,Active,Active,Repair_Installation,free,persona_x_initial_plan,3,100.0
2025-11-01,2026-02-01,3,Active,Active,Repair_Installation,plus,persona_x_initial_plan,1,100.0
2025-11-01,2026-02-01,3,Active,Active,Repair_Installation,start,persona_x_initial_plan,5,100.0
2025-11-01,2026-02-01,3,Active,Active,Restauration,free,persona_x_initial_plan,17,100.0
2025-11-01,2026-02-01,3,At-risk,Churned proxy,Restauration,free,persona_x_initial_plan,3,100.0
2025-11-01,2026-02-01,3,Active,Active,Restauration,plus,persona_x_initial_plan,8,100.0
2025-11-01,2026-02-01,3,Active,Active,Restauration,start,persona_x_initial_plan,25,92.59
2025-11-01,2026-02-01,3,Active,At-risk,Restauration,start,persona_x_initial_plan,2,7.41
2025-11-01,2026-02-01,3,At-risk,Active,Restauration,start,persona_x_initial_plan,2,50.0
2025-11-01,2026-02-01,3,At-risk,At-risk,Restauration,start,persona_x_initial_plan,2,50.0
2025-11-01,2026-02-01,3,Active,Active,Retail,business,persona_x_initial_plan,4,100.0
2025-11-01,2026-02-01,3,At-risk,At-risk,Retail,business,persona_x_initial_plan,1,100.0
2025-11-01,2026-02-01,3,Active,Active,Retail,free,persona_x_initial_plan,98,98.0
2025-11-01,2026-02-01,3,Active,At-risk,Retail,free,persona_x_initial_plan,2,2.0
2025-11-01,2026-02-01,3,At-risk,Active,Retail,free,persona_x_initial_plan,1,11.11
2025-11-01,2026-02-01,3,At-risk,At-risk,Retail,free,persona_x_initial_plan,4,44.44
2025-11-01,2026-02-01,3,At-risk,Churned proxy,Retail,free,persona_x_initial_plan,4,44.44
2025-11-01,2026-02-01,3,Never monetized,Never monetized,Retail,free,persona_x_initial_plan,1,100.0
2025-11-01,2026-02-01,3,Active,Active,Retail,plus,persona_x_initial_plan,37,90.24
2025-11-01,2026-02-01,3,Active,At-risk,Retail,plus,persona_x_initial_plan,4,9.76
2025-11-01,2026-02-01,3,At-risk,At-risk,Retail,plus,persona_x_initial_plan,3,75.0
2025-11-01,2026-02-01,3,At-risk,Churned proxy,Retail,plus,persona_x_initial_plan,1,25.0
2025-11-01,2026-02-01,3,Active,Active,Retail,start,persona_x_initial_plan,141,95.92
2025-11-01,2026-02-01,3,Active,At-risk,Retail,start,persona_x_initial_plan,6,4.08
2025-11-01,2026-02-01,3,At-risk,At-risk,Retail,start,persona_x_initial_plan,9,69.23
2025-11-01,2026-02-01,3,At-risk,Churned proxy,Retail,start,persona_x_initial_plan,4,30.77
2025-11-01,2026-02-01,3,Never monetized,Never monetized,Retail,start,persona_x_initial_plan,1,100.0
2025-11-01,2026-02-01,3,Active,Active,Wholesale,business,persona_x_initial_plan,4,100.0
2025-11-01,2026-02-01,3,Active,Active,Wholesale,free,persona_x_initial_plan,17,100.0
2025-11-01,2026-02-01,3,At-risk,Active,Wholesale,free,persona_x_initial_plan,1,100.0
2025-11-01,2026-02-01,3,Active,Active,Wholesale,plus,persona_x_initial_plan,15,93.75
2025-11-01,2026-02-01,3,Active,At-risk,Wholesale,plus,persona_x_initial_plan,1,6.25
2025-11-01,2026-02-01,3,At-risk,At-risk,Wholesale,plus,persona_x_initial_plan,1,100.0
2025-11-01,2026-02-01,3,Active,Active,Wholesale,start,persona_x_initial_plan,21,95.45
2025-11-01,2026-02-01,3,Active,At-risk,Wholesale,start,persona_x_initial_plan,1,4.55
2025-11-01,2026-02-01,3,Never monetized,Never monetized,Wholesale,start,persona_x_initial_plan,1,100.0
2025-11-01,2026-03-01,4,Active,Active,ALL,business,initial_plan,34,94.44
2025-11-01,2026-03-01,4,Active,At-risk,ALL,business,initial_plan,2,5.56
2025-11-01,2026-03-01,4,At-risk,At-risk,ALL,business,initial_plan,4,40.0
2025-11-01,2026-03-01,4,At-risk,Churned proxy,ALL,business,initial_plan,6,60.0
2025-11-01,2026-03-01,4,Churned proxy,Churned proxy,ALL,business,initial_plan,4,100.0
2025-11-01,2026-03-01,4,Active,Active,ALL,free,initial_plan,805,96.52
2025-11-01,2026-03-01,4,Active,At-risk,ALL,free,initial_plan,29,3.48
2025-11-01,2026-03-01,4,At-risk,Active,ALL,free,initial_plan,6,10.0
2025-11-01,2026-03-01,4,At-risk,At-risk,ALL,free,initial_plan,22,36.67
2025-11-01,2026-03-01,4,At-risk,Churned proxy,ALL,free,initial_plan,32,53.33
2025-11-01,2026-03-01,4,Churned proxy,Active,ALL,free,initial_plan,3,10.34
2025-11-01,2026-03-01,4,Churned proxy,Churned proxy,ALL,free,initial_plan,26,89.66
2025-11-01,2026-03-01,4,Never monetized,Never monetized,ALL,free,initial_plan,3,100.0
2025-11-01,2026-03-01,4,Active,Active,ALL,plus,initial_plan,301,95.25
2025-11-01,2026-03-01,4,Active,At-risk,ALL,plus,initial_plan,15,4.75
2025-11-01,2026-03-01,4,At-risk,Active,ALL,plus,initial_plan,1,2.86
2025-11-01,2026-03-01,4,At-risk,At-risk,ALL,plus,initial_plan,17,48.57
2025-11-01,2026-03-01,4,At-risk,Churned proxy,ALL,plus,initial_plan,17,48.57
2025-11-01,2026-03-01,4,Churned proxy,Churned proxy,ALL,plus,initial_plan,9,100.0
2025-11-01,2026-03-01,4,Never monetized,Never monetized,ALL,plus,initial_plan,1,100.0
2025-11-01,2026-03-01,4,Active,Active,ALL,start,initial_plan,993,98.12
2025-11-01,2026-03-01,4,Active,At-risk,ALL,start,initial_plan,19,1.88
2025-11-01,2026-03-01,4,At-risk,Active,ALL,start,initial_plan,3,4.62
2025-11-01,2026-03-01,4,At-risk,At-risk,ALL,start,initial_plan,29,44.62
2025-11-01,2026-03-01,4,At-risk,Churned proxy,ALL,start,initial_plan,33,50.77
2025-11-01,2026-03-01,4,Churned proxy,Churned proxy,ALL,start,initial_plan,18,100.0
2025-11-01,2026-03-01,4,Never monetized,Never monetized,ALL,start,initial_plan,3,100.0
2025-11-01,2026-03-01,4,Active,Active,ALL,ALL,overall,2133,97.04
2025-11-01,2026-03-01,4,Active,At-risk,ALL,ALL,overall,65,2.96
2025-11-01,2026-03-01,4,At-risk,Active,ALL,ALL,overall,10,5.88
2025-11-01,2026-03-01,4,At-risk,At-risk,ALL,ALL,overall,72,42.35
2025-11-01,2026-03-01,4,At-risk,Churned proxy,ALL,ALL,overall,88,51.76
2025-11-01,2026-03-01,4,Churned proxy,Active,ALL,ALL,overall,3,5.0
2025-11-01,2026-03-01,4,Churned proxy,Churned proxy,ALL,ALL,overall,57,95.0
2025-11-01,2026-03-01,4,Never monetized,Never monetized,ALL,ALL,overall,7,100.0
2025-11-01,2026-03-01,4,Active,Active,Automobile_Trade_Repair,ALL,persona,73,92.41
2025-11-01,2026-03-01,4,Active,At-risk,Automobile_Trade_Repair,ALL,persona,6,7.59
2025-11-01,2026-03-01,4,At-risk,Active,Automobile_Trade_Repair,ALL,persona,1,9.09
2025-11-01,2026-03-01,4,At-risk,At-risk,Automobile_Trade_Repair,ALL,persona,6,54.55
2025-11-01,2026-03-01,4,At-risk,Churned proxy,Automobile_Trade_Repair,ALL,persona,4,36.36
2025-11-01,2026-03-01,4,Churned proxy,Churned proxy,Automobile_Trade_Repair,ALL,persona,3,100.0
2025-11-01,2026-03-01,4,Never monetized,Never monetized,Automobile_Trade_Repair,ALL,persona,1,100.0
2025-11-01,2026-03-01,4,Active,Active,BTP,ALL,persona,395,96.34
2025-11-01,2026-03-01,4,Active,At-risk,BTP,ALL,persona,15,3.66
2025-11-01,2026-03-01,4,At-risk,Active,BTP,ALL,persona,1,3.13
2025-11-01,2026-03-01,4,At-risk,At-risk,BTP,ALL,persona,14,43.75
2025-11-01,2026-03-01,4,At-risk,Churned proxy,BTP,ALL,persona,17,53.13
2025-11-01,2026-03-01,4,Churned proxy,Churned proxy,BTP,ALL,persona,7,100.0
2025-11-01,2026-03-01,4,Never monetized,Never monetized,BTP,ALL,persona,1,100.0
2025-11-01,2026-03-01,4,Active,Active,Bankers_Insurance,ALL,persona,29,100.0
2025-11-01,2026-03-01,4,At-risk,At-risk,Bankers_Insurance,ALL,persona,1,50.0
2025-11-01,2026-03-01,4,At-risk,Churned proxy,Bankers_Insurance,ALL,persona,1,50.0
2025-11-01,2026-03-01,4,Churned proxy,Churned proxy,Bankers_Insurance,ALL,persona,1,100.0
2025-11-01,2026-03-01,4,Active,Active,Bikers_Drivers,ALL,persona,114,93.44
2025-11-01,2026-03-01,4,Active,At-risk,Bikers_Drivers,ALL,persona,8,6.56
2025-11-01,2026-03-01,4,At-risk,Active,Bikers_Drivers,ALL,persona,1,4.17
2025-11-01,2026-03-01,4,At-risk,At-risk,Bikers_Drivers,ALL,persona,6,25.0
2025-11-01,2026-03-01,4,At-risk,Churned proxy,Bikers_Drivers,ALL,persona,17,70.83
2025-11-01,2026-03-01,4,Churned proxy,Churned proxy,Bikers_Drivers,ALL,persona,10,100.0
2025-11-01,2026-03-01,4,Never monetized,Never monetized,Bikers_Drivers,ALL,persona,1,100.0
2025-11-01,2026-03-01,4,Active,Active,Cleaning_CallCenters,ALL,persona,16,100.0
2025-11-01,2026-03-01,4,Active,Active,Consultant,ALL,persona,398,97.79
2025-11-01,2026-03-01,4,Active,At-risk,Consultant,ALL,persona,9,2.21
2025-11-01,2026-03-01,4,At-risk,Active,Consultant,ALL,persona,2,9.09
2025-11-01,2026-03-01,4,At-risk,At-risk,Consultant,ALL,persona,9,40.91
2025-11-01,2026-03-01,4,At-risk,Churned proxy,Consultant,ALL,persona,11,50.0
2025-11-01,2026-03-01,4,Churned proxy,Active,Consultant,ALL,persona,1,14.29
2025-11-01,2026-03-01,4,Churned proxy,Churned proxy,Consultant,ALL,persona,6,85.71
2025-11-01,2026-03-01,4,Active,Active,Developer_IT,ALL,persona,218,99.54
2025-11-01,2026-03-01,4,Active,At-risk,Developer_IT,ALL,persona,1,0.46
2025-11-01,2026-03-01,4,At-risk,Active,Developer_IT,ALL,persona,1,16.67
2025-11-01,2026-03-01,4,At-risk,At-risk,Developer_IT,ALL,persona,2,33.33
2025-11-01,2026-03-01,4,At-risk,Churned proxy,Developer_IT,ALL,persona,3,50.0
2025-11-01,2026-03-01,4,Churned proxy,Active,Developer_IT,ALL,persona,1,20.0
2025-11-01,2026-03-01,4,Churned proxy,Churned proxy,Developer_IT,ALL,persona,4,80.0
2025-11-01,2026-03-01,4,Active,Active,Media_Publishing,ALL,persona,84,98.82
2025-11-01,2026-03-01,4,Active,At-risk,Media_Publishing,ALL,persona,1,1.18
2025-11-01,2026-03-01,4,At-risk,At-risk,Media_Publishing,ALL,persona,1,33.33
2025-11-01,2026-03-01,4,At-risk,Churned proxy,Media_Publishing,ALL,persona,2,66.67
2025-11-01,2026-03-01,4,Churned proxy,Churned proxy,Media_Publishing,ALL,persona,1,100.0
2025-11-01,2026-03-01,4,Active,Active,Medical_Professionals,ALL,persona,27,100.0
2025-11-01,2026-03-01,4,At-risk,At-risk,Medical_Professionals,ALL,persona,2,100.0
2025-11-01,2026-03-01,4,Active,Active,Others,ALL,persona,313,96.9
2025-11-01,2026-03-01,4,Active,At-risk,Others,ALL,persona,10,3.1
2025-11-01,2026-03-01,4,At-risk,At-risk,Others,ALL,persona,13,50.0
2025-11-01,2026-03-01,4,At-risk,Churned proxy,Others,ALL,persona,13,50.0
2025-11-01,2026-03-01,4,Churned proxy,Churned proxy,Others,ALL,persona,11,100.0
2025-11-01,2026-03-01,4,Never monetized,Never monetized,Others,ALL,persona,1,100.0
2025-11-01,2026-03-01,4,Active,Active,Professeur,ALL,persona,66,94.29
2025-11-01,2026-03-01,4,Active,At-risk,Professeur,ALL,persona,4,5.71
2025-11-01,2026-03-01,4,At-risk,Active,Professeur,ALL,persona,1,33.33
2025-11-01,2026-03-01,4,At-risk,At-risk,Professeur,ALL,persona,2,66.67
2025-11-01,2026-03-01,4,Churned proxy,Churned proxy,Professeur,ALL,persona,2,100.0
2025-11-01,2026-03-01,4,Active,Active,Repair,ALL,persona,11,100.0
2025-11-01,2026-03-01,4,At-risk,At-risk,Repair,ALL,persona,2,66.67
2025-11-01,2026-03-01,4,At-risk,Churned proxy,Repair,ALL,persona,1,33.33
2025-11-01,2026-03-01,4,Churned proxy,Churned proxy,Repair,ALL,persona,1,100.0
2025-11-01,2026-03-01,4,Active,Active,Repair_Installation,ALL,persona,9,100.0
2025-11-01,2026-03-01,4,Active,Active,Restauration,ALL,persona,51,98.08
2025-11-01,2026-03-01,4,Active,At-risk,Restauration,ALL,persona,1,1.92
2025-11-01,2026-03-01,4,At-risk,Active,Restauration,ALL,persona,1,25.0
2025-11-01,2026-03-01,4,At-risk,At-risk,Restauration,ALL,persona,1,25.0
2025-11-01,2026-03-01,4,At-risk,Churned proxy,Restauration,ALL,persona,2,50.0
2025-11-01,2026-03-01,4,Churned proxy,Churned proxy,Restauration,ALL,persona,3,100.0
2025-11-01,2026-03-01,4,Active,Active,Retail,ALL,persona,272,96.8
2025-11-01,2026-03-01,4,Active,At-risk,Retail,ALL,persona,9,3.2
2025-11-01,2026-03-01,4,At-risk,Active,Retail,ALL,persona,2,6.9
2025-11-01,2026-03-01,4,At-risk,At-risk,Retail,ALL,persona,11,37.93
2025-11-01,2026-03-01,4,At-risk,Churned proxy,Retail,ALL,persona,16,55.17
2025-11-01,2026-03-01,4,Churned proxy,Active,Retail,ALL,persona,1,11.11
2025-11-01,2026-03-01,4,Churned proxy,Churned proxy,Retail,ALL,persona,8,88.89
2025-11-01,2026-03-01,4,Never monetized,Never monetized,Retail,ALL,persona,2,100.0
2025-11-01,2026-03-01,4,Active,Active,Wholesale,ALL,persona,57,98.28
2025-11-01,2026-03-01,4,Active,At-risk,Wholesale,ALL,persona,1,1.72
2025-11-01,2026-03-01,4,At-risk,At-risk,Wholesale,ALL,persona,2,66.67
2025-11-01,2026-03-01,4,At-risk,Churned proxy,Wholesale,ALL,persona,1,33.33
2025-11-01,2026-03-01,4,Never monetized,Never monetized,Wholesale,ALL,persona,1,100.0
2025-11-01,2026-03-01,4,Active,Active,Automobile_Trade_Repair,business,persona_x_initial_plan,2,100.0
2025-11-01,2026-03-01,4,At-risk,At-risk,Automobile_Trade_Repair,business,persona_x_initial_plan,1,100.0
2025-11-01,2026-03-01,4,Churned proxy,Churned proxy,Automobile_Trade_Repair,business,persona_x_initial_plan,2,100.0
2025-11-01,2026-03-01,4,Active,Active,Automobile_Trade_Repair,free,persona_x_initial_plan,22,84.62
2025-11-01,2026-03-01,4,Active,At-risk,Automobile_Trade_Repair,free,persona_x_initial_plan,4,15.38
2025-11-01,2026-03-01,4,At-risk,Churned proxy,Automobile_Trade_Repair,free,persona_x_initial_plan,3,100.0
2025-11-01,2026-03-01,4,Active,Active,Automobile_Trade_Repair,plus,persona_x_initial_plan,23,95.83
2025-11-01,2026-03-01,4,Active,At-risk,Automobile_Trade_Repair,plus,persona_x_initial_plan,1,4.17
2025-11-01,2026-03-01,4,At-risk,At-risk,Automobile_Trade_Repair,plus,persona_x_initial_plan,2,66.67
2025-11-01,2026-03-01,4,At-risk,Churned proxy,Automobile_Trade_Repair,plus,persona_x_initial_plan,1,33.33
2025-11-01,2026-03-01,4,Active,Active,Automobile_Trade_Repair,start,persona_x_initial_plan,26,96.3
2025-11-01,2026-03-01,4,Active,At-risk,Automobile_Trade_Repair,start,persona_x_initial_plan,1,3.7
2025-11-01,2026-03-01,4,At-risk,Active,Automobile_Trade_Repair,start,persona_x_initial_plan,1,25.0
2025-11-01,2026-03-01,4,At-risk,At-risk,Automobile_Trade_Repair,start,persona_x_initial_plan,3,75.0
2025-11-01,2026-03-01,4,Churned proxy,Churned proxy,Automobile_Trade_Repair,start,persona_x_initial_plan,1,100.0
2025-11-01,2026-03-01,4,Never monetized,Never monetized,Automobile_Trade_Repair,start,persona_x_initial_plan,1,100.0
2025-11-01,2026-03-01,4,Active,Active,BTP,business,persona_x_initial_plan,7,77.78
2025-11-01,2026-03-01,4,Active,At-risk,BTP,business,persona_x_initial_plan,2,22.22
2025-11-01,2026-03-01,4,At-risk,At-risk,BTP,business,persona_x_initial_plan,2,66.67
2025-11-01,2026-03-01,4,At-risk,Churned proxy,BTP,business,persona_x_initial_plan,1,33.33
2025-11-01,2026-03-01,4,Active,Active,BTP,free,persona_x_initial_plan,128,96.24
2025-11-01,2026-03-01,4,Active,At-risk,BTP,free,persona_x_initial_plan,5,3.76
2025-11-01,2026-03-01,4,At-risk,Active,BTP,free,persona_x_initial_plan,1,9.09
2025-11-01,2026-03-01,4,At-risk,At-risk,BTP,free,persona_x_initial_plan,4,36.36
2025-11-01,2026-03-01,4,At-risk,Churned proxy,BTP,free,persona_x_initial_plan,6,54.55
2025-11-01,2026-03-01,4,Churned proxy,Churned proxy,BTP,free,persona_x_initial_plan,2,100.0
2025-11-01,2026-03-01,4,Never monetized,Never monetized,BTP,free,persona_x_initial_plan,1,100.0
2025-11-01,2026-03-01,4,Active,Active,BTP,plus,persona_x_initial_plan,81,96.43
2025-11-01,2026-03-01,4,Active,At-risk,BTP,plus,persona_x_initial_plan,3,3.57
2025-11-01,2026-03-01,4,At-risk,At-risk,BTP,plus,persona_x_initial_plan,4,57.14
2025-11-01,2026-03-01,4,At-risk,Churned proxy,BTP,plus,persona_x_initial_plan,3,42.86
2025-11-01,2026-03-01,4,Churned proxy,Churned proxy,BTP,plus,persona_x_initial_plan,2,100.0
2025-11-01,2026-03-01,4,Active,Active,BTP,start,persona_x_initial_plan,179,97.28
2025-11-01,2026-03-01,4,Active,At-risk,BTP,start,persona_x_initial_plan,5,2.72
2025-11-01,2026-03-01,4,At-risk,At-risk,BTP,start,persona_x_initial_plan,4,36.36
2025-11-01,2026-03-01,4,At-risk,Churned proxy,BTP,start,persona_x_initial_plan,7,63.64
2025-11-01,2026-03-01,4,Churned proxy,Churned proxy,BTP,start,persona_x_initial_plan,3,100.0
2025-11-01,2026-03-01,4,Active,Active,Bankers_Insurance,free,persona_x_initial_plan,17,100.0
2025-11-01,2026-03-01,4,At-risk,At-risk,Bankers_Insurance,free,persona_x_initial_plan,1,50.0
2025-11-01,2026-03-01,4,At-risk,Churned proxy,Bankers_Insurance,free,persona_x_initial_plan,1,50.0
2025-11-01,2026-03-01,4,Churned proxy,Churned proxy,Bankers_Insurance,free,persona_x_initial_plan,1,100.0
2025-11-01,2026-03-01,4,Active,Active,Bankers_Insurance,start,persona_x_initial_plan,12,100.0
2025-11-01,2026-03-01,4,Active,Active,Bikers_Drivers,business,persona_x_initial_plan,3,100.0
2025-11-01,2026-03-01,4,At-risk,Churned proxy,Bikers_Drivers,business,persona_x_initial_plan,2,100.0
2025-11-01,2026-03-01,4,Churned proxy,Churned proxy,Bikers_Drivers,business,persona_x_initial_plan,1,100.0
2025-11-01,2026-03-01,4,Active,Active,Bikers_Drivers,free,persona_x_initial_plan,40,88.89
2025-11-01,2026-03-01,4,Active,At-risk,Bikers_Drivers,free,persona_x_initial_plan,5,11.11
2025-11-01,2026-03-01,4,At-risk,At-risk,Bikers_Drivers,free,persona_x_initial_plan,2,28.57
2025-11-01,2026-03-01,4,At-risk,Churned proxy,Bikers_Drivers,free,persona_x_initial_plan,5,71.43
2025-11-01,2026-03-01,4,Churned proxy,Churned proxy,Bikers_Drivers,free,persona_x_initial_plan,4,100.0
2025-11-01,2026-03-01,4,Active,Active,Bikers_Drivers,plus,persona_x_initial_plan,21,91.3
2025-11-01,2026-03-01,4,Active,At-risk,Bikers_Drivers,plus,persona_x_initial_plan,2,8.7
2025-11-01,2026-03-01,4,At-risk,At-risk,Bikers_Drivers,plus,persona_x_initial_plan,1,16.67
2025-11-01,2026-03-01,4,At-risk,Churned proxy,Bikers_Drivers,plus,persona_x_initial_plan,5,83.33
2025-11-01,2026-03-01,4,Churned proxy,Churned proxy,Bikers_Drivers,plus,persona_x_initial_plan,3,100.0
2025-11-01,2026-03-01,4,Never monetized,Never monetized,Bikers_Drivers,plus,persona_x_initial_plan,1,100.0
2025-11-01,2026-03-01,4,Active,Active,Bikers_Drivers,start,persona_x_initial_plan,50,98.04
2025-11-01,2026-03-01,4,Active,At-risk,Bikers_Drivers,start,persona_x_initial_plan,1,1.96
2025-11-01,2026-03-01,4,At-risk,Active,Bikers_Drivers,start,persona_x_initial_plan,1,11.11
2025-11-01,2026-03-01,4,At-risk,At-risk,Bikers_Drivers,start,persona_x_initial_plan,3,33.33
2025-11-01,2026-03-01,4,At-risk,Churned proxy,Bikers_Drivers,start,persona_x_initial_plan,5,55.56
2025-11-01,2026-03-01,4,Churned proxy,Churned proxy,Bikers_Drivers,start,persona_x_initial_plan,2,100.0
2025-11-01,2026-03-01,4,Active,Active,Cleaning_CallCenters,business,persona_x_initial_plan,1,100.0
2025-11-01,2026-03-01,4,Active,Active,Cleaning_CallCenters,free,persona_x_initial_plan,5,100.0
2025-11-01,2026-03-01,4,Active,Active,Cleaning_CallCenters,plus,persona_x_initial_plan,4,100.0
2025-11-01,2026-03-01,4,Active,Active,Cleaning_CallCenters,start,persona_x_initial_plan,6,100.0
2025-11-01,2026-03-01,4,Active,Active,Consultant,business,persona_x_initial_plan,5,100.0
2025-11-01,2026-03-01,4,Active,Active,Consultant,free,persona_x_initial_plan,163,97.6
2025-11-01,2026-03-01,4,Active,At-risk,Consultant,free,persona_x_initial_plan,4,2.4
2025-11-01,2026-03-01,4,At-risk,Active,Consultant,free,persona_x_initial_plan,1,8.33
2025-11-01,2026-03-01,4,At-risk,At-risk,Consultant,free,persona_x_initial_plan,5,41.67
2025-11-01,2026-03-01,4,At-risk,Churned proxy,Consultant,free,persona_x_initial_plan,6,50.0
2025-11-01,2026-03-01,4,Churned proxy,Active,Consultant,free,persona_x_initial_plan,1,20.0
2025-11-01,2026-03-01,4,Churned proxy,Churned proxy,Consultant,free,persona_x_initial_plan,4,80.0
2025-11-01,2026-03-01,4,Active,Active,Consultant,plus,persona_x_initial_plan,38,97.44
2025-11-01,2026-03-01,4,Active,At-risk,Consultant,plus,persona_x_initial_plan,1,2.56
2025-11-01,2026-03-01,4,At-risk,Active,Consultant,plus,persona_x_initial_plan,1,50.0
2025-11-01,2026-03-01,4,At-risk,Churned proxy,Consultant,plus,persona_x_initial_plan,1,50.0
2025-11-01,2026-03-01,4,Active,Active,Consultant,start,persona_x_initial_plan,192,97.96
2025-11-01,2026-03-01,4,Active,At-risk,Consultant,start,persona_x_initial_plan,4,2.04
2025-11-01,2026-03-01,4,At-risk,At-risk,Consultant,start,persona_x_initial_plan,4,50.0
2025-11-01,2026-03-01,4,At-risk,Churned proxy,Consultant,start,persona_x_initial_plan,4,50.0
2025-11-01,2026-03-01,4,Churned proxy,Churned proxy,Consultant,start,persona_x_initial_plan,2,100.0
2025-11-01,2026-03-01,4,Active,Active,Developer_IT,business,persona_x_initial_plan,3,100.0
2025-11-01,2026-03-01,4,Churned proxy,Churned proxy,Developer_IT,business,persona_x_initial_plan,1,100.0
2025-11-01,2026-03-01,4,Active,Active,Developer_IT,free,persona_x_initial_plan,93,100.0
2025-11-01,2026-03-01,4,At-risk,Active,Developer_IT,free,persona_x_initial_plan,1,33.33
2025-11-01,2026-03-01,4,At-risk,At-risk,Developer_IT,free,persona_x_initial_plan,1,33.33
2025-11-01,2026-03-01,4,At-risk,Churned proxy,Developer_IT,free,persona_x_initial_plan,1,33.33
2025-11-01,2026-03-01,4,Churned proxy,Active,Developer_IT,free,persona_x_initial_plan,1,33.33
2025-11-01,2026-03-01,4,Churned proxy,Churned proxy,Developer_IT,free,persona_x_initial_plan,2,66.67
2025-11-01,2026-03-01,4,Active,Active,Developer_IT,plus,persona_x_initial_plan,12,92.31
2025-11-01,2026-03-01,4,Active,At-risk,Developer_IT,plus,persona_x_initial_plan,1,7.69
2025-11-01,2026-03-01,4,At-risk,At-risk,Developer_IT,plus,persona_x_initial_plan,1,100.0
2025-11-01,2026-03-01,4,Active,Active,Developer_IT,start,persona_x_initial_plan,110,100.0
2025-11-01,2026-03-01,4,At-risk,Churned proxy,Developer_IT,start,persona_x_initial_plan,2,100.0
2025-11-01,2026-03-01,4,Churned proxy,Churned proxy,Developer_IT,start,persona_x_initial_plan,1,100.0
2025-11-01,2026-03-01,4,Active,Active,Media_Publishing,business,persona_x_initial_plan,1,100.0
2025-11-01,2026-03-01,4,Active,Active,Media_Publishing,free,persona_x_initial_plan,43,100.0
2025-11-01,2026-03-01,4,At-risk,Churned proxy,Media_Publishing,free,persona_x_initial_plan,2,100.0
2025-11-01,2026-03-01,4,Active,Active,Media_Publishing,plus,persona_x_initial_plan,6,85.71
2025-11-01,2026-03-01,4,Active,At-risk,Media_Publishing,plus,persona_x_initial_plan,1,14.29
2025-11-01,2026-03-01,4,Active,Active,Media_Publishing,start,persona_x_initial_plan,34,100.0
2025-11-01,2026-03-01,4,At-risk,At-risk,Media_Publishing,start,persona_x_initial_plan,1,100.0
2025-11-01,2026-03-01,4,Churned proxy,Churned proxy,Media_Publishing,start,persona_x_initial_plan,1,100.0
2025-11-01,2026-03-01,4,Active,Active,Medical_Professionals,free,persona_x_initial_plan,13,100.0
2025-11-01,2026-03-01,4,Active,Active,Medical_Professionals,plus,persona_x_initial_plan,1,100.0
2025-11-01,2026-03-01,4,Active,Active,Medical_Professionals,start,persona_x_initial_plan,13,100.0
2025-11-01,2026-03-01,4,At-risk,At-risk,Medical_Professionals,start,persona_x_initial_plan,2,100.0
2025-11-01,2026-03-01,4,Active,Active,Others,business,persona_x_initial_plan,4,100.0
2025-11-01,2026-03-01,4,At-risk,At-risk,Others,business,persona_x_initial_plan,1,33.33
2025-11-01,2026-03-01,4,At-risk,Churned proxy,Others,business,persona_x_initial_plan,2,66.67
2025-11-01,2026-03-01,4,Active,Active,Others,free,persona_x_initial_plan,113,96.58
2025-11-01,2026-03-01,4,Active,At-risk,Others,free,persona_x_initial_plan,4,3.42
2025-11-01,2026-03-01,4,At-risk,At-risk,Others,free,persona_x_initial_plan,5,55.56
2025-11-01,2026-03-01,4,At-risk,Churned proxy,Others,free,persona_x_initial_plan,4,44.44
2025-11-01,2026-03-01,4,Churned proxy,Churned proxy,Others,free,persona_x_initial_plan,4,100.0
2025-11-01,2026-03-01,4,Never monetized,Never monetized,Others,free,persona_x_initial_plan,1,100.0
2025-11-01,2026-03-01,4,Active,Active,Others,plus,persona_x_initial_plan,49,92.45
2025-11-01,2026-03-01,4,Active,At-risk,Others,plus,persona_x_initial_plan,4,7.55
2025-11-01,2026-03-01,4,At-risk,At-risk,Others,plus,persona_x_initial_plan,4,57.14
2025-11-01,2026-03-01,4,At-risk,Churned proxy,Others,plus,persona_x_initial_plan,3,42.86
2025-11-01,2026-03-01,4,Churned proxy,Churned proxy,Others,plus,persona_x_initial_plan,3,100.0
2025-11-01,2026-03-01,4,Active,Active,Others,start,persona_x_initial_plan,147,98.66
2025-11-01,2026-03-01,4,Active,At-risk,Others,start,persona_x_initial_plan,2,1.34
2025-11-01,2026-03-01,4,At-risk,At-risk,Others,start,persona_x_initial_plan,3,42.86
2025-11-01,2026-03-01,4,At-risk,Churned proxy,Others,start,persona_x_initial_plan,4,57.14
2025-11-01,2026-03-01,4,Churned proxy,Churned proxy,Others,start,persona_x_initial_plan,4,100.0
2025-11-01,2026-03-01,4,Active,Active,Professeur,free,persona_x_initial_plan,31,91.18
2025-11-01,2026-03-01,4,Active,At-risk,Professeur,free,persona_x_initial_plan,3,8.82
2025-11-01,2026-03-01,4,At-risk,Active,Professeur,free,persona_x_initial_plan,1,33.33
2025-11-01,2026-03-01,4,At-risk,At-risk,Professeur,free,persona_x_initial_plan,2,66.67
2025-11-01,2026-03-01,4,Churned proxy,Churned proxy,Professeur,free,persona_x_initial_plan,2,100.0
2025-11-01,2026-03-01,4,Active,Active,Professeur,plus,persona_x_initial_plan,6,85.71
2025-11-01,2026-03-01,4,Active,At-risk,Professeur,plus,persona_x_initial_plan,1,14.29
2025-11-01,2026-03-01,4,Active,Active,Professeur,start,persona_x_initial_plan,29,100.0
2025-11-01,2026-03-01,4,Active,Active,Repair,free,persona_x_initial_plan,4,100.0
2025-11-01,2026-03-01,4,At-risk,At-risk,Repair,free,persona_x_initial_plan,1,50.0
2025-11-01,2026-03-01,4,At-risk,Churned proxy,Repair,free,persona_x_initial_plan,1,50.0
2025-11-01,2026-03-01,4,Churned proxy,Churned proxy,Repair,free,persona_x_initial_plan,1,100.0
2025-11-01,2026-03-01,4,Active,Active,Repair,start,persona_x_initial_plan,7,100.0
2025-11-01,2026-03-01,4,At-risk,At-risk,Repair,start,persona_x_initial_plan,1,100.0
2025-11-01,2026-03-01,4,Active,Active,Repair_Installation,free,persona_x_initial_plan,3,100.0
2025-11-01,2026-03-01,4,Active,Active,Repair_Installation,plus,persona_x_initial_plan,1,100.0
2025-11-01,2026-03-01,4,Active,Active,Repair_Installation,start,persona_x_initial_plan,5,100.0
2025-11-01,2026-03-01,4,Active,Active,Restauration,free,persona_x_initial_plan,16,94.12
2025-11-01,2026-03-01,4,Active,At-risk,Restauration,free,persona_x_initial_plan,1,5.88
2025-11-01,2026-03-01,4,Churned proxy,Churned proxy,Restauration,free,persona_x_initial_plan,3,100.0
2025-11-01,2026-03-01,4,Active,Active,Restauration,plus,persona_x_initial_plan,8,100.0
2025-11-01,2026-03-01,4,Active,Active,Restauration,start,persona_x_initial_plan,27,100.0
2025-11-01,2026-03-01,4,At-risk,Active,Restauration,start,persona_x_initial_plan,1,25.0
2025-11-01,2026-03-01,4,At-risk,At-risk,Restauration,start,persona_x_initial_plan,1,25.0
2025-11-01,2026-03-01,4,At-risk,Churned proxy,Restauration,start,persona_x_initial_plan,2,50.0
2025-11-01,2026-03-01,4,Active,Active,Retail,business,persona_x_initial_plan,4,100.0
2025-11-01,2026-03-01,4,At-risk,Churned proxy,Retail,business,persona_x_initial_plan,1,100.0
2025-11-01,2026-03-01,4,Active,Active,Retail,free,persona_x_initial_plan,97,97.98
2025-11-01,2026-03-01,4,Active,At-risk,Retail,free,persona_x_initial_plan,2,2.02
2025-11-01,2026-03-01,4,At-risk,Active,Retail,free,persona_x_initial_plan,2,33.33
2025-11-01,2026-03-01,4,At-risk,At-risk,Retail,free,persona_x_initial_plan,1,16.67
2025-11-01,2026-03-01,4,At-risk,Churned proxy,Retail,free,persona_x_initial_plan,3,50.0
2025-11-01,2026-03-01,4,Churned proxy,Active,Retail,free,persona_x_initial_plan,1,25.0
2025-11-01,2026-03-01,4,Churned proxy,Churned proxy,Retail,free,persona_x_initial_plan,3,75.0
2025-11-01,2026-03-01,4,Never monetized,Never monetized,Retail,free,persona_x_initial_plan,1,100.0
2025-11-01,2026-03-01,4,Active,Active,Retail,plus,persona_x_initial_plan,36,97.3
2025-11-01,2026-03-01,4,Active,At-risk,Retail,plus,persona_x_initial_plan,1,2.7
2025-11-01,2026-03-01,4,At-risk,At-risk,Retail,plus,persona_x_initial_plan,4,57.14
2025-11-01,2026-03-01,4,At-risk,Churned proxy,Retail,plus,persona_x_initial_plan,3,42.86
2025-11-01,2026-03-01,4,Churned proxy,Churned proxy,Retail,plus,persona_x_initial_plan,1,100.0
2025-11-01,2026-03-01,4,Active,Active,Retail,start,persona_x_initial_plan,135,95.74
2025-11-01,2026-03-01,4,Active,At-risk,Retail,start,persona_x_initial_plan,6,4.26
2025-11-01,2026-03-01,4,At-risk,At-risk,Retail,start,persona_x_initial_plan,6,40.0
2025-11-01,2026-03-01,4,At-risk,Churned proxy,Retail,start,persona_x_initial_plan,9,60.0
2025-11-01,2026-03-01,4,Churned proxy,Churned proxy,Retail,start,persona_x_initial_plan,4,100.0
2025-11-01,2026-03-01,4,Never monetized,Never monetized,Retail,start,persona_x_initial_plan,1,100.0
2025-11-01,2026-03-01,4,Active,Active,Wholesale,business,persona_x_initial_plan,4,100.0
2025-11-01,2026-03-01,4,Active,Active,Wholesale,free,persona_x_initial_plan,17,94.44
2025-11-01,2026-03-01,4,Active,At-risk,Wholesale,free,persona_x_initial_plan,1,5.56
2025-11-01,2026-03-01,4,Active,Active,Wholesale,plus,persona_x_initial_plan,15,100.0
2025-11-01,2026-03-01,4,At-risk,At-risk,Wholesale,plus,persona_x_initial_plan,1,50.0
2025-11-01,2026-03-01,4,At-risk,Churned proxy,Wholesale,plus,persona_x_initial_plan,1,50.0
2025-11-01,2026-03-01,4,Active,Active,Wholesale,start,persona_x_initial_plan,21,100.0
2025-11-01,2026-03-01,4,At-risk,At-risk,Wholesale,start,persona_x_initial_plan,1,100.0
2025-11-01,2026-03-01,4,Never monetized,Never monetized,Wholesale,start,persona_x_initial_plan,1,100.0
2025-11-01,2026-04-01,5,Active,Active,ALL,business,initial_plan,30,88.24
2025-11-01,2026-04-01,5,Active,At-risk,ALL,business,initial_plan,4,11.76
2025-11-01,2026-04-01,5,At-risk,At-risk,ALL,business,initial_plan,2,33.33
2025-11-01,2026-04-01,5,At-risk,Churned proxy,ALL,business,initial_plan,4,66.67
2025-11-01,2026-04-01,5,Churned proxy,Churned proxy,ALL,business,initial_plan,10,100.0
2025-11-01,2026-04-01,5,Active,Active,ALL,free,initial_plan,797,97.91
2025-11-01,2026-04-01,5,Active,At-risk,ALL,free,initial_plan,17,2.09
2025-11-01,2026-04-01,5,At-risk,Active,ALL,free,initial_plan,2,3.92
2025-11-01,2026-04-01,5,At-risk,At-risk,ALL,free,initial_plan,28,54.9
2025-11-01,2026-04-01,5,At-risk,Churned proxy,ALL,free,initial_plan,21,41.18
2025-11-01,2026-04-01,5,Churned proxy,Active,ALL,free,initial_plan,4,6.9
2025-11-01,2026-04-01,5,Churned proxy,Churned proxy,ALL,free,initial_plan,54,93.1
2025-11-01,2026-04-01,5,Never monetized,Active,ALL,free,initial_plan,1,33.33
2025-11-01,2026-04-01,5,Never monetized,Never monetized,ALL,free,initial_plan,2,66.67
2025-11-01,2026-04-01,5,Active,Active,ALL,plus,initial_plan,294,97.35
2025-11-01,2026-04-01,5,Active,At-risk,ALL,plus,initial_plan,8,2.65
2025-11-01,2026-04-01,5,At-risk,Active,ALL,plus,initial_plan,1,3.13
2025-11-01,2026-04-01,5,At-risk,At-risk,ALL,plus,initial_plan,14,43.75
2025-11-01,2026-04-01,5,At-risk,Churned proxy,ALL,plus,initial_plan,17,53.13
2025-11-01,2026-04-01,5,Churned proxy,Active,ALL,plus,initial_plan,2,7.69
2025-11-01,2026-04-01,5,Churned proxy,Churned proxy,ALL,plus,initial_plan,24,92.31
2025-11-01,2026-04-01,5,Never monetized,Never monetized,ALL,plus,initial_plan,1,100.0
2025-11-01,2026-04-01,5,Active,Active,ALL,start,initial_plan,973,97.69
2025-11-01,2026-04-01,5,Active,At-risk,ALL,start,initial_plan,23,2.31
2025-11-01,2026-04-01,5,At-risk,Active,ALL,start,initial_plan,3,6.25
2025-11-01,2026-04-01,5,At-risk,At-risk,ALL,start,initial_plan,16,33.33
2025-11-01,2026-04-01,5,At-risk,Churned proxy,ALL,start,initial_plan,29,60.42
2025-11-01,2026-04-01,5,Churned proxy,Active,ALL,start,initial_plan,2,3.92
2025-11-01,2026-04-01,5,Churned proxy,Churned proxy,ALL,start,initial_plan,49,96.08
2025-11-01,2026-04-01,5,Never monetized,Never monetized,ALL,start,initial_plan,3,100.0
2025-11-01,2026-04-01,5,Active,Active,ALL,ALL,overall,2094,97.58
2025-11-01,2026-04-01,5,Active,At-risk,ALL,ALL,overall,52,2.42
2025-11-01,2026-04-01,5,At-risk,Active,ALL,ALL,overall,6,4.38
2025-11-01,2026-04-01,5,At-risk,At-risk,ALL,ALL,overall,60,43.8
2025-11-01,2026-04-01,5,At-risk,Churned proxy,ALL,ALL,overall,71,51.82
2025-11-01,2026-04-01,5,Churned proxy,Active,ALL,ALL,overall,8,5.52
2025-11-01,2026-04-01,5,Churned proxy,Churned proxy,ALL,ALL,overall,137,94.48
2025-11-01,2026-04-01,5,Never monetized,Active,ALL,ALL,overall,1,14.29
2025-11-01,2026-04-01,5,Never monetized,Never monetized,ALL,ALL,overall,6,85.71
2025-11-01,2026-04-01,5,Active,Active,Automobile_Trade_Repair,ALL,persona,68,91.89
2025-11-01,2026-04-01,5,Active,At-risk,Automobile_Trade_Repair,ALL,persona,6,8.11
2025-11-01,2026-04-01,5,At-risk,At-risk,Automobile_Trade_Repair,ALL,persona,6,50.0
2025-11-01,2026-04-01,5,At-risk,Churned proxy,Automobile_Trade_Repair,ALL,persona,6,50.0
2025-11-01,2026-04-01,5,Churned proxy,Churned proxy,Automobile_Trade_Repair,ALL,persona,7,100.0
2025-11-01,2026-04-01,5,Never monetized,Never monetized,Automobile_Trade_Repair,ALL,persona,1,100.0
2025-11-01,2026-04-01,5,Active,Active,BTP,ALL,persona,389,98.23
2025-11-01,2026-04-01,5,Active,At-risk,BTP,ALL,persona,7,1.77
2025-11-01,2026-04-01,5,At-risk,At-risk,BTP,ALL,persona,15,51.72
2025-11-01,2026-04-01,5,At-risk,Churned proxy,BTP,ALL,persona,14,48.28
2025-11-01,2026-04-01,5,Churned proxy,Active,BTP,ALL,persona,3,12.5
2025-11-01,2026-04-01,5,Churned proxy,Churned proxy,BTP,ALL,persona,21,87.5
2025-11-01,2026-04-01,5,Never monetized,Never monetized,BTP,ALL,persona,1,100.0
2025-11-01,2026-04-01,5,Active,Active,Bankers_Insurance,ALL,persona,29,100.0
2025-11-01,2026-04-01,5,At-risk,Churned proxy,Bankers_Insurance,ALL,persona,1,100.0
2025-11-01,2026-04-01,5,Churned proxy,Churned proxy,Bankers_Insurance,ALL,persona,2,100.0
2025-11-01,2026-04-01,5,Active,Active,Bikers_Drivers,ALL,persona,112,97.39
2025-11-01,2026-04-01,5,Active,At-risk,Bikers_Drivers,ALL,persona,3,2.61
2025-11-01,2026-04-01,5,At-risk,At-risk,Bikers_Drivers,ALL,persona,8,57.14
2025-11-01,2026-04-01,5,At-risk,Churned proxy,Bikers_Drivers,ALL,persona,6,42.86
2025-11-01,2026-04-01,5,Churned proxy,Churned proxy,Bikers_Drivers,ALL,persona,27,100.0
2025-11-01,2026-04-01,5,Never monetized,Never monetized,Bikers_Drivers,ALL,persona,1,100.0
2025-11-01,2026-04-01,5,Active,Active,Cleaning_CallCenters,ALL,persona,15,93.75
2025-11-01,2026-04-01,5,Active,At-risk,Cleaning_CallCenters,ALL,persona,1,6.25
2025-11-01,2026-04-01,5,Active,Active,Consultant,ALL,persona,391,97.51
2025-11-01,2026-04-01,5,Active,At-risk,Consultant,ALL,persona,10,2.49
2025-11-01,2026-04-01,5,At-risk,Active,Consultant,ALL,persona,2,11.11
2025-11-01,2026-04-01,5,At-risk,At-risk,Consultant,ALL,persona,8,44.44
2025-11-01,2026-04-01,5,At-risk,Churned proxy,Consultant,ALL,persona,8,44.44
2025-11-01,2026-04-01,5,Churned proxy,Active,Consultant,ALL,persona,2,11.76
2025-11-01,2026-04-01,5,Churned proxy,Churned proxy,Consultant,ALL,persona,15,88.24
2025-11-01,2026-04-01,5,Active,Active,Developer_IT,ALL,persona,215,97.73
2025-11-01,2026-04-01,5,Active,At-risk,Developer_IT,ALL,persona,5,2.27
2025-11-01,2026-04-01,5,At-risk,At-risk,Developer_IT,ALL,persona,1,33.33
2025-11-01,2026-04-01,5,At-risk,Churned proxy,Developer_IT,ALL,persona,2,66.67
2025-11-01,2026-04-01,5,Churned proxy,Active,Developer_IT,ALL,persona,1,14.29
2025-11-01,2026-04-01,5,Churned proxy,Churned proxy,Developer_IT,ALL,persona,6,85.71
2025-11-01,2026-04-01,5,Active,Active,Media_Publishing,ALL,persona,84,100.0
2025-11-01,2026-04-01,5,At-risk,At-risk,Media_Publishing,ALL,persona,1,50.0
2025-11-01,2026-04-01,5,At-risk,Churned proxy,Media_Publishing,ALL,persona,1,50.0
2025-11-01,2026-04-01,5,Churned proxy,Active,Media_Publishing,ALL,persona,2,66.67
2025-11-01,2026-04-01,5,Churned proxy,Churned proxy,Media_Publishing,ALL,persona,1,33.33
2025-11-01,2026-04-01,5,Active,Active,Medical_Professionals,ALL,persona,27,100.0
2025-11-01,2026-04-01,5,At-risk,Churned proxy,Medical_Professionals,ALL,persona,2,100.0
2025-11-01,2026-04-01,5,Active,Active,Others,ALL,persona,307,98.08
2025-11-01,2026-04-01,5,Active,At-risk,Others,ALL,persona,6,1.92
2025-11-01,2026-04-01,5,At-risk,Active,Others,ALL,persona,2,8.7
2025-11-01,2026-04-01,5,At-risk,At-risk,Others,ALL,persona,8,34.78
2025-11-01,2026-04-01,5,At-risk,Churned proxy,Others,ALL,persona,13,56.52
2025-11-01,2026-04-01,5,Churned proxy,Churned proxy,Others,ALL,persona,24,100.0
2025-11-01,2026-04-01,5,Never monetized,Active,Others,ALL,persona,1,100.0
2025-11-01,2026-04-01,5,Active,Active,Professeur,ALL,persona,67,100.0
2025-11-01,2026-04-01,5,At-risk,Active,Professeur,ALL,persona,1,16.67
2025-11-01,2026-04-01,5,At-risk,At-risk,Professeur,ALL,persona,3,50.0
2025-11-01,2026-04-01,5,At-risk,Churned proxy,Professeur,ALL,persona,2,33.33
2025-11-01,2026-04-01,5,Churned proxy,Churned proxy,Professeur,ALL,persona,2,100.0
2025-11-01,2026-04-01,5,Active,Active,Repair,ALL,persona,11,100.0
2025-11-01,2026-04-01,5,At-risk,Churned proxy,Repair,ALL,persona,2,100.0
2025-11-01,2026-04-01,5,Churned proxy,Churned proxy,Repair,ALL,persona,2,100.0
2025-11-01,2026-04-01,5,Active,Active,Repair_Installation,ALL,persona,9,100.0
2025-11-01,2026-04-01,5,Active,Active,Restauration,ALL,persona,49,94.23
2025-11-01,2026-04-01,5,Active,At-risk,Restauration,ALL,persona,3,5.77
2025-11-01,2026-04-01,5,At-risk,At-risk,Restauration,ALL,persona,1,50.0
2025-11-01,2026-04-01,5,At-risk,Churned proxy,Restauration,ALL,persona,1,50.0
2025-11-01,2026-04-01,5,Churned proxy,Churned proxy,Restauration,ALL,persona,5,100.0
2025-11-01,2026-04-01,5,Active,Active,Retail,ALL,persona,265,96.36
2025-11-01,2026-04-01,5,Active,At-risk,Retail,ALL,persona,10,3.64
2025-11-01,2026-04-01,5,At-risk,Active,Retail,ALL,persona,1,5.0
2025-11-01,2026-04-01,5,At-risk,At-risk,Retail,ALL,persona,8,40.0
2025-11-01,2026-04-01,5,At-risk,Churned proxy,Retail,ALL,persona,11,55.0
2025-11-01,2026-04-01,5,Churned proxy,Churned proxy,Retail,ALL,persona,24,100.0
2025-11-01,2026-04-01,5,Never monetized,Never monetized,Retail,ALL,persona,2,100.0
2025-11-01,2026-04-01,5,Active,Active,Wholesale,ALL,persona,56,98.25
2025-11-01,2026-04-01,5,Active,At-risk,Wholesale,ALL,persona,1,1.75
2025-11-01,2026-04-01,5,At-risk,At-risk,Wholesale,ALL,persona,1,33.33
2025-11-01,2026-04-01,5,At-risk,Churned proxy,Wholesale,ALL,persona,2,66.67
2025-11-01,2026-04-01,5,Churned proxy,Churned proxy,Wholesale,ALL,persona,1,100.0
2025-11-01,2026-04-01,5,Never monetized,Never monetized,Wholesale,ALL,persona,1,100.0
2025-11-01,2026-04-01,5,Active,Active,Automobile_Trade_Repair,business,persona_x_initial_plan,2,100.0
2025-11-01,2026-04-01,5,At-risk,Churned proxy,Automobile_Trade_Repair,business,persona_x_initial_plan,1,100.0
2025-11-01,2026-04-01,5,Churned proxy,Churned proxy,Automobile_Trade_Repair,business,persona_x_initial_plan,2,100.0
2025-11-01,2026-04-01,5,Active,Active,Automobile_Trade_Repair,free,persona_x_initial_plan,18,81.82
2025-11-01,2026-04-01,5,Active,At-risk,Automobile_Trade_Repair,free,persona_x_initial_plan,4,18.18
2025-11-01,2026-04-01,5,At-risk,At-risk,Automobile_Trade_Repair,free,persona_x_initial_plan,4,100.0
2025-11-01,2026-04-01,5,Churned proxy,Churned proxy,Automobile_Trade_Repair,free,persona_x_initial_plan,3,100.0
2025-11-01,2026-04-01,5,Active,Active,Automobile_Trade_Repair,plus,persona_x_initial_plan,23,100.0
2025-11-01,2026-04-01,5,At-risk,At-risk,Automobile_Trade_Repair,plus,persona_x_initial_plan,1,33.33
2025-11-01,2026-04-01,5,At-risk,Churned proxy,Automobile_Trade_Repair,plus,persona_x_initial_plan,2,66.67
2025-11-01,2026-04-01,5,Churned proxy,Churned proxy,Automobile_Trade_Repair,plus,persona_x_initial_plan,1,100.0
2025-11-01,2026-04-01,5,Active,Active,Automobile_Trade_Repair,start,persona_x_initial_plan,25,92.59
2025-11-01,2026-04-01,5,Active,At-risk,Automobile_Trade_Repair,start,persona_x_initial_plan,2,7.41
2025-11-01,2026-04-01,5,At-risk,At-risk,Automobile_Trade_Repair,start,persona_x_initial_plan,1,25.0
2025-11-01,2026-04-01,5,At-risk,Churned proxy,Automobile_Trade_Repair,start,persona_x_initial_plan,3,75.0
2025-11-01,2026-04-01,5,Churned proxy,Churned proxy,Automobile_Trade_Repair,start,persona_x_initial_plan,1,100.0
2025-11-01,2026-04-01,5,Never monetized,Never monetized,Automobile_Trade_Repair,start,persona_x_initial_plan,1,100.0
2025-11-01,2026-04-01,5,Active,Active,BTP,business,persona_x_initial_plan,6,85.71
2025-11-01,2026-04-01,5,Active,At-risk,BTP,business,persona_x_initial_plan,1,14.29
2025-11-01,2026-04-01,5,At-risk,At-risk,BTP,business,persona_x_initial_plan,2,50.0
2025-11-01,2026-04-01,5,At-risk,Churned proxy,BTP,business,persona_x_initial_plan,2,50.0
2025-11-01,2026-04-01,5,Churned proxy,Churned proxy,BTP,business,persona_x_initial_plan,1,100.0
2025-11-01,2026-04-01,5,Active,Active,BTP,free,persona_x_initial_plan,128,99.22
2025-11-01,2026-04-01,5,Active,At-risk,BTP,free,persona_x_initial_plan,1,0.78
2025-11-01,2026-04-01,5,At-risk,At-risk,BTP,free,persona_x_initial_plan,5,55.56
2025-11-01,2026-04-01,5,At-risk,Churned proxy,BTP,free,persona_x_initial_plan,4,44.44
2025-11-01,2026-04-01,5,Churned proxy,Active,BTP,free,persona_x_initial_plan,1,12.5
2025-11-01,2026-04-01,5,Churned proxy,Churned proxy,BTP,free,persona_x_initial_plan,7,87.5
2025-11-01,2026-04-01,5,Never monetized,Never monetized,BTP,free,persona_x_initial_plan,1,100.0
2025-11-01,2026-04-01,5,Active,Active,BTP,plus,persona_x_initial_plan,78,96.3
2025-11-01,2026-04-01,5,Active,At-risk,BTP,plus,persona_x_initial_plan,3,3.7
2025-11-01,2026-04-01,5,At-risk,At-risk,BTP,plus,persona_x_initial_plan,3,42.86
2025-11-01,2026-04-01,5,At-risk,Churned proxy,BTP,plus,persona_x_initial_plan,4,57.14
2025-11-01,2026-04-01,5,Churned proxy,Active,BTP,plus,persona_x_initial_plan,2,40.0
2025-11-01,2026-04-01,5,Churned proxy,Churned proxy,BTP,plus,persona_x_initial_plan,3,60.0
2025-11-01,2026-04-01,5,Active,Active,BTP,start,persona_x_initial_plan,177,98.88
2025-11-01,2026-04-01,5,Active,At-risk,BTP,start,persona_x_initial_plan,2,1.12
2025-11-01,2026-04-01,5,At-risk,At-risk,BTP,start,persona_x_initial_plan,5,55.56
2025-11-01,2026-04-01,5,At-risk,Churned proxy,BTP,start,persona_x_initial_plan,4,44.44
2025-11-01,2026-04-01,5,Churned proxy,Churned proxy,BTP,start,persona_x_initial_plan,10,100.0
2025-11-01,2026-04-01,5,Active,Active,Bankers_Insurance,free,persona_x_initial_plan,17,100.0
2025-11-01,2026-04-01,5,At-risk,Churned proxy,Bankers_Insurance,free,persona_x_initial_plan,1,100.0
2025-11-01,2026-04-01,5,Churned proxy,Churned proxy,Bankers_Insurance,free,persona_x_initial_plan,2,100.0
2025-11-01,2026-04-01,5,Active,Active,Bankers_Insurance,start,persona_x_initial_plan,12,100.0
2025-11-01,2026-04-01,5,Active,Active,Bikers_Drivers,business,persona_x_initial_plan,3,100.0
2025-11-01,2026-04-01,5,Churned proxy,Churned proxy,Bikers_Drivers,business,persona_x_initial_plan,3,100.0
2025-11-01,2026-04-01,5,Active,Active,Bikers_Drivers,free,persona_x_initial_plan,39,97.5
2025-11-01,2026-04-01,5,Active,At-risk,Bikers_Drivers,free,persona_x_initial_plan,1,2.5
2025-11-01,2026-04-01,5,At-risk,At-risk,Bikers_Drivers,free,persona_x_initial_plan,5,71.43
2025-11-01,2026-04-01,5,At-risk,Churned proxy,Bikers_Drivers,free,persona_x_initial_plan,2,28.57
2025-11-01,2026-04-01,5,Churned proxy,Churned proxy,Bikers_Drivers,free,persona_x_initial_plan,9,100.0
2025-11-01,2026-04-01,5,Active,Active,Bikers_Drivers,plus,persona_x_initial_plan,19,90.48
2025-11-01,2026-04-01,5,Active,At-risk,Bikers_Drivers,plus,persona_x_initial_plan,2,9.52
2025-11-01,2026-04-01,5,At-risk,At-risk,Bikers_Drivers,plus,persona_x_initial_plan,2,66.67
2025-11-01,2026-04-01,5,At-risk,Churned proxy,Bikers_Drivers,plus,persona_x_initial_plan,1,33.33
2025-11-01,2026-04-01,5,Churned proxy,Churned proxy,Bikers_Drivers,plus,persona_x_initial_plan,8,100.0
2025-11-01,2026-04-01,5,Never monetized,Never monetized,Bikers_Drivers,plus,persona_x_initial_plan,1,100.0
2025-11-01,2026-04-01,5,Active,Active,Bikers_Drivers,start,persona_x_initial_plan,51,100.0
2025-11-01,2026-04-01,5,At-risk,At-risk,Bikers_Drivers,start,persona_x_initial_plan,1,25.0
2025-11-01,2026-04-01,5,At-risk,Churned proxy,Bikers_Drivers,start,persona_x_initial_plan,3,75.0
2025-11-01,2026-04-01,5,Churned proxy,Churned proxy,Bikers_Drivers,start,persona_x_initial_plan,7,100.0
2025-11-01,2026-04-01,5,Active,Active,Cleaning_CallCenters,business,persona_x_initial_plan,1,100.0
2025-11-01,2026-04-01,5,Active,Active,Cleaning_CallCenters,free,persona_x_initial_plan,5,100.0
2025-11-01,2026-04-01,5,Active,Active,Cleaning_CallCenters,plus,persona_x_initial_plan,3,75.0
2025-11-01,2026-04-01,5,Active,At-risk,Cleaning_CallCenters,plus,persona_x_initial_plan,1,25.0
2025-11-01,2026-04-01,5,Active,Active,Cleaning_CallCenters,start,persona_x_initial_plan,6,100.0
2025-11-01,2026-04-01,5,Active,Active,Consultant,business,persona_x_initial_plan,5,100.0
2025-11-01,2026-04-01,5,Active,Active,Consultant,free,persona_x_initial_plan,160,96.97
2025-11-01,2026-04-01,5,Active,At-risk,Consultant,free,persona_x_initial_plan,5,3.03
2025-11-01,2026-04-01,5,At-risk,Active,Consultant,free,persona_x_initial_plan,1,11.11
2025-11-01,2026-04-01,5,At-risk,At-risk,Consultant,free,persona_x_initial_plan,4,44.44
2025-11-01,2026-04-01,5,At-risk,Churned proxy,Consultant,free,persona_x_initial_plan,4,44.44
2025-11-01,2026-04-01,5,Churned proxy,Active,Consultant,free,persona_x_initial_plan,2,20.0
2025-11-01,2026-04-01,5,Churned proxy,Churned proxy,Consultant,free,persona_x_initial_plan,8,80.0
2025-11-01,2026-04-01,5,Active,Active,Consultant,plus,persona_x_initial_plan,38,97.44
2025-11-01,2026-04-01,5,Active,At-risk,Consultant,plus,persona_x_initial_plan,1,2.56
2025-11-01,2026-04-01,5,At-risk,At-risk,Consultant,plus,persona_x_initial_plan,1,100.0
2025-11-01,2026-04-01,5,Churned proxy,Churned proxy,Consultant,plus,persona_x_initial_plan,1,100.0
2025-11-01,2026-04-01,5,Active,Active,Consultant,start,persona_x_initial_plan,188,97.92
2025-11-01,2026-04-01,5,Active,At-risk,Consultant,start,persona_x_initial_plan,4,2.08
2025-11-01,2026-04-01,5,At-risk,Active,Consultant,start,persona_x_initial_plan,1,12.5
2025-11-01,2026-04-01,5,At-risk,At-risk,Consultant,start,persona_x_initial_plan,3,37.5
2025-11-01,2026-04-01,5,At-risk,Churned proxy,Consultant,start,persona_x_initial_plan,4,50.0
2025-11-01,2026-04-01,5,Churned proxy,Churned proxy,Consultant,start,persona_x_initial_plan,6,100.0
2025-11-01,2026-04-01,5,Active,Active,Developer_IT,business,persona_x_initial_plan,3,100.0
2025-11-01,2026-04-01,5,Churned proxy,Churned proxy,Developer_IT,business,persona_x_initial_plan,1,100.0
2025-11-01,2026-04-01,5,Active,Active,Developer_IT,free,persona_x_initial_plan,93,97.89
2025-11-01,2026-04-01,5,Active,At-risk,Developer_IT,free,persona_x_initial_plan,2,2.11
2025-11-01,2026-04-01,5,At-risk,Churned proxy,Developer_IT,free,persona_x_initial_plan,1,100.0
2025-11-01,2026-04-01,5,Churned proxy,Churned proxy,Developer_IT,free,persona_x_initial_plan,3,100.0
2025-11-01,2026-04-01,5,Active,Active,Developer_IT,plus,persona_x_initial_plan,12,100.0
2025-11-01,2026-04-01,5,At-risk,At-risk,Developer_IT,plus,persona_x_initial_plan,1,50.0
2025-11-01,2026-04-01,5,At-risk,Churned proxy,Developer_IT,plus,persona_x_initial_plan,1,50.0
2025-11-01,2026-04-01,5,Active,Active,Developer_IT,start,persona_x_initial_plan,107,97.27
2025-11-01,2026-04-01,5,Active,At-risk,Developer_IT,start,persona_x_initial_plan,3,2.73
2025-11-01,2026-04-01,5,Churned proxy,Active,Developer_IT,start,persona_x_initial_plan,1,33.33
2025-11-01,2026-04-01,5,Churned proxy,Churned proxy,Developer_IT,start,persona_x_initial_plan,2,66.67
2025-11-01,2026-04-01,5,Active,Active,Media_Publishing,business,persona_x_initial_plan,1,100.0
2025-11-01,2026-04-01,5,Active,Active,Media_Publishing,free,persona_x_initial_plan,43,100.0
2025-11-01,2026-04-01,5,Churned proxy,Active,Media_Publishing,free,persona_x_initial_plan,1,50.0
2025-11-01,2026-04-01,5,Churned proxy,Churned proxy,Media_Publishing,free,persona_x_initial_plan,1,50.0
2025-11-01,2026-04-01,5,Active,Active,Media_Publishing,plus,persona_x_initial_plan,6,100.0
2025-11-01,2026-04-01,5,At-risk,At-risk,Media_Publishing,plus,persona_x_initial_plan,1,100.0
2025-11-01,2026-04-01,5,Active,Active,Media_Publishing,start,persona_x_initial_plan,34,100.0
2025-11-01,2026-04-01,5,At-risk,Churned proxy,Media_Publishing,start,persona_x_initial_plan,1,100.0
2025-11-01,2026-04-01,5,Churned proxy,Active,Media_Publishing,start,persona_x_initial_plan,1,100.0
2025-11-01,2026-04-01,5,Active,Active,Medical_Professionals,free,persona_x_initial_plan,13,100.0
2025-11-01,2026-04-01,5,Active,Active,Medical_Professionals,plus,persona_x_initial_plan,1,100.0
2025-11-01,2026-04-01,5,Active,Active,Medical_Professionals,start,persona_x_initial_plan,13,100.0
2025-11-01,2026-04-01,5,At-risk,Churned proxy,Medical_Professionals,start,persona_x_initial_plan,2,100.0
2025-11-01,2026-04-01,5,Active,Active,Others,business,persona_x_initial_plan,2,50.0
2025-11-01,2026-04-01,5,Active,At-risk,Others,business,persona_x_initial_plan,2,50.0
2025-11-01,2026-04-01,5,At-risk,Churned proxy,Others,business,persona_x_initial_plan,1,100.0
2025-11-01,2026-04-01,5,Churned proxy,Churned proxy,Others,business,persona_x_initial_plan,2,100.0
2025-11-01,2026-04-01,5,Active,Active,Others,free,persona_x_initial_plan,113,100.0
2025-11-01,2026-04-01,5,At-risk,At-risk,Others,free,persona_x_initial_plan,4,44.44
2025-11-01,2026-04-01,5,At-risk,Churned proxy,Others,free,persona_x_initial_plan,5,55.56
2025-11-01,2026-04-01,5,Churned proxy,Churned proxy,Others,free,persona_x_initial_plan,8,100.0
2025-11-01,2026-04-01,5,Never monetized,Active,Others,free,persona_x_initial_plan,1,100.0
2025-11-01,2026-04-01,5,Active,Active,Others,plus,persona_x_initial_plan,49,100.0
2025-11-01,2026-04-01,5,At-risk,Active,Others,plus,persona_x_initial_plan,1,12.5
2025-11-01,2026-04-01,5,At-risk,At-risk,Others,plus,persona_x_initial_plan,3,37.5
2025-11-01,2026-04-01,5,At-risk,Churned proxy,Others,plus,persona_x_initial_plan,4,50.0
2025-11-01,2026-04-01,5,Churned proxy,Churned proxy,Others,plus,persona_x_initial_plan,6,100.0
2025-11-01,2026-04-01,5,Active,Active,Others,start,persona_x_initial_plan,143,97.28
2025-11-01,2026-04-01,5,Active,At-risk,Others,start,persona_x_initial_plan,4,2.72
2025-11-01,2026-04-01,5,At-risk,Active,Others,start,persona_x_initial_plan,1,20.0
2025-11-01,2026-04-01,5,At-risk,At-risk,Others,start,persona_x_initial_plan,1,20.0
2025-11-01,2026-04-01,5,At-risk,Churned proxy,Others,start,persona_x_initial_plan,3,60.0
2025-11-01,2026-04-01,5,Churned proxy,Churned proxy,Others,start,persona_x_initial_plan,8,100.0
2025-11-01,2026-04-01,5,Active,Active,Professeur,free,persona_x_initial_plan,32,100.0
2025-11-01,2026-04-01,5,At-risk,Active,Professeur,free,persona_x_initial_plan,1,20.0
2025-11-01,2026-04-01,5,At-risk,At-risk,Professeur,free,persona_x_initial_plan,2,40.0
2025-11-01,2026-04-01,5,At-risk,Churned proxy,Professeur,free,persona_x_initial_plan,2,40.0
2025-11-01,2026-04-01,5,Churned proxy,Churned proxy,Professeur,free,persona_x_initial_plan,2,100.0
2025-11-01,2026-04-01,5,Active,Active,Professeur,plus,persona_x_initial_plan,6,100.0
2025-11-01,2026-04-01,5,At-risk,At-risk,Professeur,plus,persona_x_initial_plan,1,100.0
2025-11-01,2026-04-01,5,Active,Active,Professeur,start,persona_x_initial_plan,29,100.0
2025-11-01,2026-04-01,5,Active,Active,Repair,free,persona_x_initial_plan,4,100.0
2025-11-01,2026-04-01,5,At-risk,Churned proxy,Repair,free,persona_x_initial_plan,1,100.0
2025-11-01,2026-04-01,5,Churned proxy,Churned proxy,Repair,free,persona_x_initial_plan,2,100.0
2025-11-01,2026-04-01,5,Active,Active,Repair,start,persona_x_initial_plan,7,100.0
2025-11-01,2026-04-01,5,At-risk,Churned proxy,Repair,start,persona_x_initial_plan,1,100.0
2025-11-01,2026-04-01,5,Active,Active,Repair_Installation,free,persona_x_initial_plan,3,100.0
2025-11-01,2026-04-01,5,Active,Active,Repair_Installation,plus,persona_x_initial_plan,1,100.0
2025-11-01,2026-04-01,5,Active,Active,Repair_Installation,start,persona_x_initial_plan,5,100.0
2025-11-01,2026-04-01,5,Active,Active,Restauration,free,persona_x_initial_plan,15,93.75
2025-11-01,2026-04-01,5,Active,At-risk,Restauration,free,persona_x_initial_plan,1,6.25
2025-11-01,2026-04-01,5,At-risk,At-risk,Restauration,free,persona_x_initial_plan,1,100.0
2025-11-01,2026-04-01,5,Churned proxy,Churned proxy,Restauration,free,persona_x_initial_plan,3,100.0
2025-11-01,2026-04-01,5,Active,Active,Restauration,plus,persona_x_initial_plan,8,100.0
2025-11-01,2026-04-01,5,Active,Active,Restauration,start,persona_x_initial_plan,26,92.86
2025-11-01,2026-04-01,5,Active,At-risk,Restauration,start,persona_x_initial_plan,2,7.14
2025-11-01,2026-04-01,5,At-risk,Churned proxy,Restauration,start,persona_x_initial_plan,1,100.0
2025-11-01,2026-04-01,5,Churned proxy,Churned proxy,Restauration,start,persona_x_initial_plan,2,100.0
2025-11-01,2026-04-01,5,Active,Active,Retail,business,persona_x_initial_plan,4,100.0
2025-11-01,2026-04-01,5,Churned proxy,Churned proxy,Retail,business,persona_x_initial_plan,1,100.0
2025-11-01,2026-04-01,5,Active,Active,Retail,free,persona_x_initial_plan,97,97.0
2025-11-01,2026-04-01,5,Active,At-risk,Retail,free,persona_x_initial_plan,3,3.0
2025-11-01,2026-04-01,5,At-risk,At-risk,Retail,free,persona_x_initial_plan,2,66.67
2025-11-01,2026-04-01,5,At-risk,Churned proxy,Retail,free,persona_x_initial_plan,1,33.33
2025-11-01,2026-04-01,5,Churned proxy,Churned proxy,Retail,free,persona_x_initial_plan,6,100.0
2025-11-01,2026-04-01,5,Never monetized,Never monetized,Retail,free,persona_x_initial_plan,1,100.0
2025-11-01,2026-04-01,5,Active,Active,Retail,plus,persona_x_initial_plan,35,97.22
2025-11-01,2026-04-01,5,Active,At-risk,Retail,plus,persona_x_initial_plan,1,2.78
2025-11-01,2026-04-01,5,At-risk,At-risk,Retail,plus,persona_x_initial_plan,1,20.0
2025-11-01,2026-04-01,5,At-risk,Churned proxy,Retail,plus,persona_x_initial_plan,4,80.0
2025-11-01,2026-04-01,5,Churned proxy,Churned proxy,Retail,plus,persona_x_initial_plan,4,100.0
2025-11-01,2026-04-01,5,Active,Active,Retail,start,persona_x_initial_plan,129,95.56
2025-11-01,2026-04-01,5,Active,At-risk,Retail,start,persona_x_initial_plan,6,4.44
2025-11-01,2026-04-01,5,At-risk,Active,Retail,start,persona_x_initial_plan,1,8.33
2025-11-01,2026-04-01,5,At-risk,At-risk,Retail,start,persona_x_initial_plan,5,41.67
2025-11-01,2026-04-01,5,At-risk,Churned proxy,Retail,start,persona_x_initial_plan,6,50.0
2025-11-01,2026-04-01,5,Churned proxy,Churned proxy,Retail,start,persona_x_initial_plan,13,100.0
2025-11-01,2026-04-01,5,Never monetized,Never monetized,Retail,start,persona_x_initial_plan,1,100.0
2025-11-01,2026-04-01,5,Active,Active,Wholesale,business,persona_x_initial_plan,3,75.0
2025-11-01,2026-04-01,5,Active,At-risk,Wholesale,business,persona_x_initial_plan,1,25.0
2025-11-01,2026-04-01,5,Active,Active,Wholesale,free,persona_x_initial_plan,17,100.0
2025-11-01,2026-04-01,5,At-risk,At-risk,Wholesale,free,persona_x_initial_plan,1,100.0
2025-11-01,2026-04-01,5,Active,Active,Wholesale,plus,persona_x_initial_plan,15,100.0
2025-11-01,2026-04-01,5,At-risk,Churned proxy,Wholesale,plus,persona_x_initial_plan,1,100.0
2025-11-01,2026-04-01,5,Churned proxy,Churned proxy,Wholesale,plus,persona_x_initial_plan,1,100.0
2025-11-01,2026-04-01,5,Active,Active,Wholesale,start,persona_x_initial_plan,21,100.0
2025-11-01,2026-04-01,5,At-risk,Churned proxy,Wholesale,start,persona_x_initial_plan,1,100.0
2025-11-01,2026-04-01,5,Never monetized,Never monetized,Wholesale,start,persona_x_initial_plan,1,100.0
2025-12-01,2026-01-01,1,Active,Active,ALL,business,initial_plan,42,64.62
2025-12-01,2026-01-01,1,Active,At-risk,ALL,business,initial_plan,23,35.38
2025-12-01,2026-01-01,1,Active,Active,ALL,free,initial_plan,1076,95.73
2025-12-01,2026-01-01,1,Active,At-risk,ALL,free,initial_plan,48,4.27
2025-12-01,2026-01-01,1,Never monetized,Active,ALL,free,initial_plan,1,20.0
2025-12-01,2026-01-01,1,Never monetized,Never monetized,ALL,free,initial_plan,4,80.0
2025-12-01,2026-01-01,1,Active,Active,ALL,plus,initial_plan,338,95.21
2025-12-01,2026-01-01,1,Active,At-risk,ALL,plus,initial_plan,17,4.79
2025-12-01,2026-01-01,1,Never monetized,Active,ALL,plus,initial_plan,1,50.0
2025-12-01,2026-01-01,1,Never monetized,Never monetized,ALL,plus,initial_plan,1,50.0
2025-12-01,2026-01-01,1,Active,Active,ALL,start,initial_plan,1125,97.83
2025-12-01,2026-01-01,1,Active,At-risk,ALL,start,initial_plan,25,2.17
2025-12-01,2026-01-01,1,Never monetized,Never monetized,ALL,start,initial_plan,5,100.0
2025-12-01,2026-01-01,1,Active,Active,ALL,ALL,overall,2581,95.81
2025-12-01,2026-01-01,1,Active,At-risk,ALL,ALL,overall,113,4.19
2025-12-01,2026-01-01,1,Never monetized,Active,ALL,ALL,overall,2,16.67
2025-12-01,2026-01-01,1,Never monetized,Never monetized,ALL,ALL,overall,10,83.33
2025-12-01,2026-01-01,1,Active,Active,Automobile_Trade_Repair,ALL,persona,117,96.69
2025-12-01,2026-01-01,1,Active,At-risk,Automobile_Trade_Repair,ALL,persona,4,3.31
2025-12-01,2026-01-01,1,Never monetized,Never monetized,Automobile_Trade_Repair,ALL,persona,2,100.0
2025-12-01,2026-01-01,1,Active,Active,BTP,ALL,persona,442,95.88
2025-12-01,2026-01-01,1,Active,At-risk,BTP,ALL,persona,19,4.12
2025-12-01,2026-01-01,1,Active,Active,Bankers_Insurance,ALL,persona,37,94.87
2025-12-01,2026-01-01,1,Active,At-risk,Bankers_Insurance,ALL,persona,2,5.13
2025-12-01,2026-01-01,1,Active,Active,Bikers_Drivers,ALL,persona,135,90.0
2025-12-01,2026-01-01,1,Active,At-risk,Bikers_Drivers,ALL,persona,15,10.0
2025-12-01,2026-01-01,1,Never monetized,Active,Bikers_Drivers,ALL,persona,1,50.0
2025-12-01,2026-01-01,1,Never monetized,Never monetized,Bikers_Drivers,ALL,persona,1,50.0
2025-12-01,2026-01-01,1,Active,Active,Cleaning_CallCenters,ALL,persona,9,90.0
2025-12-01,2026-01-01,1,Active,At-risk,Cleaning_CallCenters,ALL,persona,1,10.0
2025-12-01,2026-01-01,1,Never monetized,Never monetized,Cleaning_CallCenters,ALL,persona,1,100.0
2025-12-01,2026-01-01,1,Active,Active,Consultant,ALL,persona,442,96.51
2025-12-01,2026-01-01,1,Active,At-risk,Consultant,ALL,persona,16,3.49
2025-12-01,2026-01-01,1,Never monetized,Never monetized,Consultant,ALL,persona,1,100.0
2025-12-01,2026-01-01,1,Active,Active,Developer_IT,ALL,persona,222,96.52
2025-12-01,2026-01-01,1,Active,At-risk,Developer_IT,ALL,persona,8,3.48
2025-12-01,2026-01-01,1,Never monetized,Never monetized,Developer_IT,ALL,persona,1,100.0
2025-12-01,2026-01-01,1,Active,Active,Media_Publishing,ALL,persona,103,96.26
2025-12-01,2026-01-01,1,Active,At-risk,Media_Publishing,ALL,persona,4,3.74
2025-12-01,2026-01-01,1,Never monetized,Active,Media_Publishing,ALL,persona,1,50.0
2025-12-01,2026-01-01,1,Never monetized,Never monetized,Media_Publishing,ALL,persona,1,50.0
2025-12-01,2026-01-01,1,Active,Active,Medical_Professionals,ALL,persona,28,100.0
2025-12-01,2026-01-01,1,Active,Active,Others,ALL,persona,428,94.69
2025-12-01,2026-01-01,1,Active,At-risk,Others,ALL,persona,24,5.31
2025-12-01,2026-01-01,1,Active,Active,Professeur,ALL,persona,80,96.39
2025-12-01,2026-01-01,1,Active,At-risk,Professeur,ALL,persona,3,3.61
2025-12-01,2026-01-01,1,Active,Active,Repair,ALL,persona,18,94.74
2025-12-01,2026-01-01,1,Active,At-risk,Repair,ALL,persona,1,5.26
2025-12-01,2026-01-01,1,Active,Active,Repair_Installation,ALL,persona,4,100.0
2025-12-01,2026-01-01,1,Active,Active,Restauration,ALL,persona,79,97.53
2025-12-01,2026-01-01,1,Active,At-risk,Restauration,ALL,persona,2,2.47
2025-12-01,2026-01-01,1,Active,Active,Retail,ALL,persona,372,96.62
2025-12-01,2026-01-01,1,Active,At-risk,Retail,ALL,persona,13,3.38
2025-12-01,2026-01-01,1,Never monetized,Never monetized,Retail,ALL,persona,2,100.0
2025-12-01,2026-01-01,1,Active,Active,Wholesale,ALL,persona,65,98.48
2025-12-01,2026-01-01,1,Active,At-risk,Wholesale,ALL,persona,1,1.52
2025-12-01,2026-01-01,1,Never monetized,Never monetized,Wholesale,ALL,persona,1,100.0
2025-12-01,2026-01-01,1,Active,Active,Automobile_Trade_Repair,business,persona_x_initial_plan,4,100.0
2025-12-01,2026-01-01,1,Active,Active,Automobile_Trade_Repair,free,persona_x_initial_plan,27,93.1
2025-12-01,2026-01-01,1,Active,At-risk,Automobile_Trade_Repair,free,persona_x_initial_plan,2,6.9
2025-12-01,2026-01-01,1,Never monetized,Never monetized,Automobile_Trade_Repair,free,persona_x_initial_plan,1,100.0
2025-12-01,2026-01-01,1,Active,Active,Automobile_Trade_Repair,plus,persona_x_initial_plan,24,96.0
2025-12-01,2026-01-01,1,Active,At-risk,Automobile_Trade_Repair,plus,persona_x_initial_plan,1,4.0
2025-12-01,2026-01-01,1,Active,Active,Automobile_Trade_Repair,start,persona_x_initial_plan,62,98.41
2025-12-01,2026-01-01,1,Active,At-risk,Automobile_Trade_Repair,start,persona_x_initial_plan,1,1.59
2025-12-01,2026-01-01,1,Never monetized,Never monetized,Automobile_Trade_Repair,start,persona_x_initial_plan,1,100.0
2025-12-01,2026-01-01,1,Active,Active,BTP,business,persona_x_initial_plan,16,76.19
2025-12-01,2026-01-01,1,Active,At-risk,BTP,business,persona_x_initial_plan,5,23.81
2025-12-01,2026-01-01,1,Active,Active,BTP,free,persona_x_initial_plan,168,96.0
2025-12-01,2026-01-01,1,Active,At-risk,BTP,free,persona_x_initial_plan,7,4.0
2025-12-01,2026-01-01,1,Active,Active,BTP,plus,persona_x_initial_plan,92,95.83
2025-12-01,2026-01-01,1,Active,At-risk,BTP,plus,persona_x_initial_plan,4,4.17
2025-12-01,2026-01-01,1,Active,Active,BTP,start,persona_x_initial_plan,166,98.22
2025-12-01,2026-01-01,1,Active,At-risk,BTP,start,persona_x_initial_plan,3,1.78
2025-12-01,2026-01-01,1,Active,Active,Bankers_Insurance,free,persona_x_initial_plan,24,92.31
2025-12-01,2026-01-01,1,Active,At-risk,Bankers_Insurance,free,persona_x_initial_plan,2,7.69
2025-12-01,2026-01-01,1,Active,Active,Bankers_Insurance,plus,persona_x_initial_plan,3,100.0
2025-12-01,2026-01-01,1,Active,Active,Bankers_Insurance,start,persona_x_initial_plan,10,100.0
2025-12-01,2026-01-01,1,Active,Active,Bikers_Drivers,business,persona_x_initial_plan,4,80.0
2025-12-01,2026-01-01,1,Active,At-risk,Bikers_Drivers,business,persona_x_initial_plan,1,20.0
2025-12-01,2026-01-01,1,Active,Active,Bikers_Drivers,free,persona_x_initial_plan,53,88.33
2025-12-01,2026-01-01,1,Active,At-risk,Bikers_Drivers,free,persona_x_initial_plan,7,11.67
2025-12-01,2026-01-01,1,Never monetized,Active,Bikers_Drivers,free,persona_x_initial_plan,1,50.0
2025-12-01,2026-01-01,1,Never monetized,Never monetized,Bikers_Drivers,free,persona_x_initial_plan,1,50.0
2025-12-01,2026-01-01,1,Active,Active,Bikers_Drivers,plus,persona_x_initial_plan,22,91.67
2025-12-01,2026-01-01,1,Active,At-risk,Bikers_Drivers,plus,persona_x_initial_plan,2,8.33
2025-12-01,2026-01-01,1,Active,Active,Bikers_Drivers,start,persona_x_initial_plan,56,91.8
2025-12-01,2026-01-01,1,Active,At-risk,Bikers_Drivers,start,persona_x_initial_plan,5,8.2
2025-12-01,2026-01-01,1,Active,Active,Cleaning_CallCenters,free,persona_x_initial_plan,3,100.0
2025-12-01,2026-01-01,1,Active,Active,Cleaning_CallCenters,plus,persona_x_initial_plan,3,100.0
2025-12-01,2026-01-01,1,Never monetized,Never monetized,Cleaning_CallCenters,plus,persona_x_initial_plan,1,100.0
2025-12-01,2026-01-01,1,Active,Active,Cleaning_CallCenters,start,persona_x_initial_plan,3,75.0
2025-12-01,2026-01-01,1,Active,At-risk,Cleaning_CallCenters,start,persona_x_initial_plan,1,25.0
2025-12-01,2026-01-01,1,Active,Active,Consultant,business,persona_x_initial_plan,1,25.0
2025-12-01,2026-01-01,1,Active,At-risk,Consultant,business,persona_x_initial_plan,3,75.0
2025-12-01,2026-01-01,1,Active,Active,Consultant,free,persona_x_initial_plan,214,96.83
2025-12-01,2026-01-01,1,Active,At-risk,Consultant,free,persona_x_initial_plan,7,3.17
2025-12-01,2026-01-01,1,Never monetized,Never monetized,Consultant,free,persona_x_initial_plan,1,100.0
2025-12-01,2026-01-01,1,Active,Active,Consultant,plus,persona_x_initial_plan,26,92.86
2025-12-01,2026-01-01,1,Active,At-risk,Consultant,plus,persona_x_initial_plan,2,7.14
2025-12-01,2026-01-01,1,Active,Active,Consultant,start,persona_x_initial_plan,201,98.05
2025-12-01,2026-01-01,1,Active,At-risk,Consultant,start,persona_x_initial_plan,4,1.95
2025-12-01,2026-01-01,1,Active,Active,Developer_IT,free,persona_x_initial_plan,94,93.07
2025-12-01,2026-01-01,1,Active,At-risk,Developer_IT,free,persona_x_initial_plan,7,6.93
2025-12-01,2026-01-01,1,Active,Active,Developer_IT,plus,persona_x_initial_plan,13,100.0
2025-12-01,2026-01-01,1,Active,Active,Developer_IT,start,persona_x_initial_plan,115,99.14
2025-12-01,2026-01-01,1,Active,At-risk,Developer_IT,start,persona_x_initial_plan,1,0.86
2025-12-01,2026-01-01,1,Never monetized,Never monetized,Developer_IT,start,persona_x_initial_plan,1,100.0
2025-12-01,2026-01-01,1,Active,Active,Media_Publishing,business,persona_x_initial_plan,1,100.0
2025-12-01,2026-01-01,1,Active,Active,Media_Publishing,free,persona_x_initial_plan,53,96.36
2025-12-01,2026-01-01,1,Active,At-risk,Media_Publishing,free,persona_x_initial_plan,2,3.64
2025-12-01,2026-01-01,1,Active,Active,Media_Publishing,plus,persona_x_initial_plan,6,85.71
2025-12-01,2026-01-01,1,Active,At-risk,Media_Publishing,plus,persona_x_initial_plan,1,14.29
2025-12-01,2026-01-01,1,Never monetized,Active,Media_Publishing,plus,persona_x_initial_plan,1,100.0
2025-12-01,2026-01-01,1,Active,Active,Media_Publishing,start,persona_x_initial_plan,43,97.73
2025-12-01,2026-01-01,1,Active,At-risk,Media_Publishing,start,persona_x_initial_plan,1,2.27
2025-12-01,2026-01-01,1,Never monetized,Never monetized,Media_Publishing,start,persona_x_initial_plan,1,100.0
2025-12-01,2026-01-01,1,Active,Active,Medical_Professionals,free,persona_x_initial_plan,11,100.0
2025-12-01,2026-01-01,1,Active,Active,Medical_Professionals,plus,persona_x_initial_plan,3,100.0
2025-12-01,2026-01-01,1,Active,Active,Medical_Professionals,start,persona_x_initial_plan,14,100.0
2025-12-01,2026-01-01,1,Active,Active,Others,business,persona_x_initial_plan,8,44.44
2025-12-01,2026-01-01,1,Active,At-risk,Others,business,persona_x_initial_plan,10,55.56
2025-12-01,2026-01-01,1,Active,Active,Others,free,persona_x_initial_plan,177,96.72
2025-12-01,2026-01-01,1,Active,At-risk,Others,free,persona_x_initial_plan,6,3.28
2025-12-01,2026-01-01,1,Active,Active,Others,plus,persona_x_initial_plan,56,93.33
2025-12-01,2026-01-01,1,Active,At-risk,Others,plus,persona_x_initial_plan,4,6.67
2025-12-01,2026-01-01,1,Active,Active,Others,start,persona_x_initial_plan,187,97.91
2025-12-01,2026-01-01,1,Active,At-risk,Others,start,persona_x_initial_plan,4,2.09
2025-12-01,2026-01-01,1,Active,Active,Professeur,business,persona_x_initial_plan,1,50.0
2025-12-01,2026-01-01,1,Active,At-risk,Professeur,business,persona_x_initial_plan,1,50.0
2025-12-01,2026-01-01,1,Active,Active,Professeur,free,persona_x_initial_plan,31,93.94
2025-12-01,2026-01-01,1,Active,At-risk,Professeur,free,persona_x_initial_plan,2,6.06
2025-12-01,2026-01-01,1,Active,Active,Professeur,plus,persona_x_initial_plan,5,100.0
2025-12-01,2026-01-01,1,Active,Active,Professeur,start,persona_x_initial_plan,43,100.0
2025-12-01,2026-01-01,1,Active,At-risk,Repair,business,persona_x_initial_plan,1,100.0
2025-12-01,2026-01-01,1,Active,Active,Repair,free,persona_x_initial_plan,8,100.0
2025-12-01,2026-01-01,1,Active,Active,Repair,plus,persona_x_initial_plan,2,100.0
2025-12-01,2026-01-01,1,Active,Active,Repair,start,persona_x_initial_plan,8,100.0
2025-12-01,2026-01-01,1,Active,Active,Repair_Installation,free,persona_x_initial_plan,2,100.0
2025-12-01,2026-01-01,1,Active,Active,Repair_Installation,start,persona_x_initial_plan,2,100.0
2025-12-01,2026-01-01,1,Active,At-risk,Restauration,business,persona_x_initial_plan,1,100.0
2025-12-01,2026-01-01,1,Active,Active,Restauration,free,persona_x_initial_plan,33,97.06
2025-12-01,2026-01-01,1,Active,At-risk,Restauration,free,persona_x_initial_plan,1,2.94
2025-12-01,2026-01-01,1,Active,Active,Restauration,plus,persona_x_initial_plan,13,100.0
2025-12-01,2026-01-01,1,Active,Active,Restauration,start,persona_x_initial_plan,33,100.0
2025-12-01,2026-01-01,1,Active,Active,Retail,business,persona_x_initial_plan,2,66.67
2025-12-01,2026-01-01,1,Active,At-risk,Retail,business,persona_x_initial_plan,1,33.33
2025-12-01,2026-01-01,1,Active,Active,Retail,free,persona_x_initial_plan,167,97.66
2025-12-01,2026-01-01,1,Active,At-risk,Retail,free,persona_x_initial_plan,4,2.34
2025-12-01,2026-01-01,1,Never monetized,Never monetized,Retail,free,persona_x_initial_plan,1,100.0
2025-12-01,2026-01-01,1,Active,Active,Retail,plus,persona_x_initial_plan,54,94.74
2025-12-01,2026-01-01,1,Active,At-risk,Retail,plus,persona_x_initial_plan,3,5.26
2025-12-01,2026-01-01,1,Active,Active,Retail,start,persona_x_initial_plan,149,96.75
2025-12-01,2026-01-01,1,Active,At-risk,Retail,start,persona_x_initial_plan,5,3.25
2025-12-01,2026-01-01,1,Never monetized,Never monetized,Retail,start,persona_x_initial_plan,1,100.0
2025-12-01,2026-01-01,1,Active,Active,Wholesale,business,persona_x_initial_plan,5,100.0
2025-12-01,2026-01-01,1,Active,Active,Wholesale,free,persona_x_initial_plan,11,91.67
2025-12-01,2026-01-01,1,Active,At-risk,Wholesale,free,persona_x_initial_plan,1,8.33
2025-12-01,2026-01-01,1,Active,Active,Wholesale,plus,persona_x_initial_plan,16,100.0
2025-12-01,2026-01-01,1,Active,Active,Wholesale,start,persona_x_initial_plan,33,100.0
2025-12-01,2026-01-01,1,Never monetized,Never monetized,Wholesale,start,persona_x_initial_plan,1,100.0
2025-12-01,2026-02-01,2,Active,Active,ALL,business,initial_plan,39,92.86
2025-12-01,2026-02-01,2,Active,At-risk,ALL,business,initial_plan,3,7.14
2025-12-01,2026-02-01,2,At-risk,At-risk,ALL,business,initial_plan,23,100.0
2025-12-01,2026-02-01,2,Active,Active,ALL,free,initial_plan,1035,96.1
2025-12-01,2026-02-01,2,Active,At-risk,ALL,free,initial_plan,42,3.9
2025-12-01,2026-02-01,2,At-risk,Active,ALL,free,initial_plan,8,16.67
2025-12-01,2026-02-01,2,At-risk,At-risk,ALL,free,initial_plan,40,83.33
2025-12-01,2026-02-01,2,Never monetized,Never monetized,ALL,free,initial_plan,4,100.0
2025-12-01,2026-02-01,2,Active,Active,ALL,plus,initial_plan,318,93.81
2025-12-01,2026-02-01,2,Active,At-risk,ALL,plus,initial_plan,21,6.19
2025-12-01,2026-02-01,2,At-risk,Active,ALL,plus,initial_plan,5,29.41
2025-12-01,2026-02-01,2,At-risk,At-risk,ALL,plus,initial_plan,12,70.59
2025-12-01,2026-02-01,2,Never monetized,Never monetized,ALL,plus,initial_plan,1,100.0
2025-12-01,2026-02-01,2,Active,Active,ALL,start,initial_plan,1091,96.98
2025-12-01,2026-02-01,2,Active,At-risk,ALL,start,initial_plan,34,3.02
2025-12-01,2026-02-01,2,At-risk,Active,ALL,start,initial_plan,5,20.0
2025-12-01,2026-02-01,2,At-risk,At-risk,ALL,start,initial_plan,20,80.0
2025-12-01,2026-02-01,2,Never monetized,Active,ALL,start,initial_plan,1,20.0
2025-12-01,2026-02-01,2,Never monetized,Never monetized,ALL,start,initial_plan,4,80.0
2025-12-01,2026-02-01,2,Active,Active,ALL,ALL,overall,2483,96.13
2025-12-01,2026-02-01,2,Active,At-risk,ALL,ALL,overall,100,3.87
2025-12-01,2026-02-01,2,At-risk,Active,ALL,ALL,overall,18,15.93
2025-12-01,2026-02-01,2,At-risk,At-risk,ALL,ALL,overall,95,84.07
2025-12-01,2026-02-01,2,Never monetized,Active,ALL,ALL,overall,1,10.0
2025-12-01,2026-02-01,2,Never monetized,Never monetized,ALL,ALL,overall,9,90.0
2025-12-01,2026-02-01,2,Active,Active,Automobile_Trade_Repair,ALL,persona,109,93.16
2025-12-01,2026-02-01,2,Active,At-risk,Automobile_Trade_Repair,ALL,persona,8,6.84
2025-12-01,2026-02-01,2,At-risk,At-risk,Automobile_Trade_Repair,ALL,persona,4,100.0
2025-12-01,2026-02-01,2,Never monetized,Never monetized,Automobile_Trade_Repair,ALL,persona,2,100.0
2025-12-01,2026-02-01,2,Active,Active,BTP,ALL,persona,429,97.06
2025-12-01,2026-02-01,2,Active,At-risk,BTP,ALL,persona,13,2.94
2025-12-01,2026-02-01,2,At-risk,Active,BTP,ALL,persona,3,15.79
2025-12-01,2026-02-01,2,At-risk,At-risk,BTP,ALL,persona,16,84.21
2025-12-01,2026-02-01,2,Active,Active,Bankers_Insurance,ALL,persona,34,91.89
2025-12-01,2026-02-01,2,Active,At-risk,Bankers_Insurance,ALL,persona,3,8.11
2025-12-01,2026-02-01,2,At-risk,At-risk,Bankers_Insurance,ALL,persona,2,100.0
2025-12-01,2026-02-01,2,Active,Active,Bikers_Drivers,ALL,persona,129,94.85
2025-12-01,2026-02-01,2,Active,At-risk,Bikers_Drivers,ALL,persona,7,5.15
2025-12-01,2026-02-01,2,At-risk,Active,Bikers_Drivers,ALL,persona,2,13.33
2025-12-01,2026-02-01,2,At-risk,At-risk,Bikers_Drivers,ALL,persona,13,86.67
2025-12-01,2026-02-01,2,Never monetized,Never monetized,Bikers_Drivers,ALL,persona,1,100.0
2025-12-01,2026-02-01,2,Active,Active,Cleaning_CallCenters,ALL,persona,9,100.0
2025-12-01,2026-02-01,2,At-risk,At-risk,Cleaning_CallCenters,ALL,persona,1,100.0
2025-12-01,2026-02-01,2,Never monetized,Never monetized,Cleaning_CallCenters,ALL,persona,1,100.0
2025-12-01,2026-02-01,2,Active,Active,Consultant,ALL,persona,432,97.74
2025-12-01,2026-02-01,2,Active,At-risk,Consultant,ALL,persona,10,2.26
2025-12-01,2026-02-01,2,At-risk,Active,Consultant,ALL,persona,4,25.0
2025-12-01,2026-02-01,2,At-risk,At-risk,Consultant,ALL,persona,12,75.0
2025-12-01,2026-02-01,2,Never monetized,Never monetized,Consultant,ALL,persona,1,100.0
2025-12-01,2026-02-01,2,Active,Active,Developer_IT,ALL,persona,216,97.3
2025-12-01,2026-02-01,2,Active,At-risk,Developer_IT,ALL,persona,6,2.7
2025-12-01,2026-02-01,2,At-risk,Active,Developer_IT,ALL,persona,1,12.5
2025-12-01,2026-02-01,2,At-risk,At-risk,Developer_IT,ALL,persona,7,87.5
2025-12-01,2026-02-01,2,Never monetized,Never monetized,Developer_IT,ALL,persona,1,100.0
2025-12-01,2026-02-01,2,Active,Active,Media_Publishing,ALL,persona,101,97.12
2025-12-01,2026-02-01,2,Active,At-risk,Media_Publishing,ALL,persona,3,2.88
2025-12-01,2026-02-01,2,At-risk,Active,Media_Publishing,ALL,persona,1,25.0
2025-12-01,2026-02-01,2,At-risk,At-risk,Media_Publishing,ALL,persona,3,75.0
2025-12-01,2026-02-01,2,Never monetized,Active,Media_Publishing,ALL,persona,1,100.0
2025-12-01,2026-02-01,2,Active,Active,Medical_Professionals,ALL,persona,27,96.43
2025-12-01,2026-02-01,2,Active,At-risk,Medical_Professionals,ALL,persona,1,3.57
2025-12-01,2026-02-01,2,Active,Active,Others,ALL,persona,411,96.03
2025-12-01,2026-02-01,2,Active,At-risk,Others,ALL,persona,17,3.97
2025-12-01,2026-02-01,2,At-risk,Active,Others,ALL,persona,2,8.33
2025-12-01,2026-02-01,2,At-risk,At-risk,Others,ALL,persona,22,91.67
2025-12-01,2026-02-01,2,Active,Active,Professeur,ALL,persona,77,96.25
2025-12-01,2026-02-01,2,Active,At-risk,Professeur,ALL,persona,3,3.75
2025-12-01,2026-02-01,2,At-risk,At-risk,Professeur,ALL,persona,3,100.0
2025-12-01,2026-02-01,2,Active,Active,Repair,ALL,persona,18,100.0
2025-12-01,2026-02-01,2,At-risk,At-risk,Repair,ALL,persona,1,100.0
2025-12-01,2026-02-01,2,Active,Active,Repair_Installation,ALL,persona,4,100.0
2025-12-01,2026-02-01,2,Active,Active,Restauration,ALL,persona,74,93.67
2025-12-01,2026-02-01,2,Active,At-risk,Restauration,ALL,persona,5,6.33
2025-12-01,2026-02-01,2,At-risk,At-risk,Restauration,ALL,persona,2,100.0
2025-12-01,2026-02-01,2,Active,Active,Retail,ALL,persona,350,94.09
2025-12-01,2026-02-01,2,Active,At-risk,Retail,ALL,persona,22,5.91
2025-12-01,2026-02-01,2,At-risk,Active,Retail,ALL,persona,5,38.46
2025-12-01,2026-02-01,2,At-risk,At-risk,Retail,ALL,persona,8,61.54
2025-12-01,2026-02-01,2,Never monetized,Never monetized,Retail,ALL,persona,2,100.0
2025-12-01,2026-02-01,2,Active,Active,Wholesale,ALL,persona,63,96.92
2025-12-01,2026-02-01,2,Active,At-risk,Wholesale,ALL,persona,2,3.08
2025-12-01,2026-02-01,2,At-risk,At-risk,Wholesale,ALL,persona,1,100.0
2025-12-01,2026-02-01,2,Never monetized,Never monetized,Wholesale,ALL,persona,1,100.0
2025-12-01,2026-02-01,2,Active,Active,Automobile_Trade_Repair,business,persona_x_initial_plan,4,100.0
2025-12-01,2026-02-01,2,Active,Active,Automobile_Trade_Repair,free,persona_x_initial_plan,27,100.0
2025-12-01,2026-02-01,2,At-risk,At-risk,Automobile_Trade_Repair,free,persona_x_initial_plan,2,100.0
2025-12-01,2026-02-01,2,Never monetized,Never monetized,Automobile_Trade_Repair,free,persona_x_initial_plan,1,100.0
2025-12-01,2026-02-01,2,Active,Active,Automobile_Trade_Repair,plus,persona_x_initial_plan,20,83.33
2025-12-01,2026-02-01,2,Active,At-risk,Automobile_Trade_Repair,plus,persona_x_initial_plan,4,16.67
2025-12-01,2026-02-01,2,At-risk,At-risk,Automobile_Trade_Repair,plus,persona_x_initial_plan,1,100.0
2025-12-01,2026-02-01,2,Active,Active,Automobile_Trade_Repair,start,persona_x_initial_plan,58,93.55
2025-12-01,2026-02-01,2,Active,At-risk,Automobile_Trade_Repair,start,persona_x_initial_plan,4,6.45
2025-12-01,2026-02-01,2,At-risk,At-risk,Automobile_Trade_Repair,start,persona_x_initial_plan,1,100.0
2025-12-01,2026-02-01,2,Never monetized,Never monetized,Automobile_Trade_Repair,start,persona_x_initial_plan,1,100.0
2025-12-01,2026-02-01,2,Active,Active,BTP,business,persona_x_initial_plan,15,93.75
2025-12-01,2026-02-01,2,Active,At-risk,BTP,business,persona_x_initial_plan,1,6.25
2025-12-01,2026-02-01,2,At-risk,At-risk,BTP,business,persona_x_initial_plan,5,100.0
2025-12-01,2026-02-01,2,Active,Active,BTP,free,persona_x_initial_plan,161,95.83
2025-12-01,2026-02-01,2,Active,At-risk,BTP,free,persona_x_initial_plan,7,4.17
2025-12-01,2026-02-01,2,At-risk,Active,BTP,free,persona_x_initial_plan,1,14.29
2025-12-01,2026-02-01,2,At-risk,At-risk,BTP,free,persona_x_initial_plan,6,85.71
2025-12-01,2026-02-01,2,Active,Active,BTP,plus,persona_x_initial_plan,91,98.91
2025-12-01,2026-02-01,2,Active,At-risk,BTP,plus,persona_x_initial_plan,1,1.09
2025-12-01,2026-02-01,2,At-risk,Active,BTP,plus,persona_x_initial_plan,2,50.0
2025-12-01,2026-02-01,2,At-risk,At-risk,BTP,plus,persona_x_initial_plan,2,50.0
2025-12-01,2026-02-01,2,Active,Active,BTP,start,persona_x_initial_plan,162,97.59
2025-12-01,2026-02-01,2,Active,At-risk,BTP,start,persona_x_initial_plan,4,2.41
2025-12-01,2026-02-01,2,At-risk,At-risk,BTP,start,persona_x_initial_plan,3,100.0
2025-12-01,2026-02-01,2,Active,Active,Bankers_Insurance,free,persona_x_initial_plan,22,91.67
2025-12-01,2026-02-01,2,Active,At-risk,Bankers_Insurance,free,persona_x_initial_plan,2,8.33
2025-12-01,2026-02-01,2,At-risk,At-risk,Bankers_Insurance,free,persona_x_initial_plan,2,100.0
2025-12-01,2026-02-01,2,Active,Active,Bankers_Insurance,plus,persona_x_initial_plan,3,100.0
2025-12-01,2026-02-01,2,Active,Active,Bankers_Insurance,start,persona_x_initial_plan,9,90.0
2025-12-01,2026-02-01,2,Active,At-risk,Bankers_Insurance,start,persona_x_initial_plan,1,10.0
2025-12-01,2026-02-01,2,Active,Active,Bikers_Drivers,business,persona_x_initial_plan,3,75.0
2025-12-01,2026-02-01,2,Active,At-risk,Bikers_Drivers,business,persona_x_initial_plan,1,25.0
2025-12-01,2026-02-01,2,At-risk,At-risk,Bikers_Drivers,business,persona_x_initial_plan,1,100.0
2025-12-01,2026-02-01,2,Active,Active,Bikers_Drivers,free,persona_x_initial_plan,49,90.74
2025-12-01,2026-02-01,2,Active,At-risk,Bikers_Drivers,free,persona_x_initial_plan,5,9.26
2025-12-01,2026-02-01,2,At-risk,Active,Bikers_Drivers,free,persona_x_initial_plan,1,14.29
2025-12-01,2026-02-01,2,At-risk,At-risk,Bikers_Drivers,free,persona_x_initial_plan,6,85.71
2025-12-01,2026-02-01,2,Never monetized,Never monetized,Bikers_Drivers,free,persona_x_initial_plan,1,100.0
2025-12-01,2026-02-01,2,Active,Active,Bikers_Drivers,plus,persona_x_initial_plan,21,95.45
2025-12-01,2026-02-01,2,Active,At-risk,Bikers_Drivers,plus,persona_x_initial_plan,1,4.55
2025-12-01,2026-02-01,2,At-risk,At-risk,Bikers_Drivers,plus,persona_x_initial_plan,2,100.0
2025-12-01,2026-02-01,2,Active,Active,Bikers_Drivers,start,persona_x_initial_plan,56,100.0
2025-12-01,2026-02-01,2,At-risk,Active,Bikers_Drivers,start,persona_x_initial_plan,1,20.0
2025-12-01,2026-02-01,2,At-risk,At-risk,Bikers_Drivers,start,persona_x_initial_plan,4,80.0
2025-12-01,2026-02-01,2,Active,Active,Cleaning_CallCenters,free,persona_x_initial_plan,3,100.0
2025-12-01,2026-02-01,2,Active,Active,Cleaning_CallCenters,plus,persona_x_initial_plan,3,100.0
2025-12-01,2026-02-01,2,Never monetized,Never monetized,Cleaning_CallCenters,plus,persona_x_initial_plan,1,100.0
2025-12-01,2026-02-01,2,Active,Active,Cleaning_CallCenters,start,persona_x_initial_plan,3,100.0
2025-12-01,2026-02-01,2,At-risk,At-risk,Cleaning_CallCenters,start,persona_x_initial_plan,1,100.0
2025-12-01,2026-02-01,2,Active,Active,Consultant,business,persona_x_initial_plan,1,100.0
2025-12-01,2026-02-01,2,At-risk,At-risk,Consultant,business,persona_x_initial_plan,3,100.0
2025-12-01,2026-02-01,2,Active,Active,Consultant,free,persona_x_initial_plan,212,99.07
2025-12-01,2026-02-01,2,Active,At-risk,Consultant,free,persona_x_initial_plan,2,0.93
2025-12-01,2026-02-01,2,At-risk,Active,Consultant,free,persona_x_initial_plan,2,28.57
2025-12-01,2026-02-01,2,At-risk,At-risk,Consultant,free,persona_x_initial_plan,5,71.43
2025-12-01,2026-02-01,2,Never monetized,Never monetized,Consultant,free,persona_x_initial_plan,1,100.0
2025-12-01,2026-02-01,2,Active,Active,Consultant,plus,persona_x_initial_plan,24,92.31
2025-12-01,2026-02-01,2,Active,At-risk,Consultant,plus,persona_x_initial_plan,2,7.69
2025-12-01,2026-02-01,2,At-risk,At-risk,Consultant,plus,persona_x_initial_plan,2,100.0
2025-12-01,2026-02-01,2,Active,Active,Consultant,start,persona_x_initial_plan,195,97.01
2025-12-01,2026-02-01,2,Active,At-risk,Consultant,start,persona_x_initial_plan,6,2.99
2025-12-01,2026-02-01,2,At-risk,Active,Consultant,start,persona_x_initial_plan,2,50.0
2025-12-01,2026-02-01,2,At-risk,At-risk,Consultant,start,persona_x_initial_plan,2,50.0
2025-12-01,2026-02-01,2,Active,Active,Developer_IT,free,persona_x_initial_plan,92,97.87
2025-12-01,2026-02-01,2,Active,At-risk,Developer_IT,free,persona_x_initial_plan,2,2.13
2025-12-01,2026-02-01,2,At-risk,Active,Developer_IT,free,persona_x_initial_plan,1,14.29
2025-12-01,2026-02-01,2,At-risk,At-risk,Developer_IT,free,persona_x_initial_plan,6,85.71
2025-12-01,2026-02-01,2,Active,Active,Developer_IT,plus,persona_x_initial_plan,10,76.92
2025-12-01,2026-02-01,2,Active,At-risk,Developer_IT,plus,persona_x_initial_plan,3,23.08
2025-12-01,2026-02-01,2,Active,Active,Developer_IT,start,persona_x_initial_plan,114,99.13
2025-12-01,2026-02-01,2,Active,At-risk,Developer_IT,start,persona_x_initial_plan,1,0.87
2025-12-01,2026-02-01,2,At-risk,At-risk,Developer_IT,start,persona_x_initial_plan,1,100.0
2025-12-01,2026-02-01,2,Never monetized,Never monetized,Developer_IT,start,persona_x_initial_plan,1,100.0
2025-12-01,2026-02-01,2,Active,Active,Media_Publishing,business,persona_x_initial_plan,1,100.0
2025-12-01,2026-02-01,2,Active,Active,Media_Publishing,free,persona_x_initial_plan,51,96.23
2025-12-01,2026-02-01,2,Active,At-risk,Media_Publishing,free,persona_x_initial_plan,2,3.77
2025-12-01,2026-02-01,2,At-risk,Active,Media_Publishing,free,persona_x_initial_plan,1,50.0
2025-12-01,2026-02-01,2,At-risk,At-risk,Media_Publishing,free,persona_x_initial_plan,1,50.0
2025-12-01,2026-02-01,2,Active,Active,Media_Publishing,plus,persona_x_initial_plan,7,100.0
2025-12-01,2026-02-01,2,At-risk,At-risk,Media_Publishing,plus,persona_x_initial_plan,1,100.0
2025-12-01,2026-02-01,2,Active,Active,Media_Publishing,start,persona_x_initial_plan,42,97.67
2025-12-01,2026-02-01,2,Active,At-risk,Media_Publishing,start,persona_x_initial_plan,1,2.33
2025-12-01,2026-02-01,2,At-risk,At-risk,Media_Publishing,start,persona_x_initial_plan,1,100.0
2025-12-01,2026-02-01,2,Never monetized,Active,Media_Publishing,start,persona_x_initial_plan,1,100.0
2025-12-01,2026-02-01,2,Active,Active,Medical_Professionals,free,persona_x_initial_plan,10,90.91
2025-12-01,2026-02-01,2,Active,At-risk,Medical_Professionals,free,persona_x_initial_plan,1,9.09
2025-12-01,2026-02-01,2,Active,Active,Medical_Professionals,plus,persona_x_initial_plan,3,100.0
2025-12-01,2026-02-01,2,Active,Active,Medical_Professionals,start,persona_x_initial_plan,14,100.0
2025-12-01,2026-02-01,2,Active,Active,Others,business,persona_x_initial_plan,7,87.5
2025-12-01,2026-02-01,2,Active,At-risk,Others,business,persona_x_initial_plan,1,12.5
2025-12-01,2026-02-01,2,At-risk,At-risk,Others,business,persona_x_initial_plan,10,100.0
2025-12-01,2026-02-01,2,Active,Active,Others,free,persona_x_initial_plan,170,96.05
2025-12-01,2026-02-01,2,Active,At-risk,Others,free,persona_x_initial_plan,7,3.95
2025-12-01,2026-02-01,2,At-risk,At-risk,Others,free,persona_x_initial_plan,6,100.0
2025-12-01,2026-02-01,2,Active,Active,Others,plus,persona_x_initial_plan,55,98.21
2025-12-01,2026-02-01,2,Active,At-risk,Others,plus,persona_x_initial_plan,1,1.79
2025-12-01,2026-02-01,2,At-risk,Active,Others,plus,persona_x_initial_plan,1,25.0
2025-12-01,2026-02-01,2,At-risk,At-risk,Others,plus,persona_x_initial_plan,3,75.0
2025-12-01,2026-02-01,2,Active,Active,Others,start,persona_x_initial_plan,179,95.72
2025-12-01,2026-02-01,2,Active,At-risk,Others,start,persona_x_initial_plan,8,4.28
2025-12-01,2026-02-01,2,At-risk,Active,Others,start,persona_x_initial_plan,1,25.0
2025-12-01,2026-02-01,2,At-risk,At-risk,Others,start,persona_x_initial_plan,3,75.0
2025-12-01,2026-02-01,2,Active,Active,Professeur,business,persona_x_initial_plan,1,100.0
2025-12-01,2026-02-01,2,At-risk,At-risk,Professeur,business,persona_x_initial_plan,1,100.0
2025-12-01,2026-02-01,2,Active,Active,Professeur,free,persona_x_initial_plan,29,93.55
2025-12-01,2026-02-01,2,Active,At-risk,Professeur,free,persona_x_initial_plan,2,6.45
2025-12-01,2026-02-01,2,At-risk,At-risk,Professeur,free,persona_x_initial_plan,2,100.0
2025-12-01,2026-02-01,2,Active,Active,Professeur,plus,persona_x_initial_plan,5,100.0
2025-12-01,2026-02-01,2,Active,Active,Professeur,start,persona_x_initial_plan,42,97.67
2025-12-01,2026-02-01,2,Active,At-risk,Professeur,start,persona_x_initial_plan,1,2.33
2025-12-01,2026-02-01,2,At-risk,At-risk,Repair,business,persona_x_initial_plan,1,100.0
2025-12-01,2026-02-01,2,Active,Active,Repair,free,persona_x_initial_plan,8,100.0
2025-12-01,2026-02-01,2,Active,Active,Repair,plus,persona_x_initial_plan,2,100.0
2025-12-01,2026-02-01,2,Active,Active,Repair,start,persona_x_initial_plan,8,100.0
2025-12-01,2026-02-01,2,Active,Active,Repair_Installation,free,persona_x_initial_plan,2,100.0
2025-12-01,2026-02-01,2,Active,Active,Repair_Installation,start,persona_x_initial_plan,2,100.0
2025-12-01,2026-02-01,2,At-risk,At-risk,Restauration,business,persona_x_initial_plan,1,100.0
2025-12-01,2026-02-01,2,Active,Active,Restauration,free,persona_x_initial_plan,31,93.94
2025-12-01,2026-02-01,2,Active,At-risk,Restauration,free,persona_x_initial_plan,2,6.06
2025-12-01,2026-02-01,2,At-risk,At-risk,Restauration,free,persona_x_initial_plan,1,100.0
2025-12-01,2026-02-01,2,Active,Active,Restauration,plus,persona_x_initial_plan,11,84.62
2025-12-01,2026-02-01,2,Active,At-risk,Restauration,plus,persona_x_initial_plan,2,15.38
2025-12-01,2026-02-01,2,Active,Active,Restauration,start,persona_x_initial_plan,32,96.97
2025-12-01,2026-02-01,2,Active,At-risk,Restauration,start,persona_x_initial_plan,1,3.03
2025-12-01,2026-02-01,2,Active,Active,Retail,business,persona_x_initial_plan,2,100.0
2025-12-01,2026-02-01,2,At-risk,At-risk,Retail,business,persona_x_initial_plan,1,100.0
2025-12-01,2026-02-01,2,Active,Active,Retail,free,persona_x_initial_plan,157,94.01
2025-12-01,2026-02-01,2,Active,At-risk,Retail,free,persona_x_initial_plan,10,5.99
2025-12-01,2026-02-01,2,At-risk,Active,Retail,free,persona_x_initial_plan,2,50.0
2025-12-01,2026-02-01,2,At-risk,At-risk,Retail,free,persona_x_initial_plan,2,50.0
2025-12-01,2026-02-01,2,Never monetized,Never monetized,Retail,free,persona_x_initial_plan,1,100.0
2025-12-01,2026-02-01,2,Active,Active,Retail,plus,persona_x_initial_plan,48,88.89
2025-12-01,2026-02-01,2,Active,At-risk,Retail,plus,persona_x_initial_plan,6,11.11
2025-12-01,2026-02-01,2,At-risk,Active,Retail,plus,persona_x_initial_plan,2,66.67
2025-12-01,2026-02-01,2,At-risk,At-risk,Retail,plus,persona_x_initial_plan,1,33.33
2025-12-01,2026-02-01,2,Active,Active,Retail,start,persona_x_initial_plan,143,95.97
2025-12-01,2026-02-01,2,Active,At-risk,Retail,start,persona_x_initial_plan,6,4.03
2025-12-01,2026-02-01,2,At-risk,Active,Retail,start,persona_x_initial_plan,1,20.0
2025-12-01,2026-02-01,2,At-risk,At-risk,Retail,start,persona_x_initial_plan,4,80.0
2025-12-01,2026-02-01,2,Never monetized,Never monetized,Retail,start,persona_x_initial_plan,1,100.0
2025-12-01,2026-02-01,2,Active,Active,Wholesale,business,persona_x_initial_plan,5,100.0
2025-12-01,2026-02-01,2,Active,Active,Wholesale,free,persona_x_initial_plan,11,100.0
2025-12-01,2026-02-01,2,At-risk,At-risk,Wholesale,free,persona_x_initial_plan,1,100.0
2025-12-01,2026-02-01,2,Active,Active,Wholesale,plus,persona_x_initial_plan,15,93.75
2025-12-01,2026-02-01,2,Active,At-risk,Wholesale,plus,persona_x_initial_plan,1,6.25
2025-12-01,2026-02-01,2,Active,Active,Wholesale,start,persona_x_initial_plan,32,96.97
2025-12-01,2026-02-01,2,Active,At-risk,Wholesale,start,persona_x_initial_plan,1,3.03
2025-12-01,2026-02-01,2,Never monetized,Never monetized,Wholesale,start,persona_x_initial_plan,1,100.0
2025-12-01,2026-03-01,3,Active,Active,ALL,business,initial_plan,37,94.87
2025-12-01,2026-03-01,3,Active,At-risk,ALL,business,initial_plan,2,5.13
2025-12-01,2026-03-01,3,At-risk,At-risk,ALL,business,initial_plan,3,11.54
2025-12-01,2026-03-01,3,At-risk,Churned proxy,ALL,business,initial_plan,23,88.46
2025-12-01,2026-03-01,3,Active,Active,ALL,free,initial_plan,1021,97.89
2025-12-01,2026-03-01,3,Active,At-risk,ALL,free,initial_plan,22,2.11
2025-12-01,2026-03-01,3,At-risk,Active,ALL,free,initial_plan,5,6.1
2025-12-01,2026-03-01,3,At-risk,At-risk,ALL,free,initial_plan,39,47.56
2025-12-01,2026-03-01,3,At-risk,Churned proxy,ALL,free,initial_plan,38,46.34
2025-12-01,2026-03-01,3,Never monetized,Never monetized,ALL,free,initial_plan,4,100.0
2025-12-01,2026-03-01,3,Active,Active,ALL,plus,initial_plan,305,94.43
2025-12-01,2026-03-01,3,Active,At-risk,ALL,plus,initial_plan,18,5.57
2025-12-01,2026-03-01,3,At-risk,Active,ALL,plus,initial_plan,2,6.06
2025-12-01,2026-03-01,3,At-risk,At-risk,ALL,plus,initial_plan,19,57.58
2025-12-01,2026-03-01,3,At-risk,Churned proxy,ALL,plus,initial_plan,12,36.36
2025-12-01,2026-03-01,3,Never monetized,Never monetized,ALL,plus,initial_plan,1,100.0
2025-12-01,2026-03-01,3,Active,Active,ALL,start,initial_plan,1069,97.45
2025-12-01,2026-03-01,3,Active,At-risk,ALL,start,initial_plan,28,2.55
2025-12-01,2026-03-01,3,At-risk,Active,ALL,start,initial_plan,2,3.7
2025-12-01,2026-03-01,3,At-risk,At-risk,ALL,start,initial_plan,33,61.11
2025-12-01,2026-03-01,3,At-risk,Churned proxy,ALL,start,initial_plan,19,35.19
2025-12-01,2026-03-01,3,Never monetized,Never monetized,ALL,start,initial_plan,4,100.0
2025-12-01,2026-03-01,3,Active,Active,ALL,ALL,overall,2432,97.2
2025-12-01,2026-03-01,3,Active,At-risk,ALL,ALL,overall,70,2.8
2025-12-01,2026-03-01,3,At-risk,Active,ALL,ALL,overall,9,4.62
2025-12-01,2026-03-01,3,At-risk,At-risk,ALL,ALL,overall,94,48.21
2025-12-01,2026-03-01,3,At-risk,Churned proxy,ALL,ALL,overall,92,47.18
2025-12-01,2026-03-01,3,Never monetized,Never monetized,ALL,ALL,overall,9,100.0
2025-12-01,2026-03-01,3,Active,Active,Automobile_Trade_Repair,ALL,persona,105,96.33
2025-12-01,2026-03-01,3,Active,At-risk,Automobile_Trade_Repair,ALL,persona,4,3.67
2025-12-01,2026-03-01,3,At-risk,Active,Automobile_Trade_Repair,ALL,persona,1,8.33
2025-12-01,2026-03-01,3,At-risk,At-risk,Automobile_Trade_Repair,ALL,persona,7,58.33
2025-12-01,2026-03-01,3,At-risk,Churned proxy,Automobile_Trade_Repair,ALL,persona,4,33.33
2025-12-01,2026-03-01,3,Never monetized,Never monetized,Automobile_Trade_Repair,ALL,persona,2,100.0
2025-12-01,2026-03-01,3,Active,Active,BTP,ALL,persona,418,96.76
2025-12-01,2026-03-01,3,Active,At-risk,BTP,ALL,persona,14,3.24
2025-12-01,2026-03-01,3,At-risk,Active,BTP,ALL,persona,1,3.45
2025-12-01,2026-03-01,3,At-risk,At-risk,BTP,ALL,persona,13,44.83
2025-12-01,2026-03-01,3,At-risk,Churned proxy,BTP,ALL,persona,15,51.72
2025-12-01,2026-03-01,3,Active,Active,Bankers_Insurance,ALL,persona,32,94.12
2025-12-01,2026-03-01,3,Active,At-risk,Bankers_Insurance,ALL,persona,2,5.88
2025-12-01,2026-03-01,3,At-risk,At-risk,Bankers_Insurance,ALL,persona,3,60.0
2025-12-01,2026-03-01,3,At-risk,Churned proxy,Bankers_Insurance,ALL,persona,2,40.0
2025-12-01,2026-03-01,3,Active,Active,Bikers_Drivers,ALL,persona,126,96.18
2025-12-01,2026-03-01,3,Active,At-risk,Bikers_Drivers,ALL,persona,5,3.82
2025-12-01,2026-03-01,3,At-risk,Active,Bikers_Drivers,ALL,persona,1,5.0
2025-12-01,2026-03-01,3,At-risk,At-risk,Bikers_Drivers,ALL,persona,6,30.0
2025-12-01,2026-03-01,3,At-risk,Churned proxy,Bikers_Drivers,ALL,persona,13,65.0
2025-12-01,2026-03-01,3,Never monetized,Never monetized,Bikers_Drivers,ALL,persona,1,100.0
2025-12-01,2026-03-01,3,Active,Active,Cleaning_CallCenters,ALL,persona,9,100.0
2025-12-01,2026-03-01,3,At-risk,Churned proxy,Cleaning_CallCenters,ALL,persona,1,100.0
2025-12-01,2026-03-01,3,Never monetized,Never monetized,Cleaning_CallCenters,ALL,persona,1,100.0
2025-12-01,2026-03-01,3,Active,Active,Consultant,ALL,persona,428,98.17
2025-12-01,2026-03-01,3,Active,At-risk,Consultant,ALL,persona,8,1.83
2025-12-01,2026-03-01,3,At-risk,At-risk,Consultant,ALL,persona,10,45.45
2025-12-01,2026-03-01,3,At-risk,Churned proxy,Consultant,ALL,persona,12,54.55
2025-12-01,2026-03-01,3,Never monetized,Never monetized,Consultant,ALL,persona,1,100.0
2025-12-01,2026-03-01,3,Active,Active,Developer_IT,ALL,persona,213,98.16
2025-12-01,2026-03-01,3,Active,At-risk,Developer_IT,ALL,persona,4,1.84
2025-12-01,2026-03-01,3,At-risk,Active,Developer_IT,ALL,persona,1,7.69
2025-12-01,2026-03-01,3,At-risk,At-risk,Developer_IT,ALL,persona,6,46.15
2025-12-01,2026-03-01,3,At-risk,Churned proxy,Developer_IT,ALL,persona,6,46.15
2025-12-01,2026-03-01,3,Never monetized,Never monetized,Developer_IT,ALL,persona,1,100.0
2025-12-01,2026-03-01,3,Active,Active,Media_Publishing,ALL,persona,101,98.06
2025-12-01,2026-03-01,3,Active,At-risk,Media_Publishing,ALL,persona,2,1.94
2025-12-01,2026-03-01,3,At-risk,Active,Media_Publishing,ALL,persona,1,16.67
2025-12-01,2026-03-01,3,At-risk,At-risk,Media_Publishing,ALL,persona,2,33.33
2025-12-01,2026-03-01,3,At-risk,Churned proxy,Media_Publishing,ALL,persona,3,50.0
2025-12-01,2026-03-01,3,Active,Active,Medical_Professionals,ALL,persona,27,100.0
2025-12-01,2026-03-01,3,At-risk,Active,Medical_Professionals,ALL,persona,1,100.0
2025-12-01,2026-03-01,3,Active,Active,Others,ALL,persona,404,97.82
2025-12-01,2026-03-01,3,Active,At-risk,Others,ALL,persona,9,2.18
2025-12-01,2026-03-01,3,At-risk,At-risk,Others,ALL,persona,17,43.59
2025-12-01,2026-03-01,3,At-risk,Churned proxy,Others,ALL,persona,22,56.41
2025-12-01,2026-03-01,3,Active,Active,Professeur,ALL,persona,74,96.1
2025-12-01,2026-03-01,3,Active,At-risk,Professeur,ALL,persona,3,3.9
2025-12-01,2026-03-01,3,At-risk,Active,Professeur,ALL,persona,2,33.33
2025-12-01,2026-03-01,3,At-risk,At-risk,Professeur,ALL,persona,2,33.33
2025-12-01,2026-03-01,3,At-risk,Churned proxy,Professeur,ALL,persona,2,33.33
2025-12-01,2026-03-01,3,Active,Active,Repair,ALL,persona,17,94.44
2025-12-01,2026-03-01,3,Active,At-risk,Repair,ALL,persona,1,5.56
2025-12-01,2026-03-01,3,At-risk,Churned proxy,Repair,ALL,persona,1,100.0
2025-12-01,2026-03-01,3,Active,Active,Repair_Installation,ALL,persona,4,100.0
2025-12-01,2026-03-01,3,Active,Active,Restauration,ALL,persona,73,98.65
2025-12-01,2026-03-01,3,Active,At-risk,Restauration,ALL,persona,1,1.35
2025-12-01,2026-03-01,3,At-risk,At-risk,Restauration,ALL,persona,5,71.43
2025-12-01,2026-03-01,3,At-risk,Churned proxy,Restauration,ALL,persona,2,28.57
2025-12-01,2026-03-01,3,Active,Active,Retail,ALL,persona,342,96.34
2025-12-01,2026-03-01,3,Active,At-risk,Retail,ALL,persona,13,3.66
2025-12-01,2026-03-01,3,At-risk,Active,Retail,ALL,persona,1,3.33
2025-12-01,2026-03-01,3,At-risk,At-risk,Retail,ALL,persona,21,70.0
2025-12-01,2026-03-01,3,At-risk,Churned proxy,Retail,ALL,persona,8,26.67
2025-12-01,2026-03-01,3,Never monetized,Never monetized,Retail,ALL,persona,2,100.0
2025-12-01,2026-03-01,3,Active,Active,Wholesale,ALL,persona,59,93.65
2025-12-01,2026-03-01,3,Active,At-risk,Wholesale,ALL,persona,4,6.35
2025-12-01,2026-03-01,3,At-risk,At-risk,Wholesale,ALL,persona,2,66.67
2025-12-01,2026-03-01,3,At-risk,Churned proxy,Wholesale,ALL,persona,1,33.33
2025-12-01,2026-03-01,3,Never monetized,Never monetized,Wholesale,ALL,persona,1,100.0
2025-12-01,2026-03-01,3,Active,Active,Automobile_Trade_Repair,business,persona_x_initial_plan,4,100.0
2025-12-01,2026-03-01,3,Active,Active,Automobile_Trade_Repair,free,persona_x_initial_plan,26,96.3
2025-12-01,2026-03-01,3,Active,At-risk,Automobile_Trade_Repair,free,persona_x_initial_plan,1,3.7
2025-12-01,2026-03-01,3,At-risk,Churned proxy,Automobile_Trade_Repair,free,persona_x_initial_plan,2,100.0
2025-12-01,2026-03-01,3,Never monetized,Never monetized,Automobile_Trade_Repair,free,persona_x_initial_plan,1,100.0
2025-12-01,2026-03-01,3,Active,Active,Automobile_Trade_Repair,plus,persona_x_initial_plan,19,95.0
2025-12-01,2026-03-01,3,Active,At-risk,Automobile_Trade_Repair,plus,persona_x_initial_plan,1,5.0
2025-12-01,2026-03-01,3,At-risk,Active,Automobile_Trade_Repair,plus,persona_x_initial_plan,1,20.0
2025-12-01,2026-03-01,3,At-risk,At-risk,Automobile_Trade_Repair,plus,persona_x_initial_plan,3,60.0
2025-12-01,2026-03-01,3,At-risk,Churned proxy,Automobile_Trade_Repair,plus,persona_x_initial_plan,1,20.0
2025-12-01,2026-03-01,3,Active,Active,Automobile_Trade_Repair,start,persona_x_initial_plan,56,96.55
2025-12-01,2026-03-01,3,Active,At-risk,Automobile_Trade_Repair,start,persona_x_initial_plan,2,3.45
2025-12-01,2026-03-01,3,At-risk,At-risk,Automobile_Trade_Repair,start,persona_x_initial_plan,4,80.0
2025-12-01,2026-03-01,3,At-risk,Churned proxy,Automobile_Trade_Repair,start,persona_x_initial_plan,1,20.0
2025-12-01,2026-03-01,3,Never monetized,Never monetized,Automobile_Trade_Repair,start,persona_x_initial_plan,1,100.0
2025-12-01,2026-03-01,3,Active,Active,BTP,business,persona_x_initial_plan,15,100.0
2025-12-01,2026-03-01,3,At-risk,At-risk,BTP,business,persona_x_initial_plan,1,16.67
2025-12-01,2026-03-01,3,At-risk,Churned proxy,BTP,business,persona_x_initial_plan,5,83.33
2025-12-01,2026-03-01,3,Active,Active,BTP,free,persona_x_initial_plan,161,99.38
2025-12-01,2026-03-01,3,Active,At-risk,BTP,free,persona_x_initial_plan,1,0.62
2025-12-01,2026-03-01,3,At-risk,At-risk,BTP,free,persona_x_initial_plan,7,53.85
2025-12-01,2026-03-01,3,At-risk,Churned proxy,BTP,free,persona_x_initial_plan,6,46.15
2025-12-01,2026-03-01,3,Active,Active,BTP,plus,persona_x_initial_plan,87,93.55
2025-12-01,2026-03-01,3,Active,At-risk,BTP,plus,persona_x_initial_plan,6,6.45
2025-12-01,2026-03-01,3,At-risk,At-risk,BTP,plus,persona_x_initial_plan,1,33.33
2025-12-01,2026-03-01,3,At-risk,Churned proxy,BTP,plus,persona_x_initial_plan,2,66.67
2025-12-01,2026-03-01,3,Active,Active,BTP,start,persona_x_initial_plan,155,95.68
2025-12-01,2026-03-01,3,Active,At-risk,BTP,start,persona_x_initial_plan,7,4.32
2025-12-01,2026-03-01,3,At-risk,Active,BTP,start,persona_x_initial_plan,1,14.29
2025-12-01,2026-03-01,3,At-risk,At-risk,BTP,start,persona_x_initial_plan,4,57.14
2025-12-01,2026-03-01,3,At-risk,Churned proxy,BTP,start,persona_x_initial_plan,2,28.57
2025-12-01,2026-03-01,3,Active,Active,Bankers_Insurance,free,persona_x_initial_plan,20,90.91
2025-12-01,2026-03-01,3,Active,At-risk,Bankers_Insurance,free,persona_x_initial_plan,2,9.09
2025-12-01,2026-03-01,3,At-risk,At-risk,Bankers_Insurance,free,persona_x_initial_plan,2,50.0
2025-12-01,2026-03-01,3,At-risk,Churned proxy,Bankers_Insurance,free,persona_x_initial_plan,2,50.0
2025-12-01,2026-03-01,3,Active,Active,Bankers_Insurance,plus,persona_x_initial_plan,3,100.0
2025-12-01,2026-03-01,3,Active,Active,Bankers_Insurance,start,persona_x_initial_plan,9,100.0
2025-12-01,2026-03-01,3,At-risk,At-risk,Bankers_Insurance,start,persona_x_initial_plan,1,100.0
2025-12-01,2026-03-01,3,Active,Active,Bikers_Drivers,business,persona_x_initial_plan,3,100.0
2025-12-01,2026-03-01,3,At-risk,At-risk,Bikers_Drivers,business,persona_x_initial_plan,1,50.0
2025-12-01,2026-03-01,3,At-risk,Churned proxy,Bikers_Drivers,business,persona_x_initial_plan,1,50.0
2025-12-01,2026-03-01,3,Active,Active,Bikers_Drivers,free,persona_x_initial_plan,48,96.0
2025-12-01,2026-03-01,3,Active,At-risk,Bikers_Drivers,free,persona_x_initial_plan,2,4.0
2025-12-01,2026-03-01,3,At-risk,Active,Bikers_Drivers,free,persona_x_initial_plan,1,9.09
2025-12-01,2026-03-01,3,At-risk,At-risk,Bikers_Drivers,free,persona_x_initial_plan,4,36.36
2025-12-01,2026-03-01,3,At-risk,Churned proxy,Bikers_Drivers,free,persona_x_initial_plan,6,54.55
2025-12-01,2026-03-01,3,Never monetized,Never monetized,Bikers_Drivers,free,persona_x_initial_plan,1,100.0
2025-12-01,2026-03-01,3,Active,Active,Bikers_Drivers,plus,persona_x_initial_plan,20,95.24
2025-12-01,2026-03-01,3,Active,At-risk,Bikers_Drivers,plus,persona_x_initial_plan,1,4.76
2025-12-01,2026-03-01,3,At-risk,At-risk,Bikers_Drivers,plus,persona_x_initial_plan,1,33.33
2025-12-01,2026-03-01,3,At-risk,Churned proxy,Bikers_Drivers,plus,persona_x_initial_plan,2,66.67
2025-12-01,2026-03-01,3,Active,Active,Bikers_Drivers,start,persona_x_initial_plan,55,96.49
2025-12-01,2026-03-01,3,Active,At-risk,Bikers_Drivers,start,persona_x_initial_plan,2,3.51
2025-12-01,2026-03-01,3,At-risk,Churned proxy,Bikers_Drivers,start,persona_x_initial_plan,4,100.0
2025-12-01,2026-03-01,3,Active,Active,Cleaning_CallCenters,free,persona_x_initial_plan,3,100.0
2025-12-01,2026-03-01,3,Active,Active,Cleaning_CallCenters,plus,persona_x_initial_plan,3,100.0
2025-12-01,2026-03-01,3,Never monetized,Never monetized,Cleaning_CallCenters,plus,persona_x_initial_plan,1,100.0
2025-12-01,2026-03-01,3,Active,Active,Cleaning_CallCenters,start,persona_x_initial_plan,3,100.0
2025-12-01,2026-03-01,3,At-risk,Churned proxy,Cleaning_CallCenters,start,persona_x_initial_plan,1,100.0
2025-12-01,2026-03-01,3,Active,Active,Consultant,business,persona_x_initial_plan,1,100.0
2025-12-01,2026-03-01,3,At-risk,Churned proxy,Consultant,business,persona_x_initial_plan,3,100.0
2025-12-01,2026-03-01,3,Active,Active,Consultant,free,persona_x_initial_plan,209,97.66
2025-12-01,2026-03-01,3,Active,At-risk,Consultant,free,persona_x_initial_plan,5,2.34
2025-12-01,2026-03-01,3,At-risk,At-risk,Consultant,free,persona_x_initial_plan,2,28.57
2025-12-01,2026-03-01,3,At-risk,Churned proxy,Consultant,free,persona_x_initial_plan,5,71.43
2025-12-01,2026-03-01,3,Never monetized,Never monetized,Consultant,free,persona_x_initial_plan,1,100.0
2025-12-01,2026-03-01,3,Active,Active,Consultant,plus,persona_x_initial_plan,23,95.83
2025-12-01,2026-03-01,3,Active,At-risk,Consultant,plus,persona_x_initial_plan,1,4.17
2025-12-01,2026-03-01,3,At-risk,At-risk,Consultant,plus,persona_x_initial_plan,2,50.0
2025-12-01,2026-03-01,3,At-risk,Churned proxy,Consultant,plus,persona_x_initial_plan,2,50.0
2025-12-01,2026-03-01,3,Active,Active,Consultant,start,persona_x_initial_plan,195,98.98
2025-12-01,2026-03-01,3,Active,At-risk,Consultant,start,persona_x_initial_plan,2,1.02
2025-12-01,2026-03-01,3,At-risk,At-risk,Consultant,start,persona_x_initial_plan,6,75.0
2025-12-01,2026-03-01,3,At-risk,Churned proxy,Consultant,start,persona_x_initial_plan,2,25.0
2025-12-01,2026-03-01,3,Active,Active,Developer_IT,free,persona_x_initial_plan,91,97.85
2025-12-01,2026-03-01,3,Active,At-risk,Developer_IT,free,persona_x_initial_plan,2,2.15
2025-12-01,2026-03-01,3,At-risk,Active,Developer_IT,free,persona_x_initial_plan,1,12.5
2025-12-01,2026-03-01,3,At-risk,At-risk,Developer_IT,free,persona_x_initial_plan,2,25.0
2025-12-01,2026-03-01,3,At-risk,Churned proxy,Developer_IT,free,persona_x_initial_plan,5,62.5
2025-12-01,2026-03-01,3,Active,Active,Developer_IT,plus,persona_x_initial_plan,9,90.0
2025-12-01,2026-03-01,3,Active,At-risk,Developer_IT,plus,persona_x_initial_plan,1,10.0
2025-12-01,2026-03-01,3,At-risk,At-risk,Developer_IT,plus,persona_x_initial_plan,3,100.0
2025-12-01,2026-03-01,3,Active,Active,Developer_IT,start,persona_x_initial_plan,113,99.12
2025-12-01,2026-03-01,3,Active,At-risk,Developer_IT,start,persona_x_initial_plan,1,0.88
2025-12-01,2026-03-01,3,At-risk,At-risk,Developer_IT,start,persona_x_initial_plan,1,50.0
2025-12-01,2026-03-01,3,At-risk,Churned proxy,Developer_IT,start,persona_x_initial_plan,1,50.0
2025-12-01,2026-03-01,3,Never monetized,Never monetized,Developer_IT,start,persona_x_initial_plan,1,100.0
2025-12-01,2026-03-01,3,Active,Active,Media_Publishing,business,persona_x_initial_plan,1,100.0
2025-12-01,2026-03-01,3,Active,Active,Media_Publishing,free,persona_x_initial_plan,51,98.08
2025-12-01,2026-03-01,3,Active,At-risk,Media_Publishing,free,persona_x_initial_plan,1,1.92
2025-12-01,2026-03-01,3,At-risk,At-risk,Media_Publishing,free,persona_x_initial_plan,2,66.67
2025-12-01,2026-03-01,3,At-risk,Churned proxy,Media_Publishing,free,persona_x_initial_plan,1,33.33
2025-12-01,2026-03-01,3,Active,Active,Media_Publishing,plus,persona_x_initial_plan,7,100.0
2025-12-01,2026-03-01,3,At-risk,Churned proxy,Media_Publishing,plus,persona_x_initial_plan,1,100.0
2025-12-01,2026-03-01,3,Active,Active,Media_Publishing,start,persona_x_initial_plan,42,97.67
2025-12-01,2026-03-01,3,Active,At-risk,Media_Publishing,start,persona_x_initial_plan,1,2.33
2025-12-01,2026-03-01,3,At-risk,Active,Media_Publishing,start,persona_x_initial_plan,1,50.0
2025-12-01,2026-03-01,3,At-risk,Churned proxy,Media_Publishing,start,persona_x_initial_plan,1,50.0
2025-12-01,2026-03-01,3,Active,Active,Medical_Professionals,free,persona_x_initial_plan,10,100.0
2025-12-01,2026-03-01,3,At-risk,Active,Medical_Professionals,free,persona_x_initial_plan,1,100.0
2025-12-01,2026-03-01,3,Active,Active,Medical_Professionals,plus,persona_x_initial_plan,3,100.0
2025-12-01,2026-03-01,3,Active,Active,Medical_Professionals,start,persona_x_initial_plan,14,100.0
2025-12-01,2026-03-01,3,Active,Active,Others,business,persona_x_initial_plan,7,100.0
2025-12-01,2026-03-01,3,At-risk,At-risk,Others,business,persona_x_initial_plan,1,9.09
2025-12-01,2026-03-01,3,At-risk,Churned proxy,Others,business,persona_x_initial_plan,10,90.91
2025-12-01,2026-03-01,3,Active,Active,Others,free,persona_x_initial_plan,168,98.82
2025-12-01,2026-03-01,3,Active,At-risk,Others,free,persona_x_initial_plan,2,1.18
2025-12-01,2026-03-01,3,At-risk,At-risk,Others,free,persona_x_initial_plan,7,53.85
2025-12-01,2026-03-01,3,At-risk,Churned proxy,Others,free,persona_x_initial_plan,6,46.15
2025-12-01,2026-03-01,3,Active,Active,Others,plus,persona_x_initial_plan,53,94.64
2025-12-01,2026-03-01,3,Active,At-risk,Others,plus,persona_x_initial_plan,3,5.36
2025-12-01,2026-03-01,3,At-risk,At-risk,Others,plus,persona_x_initial_plan,1,25.0
2025-12-01,2026-03-01,3,At-risk,Churned proxy,Others,plus,persona_x_initial_plan,3,75.0
2025-12-01,2026-03-01,3,Active,Active,Others,start,persona_x_initial_plan,176,97.78
2025-12-01,2026-03-01,3,Active,At-risk,Others,start,persona_x_initial_plan,4,2.22
2025-12-01,2026-03-01,3,At-risk,At-risk,Others,start,persona_x_initial_plan,8,72.73
2025-12-01,2026-03-01,3,At-risk,Churned proxy,Others,start,persona_x_initial_plan,3,27.27
2025-12-01,2026-03-01,3,Active,At-risk,Professeur,business,persona_x_initial_plan,1,100.0
2025-12-01,2026-03-01,3,At-risk,Churned proxy,Professeur,business,persona_x_initial_plan,1,100.0
2025-12-01,2026-03-01,3,Active,Active,Professeur,free,persona_x_initial_plan,28,96.55
2025-12-01,2026-03-01,3,Active,At-risk,Professeur,free,persona_x_initial_plan,1,3.45
2025-12-01,2026-03-01,3,At-risk,Active,Professeur,free,persona_x_initial_plan,2,50.0
2025-12-01,2026-03-01,3,At-risk,At-risk,Professeur,free,persona_x_initial_plan,1,25.0
2025-12-01,2026-03-01,3,At-risk,Churned proxy,Professeur,free,persona_x_initial_plan,1,25.0
2025-12-01,2026-03-01,3,Active,Active,Professeur,plus,persona_x_initial_plan,5,100.0
2025-12-01,2026-03-01,3,Active,Active,Professeur,start,persona_x_initial_plan,41,97.62
2025-12-01,2026-03-01,3,Active,At-risk,Professeur,start,persona_x_initial_plan,1,2.38
2025-12-01,2026-03-01,3,At-risk,At-risk,Professeur,start,persona_x_initial_plan,1,100.0
2025-12-01,2026-03-01,3,At-risk,Churned proxy,Repair,business,persona_x_initial_plan,1,100.0
2025-12-01,2026-03-01,3,Active,Active,Repair,free,persona_x_initial_plan,7,87.5
2025-12-01,2026-03-01,3,Active,At-risk,Repair,free,persona_x_initial_plan,1,12.5
2025-12-01,2026-03-01,3,Active,Active,Repair,plus,persona_x_initial_plan,2,100.0
2025-12-01,2026-03-01,3,Active,Active,Repair,start,persona_x_initial_plan,8,100.0
2025-12-01,2026-03-01,3,Active,Active,Repair_Installation,free,persona_x_initial_plan,2,100.0
2025-12-01,2026-03-01,3,Active,Active,Repair_Installation,start,persona_x_initial_plan,2,100.0
2025-12-01,2026-03-01,3,At-risk,Churned proxy,Restauration,business,persona_x_initial_plan,1,100.0
2025-12-01,2026-03-01,3,Active,Active,Restauration,free,persona_x_initial_plan,31,100.0
2025-12-01,2026-03-01,3,At-risk,At-risk,Restauration,free,persona_x_initial_plan,2,66.67
2025-12-01,2026-03-01,3,At-risk,Churned proxy,Restauration,free,persona_x_initial_plan,1,33.33
2025-12-01,2026-03-01,3,Active,Active,Restauration,plus,persona_x_initial_plan,11,100.0
2025-12-01,2026-03-01,3,At-risk,At-risk,Restauration,plus,persona_x_initial_plan,2,100.0
2025-12-01,2026-03-01,3,Active,Active,Restauration,start,persona_x_initial_plan,31,96.88
2025-12-01,2026-03-01,3,Active,At-risk,Restauration,start,persona_x_initial_plan,1,3.13
2025-12-01,2026-03-01,3,At-risk,At-risk,Restauration,start,persona_x_initial_plan,1,100.0
2025-12-01,2026-03-01,3,Active,Active,Retail,business,persona_x_initial_plan,2,100.0
2025-12-01,2026-03-01,3,At-risk,Churned proxy,Retail,business,persona_x_initial_plan,1,100.0
2025-12-01,2026-03-01,3,Active,Active,Retail,free,persona_x_initial_plan,156,98.11
2025-12-01,2026-03-01,3,Active,At-risk,Retail,free,persona_x_initial_plan,3,1.89
2025-12-01,2026-03-01,3,At-risk,At-risk,Retail,free,persona_x_initial_plan,10,83.33
2025-12-01,2026-03-01,3,At-risk,Churned proxy,Retail,free,persona_x_initial_plan,2,16.67
2025-12-01,2026-03-01,3,Never monetized,Never monetized,Retail,free,persona_x_initial_plan,1,100.0
2025-12-01,2026-03-01,3,Active,Active,Retail,plus,persona_x_initial_plan,45,90.0
2025-12-01,2026-03-01,3,Active,At-risk,Retail,plus,persona_x_initial_plan,5,10.0
2025-12-01,2026-03-01,3,At-risk,Active,Retail,plus,persona_x_initial_plan,1,14.29
2025-12-01,2026-03-01,3,At-risk,At-risk,Retail,plus,persona_x_initial_plan,5,71.43
2025-12-01,2026-03-01,3,At-risk,Churned proxy,Retail,plus,persona_x_initial_plan,1,14.29
2025-12-01,2026-03-01,3,Active,Active,Retail,start,persona_x_initial_plan,139,96.53
2025-12-01,2026-03-01,3,Active,At-risk,Retail,start,persona_x_initial_plan,5,3.47
2025-12-01,2026-03-01,3,At-risk,At-risk,Retail,start,persona_x_initial_plan,6,60.0
2025-12-01,2026-03-01,3,At-risk,Churned proxy,Retail,start,persona_x_initial_plan,4,40.0
2025-12-01,2026-03-01,3,Never monetized,Never monetized,Retail,start,persona_x_initial_plan,1,100.0
2025-12-01,2026-03-01,3,Active,Active,Wholesale,business,persona_x_initial_plan,4,80.0
2025-12-01,2026-03-01,3,Active,At-risk,Wholesale,business,persona_x_initial_plan,1,20.0
2025-12-01,2026-03-01,3,Active,Active,Wholesale,free,persona_x_initial_plan,10,90.91
2025-12-01,2026-03-01,3,Active,At-risk,Wholesale,free,persona_x_initial_plan,1,9.09
2025-12-01,2026-03-01,3,At-risk,Churned proxy,Wholesale,free,persona_x_initial_plan,1,100.0
2025-12-01,2026-03-01,3,Active,Active,Wholesale,plus,persona_x_initial_plan,15,100.0
2025-12-01,2026-03-01,3,At-risk,At-risk,Wholesale,plus,persona_x_initial_plan,1,100.0
2025-12-01,2026-03-01,3,Active,Active,Wholesale,start,persona_x_initial_plan,30,93.75
2025-12-01,2026-03-01,3,Active,At-risk,Wholesale,start,persona_x_initial_plan,2,6.25
2025-12-01,2026-03-01,3,At-risk,At-risk,Wholesale,start,persona_x_initial_plan,1,100.0
2025-12-01,2026-03-01,3,Never monetized,Never monetized,Wholesale,start,persona_x_initial_plan,1,100.0
2025-12-01,2026-04-01,4,Active,Active,ALL,business,initial_plan,34,91.89
2025-12-01,2026-04-01,4,Active,At-risk,ALL,business,initial_plan,3,8.11
2025-12-01,2026-04-01,4,At-risk,At-risk,ALL,business,initial_plan,2,40.0
2025-12-01,2026-04-01,4,At-risk,Churned proxy,ALL,business,initial_plan,3,60.0
2025-12-01,2026-04-01,4,Churned proxy,Churned proxy,ALL,business,initial_plan,23,100.0
2025-12-01,2026-04-01,4,Active,Active,ALL,free,initial_plan,999,97.37
2025-12-01,2026-04-01,4,Active,At-risk,ALL,free,initial_plan,27,2.63
2025-12-01,2026-04-01,4,At-risk,Active,ALL,free,initial_plan,4,6.56
2025-12-01,2026-04-01,4,At-risk,At-risk,ALL,free,initial_plan,19,31.15
2025-12-01,2026-04-01,4,At-risk,Churned proxy,ALL,free,initial_plan,38,62.3
2025-12-01,2026-04-01,4,Churned proxy,Active,ALL,free,initial_plan,2,5.26
2025-12-01,2026-04-01,4,Churned proxy,Churned proxy,ALL,free,initial_plan,36,94.74
2025-12-01,2026-04-01,4,Never monetized,Never monetized,ALL,free,initial_plan,4,100.0
2025-12-01,2026-04-01,4,Active,Active,ALL,plus,initial_plan,301,98.05
2025-12-01,2026-04-01,4,Active,At-risk,ALL,plus,initial_plan,6,1.95
2025-12-01,2026-04-01,4,At-risk,Active,ALL,plus,initial_plan,2,5.41
2025-12-01,2026-04-01,4,At-risk,At-risk,ALL,plus,initial_plan,16,43.24
2025-12-01,2026-04-01,4,At-risk,Churned proxy,ALL,plus,initial_plan,19,51.35
2025-12-01,2026-04-01,4,Churned proxy,Active,ALL,plus,initial_plan,1,8.33
2025-12-01,2026-04-01,4,Churned proxy,Churned proxy,ALL,plus,initial_plan,11,91.67
2025-12-01,2026-04-01,4,Never monetized,Never monetized,ALL,plus,initial_plan,1,100.0
2025-12-01,2026-04-01,4,Active,Active,ALL,start,initial_plan,1047,97.76
2025-12-01,2026-04-01,4,Active,At-risk,ALL,start,initial_plan,24,2.24
2025-12-01,2026-04-01,4,At-risk,Active,ALL,start,initial_plan,3,4.92
2025-12-01,2026-04-01,4,At-risk,At-risk,ALL,start,initial_plan,25,40.98
2025-12-01,2026-04-01,4,At-risk,Churned proxy,ALL,start,initial_plan,33,54.1
2025-12-01,2026-04-01,4,Churned proxy,Churned proxy,ALL,start,initial_plan,19,100.0
2025-12-01,2026-04-01,4,Never monetized,Never monetized,ALL,start,initial_plan,4,100.0
2025-12-01,2026-04-01,4,Active,Active,ALL,ALL,overall,2381,97.54
2025-12-01,2026-04-01,4,Active,At-risk,ALL,ALL,overall,60,2.46
2025-12-01,2026-04-01,4,At-risk,Active,ALL,ALL,overall,9,5.49
2025-12-01,2026-04-01,4,At-risk,At-risk,ALL,ALL,overall,62,37.8
2025-12-01,2026-04-01,4,At-risk,Churned proxy,ALL,ALL,overall,93,56.71
2025-12-01,2026-04-01,4,Churned proxy,Active,ALL,ALL,overall,3,3.26
2025-12-01,2026-04-01,4,Churned proxy,Churned proxy,ALL,ALL,overall,89,96.74
2025-12-01,2026-04-01,4,Never monetized,Never monetized,ALL,ALL,overall,9,100.0
2025-12-01,2026-04-01,4,Active,Active,Automobile_Trade_Repair,ALL,persona,103,97.17
2025-12-01,2026-04-01,4,Active,At-risk,Automobile_Trade_Repair,ALL,persona,3,2.83
2025-12-01,2026-04-01,4,At-risk,At-risk,Automobile_Trade_Repair,ALL,persona,4,36.36
2025-12-01,2026-04-01,4,At-risk,Churned proxy,Automobile_Trade_Repair,ALL,persona,7,63.64
2025-12-01,2026-04-01,4,Churned proxy,Active,Automobile_Trade_Repair,ALL,persona,1,25.0
2025-12-01,2026-04-01,4,Churned proxy,Churned proxy,Automobile_Trade_Repair,ALL,persona,3,75.0
2025-12-01,2026-04-01,4,Never monetized,Never monetized,Automobile_Trade_Repair,ALL,persona,2,100.0
2025-12-01,2026-04-01,4,Active,Active,BTP,ALL,persona,412,98.33
2025-12-01,2026-04-01,4,Active,At-risk,BTP,ALL,persona,7,1.67
2025-12-01,2026-04-01,4,At-risk,Active,BTP,ALL,persona,2,7.41
2025-12-01,2026-04-01,4,At-risk,At-risk,BTP,ALL,persona,12,44.44
2025-12-01,2026-04-01,4,At-risk,Churned proxy,BTP,ALL,persona,13,48.15
2025-12-01,2026-04-01,4,Churned proxy,Churned proxy,BTP,ALL,persona,15,100.0
2025-12-01,2026-04-01,4,Active,Active,Bankers_Insurance,ALL,persona,32,100.0
2025-12-01,2026-04-01,4,At-risk,Active,Bankers_Insurance,ALL,persona,1,20.0
2025-12-01,2026-04-01,4,At-risk,At-risk,Bankers_Insurance,ALL,persona,1,20.0
2025-12-01,2026-04-01,4,At-risk,Churned proxy,Bankers_Insurance,ALL,persona,3,60.0
2025-12-01,2026-04-01,4,Churned proxy,Churned proxy,Bankers_Insurance,ALL,persona,2,100.0
2025-12-01,2026-04-01,4,Active,Active,Bikers_Drivers,ALL,persona,122,96.06
2025-12-01,2026-04-01,4,Active,At-risk,Bikers_Drivers,ALL,persona,5,3.94
2025-12-01,2026-04-01,4,At-risk,Active,Bikers_Drivers,ALL,persona,1,9.09
2025-12-01,2026-04-01,4,At-risk,At-risk,Bikers_Drivers,ALL,persona,5,45.45
2025-12-01,2026-04-01,4,At-risk,Churned proxy,Bikers_Drivers,ALL,persona,5,45.45
2025-12-01,2026-04-01,4,Churned proxy,Churned proxy,Bikers_Drivers,ALL,persona,13,100.0
2025-12-01,2026-04-01,4,Never monetized,Never monetized,Bikers_Drivers,ALL,persona,1,100.0
2025-12-01,2026-04-01,4,Active,Active,Cleaning_CallCenters,ALL,persona,9,100.0
2025-12-01,2026-04-01,4,Churned proxy,Churned proxy,Cleaning_CallCenters,ALL,persona,1,100.0
2025-12-01,2026-04-01,4,Never monetized,Never monetized,Cleaning_CallCenters,ALL,persona,1,100.0
2025-12-01,2026-04-01,4,Active,Active,Consultant,ALL,persona,415,96.96
2025-12-01,2026-04-01,4,Active,At-risk,Consultant,ALL,persona,13,3.04
2025-12-01,2026-04-01,4,At-risk,Active,Consultant,ALL,persona,1,5.56
2025-12-01,2026-04-01,4,At-risk,At-risk,Consultant,ALL,persona,7,38.89
2025-12-01,2026-04-01,4,At-risk,Churned proxy,Consultant,ALL,persona,10,55.56
2025-12-01,2026-04-01,4,Churned proxy,Churned proxy,Consultant,ALL,persona,12,100.0
2025-12-01,2026-04-01,4,Never monetized,Never monetized,Consultant,ALL,persona,1,100.0
2025-12-01,2026-04-01,4,Active,Active,Developer_IT,ALL,persona,212,99.07
2025-12-01,2026-04-01,4,Active,At-risk,Developer_IT,ALL,persona,2,0.93
2025-12-01,2026-04-01,4,At-risk,At-risk,Developer_IT,ALL,persona,4,40.0
2025-12-01,2026-04-01,4,At-risk,Churned proxy,Developer_IT,ALL,persona,6,60.0
2025-12-01,2026-04-01,4,Churned proxy,Churned proxy,Developer_IT,ALL,persona,6,100.0
2025-12-01,2026-04-01,4,Never monetized,Never monetized,Developer_IT,ALL,persona,1,100.0
2025-12-01,2026-04-01,4,Active,Active,Media_Publishing,ALL,persona,98,96.08
2025-12-01,2026-04-01,4,Active,At-risk,Media_Publishing,ALL,persona,4,3.92
2025-12-01,2026-04-01,4,At-risk,At-risk,Media_Publishing,ALL,persona,2,50.0
2025-12-01,2026-04-01,4,At-risk,Churned proxy,Media_Publishing,ALL,persona,2,50.0
2025-12-01,2026-04-01,4,Churned proxy,Churned proxy,Media_Publishing,ALL,persona,3,100.0
2025-12-01,2026-04-01,4,Active,Active,Medical_Professionals,ALL,persona,28,100.0
2025-12-01,2026-04-01,4,Active,Active,Others,ALL,persona,392,97.03
2025-12-01,2026-04-01,4,Active,At-risk,Others,ALL,persona,12,2.97
2025-12-01,2026-04-01,4,At-risk,Active,Others,ALL,persona,3,11.54
2025-12-01,2026-04-01,4,At-risk,At-risk,Others,ALL,persona,6,23.08
2025-12-01,2026-04-01,4,At-risk,Churned proxy,Others,ALL,persona,17,65.38
2025-12-01,2026-04-01,4,Churned proxy,Active,Others,ALL,persona,1,4.55
2025-12-01,2026-04-01,4,Churned proxy,Churned proxy,Others,ALL,persona,21,95.45
2025-12-01,2026-04-01,4,Active,Active,Professeur,ALL,persona,73,96.05
2025-12-01,2026-04-01,4,Active,At-risk,Professeur,ALL,persona,3,3.95
2025-12-01,2026-04-01,4,At-risk,At-risk,Professeur,ALL,persona,3,60.0
2025-12-01,2026-04-01,4,At-risk,Churned proxy,Professeur,ALL,persona,2,40.0
2025-12-01,2026-04-01,4,Churned proxy,Churned proxy,Professeur,ALL,persona,2,100.0
2025-12-01,2026-04-01,4,Active,Active,Repair,ALL,persona,17,100.0
2025-12-01,2026-04-01,4,At-risk,At-risk,Repair,ALL,persona,1,100.0
2025-12-01,2026-04-01,4,Churned proxy,Churned proxy,Repair,ALL,persona,1,100.0
2025-12-01,2026-04-01,4,Active,Active,Repair_Installation,ALL,persona,3,75.0
2025-12-01,2026-04-01,4,Active,At-risk,Repair_Installation,ALL,persona,1,25.0
2025-12-01,2026-04-01,4,Active,Active,Restauration,ALL,persona,72,98.63
2025-12-01,2026-04-01,4,Active,At-risk,Restauration,ALL,persona,1,1.37
2025-12-01,2026-04-01,4,At-risk,At-risk,Restauration,ALL,persona,1,16.67
2025-12-01,2026-04-01,4,At-risk,Churned proxy,Restauration,ALL,persona,5,83.33
2025-12-01,2026-04-01,4,Churned proxy,Churned proxy,Restauration,ALL,persona,2,100.0
2025-12-01,2026-04-01,4,Active,Active,Retail,ALL,persona,335,97.67
2025-12-01,2026-04-01,4,Active,At-risk,Retail,ALL,persona,8,2.33
2025-12-01,2026-04-01,4,At-risk,Active,Retail,ALL,persona,1,2.94
2025-12-01,2026-04-01,4,At-risk,At-risk,Retail,ALL,persona,12,35.29
2025-12-01,2026-04-01,4,At-risk,Churned proxy,Retail,ALL,persona,21,61.76
2025-12-01,2026-04-01,4,Churned proxy,Active,Retail,ALL,persona,1,12.5
2025-12-01,2026-04-01,4,Churned proxy,Churned proxy,Retail,ALL,persona,7,87.5
2025-12-01,2026-04-01,4,Never monetized,Never monetized,Retail,ALL,persona,2,100.0
2025-12-01,2026-04-01,4,Active,Active,Wholesale,ALL,persona,58,98.31
2025-12-01,2026-04-01,4,Active,At-risk,Wholesale,ALL,persona,1,1.69
2025-12-01,2026-04-01,4,At-risk,At-risk,Wholesale,ALL,persona,4,66.67
2025-12-01,2026-04-01,4,At-risk,Churned proxy,Wholesale,ALL,persona,2,33.33
2025-12-01,2026-04-01,4,Churned proxy,Churned proxy,Wholesale,ALL,persona,1,100.0
2025-12-01,2026-04-01,4,Never monetized,Never monetized,Wholesale,ALL,persona,1,100.0
2025-12-01,2026-04-01,4,Active,Active,Automobile_Trade_Repair,business,persona_x_initial_plan,4,100.0
2025-12-01,2026-04-01,4,Active,Active,Automobile_Trade_Repair,free,persona_x_initial_plan,26,100.0
2025-12-01,2026-04-01,4,At-risk,At-risk,Automobile_Trade_Repair,free,persona_x_initial_plan,1,100.0
2025-12-01,2026-04-01,4,Churned proxy,Churned proxy,Automobile_Trade_Repair,free,persona_x_initial_plan,2,100.0
2025-12-01,2026-04-01,4,Never monetized,Never monetized,Automobile_Trade_Repair,free,persona_x_initial_plan,1,100.0
2025-12-01,2026-04-01,4,Active,Active,Automobile_Trade_Repair,plus,persona_x_initial_plan,20,100.0
2025-12-01,2026-04-01,4,At-risk,At-risk,Automobile_Trade_Repair,plus,persona_x_initial_plan,1,25.0
2025-12-01,2026-04-01,4,At-risk,Churned proxy,Automobile_Trade_Repair,plus,persona_x_initial_plan,3,75.0
2025-12-01,2026-04-01,4,Churned proxy,Active,Automobile_Trade_Repair,plus,persona_x_initial_plan,1,100.0
2025-12-01,2026-04-01,4,Active,Active,Automobile_Trade_Repair,start,persona_x_initial_plan,53,94.64
2025-12-01,2026-04-01,4,Active,At-risk,Automobile_Trade_Repair,start,persona_x_initial_plan,3,5.36
2025-12-01,2026-04-01,4,At-risk,At-risk,Automobile_Trade_Repair,start,persona_x_initial_plan,2,33.33
2025-12-01,2026-04-01,4,At-risk,Churned proxy,Automobile_Trade_Repair,start,persona_x_initial_plan,4,66.67
2025-12-01,2026-04-01,4,Churned proxy,Churned proxy,Automobile_Trade_Repair,start,persona_x_initial_plan,1,100.0
2025-12-01,2026-04-01,4,Never monetized,Never monetized,Automobile_Trade_Repair,start,persona_x_initial_plan,1,100.0
2025-12-01,2026-04-01,4,Active,Active,BTP,business,persona_x_initial_plan,15,100.0
2025-12-01,2026-04-01,4,At-risk,Churned proxy,BTP,business,persona_x_initial_plan,1,100.0
2025-12-01,2026-04-01,4,Churned proxy,Churned proxy,BTP,business,persona_x_initial_plan,5,100.0
2025-12-01,2026-04-01,4,Active,Active,BTP,free,persona_x_initial_plan,158,98.14
2025-12-01,2026-04-01,4,Active,At-risk,BTP,free,persona_x_initial_plan,3,1.86
2025-12-01,2026-04-01,4,At-risk,At-risk,BTP,free,persona_x_initial_plan,1,12.5
2025-12-01,2026-04-01,4,At-risk,Churned proxy,BTP,free,persona_x_initial_plan,7,87.5
2025-12-01,2026-04-01,4,Churned proxy,Churned proxy,BTP,free,persona_x_initial_plan,6,100.0
2025-12-01,2026-04-01,4,Active,Active,BTP,plus,persona_x_initial_plan,86,98.85
2025-12-01,2026-04-01,4,Active,At-risk,BTP,plus,persona_x_initial_plan,1,1.15
2025-12-01,2026-04-01,4,At-risk,Active,BTP,plus,persona_x_initial_plan,2,28.57
2025-12-01,2026-04-01,4,At-risk,At-risk,BTP,plus,persona_x_initial_plan,4,57.14
2025-12-01,2026-04-01,4,At-risk,Churned proxy,BTP,plus,persona_x_initial_plan,1,14.29
2025-12-01,2026-04-01,4,Churned proxy,Churned proxy,BTP,plus,persona_x_initial_plan,2,100.0
2025-12-01,2026-04-01,4,Active,Active,BTP,start,persona_x_initial_plan,153,98.08
2025-12-01,2026-04-01,4,Active,At-risk,BTP,start,persona_x_initial_plan,3,1.92
2025-12-01,2026-04-01,4,At-risk,At-risk,BTP,start,persona_x_initial_plan,7,63.64
2025-12-01,2026-04-01,4,At-risk,Churned proxy,BTP,start,persona_x_initial_plan,4,36.36
2025-12-01,2026-04-01,4,Churned proxy,Churned proxy,BTP,start,persona_x_initial_plan,2,100.0
2025-12-01,2026-04-01,4,Active,Active,Bankers_Insurance,free,persona_x_initial_plan,20,100.0
2025-12-01,2026-04-01,4,At-risk,Active,Bankers_Insurance,free,persona_x_initial_plan,1,25.0
2025-12-01,2026-04-01,4,At-risk,At-risk,Bankers_Insurance,free,persona_x_initial_plan,1,25.0
2025-12-01,2026-04-01,4,At-risk,Churned proxy,Bankers_Insurance,free,persona_x_initial_plan,2,50.0
2025-12-01,2026-04-01,4,Churned proxy,Churned proxy,Bankers_Insurance,free,persona_x_initial_plan,2,100.0
2025-12-01,2026-04-01,4,Active,Active,Bankers_Insurance,plus,persona_x_initial_plan,3,100.0
2025-12-01,2026-04-01,4,Active,Active,Bankers_Insurance,start,persona_x_initial_plan,9,100.0
2025-12-01,2026-04-01,4,At-risk,Churned proxy,Bankers_Insurance,start,persona_x_initial_plan,1,100.0
2025-12-01,2026-04-01,4,Active,Active,Bikers_Drivers,business,persona_x_initial_plan,3,100.0
2025-12-01,2026-04-01,4,At-risk,Churned proxy,Bikers_Drivers,business,persona_x_initial_plan,1,100.0
2025-12-01,2026-04-01,4,Churned proxy,Churned proxy,Bikers_Drivers,business,persona_x_initial_plan,1,100.0
2025-12-01,2026-04-01,4,Active,Active,Bikers_Drivers,free,persona_x_initial_plan,47,95.92
2025-12-01,2026-04-01,4,Active,At-risk,Bikers_Drivers,free,persona_x_initial_plan,2,4.08
2025-12-01,2026-04-01,4,At-risk,Active,Bikers_Drivers,free,persona_x_initial_plan,1,16.67
2025-12-01,2026-04-01,4,At-risk,At-risk,Bikers_Drivers,free,persona_x_initial_plan,2,33.33
2025-12-01,2026-04-01,4,At-risk,Churned proxy,Bikers_Drivers,free,persona_x_initial_plan,3,50.0
2025-12-01,2026-04-01,4,Churned proxy,Churned proxy,Bikers_Drivers,free,persona_x_initial_plan,6,100.0
2025-12-01,2026-04-01,4,Never monetized,Never monetized,Bikers_Drivers,free,persona_x_initial_plan,1,100.0
2025-12-01,2026-04-01,4,Active,Active,Bikers_Drivers,plus,persona_x_initial_plan,18,90.0
2025-12-01,2026-04-01,4,Active,At-risk,Bikers_Drivers,plus,persona_x_initial_plan,2,10.0
2025-12-01,2026-04-01,4,At-risk,At-risk,Bikers_Drivers,plus,persona_x_initial_plan,1,50.0
2025-12-01,2026-04-01,4,At-risk,Churned proxy,Bikers_Drivers,plus,persona_x_initial_plan,1,50.0
2025-12-01,2026-04-01,4,Churned proxy,Churned proxy,Bikers_Drivers,plus,persona_x_initial_plan,2,100.0
2025-12-01,2026-04-01,4,Active,Active,Bikers_Drivers,start,persona_x_initial_plan,54,98.18
2025-12-01,2026-04-01,4,Active,At-risk,Bikers_Drivers,start,persona_x_initial_plan,1,1.82
2025-12-01,2026-04-01,4,At-risk,At-risk,Bikers_Drivers,start,persona_x_initial_plan,2,100.0
2025-12-01,2026-04-01,4,Churned proxy,Churned proxy,Bikers_Drivers,start,persona_x_initial_plan,4,100.0
2025-12-01,2026-04-01,4,Active,Active,Cleaning_CallCenters,free,persona_x_initial_plan,3,100.0
2025-12-01,2026-04-01,4,Active,Active,Cleaning_CallCenters,plus,persona_x_initial_plan,3,100.0
2025-12-01,2026-04-01,4,Never monetized,Never monetized,Cleaning_CallCenters,plus,persona_x_initial_plan,1,100.0
2025-12-01,2026-04-01,4,Active,Active,Cleaning_CallCenters,start,persona_x_initial_plan,3,100.0
2025-12-01,2026-04-01,4,Churned proxy,Churned proxy,Cleaning_CallCenters,start,persona_x_initial_plan,1,100.0
2025-12-01,2026-04-01,4,Active,Active,Consultant,business,persona_x_initial_plan,1,100.0
2025-12-01,2026-04-01,4,Churned proxy,Churned proxy,Consultant,business,persona_x_initial_plan,3,100.0
2025-12-01,2026-04-01,4,Active,Active,Consultant,free,persona_x_initial_plan,205,98.09
2025-12-01,2026-04-01,4,Active,At-risk,Consultant,free,persona_x_initial_plan,4,1.91
2025-12-01,2026-04-01,4,At-risk,Active,Consultant,free,persona_x_initial_plan,1,14.29
2025-12-01,2026-04-01,4,At-risk,At-risk,Consultant,free,persona_x_initial_plan,4,57.14
2025-12-01,2026-04-01,4,At-risk,Churned proxy,Consultant,free,persona_x_initial_plan,2,28.57
2025-12-01,2026-04-01,4,Churned proxy,Churned proxy,Consultant,free,persona_x_initial_plan,5,100.0
2025-12-01,2026-04-01,4,Never monetized,Never monetized,Consultant,free,persona_x_initial_plan,1,100.0
2025-12-01,2026-04-01,4,Active,Active,Consultant,plus,persona_x_initial_plan,21,91.3
2025-12-01,2026-04-01,4,Active,At-risk,Consultant,plus,persona_x_initial_plan,2,8.7
2025-12-01,2026-04-01,4,At-risk,At-risk,Consultant,plus,persona_x_initial_plan,1,33.33
2025-12-01,2026-04-01,4,At-risk,Churned proxy,Consultant,plus,persona_x_initial_plan,2,66.67
2025-12-01,2026-04-01,4,Churned proxy,Churned proxy,Consultant,plus,persona_x_initial_plan,2,100.0
2025-12-01,2026-04-01,4,Active,Active,Consultant,start,persona_x_initial_plan,188,96.41
2025-12-01,2026-04-01,4,Active,At-risk,Consultant,start,persona_x_initial_plan,7,3.59
2025-12-01,2026-04-01,4,At-risk,At-risk,Consultant,start,persona_x_initial_plan,2,25.0
2025-12-01,2026-04-01,4,At-risk,Churned proxy,Consultant,start,persona_x_initial_plan,6,75.0
2025-12-01,2026-04-01,4,Churned proxy,Churned proxy,Consultant,start,persona_x_initial_plan,2,100.0
2025-12-01,2026-04-01,4,Active,Active,Developer_IT,free,persona_x_initial_plan,91,98.91
2025-12-01,2026-04-01,4,Active,At-risk,Developer_IT,free,persona_x_initial_plan,1,1.09
2025-12-01,2026-04-01,4,At-risk,At-risk,Developer_IT,free,persona_x_initial_plan,2,50.0
2025-12-01,2026-04-01,4,At-risk,Churned proxy,Developer_IT,free,persona_x_initial_plan,2,50.0
2025-12-01,2026-04-01,4,Churned proxy,Churned proxy,Developer_IT,free,persona_x_initial_plan,5,100.0
2025-12-01,2026-04-01,4,Active,Active,Developer_IT,plus,persona_x_initial_plan,8,88.89
2025-12-01,2026-04-01,4,Active,At-risk,Developer_IT,plus,persona_x_initial_plan,1,11.11
2025-12-01,2026-04-01,4,At-risk,At-risk,Developer_IT,plus,persona_x_initial_plan,1,25.0
2025-12-01,2026-04-01,4,At-risk,Churned proxy,Developer_IT,plus,persona_x_initial_plan,3,75.0
2025-12-01,2026-04-01,4,Active,Active,Developer_IT,start,persona_x_initial_plan,113,100.0
2025-12-01,2026-04-01,4,At-risk,At-risk,Developer_IT,start,persona_x_initial_plan,1,50.0
2025-12-01,2026-04-01,4,At-risk,Churned proxy,Developer_IT,start,persona_x_initial_plan,1,50.0
2025-12-01,2026-04-01,4,Churned proxy,Churned proxy,Developer_IT,start,persona_x_initial_plan,1,100.0
2025-12-01,2026-04-01,4,Never monetized,Never monetized,Developer_IT,start,persona_x_initial_plan,1,100.0
2025-12-01,2026-04-01,4,Active,Active,Media_Publishing,business,persona_x_initial_plan,1,100.0
2025-12-01,2026-04-01,4,Active,Active,Media_Publishing,free,persona_x_initial_plan,49,96.08
2025-12-01,2026-04-01,4,Active,At-risk,Media_Publishing,free,persona_x_initial_plan,2,3.92
2025-12-01,2026-04-01,4,At-risk,At-risk,Media_Publishing,free,persona_x_initial_plan,1,33.33
2025-12-01,2026-04-01,4,At-risk,Churned proxy,Media_Publishing,free,persona_x_initial_plan,2,66.67
2025-12-01,2026-04-01,4,Churned proxy,Churned proxy,Media_Publishing,free,persona_x_initial_plan,1,100.0
2025-12-01,2026-04-01,4,Active,Active,Media_Publishing,plus,persona_x_initial_plan,7,100.0
2025-12-01,2026-04-01,4,Churned proxy,Churned proxy,Media_Publishing,plus,persona_x_initial_plan,1,100.0
2025-12-01,2026-04-01,4,Active,Active,Media_Publishing,start,persona_x_initial_plan,41,95.35
2025-12-01,2026-04-01,4,Active,At-risk,Media_Publishing,start,persona_x_initial_plan,2,4.65
2025-12-01,2026-04-01,4,At-risk,At-risk,Media_Publishing,start,persona_x_initial_plan,1,100.0
2025-12-01,2026-04-01,4,Churned proxy,Churned proxy,Media_Publishing,start,persona_x_initial_plan,1,100.0
2025-12-01,2026-04-01,4,Active,Active,Medical_Professionals,free,persona_x_initial_plan,11,100.0
2025-12-01,2026-04-01,4,Active,Active,Medical_Professionals,plus,persona_x_initial_plan,3,100.0
2025-12-01,2026-04-01,4,Active,Active,Medical_Professionals,start,persona_x_initial_plan,14,100.0
2025-12-01,2026-04-01,4,Active,Active,Others,business,persona_x_initial_plan,4,57.14
2025-12-01,2026-04-01,4,Active,At-risk,Others,business,persona_x_initial_plan,3,42.86
2025-12-01,2026-04-01,4,At-risk,Churned proxy,Others,business,persona_x_initial_plan,1,100.0
2025-12-01,2026-04-01,4,Churned proxy,Churned proxy,Others,business,persona_x_initial_plan,10,100.0
2025-12-01,2026-04-01,4,Active,Active,Others,free,persona_x_initial_plan,162,96.43
2025-12-01,2026-04-01,4,Active,At-risk,Others,free,persona_x_initial_plan,6,3.57
2025-12-01,2026-04-01,4,At-risk,Active,Others,free,persona_x_initial_plan,1,11.11
2025-12-01,2026-04-01,4,At-risk,At-risk,Others,free,persona_x_initial_plan,1,11.11
2025-12-01,2026-04-01,4,At-risk,Churned proxy,Others,free,persona_x_initial_plan,7,77.78
2025-12-01,2026-04-01,4,Churned proxy,Active,Others,free,persona_x_initial_plan,1,16.67
2025-12-01,2026-04-01,4,Churned proxy,Churned proxy,Others,free,persona_x_initial_plan,5,83.33
2025-12-01,2026-04-01,4,Active,Active,Others,plus,persona_x_initial_plan,53,100.0
2025-12-01,2026-04-01,4,At-risk,At-risk,Others,plus,persona_x_initial_plan,3,75.0
2025-12-01,2026-04-01,4,At-risk,Churned proxy,Others,plus,persona_x_initial_plan,1,25.0
2025-12-01,2026-04-01,4,Churned proxy,Churned proxy,Others,plus,persona_x_initial_plan,3,100.0
2025-12-01,2026-04-01,4,Active,Active,Others,start,persona_x_initial_plan,173,98.3
2025-12-01,2026-04-01,4,Active,At-risk,Others,start,persona_x_initial_plan,3,1.7
2025-12-01,2026-04-01,4,At-risk,Active,Others,start,persona_x_initial_plan,2,16.67
2025-12-01,2026-04-01,4,At-risk,At-risk,Others,start,persona_x_initial_plan,2,16.67
2025-12-01,2026-04-01,4,At-risk,Churned proxy,Others,start,persona_x_initial_plan,8,66.67
2025-12-01,2026-04-01,4,Churned proxy,Churned proxy,Others,start,persona_x_initial_plan,3,100.0
2025-12-01,2026-04-01,4,At-risk,At-risk,Professeur,business,persona_x_initial_plan,1,100.0
2025-12-01,2026-04-01,4,Churned proxy,Churned proxy,Professeur,business,persona_x_initial_plan,1,100.0
2025-12-01,2026-04-01,4,Active,Active,Professeur,free,persona_x_initial_plan,28,93.33
2025-12-01,2026-04-01,4,Active,At-risk,Professeur,free,persona_x_initial_plan,2,6.67
2025-12-01,2026-04-01,4,At-risk,At-risk,Professeur,free,persona_x_initial_plan,1,50.0
2025-12-01,2026-04-01,4,At-risk,Churned proxy,Professeur,free,persona_x_initial_plan,1,50.0
2025-12-01,2026-04-01,4,Churned proxy,Churned proxy,Professeur,free,persona_x_initial_plan,1,100.0
2025-12-01,2026-04-01,4,Active,Active,Professeur,plus,persona_x_initial_plan,5,100.0
2025-12-01,2026-04-01,4,Active,Active,Professeur,start,persona_x_initial_plan,40,97.56
2025-12-01,2026-04-01,4,Active,At-risk,Professeur,start,persona_x_initial_plan,1,2.44
2025-12-01,2026-04-01,4,At-risk,At-risk,Professeur,start,persona_x_initial_plan,1,50.0
2025-12-01,2026-04-01,4,At-risk,Churned proxy,Professeur,start,persona_x_initial_plan,1,50.0
2025-12-01,2026-04-01,4,Churned proxy,Churned proxy,Repair,business,persona_x_initial_plan,1,100.0
2025-12-01,2026-04-01,4,Active,Active,Repair,free,persona_x_initial_plan,7,100.0
2025-12-01,2026-04-01,4,At-risk,At-risk,Repair,free,persona_x_initial_plan,1,100.0
2025-12-01,2026-04-01,4,Active,Active,Repair,plus,persona_x_initial_plan,2,100.0
2025-12-01,2026-04-01,4,Active,Active,Repair,start,persona_x_initial_plan,8,100.0
2025-12-01,2026-04-01,4,Active,Active,Repair_Installation,free,persona_x_initial_plan,2,100.0
2025-12-01,2026-04-01,4,Active,Active,Repair_Installation,start,persona_x_initial_plan,1,50.0
2025-12-01,2026-04-01,4,Active,At-risk,Repair_Installation,start,persona_x_initial_plan,1,50.0
2025-12-01,2026-04-01,4,Churned proxy,Churned proxy,Restauration,business,persona_x_initial_plan,1,100.0
2025-12-01,2026-04-01,4,Active,Active,Restauration,free,persona_x_initial_plan,30,96.77
2025-12-01,2026-04-01,4,Active,At-risk,Restauration,free,persona_x_initial_plan,1,3.23
2025-12-01,2026-04-01,4,At-risk,Churned proxy,Restauration,free,persona_x_initial_plan,2,100.0
2025-12-01,2026-04-01,4,Churned proxy,Churned proxy,Restauration,free,persona_x_initial_plan,1,100.0
2025-12-01,2026-04-01,4,Active,Active,Restauration,plus,persona_x_initial_plan,11,100.0
2025-12-01,2026-04-01,4,At-risk,Churned proxy,Restauration,plus,persona_x_initial_plan,2,100.0
2025-12-01,2026-04-01,4,Active,Active,Restauration,start,persona_x_initial_plan,31,100.0
2025-12-01,2026-04-01,4,At-risk,At-risk,Restauration,start,persona_x_initial_plan,1,50.0
2025-12-01,2026-04-01,4,At-risk,Churned proxy,Restauration,start,persona_x_initial_plan,1,50.0
2025-12-01,2026-04-01,4,Active,Active,Retail,business,persona_x_initial_plan,2,100.0
2025-12-01,2026-04-01,4,Churned proxy,Churned proxy,Retail,business,persona_x_initial_plan,1,100.0
2025-12-01,2026-04-01,4,Active,Active,Retail,free,persona_x_initial_plan,151,96.79
2025-12-01,2026-04-01,4,Active,At-risk,Retail,free,persona_x_initial_plan,5,3.21
2025-12-01,2026-04-01,4,At-risk,At-risk,Retail,free,persona_x_initial_plan,3,23.08
2025-12-01,2026-04-01,4,At-risk,Churned proxy,Retail,free,persona_x_initial_plan,10,76.92
2025-12-01,2026-04-01,4,Churned proxy,Active,Retail,free,persona_x_initial_plan,1,50.0
2025-12-01,2026-04-01,4,Churned proxy,Churned proxy,Retail,free,persona_x_initial_plan,1,50.0
2025-12-01,2026-04-01,4,Never monetized,Never monetized,Retail,free,persona_x_initial_plan,1,100.0
2025-12-01,2026-04-01,4,Active,Active,Retail,plus,persona_x_initial_plan,46,100.0
2025-12-01,2026-04-01,4,At-risk,At-risk,Retail,plus,persona_x_initial_plan,5,50.0
2025-12-01,2026-04-01,4,At-risk,Churned proxy,Retail,plus,persona_x_initial_plan,5,50.0
2025-12-01,2026-04-01,4,Churned proxy,Churned proxy,Retail,plus,persona_x_initial_plan,1,100.0
2025-12-01,2026-04-01,4,Active,Active,Retail,start,persona_x_initial_plan,136,97.84
2025-12-01,2026-04-01,4,Active,At-risk,Retail,start,persona_x_initial_plan,3,2.16
2025-12-01,2026-04-01,4,At-risk,Active,Retail,start,persona_x_initial_plan,1,9.09
2025-12-01,2026-04-01,4,At-risk,At-risk,Retail,start,persona_x_initial_plan,4,36.36
2025-12-01,2026-04-01,4,At-risk,Churned proxy,Retail,start,persona_x_initial_plan,6,54.55
2025-12-01,2026-04-01,4,Churned proxy,Churned proxy,Retail,start,persona_x_initial_plan,4,100.0
2025-12-01,2026-04-01,4,Never monetized,Never monetized,Retail,start,persona_x_initial_plan,1,100.0
2025-12-01,2026-04-01,4,Active,Active,Wholesale,business,persona_x_initial_plan,4,100.0
2025-12-01,2026-04-01,4,At-risk,At-risk,Wholesale,business,persona_x_initial_plan,1,100.0
2025-12-01,2026-04-01,4,Active,Active,Wholesale,free,persona_x_initial_plan,9,90.0
2025-12-01,2026-04-01,4,Active,At-risk,Wholesale,free,persona_x_initial_plan,1,10.0
2025-12-01,2026-04-01,4,At-risk,At-risk,Wholesale,free,persona_x_initial_plan,1,100.0
2025-12-01,2026-04-01,4,Churned proxy,Churned proxy,Wholesale,free,persona_x_initial_plan,1,100.0
2025-12-01,2026-04-01,4,Active,Active,Wholesale,plus,persona_x_initial_plan,15,100.0
2025-12-01,2026-04-01,4,At-risk,Churned proxy,Wholesale,plus,persona_x_initial_plan,1,100.0
2025-12-01,2026-04-01,4,Active,Active,Wholesale,start,persona_x_initial_plan,30,100.0
2025-12-01,2026-04-01,4,At-risk,At-risk,Wholesale,start,persona_x_initial_plan,2,66.67
2025-12-01,2026-04-01,4,At-risk,Churned proxy,Wholesale,start,persona_x_initial_plan,1,33.33
2025-12-01,2026-04-01,4,Never monetized,Never monetized,Wholesale,start,persona_x_initial_plan,1,100.0
2026-01-01,2026-02-01,1,Active,Active,ALL,business,initial_plan,51,96.23
2026-01-01,2026-02-01,1,Active,At-risk,ALL,business,initial_plan,2,3.77
2026-01-01,2026-02-01,1,Active,Active,ALL,free,initial_plan,1084,96.36
2026-01-01,2026-02-01,1,Active,At-risk,ALL,free,initial_plan,41,3.64
2026-01-01,2026-02-01,1,Never monetized,Never monetized,ALL,free,initial_plan,5,100.0
2026-01-01,2026-02-01,1,Active,Active,ALL,plus,initial_plan,342,96.34
2026-01-01,2026-02-01,1,Active,At-risk,ALL,plus,initial_plan,13,3.66
2026-01-01,2026-02-01,1,Never monetized,Never monetized,ALL,plus,initial_plan,2,100.0
2026-01-01,2026-02-01,1,Active,Active,ALL,start,initial_plan,1158,96.18
2026-01-01,2026-02-01,1,Active,At-risk,ALL,start,initial_plan,46,3.82
2026-01-01,2026-02-01,1,Never monetized,Active,ALL,start,initial_plan,3,42.86
2026-01-01,2026-02-01,1,Never monetized,Never monetized,ALL,start,initial_plan,4,57.14
2026-01-01,2026-02-01,1,Active,Active,ALL,ALL,overall,2635,96.27
2026-01-01,2026-02-01,1,Active,At-risk,ALL,ALL,overall,102,3.73
2026-01-01,2026-02-01,1,Never monetized,Active,ALL,ALL,overall,3,21.43
2026-01-01,2026-02-01,1,Never monetized,Never monetized,ALL,ALL,overall,11,78.57
2026-01-01,2026-02-01,1,Active,Active,Automobile_Trade_Repair,ALL,persona,122,96.83
2026-01-01,2026-02-01,1,Active,At-risk,Automobile_Trade_Repair,ALL,persona,4,3.17
2026-01-01,2026-02-01,1,Active,Active,BTP,ALL,persona,475,97.34
2026-01-01,2026-02-01,1,Active,At-risk,BTP,ALL,persona,13,2.66
2026-01-01,2026-02-01,1,Never monetized,Active,BTP,ALL,persona,1,33.33
2026-01-01,2026-02-01,1,Never monetized,Never monetized,BTP,ALL,persona,2,66.67
2026-01-01,2026-02-01,1,Active,Active,Bankers_Insurance,ALL,persona,46,97.87
2026-01-01,2026-02-01,1,Active,At-risk,Bankers_Insurance,ALL,persona,1,2.13
2026-01-01,2026-02-01,1,Active,Active,Bikers_Drivers,ALL,persona,141,92.16
2026-01-01,2026-02-01,1,Active,At-risk,Bikers_Drivers,ALL,persona,12,7.84
2026-01-01,2026-02-01,1,Never monetized,Never monetized,Bikers_Drivers,ALL,persona,1,100.0
2026-01-01,2026-02-01,1,Active,Active,Cleaning_CallCenters,ALL,persona,11,100.0
2026-01-01,2026-02-01,1,Active,Active,Consultant,ALL,persona,472,96.92
2026-01-01,2026-02-01,1,Active,At-risk,Consultant,ALL,persona,15,3.08
2026-01-01,2026-02-01,1,Never monetized,Never monetized,Consultant,ALL,persona,1,100.0
2026-01-01,2026-02-01,1,Active,Active,Developer_IT,ALL,persona,200,95.69
2026-01-01,2026-02-01,1,Active,At-risk,Developer_IT,ALL,persona,9,4.31
2026-01-01,2026-02-01,1,Never monetized,Never monetized,Developer_IT,ALL,persona,2,100.0
2026-01-01,2026-02-01,1,Active,Active,Media_Publishing,ALL,persona,100,98.04
2026-01-01,2026-02-01,1,Active,At-risk,Media_Publishing,ALL,persona,2,1.96
2026-01-01,2026-02-01,1,Never monetized,Active,Media_Publishing,ALL,persona,1,33.33
2026-01-01,2026-02-01,1,Never monetized,Never monetized,Media_Publishing,ALL,persona,2,66.67
2026-01-01,2026-02-01,1,Active,Active,Medical_Professionals,ALL,persona,29,96.67
2026-01-01,2026-02-01,1,Active,At-risk,Medical_Professionals,ALL,persona,1,3.33
2026-01-01,2026-02-01,1,Active,Active,Others,ALL,persona,422,97.01
2026-01-01,2026-02-01,1,Active,At-risk,Others,ALL,persona,13,2.99
2026-01-01,2026-02-01,1,Never monetized,Active,Others,ALL,persona,1,50.0
2026-01-01,2026-02-01,1,Never monetized,Never monetized,Others,ALL,persona,1,50.0
2026-01-01,2026-02-01,1,Active,Active,Professeur,ALL,persona,83,96.51
2026-01-01,2026-02-01,1,Active,At-risk,Professeur,ALL,persona,3,3.49
2026-01-01,2026-02-01,1,Active,Active,Repair,ALL,persona,25,92.59
2026-01-01,2026-02-01,1,Active,At-risk,Repair,ALL,persona,2,7.41
2026-01-01,2026-02-01,1,Active,Active,Repair_Installation,ALL,persona,13,100.0
2026-01-01,2026-02-01,1,Active,Active,Restauration,ALL,persona,74,96.1
2026-01-01,2026-02-01,1,Active,At-risk,Restauration,ALL,persona,3,3.9
2026-01-01,2026-02-01,1,Never monetized,Never monetized,Restauration,ALL,persona,1,100.0
2026-01-01,2026-02-01,1,Active,Active,Retail,ALL,persona,367,94.59
2026-01-01,2026-02-01,1,Active,At-risk,Retail,ALL,persona,21,5.41
2026-01-01,2026-02-01,1,Never monetized,Never monetized,Retail,ALL,persona,1,100.0
2026-01-01,2026-02-01,1,Active,Active,Wholesale,ALL,persona,55,94.83
2026-01-01,2026-02-01,1,Active,At-risk,Wholesale,ALL,persona,3,5.17
2026-01-01,2026-02-01,1,Active,Active,Automobile_Trade_Repair,business,persona_x_initial_plan,3,100.0
2026-01-01,2026-02-01,1,Active,Active,Automobile_Trade_Repair,free,persona_x_initial_plan,41,97.62
2026-01-01,2026-02-01,1,Active,At-risk,Automobile_Trade_Repair,free,persona_x_initial_plan,1,2.38
2026-01-01,2026-02-01,1,Active,Active,Automobile_Trade_Repair,plus,persona_x_initial_plan,36,97.3
2026-01-01,2026-02-01,1,Active,At-risk,Automobile_Trade_Repair,plus,persona_x_initial_plan,1,2.7
2026-01-01,2026-02-01,1,Active,Active,Automobile_Trade_Repair,start,persona_x_initial_plan,42,95.45
2026-01-01,2026-02-01,1,Active,At-risk,Automobile_Trade_Repair,start,persona_x_initial_plan,2,4.55
2026-01-01,2026-02-01,1,Active,Active,BTP,business,persona_x_initial_plan,14,93.33
2026-01-01,2026-02-01,1,Active,At-risk,BTP,business,persona_x_initial_plan,1,6.67
2026-01-01,2026-02-01,1,Active,Active,BTP,free,persona_x_initial_plan,183,96.83
2026-01-01,2026-02-01,1,Active,At-risk,BTP,free,persona_x_initial_plan,6,3.17
2026-01-01,2026-02-01,1,Never monetized,Never monetized,BTP,free,persona_x_initial_plan,2,100.0
2026-01-01,2026-02-01,1,Active,Active,BTP,plus,persona_x_initial_plan,90,98.9
2026-01-01,2026-02-01,1,Active,At-risk,BTP,plus,persona_x_initial_plan,1,1.1
2026-01-01,2026-02-01,1,Active,Active,BTP,start,persona_x_initial_plan,188,97.41
2026-01-01,2026-02-01,1,Active,At-risk,BTP,start,persona_x_initial_plan,5,2.59
2026-01-01,2026-02-01,1,Never monetized,Active,BTP,start,persona_x_initial_plan,1,100.0
2026-01-01,2026-02-01,1,Active,Active,Bankers_Insurance,free,persona_x_initial_plan,26,100.0
2026-01-01,2026-02-01,1,Active,Active,Bankers_Insurance,plus,persona_x_initial_plan,3,100.0
2026-01-01,2026-02-01,1,Active,Active,Bankers_Insurance,start,persona_x_initial_plan,17,94.44
2026-01-01,2026-02-01,1,Active,At-risk,Bankers_Insurance,start,persona_x_initial_plan,1,5.56
2026-01-01,2026-02-01,1,Active,Active,Bikers_Drivers,business,persona_x_initial_plan,7,100.0
2026-01-01,2026-02-01,1,Active,Active,Bikers_Drivers,free,persona_x_initial_plan,41,93.18
2026-01-01,2026-02-01,1,Active,At-risk,Bikers_Drivers,free,persona_x_initial_plan,3,6.82
2026-01-01,2026-02-01,1,Active,Active,Bikers_Drivers,plus,persona_x_initial_plan,18,100.0
2026-01-01,2026-02-01,1,Never monetized,Never monetized,Bikers_Drivers,plus,persona_x_initial_plan,1,100.0
2026-01-01,2026-02-01,1,Active,Active,Bikers_Drivers,start,persona_x_initial_plan,75,89.29
2026-01-01,2026-02-01,1,Active,At-risk,Bikers_Drivers,start,persona_x_initial_plan,9,10.71
2026-01-01,2026-02-01,1,Active,Active,Cleaning_CallCenters,free,persona_x_initial_plan,7,100.0
2026-01-01,2026-02-01,1,Active,Active,Cleaning_CallCenters,plus,persona_x_initial_plan,1,100.0
2026-01-01,2026-02-01,1,Active,Active,Cleaning_CallCenters,start,persona_x_initial_plan,3,100.0
2026-01-01,2026-02-01,1,Active,Active,Consultant,business,persona_x_initial_plan,5,100.0
2026-01-01,2026-02-01,1,Active,Active,Consultant,free,persona_x_initial_plan,217,96.44
2026-01-01,2026-02-01,1,Active,At-risk,Consultant,free,persona_x_initial_plan,8,3.56
2026-01-01,2026-02-01,1,Never monetized,Never monetized,Consultant,free,persona_x_initial_plan,1,100.0
2026-01-01,2026-02-01,1,Active,Active,Consultant,plus,persona_x_initial_plan,36,94.74
2026-01-01,2026-02-01,1,Active,At-risk,Consultant,plus,persona_x_initial_plan,2,5.26
2026-01-01,2026-02-01,1,Active,Active,Consultant,start,persona_x_initial_plan,214,97.72
2026-01-01,2026-02-01,1,Active,At-risk,Consultant,start,persona_x_initial_plan,5,2.28
2026-01-01,2026-02-01,1,Active,Active,Developer_IT,business,persona_x_initial_plan,5,100.0
2026-01-01,2026-02-01,1,Active,Active,Developer_IT,free,persona_x_initial_plan,87,93.55
2026-01-01,2026-02-01,1,Active,At-risk,Developer_IT,free,persona_x_initial_plan,6,6.45
2026-01-01,2026-02-01,1,Active,Active,Developer_IT,plus,persona_x_initial_plan,21,100.0
2026-01-01,2026-02-01,1,Never monetized,Never monetized,Developer_IT,plus,persona_x_initial_plan,1,100.0
2026-01-01,2026-02-01,1,Active,Active,Developer_IT,start,persona_x_initial_plan,87,96.67
2026-01-01,2026-02-01,1,Active,At-risk,Developer_IT,start,persona_x_initial_plan,3,3.33
2026-01-01,2026-02-01,1,Never monetized,Never monetized,Developer_IT,start,persona_x_initial_plan,1,100.0
2026-01-01,2026-02-01,1,Active,Active,Media_Publishing,free,persona_x_initial_plan,40,95.24
2026-01-01,2026-02-01,1,Active,At-risk,Media_Publishing,free,persona_x_initial_plan,2,4.76
2026-01-01,2026-02-01,1,Never monetized,Never monetized,Media_Publishing,free,persona_x_initial_plan,1,100.0
2026-01-01,2026-02-01,1,Active,Active,Media_Publishing,plus,persona_x_initial_plan,6,100.0
2026-01-01,2026-02-01,1,Active,Active,Media_Publishing,start,persona_x_initial_plan,54,100.0
2026-01-01,2026-02-01,1,Never monetized,Active,Media_Publishing,start,persona_x_initial_plan,1,50.0
2026-01-01,2026-02-01,1,Never monetized,Never monetized,Media_Publishing,start,persona_x_initial_plan,1,50.0
2026-01-01,2026-02-01,1,Active,Active,Medical_Professionals,free,persona_x_initial_plan,9,100.0
2026-01-01,2026-02-01,1,Active,Active,Medical_Professionals,plus,persona_x_initial_plan,2,100.0
2026-01-01,2026-02-01,1,Active,Active,Medical_Professionals,start,persona_x_initial_plan,18,94.74
2026-01-01,2026-02-01,1,Active,At-risk,Medical_Professionals,start,persona_x_initial_plan,1,5.26
2026-01-01,2026-02-01,1,Active,Active,Others,business,persona_x_initial_plan,9,90.0
2026-01-01,2026-02-01,1,Active,At-risk,Others,business,persona_x_initial_plan,1,10.0
2026-01-01,2026-02-01,1,Active,Active,Others,free,persona_x_initial_plan,181,98.37
2026-01-01,2026-02-01,1,Active,At-risk,Others,free,persona_x_initial_plan,3,1.63
2026-01-01,2026-02-01,1,Never monetized,Never monetized,Others,free,persona_x_initial_plan,1,100.0
2026-01-01,2026-02-01,1,Active,Active,Others,plus,persona_x_initial_plan,54,94.74
2026-01-01,2026-02-01,1,Active,At-risk,Others,plus,persona_x_initial_plan,3,5.26
2026-01-01,2026-02-01,1,Active,Active,Others,start,persona_x_initial_plan,178,96.74
2026-01-01,2026-02-01,1,Active,At-risk,Others,start,persona_x_initial_plan,6,3.26
2026-01-01,2026-02-01,1,Never monetized,Active,Others,start,persona_x_initial_plan,1,100.0
2026-01-01,2026-02-01,1,Active,Active,Professeur,business,persona_x_initial_plan,1,100.0
2026-01-01,2026-02-01,1,Active,Active,Professeur,free,persona_x_initial_plan,39,97.5
2026-01-01,2026-02-01,1,Active,At-risk,Professeur,free,persona_x_initial_plan,1,2.5
2026-01-01,2026-02-01,1,Active,Active,Professeur,plus,persona_x_initial_plan,3,100.0
2026-01-01,2026-02-01,1,Active,Active,Professeur,start,persona_x_initial_plan,40,95.24
2026-01-01,2026-02-01,1,Active,At-risk,Professeur,start,persona_x_initial_plan,2,4.76
2026-01-01,2026-02-01,1,Active,Active,Repair,free,persona_x_initial_plan,14,93.33
2026-01-01,2026-02-01,1,Active,At-risk,Repair,free,persona_x_initial_plan,1,6.67
2026-01-01,2026-02-01,1,Active,Active,Repair,plus,persona_x_initial_plan,3,100.0
2026-01-01,2026-02-01,1,Active,Active,Repair,start,persona_x_initial_plan,8,88.89
2026-01-01,2026-02-01,1,Active,At-risk,Repair,start,persona_x_initial_plan,1,11.11
2026-01-01,2026-02-01,1,Active,Active,Repair_Installation,free,persona_x_initial_plan,3,100.0
2026-01-01,2026-02-01,1,Active,Active,Repair_Installation,plus,persona_x_initial_plan,3,100.0
2026-01-01,2026-02-01,1,Active,Active,Repair_Installation,start,persona_x_initial_plan,7,100.0
2026-01-01,2026-02-01,1,Active,Active,Restauration,business,persona_x_initial_plan,1,100.0
2026-01-01,2026-02-01,1,Active,Active,Restauration,free,persona_x_initial_plan,27,96.43
2026-01-01,2026-02-01,1,Active,At-risk,Restauration,free,persona_x_initial_plan,1,3.57
2026-01-01,2026-02-01,1,Active,Active,Restauration,plus,persona_x_initial_plan,15,100.0
2026-01-01,2026-02-01,1,Active,Active,Restauration,start,persona_x_initial_plan,31,93.94
2026-01-01,2026-02-01,1,Active,At-risk,Restauration,start,persona_x_initial_plan,2,6.06
2026-01-01,2026-02-01,1,Never monetized,Never monetized,Restauration,start,persona_x_initial_plan,1,100.0
2026-01-01,2026-02-01,1,Active,Active,Retail,business,persona_x_initial_plan,5,100.0
2026-01-01,2026-02-01,1,Active,Active,Retail,free,persona_x_initial_plan,151,94.97
2026-01-01,2026-02-01,1,Active,At-risk,Retail,free,persona_x_initial_plan,8,5.03
2026-01-01,2026-02-01,1,Active,Active,Retail,plus,persona_x_initial_plan,41,89.13
2026-01-01,2026-02-01,1,Active,At-risk,Retail,plus,persona_x_initial_plan,5,10.87
2026-01-01,2026-02-01,1,Active,Active,Retail,start,persona_x_initial_plan,170,95.51
2026-01-01,2026-02-01,1,Active,At-risk,Retail,start,persona_x_initial_plan,8,4.49
2026-01-01,2026-02-01,1,Never monetized,Never monetized,Retail,start,persona_x_initial_plan,1,100.0
2026-01-01,2026-02-01,1,Active,Active,Wholesale,business,persona_x_initial_plan,1,100.0
2026-01-01,2026-02-01,1,Active,Active,Wholesale,free,persona_x_initial_plan,18,94.74
2026-01-01,2026-02-01,1,Active,At-risk,Wholesale,free,persona_x_initial_plan,1,5.26
2026-01-01,2026-02-01,1,Active,Active,Wholesale,plus,persona_x_initial_plan,10,90.91
2026-01-01,2026-02-01,1,Active,At-risk,Wholesale,plus,persona_x_initial_plan,1,9.09
2026-01-01,2026-02-01,1,Active,Active,Wholesale,start,persona_x_initial_plan,26,96.3
2026-01-01,2026-02-01,1,Active,At-risk,Wholesale,start,persona_x_initial_plan,1,3.7
2026-01-01,2026-03-01,2,Active,Active,ALL,business,initial_plan,44,86.27
2026-01-01,2026-03-01,2,Active,At-risk,ALL,business,initial_plan,7,13.73
2026-01-01,2026-03-01,2,At-risk,At-risk,ALL,business,initial_plan,2,100.0
2026-01-01,2026-03-01,2,Active,Active,ALL,free,initial_plan,1035,95.48
2026-01-01,2026-03-01,2,Active,At-risk,ALL,free,initial_plan,49,4.52
2026-01-01,2026-03-01,2,At-risk,Active,ALL,free,initial_plan,2,4.88
2026-01-01,2026-03-01,2,At-risk,At-risk,ALL,free,initial_plan,39,95.12
2026-01-01,2026-03-01,2,Never monetized,Never monetized,ALL,free,initial_plan,5,100.0
2026-01-01,2026-03-01,2,Active,Active,ALL,plus,initial_plan,326,95.32
2026-01-01,2026-03-01,2,Active,At-risk,ALL,plus,initial_plan,16,4.68
2026-01-01,2026-03-01,2,At-risk,Active,ALL,plus,initial_plan,2,15.38
2026-01-01,2026-03-01,2,At-risk,At-risk,ALL,plus,initial_plan,11,84.62
2026-01-01,2026-03-01,2,Never monetized,Never monetized,ALL,plus,initial_plan,2,100.0
2026-01-01,2026-03-01,2,Active,Active,ALL,start,initial_plan,1107,95.35
2026-01-01,2026-03-01,2,Active,At-risk,ALL,start,initial_plan,54,4.65
2026-01-01,2026-03-01,2,At-risk,Active,ALL,start,initial_plan,1,2.17
2026-01-01,2026-03-01,2,At-risk,At-risk,ALL,start,initial_plan,45,97.83
2026-01-01,2026-03-01,2,Never monetized,Never monetized,ALL,start,initial_plan,4,100.0
2026-01-01,2026-03-01,2,Active,Active,ALL,ALL,overall,2512,95.22
2026-01-01,2026-03-01,2,Active,At-risk,ALL,ALL,overall,126,4.78
2026-01-01,2026-03-01,2,At-risk,Active,ALL,ALL,overall,5,4.9
2026-01-01,2026-03-01,2,At-risk,At-risk,ALL,ALL,overall,97,95.1
2026-01-01,2026-03-01,2,Never monetized,Never monetized,ALL,ALL,overall,11,100.0
2026-01-01,2026-03-01,2,Active,Active,Automobile_Trade_Repair,ALL,persona,117,95.9
2026-01-01,2026-03-01,2,Active,At-risk,Automobile_Trade_Repair,ALL,persona,5,4.1
2026-01-01,2026-03-01,2,At-risk,Active,Automobile_Trade_Repair,ALL,persona,1,25.0
2026-01-01,2026-03-01,2,At-risk,At-risk,Automobile_Trade_Repair,ALL,persona,3,75.0
2026-01-01,2026-03-01,2,Active,Active,BTP,ALL,persona,453,95.17
2026-01-01,2026-03-01,2,Active,At-risk,BTP,ALL,persona,23,4.83
2026-01-01,2026-03-01,2,At-risk,At-risk,BTP,ALL,persona,13,100.0
2026-01-01,2026-03-01,2,Never monetized,Never monetized,BTP,ALL,persona,2,100.0
2026-01-01,2026-03-01,2,Active,Active,Bankers_Insurance,ALL,persona,46,100.0
2026-01-01,2026-03-01,2,At-risk,At-risk,Bankers_Insurance,ALL,persona,1,100.0
2026-01-01,2026-03-01,2,Active,Active,Bikers_Drivers,ALL,persona,132,93.62
2026-01-01,2026-03-01,2,Active,At-risk,Bikers_Drivers,ALL,persona,9,6.38
2026-01-01,2026-03-01,2,At-risk,At-risk,Bikers_Drivers,ALL,persona,12,100.0
2026-01-01,2026-03-01,2,Never monetized,Never monetized,Bikers_Drivers,ALL,persona,1,100.0
2026-01-01,2026-03-01,2,Active,Active,Cleaning_CallCenters,ALL,persona,11,100.0
2026-01-01,2026-03-01,2,Active,Active,Consultant,ALL,persona,452,95.76
2026-01-01,2026-03-01,2,Active,At-risk,Consultant,ALL,persona,20,4.24
2026-01-01,2026-03-01,2,At-risk,Active,Consultant,ALL,persona,1,6.67
2026-01-01,2026-03-01,2,At-risk,At-risk,Consultant,ALL,persona,14,93.33
2026-01-01,2026-03-01,2,Never monetized,Never monetized,Consultant,ALL,persona,1,100.0
2026-01-01,2026-03-01,2,Active,Active,Developer_IT,ALL,persona,191,95.5
2026-01-01,2026-03-01,2,Active,At-risk,Developer_IT,ALL,persona,9,4.5
2026-01-01,2026-03-01,2,At-risk,At-risk,Developer_IT,ALL,persona,9,100.0
2026-01-01,2026-03-01,2,Never monetized,Never monetized,Developer_IT,ALL,persona,2,100.0
2026-01-01,2026-03-01,2,Active,Active,Media_Publishing,ALL,persona,100,99.01
2026-01-01,2026-03-01,2,Active,At-risk,Media_Publishing,ALL,persona,1,0.99
2026-01-01,2026-03-01,2,At-risk,At-risk,Media_Publishing,ALL,persona,2,100.0
2026-01-01,2026-03-01,2,Never monetized,Never monetized,Media_Publishing,ALL,persona,2,100.0
2026-01-01,2026-03-01,2,Active,Active,Medical_Professionals,ALL,persona,29,100.0
2026-01-01,2026-03-01,2,At-risk,At-risk,Medical_Professionals,ALL,persona,1,100.0
2026-01-01,2026-03-01,2,Active,Active,Others,ALL,persona,395,93.38
2026-01-01,2026-03-01,2,Active,At-risk,Others,ALL,persona,28,6.62
2026-01-01,2026-03-01,2,At-risk,At-risk,Others,ALL,persona,13,100.0
2026-01-01,2026-03-01,2,Never monetized,Never monetized,Others,ALL,persona,1,100.0
2026-01-01,2026-03-01,2,Active,Active,Professeur,ALL,persona,83,100.0
2026-01-01,2026-03-01,2,At-risk,At-risk,Professeur,ALL,persona,3,100.0
2026-01-01,2026-03-01,2,Active,Active,Repair,ALL,persona,23,92.0
2026-01-01,2026-03-01,2,Active,At-risk,Repair,ALL,persona,2,8.0
2026-01-01,2026-03-01,2,At-risk,At-risk,Repair,ALL,persona,2,100.0
2026-01-01,2026-03-01,2,Active,Active,Repair_Installation,ALL,persona,13,100.0
2026-01-01,2026-03-01,2,Active,Active,Restauration,ALL,persona,70,94.59
2026-01-01,2026-03-01,2,Active,At-risk,Restauration,ALL,persona,4,5.41
2026-01-01,2026-03-01,2,At-risk,At-risk,Restauration,ALL,persona,3,100.0
2026-01-01,2026-03-01,2,Never monetized,Never monetized,Restauration,ALL,persona,1,100.0
2026-01-01,2026-03-01,2,Active,Active,Retail,ALL,persona,346,94.28
2026-01-01,2026-03-01,2,Active,At-risk,Retail,ALL,persona,21,5.72
2026-01-01,2026-03-01,2,At-risk,Active,Retail,ALL,persona,3,14.29
2026-01-01,2026-03-01,2,At-risk,At-risk,Retail,ALL,persona,18,85.71
2026-01-01,2026-03-01,2,Never monetized,Never monetized,Retail,ALL,persona,1,100.0
2026-01-01,2026-03-01,2,Active,Active,Wholesale,ALL,persona,51,92.73
2026-01-01,2026-03-01,2,Active,At-risk,Wholesale,ALL,persona,4,7.27
2026-01-01,2026-03-01,2,At-risk,At-risk,Wholesale,ALL,persona,3,100.0
2026-01-01,2026-03-01,2,Active,Active,Automobile_Trade_Repair,business,persona_x_initial_plan,3,100.0
2026-01-01,2026-03-01,2,Active,Active,Automobile_Trade_Repair,free,persona_x_initial_plan,39,95.12
2026-01-01,2026-03-01,2,Active,At-risk,Automobile_Trade_Repair,free,persona_x_initial_plan,2,4.88
2026-01-01,2026-03-01,2,At-risk,Active,Automobile_Trade_Repair,free,persona_x_initial_plan,1,100.0
2026-01-01,2026-03-01,2,Active,Active,Automobile_Trade_Repair,plus,persona_x_initial_plan,34,94.44
2026-01-01,2026-03-01,2,Active,At-risk,Automobile_Trade_Repair,plus,persona_x_initial_plan,2,5.56
2026-01-01,2026-03-01,2,At-risk,At-risk,Automobile_Trade_Repair,plus,persona_x_initial_plan,1,100.0
2026-01-01,2026-03-01,2,Active,Active,Automobile_Trade_Repair,start,persona_x_initial_plan,41,97.62
2026-01-01,2026-03-01,2,Active,At-risk,Automobile_Trade_Repair,start,persona_x_initial_plan,1,2.38
2026-01-01,2026-03-01,2,At-risk,At-risk,Automobile_Trade_Repair,start,persona_x_initial_plan,2,100.0
2026-01-01,2026-03-01,2,Active,Active,BTP,business,persona_x_initial_plan,14,100.0
2026-01-01,2026-03-01,2,At-risk,At-risk,BTP,business,persona_x_initial_plan,1,100.0
2026-01-01,2026-03-01,2,Active,Active,BTP,free,persona_x_initial_plan,174,95.08
2026-01-01,2026-03-01,2,Active,At-risk,BTP,free,persona_x_initial_plan,9,4.92
2026-01-01,2026-03-01,2,At-risk,At-risk,BTP,free,persona_x_initial_plan,6,100.0
2026-01-01,2026-03-01,2,Never monetized,Never monetized,BTP,free,persona_x_initial_plan,2,100.0
2026-01-01,2026-03-01,2,Active,Active,BTP,plus,persona_x_initial_plan,87,96.67
2026-01-01,2026-03-01,2,Active,At-risk,BTP,plus,persona_x_initial_plan,3,3.33
2026-01-01,2026-03-01,2,At-risk,At-risk,BTP,plus,persona_x_initial_plan,1,100.0
2026-01-01,2026-03-01,2,Active,Active,BTP,start,persona_x_initial_plan,178,94.18
2026-01-01,2026-03-01,2,Active,At-risk,BTP,start,persona_x_initial_plan,11,5.82
2026-01-01,2026-03-01,2,At-risk,At-risk,BTP,start,persona_x_initial_plan,5,100.0
2026-01-01,2026-03-01,2,Active,Active,Bankers_Insurance,free,persona_x_initial_plan,26,100.0
2026-01-01,2026-03-01,2,Active,Active,Bankers_Insurance,plus,persona_x_initial_plan,3,100.0
2026-01-01,2026-03-01,2,Active,Active,Bankers_Insurance,start,persona_x_initial_plan,17,100.0
2026-01-01,2026-03-01,2,At-risk,At-risk,Bankers_Insurance,start,persona_x_initial_plan,1,100.0
2026-01-01,2026-03-01,2,Active,Active,Bikers_Drivers,business,persona_x_initial_plan,6,85.71
2026-01-01,2026-03-01,2,Active,At-risk,Bikers_Drivers,business,persona_x_initial_plan,1,14.29
2026-01-01,2026-03-01,2,Active,Active,Bikers_Drivers,free,persona_x_initial_plan,39,95.12
2026-01-01,2026-03-01,2,Active,At-risk,Bikers_Drivers,free,persona_x_initial_plan,2,4.88
2026-01-01,2026-03-01,2,At-risk,At-risk,Bikers_Drivers,free,persona_x_initial_plan,3,100.0
2026-01-01,2026-03-01,2,Active,Active,Bikers_Drivers,plus,persona_x_initial_plan,18,100.0
2026-01-01,2026-03-01,2,Never monetized,Never monetized,Bikers_Drivers,plus,persona_x_initial_plan,1,100.0
2026-01-01,2026-03-01,2,Active,Active,Bikers_Drivers,start,persona_x_initial_plan,69,92.0
2026-01-01,2026-03-01,2,Active,At-risk,Bikers_Drivers,start,persona_x_initial_plan,6,8.0
2026-01-01,2026-03-01,2,At-risk,At-risk,Bikers_Drivers,start,persona_x_initial_plan,9,100.0
2026-01-01,2026-03-01,2,Active,Active,Cleaning_CallCenters,free,persona_x_initial_plan,7,100.0
2026-01-01,2026-03-01,2,Active,Active,Cleaning_CallCenters,plus,persona_x_initial_plan,1,100.0
2026-01-01,2026-03-01,2,Active,Active,Cleaning_CallCenters,start,persona_x_initial_plan,3,100.0
2026-01-01,2026-03-01,2,Active,Active,Consultant,business,persona_x_initial_plan,3,60.0
2026-01-01,2026-03-01,2,Active,At-risk,Consultant,business,persona_x_initial_plan,2,40.0
2026-01-01,2026-03-01,2,Active,Active,Consultant,free,persona_x_initial_plan,206,94.93
2026-01-01,2026-03-01,2,Active,At-risk,Consultant,free,persona_x_initial_plan,11,5.07
2026-01-01,2026-03-01,2,At-risk,Active,Consultant,free,persona_x_initial_plan,1,12.5
2026-01-01,2026-03-01,2,At-risk,At-risk,Consultant,free,persona_x_initial_plan,7,87.5
2026-01-01,2026-03-01,2,Never monetized,Never monetized,Consultant,free,persona_x_initial_plan,1,100.0
2026-01-01,2026-03-01,2,Active,Active,Consultant,plus,persona_x_initial_plan,34,94.44
2026-01-01,2026-03-01,2,Active,At-risk,Consultant,plus,persona_x_initial_plan,2,5.56
2026-01-01,2026-03-01,2,At-risk,At-risk,Consultant,plus,persona_x_initial_plan,2,100.0
2026-01-01,2026-03-01,2,Active,Active,Consultant,start,persona_x_initial_plan,209,97.66
2026-01-01,2026-03-01,2,Active,At-risk,Consultant,start,persona_x_initial_plan,5,2.34
2026-01-01,2026-03-01,2,At-risk,At-risk,Consultant,start,persona_x_initial_plan,5,100.0
2026-01-01,2026-03-01,2,Active,Active,Developer_IT,business,persona_x_initial_plan,5,100.0
2026-01-01,2026-03-01,2,Active,Active,Developer_IT,free,persona_x_initial_plan,83,95.4
2026-01-01,2026-03-01,2,Active,At-risk,Developer_IT,free,persona_x_initial_plan,4,4.6
2026-01-01,2026-03-01,2,At-risk,At-risk,Developer_IT,free,persona_x_initial_plan,6,100.0
2026-01-01,2026-03-01,2,Active,Active,Developer_IT,plus,persona_x_initial_plan,20,95.24
2026-01-01,2026-03-01,2,Active,At-risk,Developer_IT,plus,persona_x_initial_plan,1,4.76
2026-01-01,2026-03-01,2,Never monetized,Never monetized,Developer_IT,plus,persona_x_initial_plan,1,100.0
2026-01-01,2026-03-01,2,Active,Active,Developer_IT,start,persona_x_initial_plan,83,95.4
2026-01-01,2026-03-01,2,Active,At-risk,Developer_IT,start,persona_x_initial_plan,4,4.6
2026-01-01,2026-03-01,2,At-risk,At-risk,Developer_IT,start,persona_x_initial_plan,3,100.0
2026-01-01,2026-03-01,2,Never monetized,Never monetized,Developer_IT,start,persona_x_initial_plan,1,100.0
2026-01-01,2026-03-01,2,Active,Active,Media_Publishing,free,persona_x_initial_plan,39,97.5
2026-01-01,2026-03-01,2,Active,At-risk,Media_Publishing,free,persona_x_initial_plan,1,2.5
2026-01-01,2026-03-01,2,At-risk,At-risk,Media_Publishing,free,persona_x_initial_plan,2,100.0
2026-01-01,2026-03-01,2,Never monetized,Never monetized,Media_Publishing,free,persona_x_initial_plan,1,100.0
2026-01-01,2026-03-01,2,Active,Active,Media_Publishing,plus,persona_x_initial_plan,6,100.0
2026-01-01,2026-03-01,2,Active,Active,Media_Publishing,start,persona_x_initial_plan,55,100.0
2026-01-01,2026-03-01,2,Never monetized,Never monetized,Media_Publishing,start,persona_x_initial_plan,1,100.0
2026-01-01,2026-03-01,2,Active,Active,Medical_Professionals,free,persona_x_initial_plan,9,100.0
2026-01-01,2026-03-01,2,Active,Active,Medical_Professionals,plus,persona_x_initial_plan,2,100.0
2026-01-01,2026-03-01,2,Active,Active,Medical_Professionals,start,persona_x_initial_plan,18,100.0
2026-01-01,2026-03-01,2,At-risk,At-risk,Medical_Professionals,start,persona_x_initial_plan,1,100.0
2026-01-01,2026-03-01,2,Active,Active,Others,business,persona_x_initial_plan,7,77.78
2026-01-01,2026-03-01,2,Active,At-risk,Others,business,persona_x_initial_plan,2,22.22
2026-01-01,2026-03-01,2,At-risk,At-risk,Others,business,persona_x_initial_plan,1,100.0
2026-01-01,2026-03-01,2,Active,Active,Others,free,persona_x_initial_plan,172,95.03
2026-01-01,2026-03-01,2,Active,At-risk,Others,free,persona_x_initial_plan,9,4.97
2026-01-01,2026-03-01,2,At-risk,At-risk,Others,free,persona_x_initial_plan,3,100.0
2026-01-01,2026-03-01,2,Never monetized,Never monetized,Others,free,persona_x_initial_plan,1,100.0
2026-01-01,2026-03-01,2,Active,Active,Others,plus,persona_x_initial_plan,51,94.44
2026-01-01,2026-03-01,2,Active,At-risk,Others,plus,persona_x_initial_plan,3,5.56
2026-01-01,2026-03-01,2,At-risk,At-risk,Others,plus,persona_x_initial_plan,3,100.0
2026-01-01,2026-03-01,2,Active,Active,Others,start,persona_x_initial_plan,165,92.18
2026-01-01,2026-03-01,2,Active,At-risk,Others,start,persona_x_initial_plan,14,7.82
2026-01-01,2026-03-01,2,At-risk,At-risk,Others,start,persona_x_initial_plan,6,100.0
2026-01-01,2026-03-01,2,Active,Active,Professeur,business,persona_x_initial_plan,1,100.0
2026-01-01,2026-03-01,2,Active,Active,Professeur,free,persona_x_initial_plan,39,100.0
2026-01-01,2026-03-01,2,At-risk,At-risk,Professeur,free,persona_x_initial_plan,1,100.0
2026-01-01,2026-03-01,2,Active,Active,Professeur,plus,persona_x_initial_plan,3,100.0
2026-01-01,2026-03-01,2,Active,Active,Professeur,start,persona_x_initial_plan,40,100.0
2026-01-01,2026-03-01,2,At-risk,At-risk,Professeur,start,persona_x_initial_plan,2,100.0
2026-01-01,2026-03-01,2,Active,Active,Repair,free,persona_x_initial_plan,14,100.0
2026-01-01,2026-03-01,2,At-risk,At-risk,Repair,free,persona_x_initial_plan,1,100.0
2026-01-01,2026-03-01,2,Active,Active,Repair,plus,persona_x_initial_plan,2,66.67
2026-01-01,2026-03-01,2,Active,At-risk,Repair,plus,persona_x_initial_plan,1,33.33
2026-01-01,2026-03-01,2,Active,Active,Repair,start,persona_x_initial_plan,7,87.5
2026-01-01,2026-03-01,2,Active,At-risk,Repair,start,persona_x_initial_plan,1,12.5
2026-01-01,2026-03-01,2,At-risk,At-risk,Repair,start,persona_x_initial_plan,1,100.0
2026-01-01,2026-03-01,2,Active,Active,Repair_Installation,free,persona_x_initial_plan,3,100.0
2026-01-01,2026-03-01,2,Active,Active,Repair_Installation,plus,persona_x_initial_plan,3,100.0
2026-01-01,2026-03-01,2,Active,Active,Repair_Installation,start,persona_x_initial_plan,7,100.0
2026-01-01,2026-03-01,2,Active,Active,Restauration,business,persona_x_initial_plan,1,100.0
2026-01-01,2026-03-01,2,Active,Active,Restauration,free,persona_x_initial_plan,25,92.59
2026-01-01,2026-03-01,2,Active,At-risk,Restauration,free,persona_x_initial_plan,2,7.41
2026-01-01,2026-03-01,2,At-risk,At-risk,Restauration,free,persona_x_initial_plan,1,100.0
2026-01-01,2026-03-01,2,Active,Active,Restauration,plus,persona_x_initial_plan,14,93.33
2026-01-01,2026-03-01,2,Active,At-risk,Restauration,plus,persona_x_initial_plan,1,6.67
2026-01-01,2026-03-01,2,Active,Active,Restauration,start,persona_x_initial_plan,30,96.77
2026-01-01,2026-03-01,2,Active,At-risk,Restauration,start,persona_x_initial_plan,1,3.23
2026-01-01,2026-03-01,2,At-risk,At-risk,Restauration,start,persona_x_initial_plan,2,100.0
2026-01-01,2026-03-01,2,Never monetized,Never monetized,Restauration,start,persona_x_initial_plan,1,100.0
2026-01-01,2026-03-01,2,Active,Active,Retail,business,persona_x_initial_plan,3,60.0
2026-01-01,2026-03-01,2,Active,At-risk,Retail,business,persona_x_initial_plan,2,40.0
2026-01-01,2026-03-01,2,Active,Active,Retail,free,persona_x_initial_plan,143,94.7
2026-01-01,2026-03-01,2,Active,At-risk,Retail,free,persona_x_initial_plan,8,5.3
2026-01-01,2026-03-01,2,At-risk,At-risk,Retail,free,persona_x_initial_plan,8,100.0
2026-01-01,2026-03-01,2,Active,Active,Retail,plus,persona_x_initial_plan,39,95.12
2026-01-01,2026-03-01,2,Active,At-risk,Retail,plus,persona_x_initial_plan,2,4.88
2026-01-01,2026-03-01,2,At-risk,Active,Retail,plus,persona_x_initial_plan,2,40.0
2026-01-01,2026-03-01,2,At-risk,At-risk,Retail,plus,persona_x_initial_plan,3,60.0
2026-01-01,2026-03-01,2,Active,Active,Retail,start,persona_x_initial_plan,161,94.71
2026-01-01,2026-03-01,2,Active,At-risk,Retail,start,persona_x_initial_plan,9,5.29
2026-01-01,2026-03-01,2,At-risk,Active,Retail,start,persona_x_initial_plan,1,12.5
2026-01-01,2026-03-01,2,At-risk,At-risk,Retail,start,persona_x_initial_plan,7,87.5
2026-01-01,2026-03-01,2,Never monetized,Never monetized,Retail,start,persona_x_initial_plan,1,100.0
2026-01-01,2026-03-01,2,Active,Active,Wholesale,business,persona_x_initial_plan,1,100.0
2026-01-01,2026-03-01,2,Active,Active,Wholesale,free,persona_x_initial_plan,17,94.44
2026-01-01,2026-03-01,2,Active,At-risk,Wholesale,free,persona_x_initial_plan,1,5.56
2026-01-01,2026-03-01,2,At-risk,At-risk,Wholesale,free,persona_x_initial_plan,1,100.0
2026-01-01,2026-03-01,2,Active,Active,Wholesale,plus,persona_x_initial_plan,9,90.0
2026-01-01,2026-03-01,2,Active,At-risk,Wholesale,plus,persona_x_initial_plan,1,10.0
2026-01-01,2026-03-01,2,At-risk,At-risk,Wholesale,plus,persona_x_initial_plan,1,100.0
2026-01-01,2026-03-01,2,Active,Active,Wholesale,start,persona_x_initial_plan,24,92.31
2026-01-01,2026-03-01,2,Active,At-risk,Wholesale,start,persona_x_initial_plan,2,7.69
2026-01-01,2026-03-01,2,At-risk,At-risk,Wholesale,start,persona_x_initial_plan,1,100.0
2026-01-01,2026-04-01,3,Active,Active,ALL,business,initial_plan,42,95.45
2026-01-01,2026-04-01,3,Active,At-risk,ALL,business,initial_plan,2,4.55
2026-01-01,2026-04-01,3,At-risk,At-risk,ALL,business,initial_plan,7,77.78
2026-01-01,2026-04-01,3,At-risk,Churned proxy,ALL,business,initial_plan,2,22.22
2026-01-01,2026-04-01,3,Active,Active,ALL,free,initial_plan,1005,96.91
2026-01-01,2026-04-01,3,Active,At-risk,ALL,free,initial_plan,32,3.09
2026-01-01,2026-04-01,3,At-risk,Active,ALL,free,initial_plan,10,11.36
2026-01-01,2026-04-01,3,At-risk,At-risk,ALL,free,initial_plan,44,50.0
2026-01-01,2026-04-01,3,At-risk,Churned proxy,ALL,free,initial_plan,34,38.64
2026-01-01,2026-04-01,3,Never monetized,Active,ALL,free,initial_plan,1,20.0
2026-01-01,2026-04-01,3,Never monetized,Never monetized,ALL,free,initial_plan,4,80.0
2026-01-01,2026-04-01,3,Active,Active,ALL,plus,initial_plan,314,95.73
2026-01-01,2026-04-01,3,Active,At-risk,ALL,plus,initial_plan,14,4.27
2026-01-01,2026-04-01,3,At-risk,At-risk,ALL,plus,initial_plan,16,59.26
2026-01-01,2026-04-01,3,At-risk,Churned proxy,ALL,plus,initial_plan,11,40.74
2026-01-01,2026-04-01,3,Never monetized,Never monetized,ALL,plus,initial_plan,2,100.0
2026-01-01,2026-04-01,3,Active,Active,ALL,start,initial_plan,1085,97.92
2026-01-01,2026-04-01,3,Active,At-risk,ALL,start,initial_plan,23,2.08
2026-01-01,2026-04-01,3,At-risk,Active,ALL,start,initial_plan,5,5.05
2026-01-01,2026-04-01,3,At-risk,At-risk,ALL,start,initial_plan,51,51.52
2026-01-01,2026-04-01,3,At-risk,Churned proxy,ALL,start,initial_plan,43,43.43
2026-01-01,2026-04-01,3,Never monetized,Never monetized,ALL,start,initial_plan,4,100.0
2026-01-01,2026-04-01,3,Active,Active,ALL,ALL,overall,2446,97.18
2026-01-01,2026-04-01,3,Active,At-risk,ALL,ALL,overall,71,2.82
2026-01-01,2026-04-01,3,At-risk,Active,ALL,ALL,overall,15,6.73
2026-01-01,2026-04-01,3,At-risk,At-risk,ALL,ALL,overall,118,52.91
2026-01-01,2026-04-01,3,At-risk,Churned proxy,ALL,ALL,overall,90,40.36
2026-01-01,2026-04-01,3,Never monetized,Active,ALL,ALL,overall,1,9.09
2026-01-01,2026-04-01,3,Never monetized,Never monetized,ALL,ALL,overall,10,90.91
2026-01-01,2026-04-01,3,Active,Active,Automobile_Trade_Repair,ALL,persona,114,96.61
2026-01-01,2026-04-01,3,Active,At-risk,Automobile_Trade_Repair,ALL,persona,4,3.39
2026-01-01,2026-04-01,3,At-risk,At-risk,Automobile_Trade_Repair,ALL,persona,5,62.5
2026-01-01,2026-04-01,3,At-risk,Churned proxy,Automobile_Trade_Repair,ALL,persona,3,37.5
2026-01-01,2026-04-01,3,Active,Active,BTP,ALL,persona,443,97.79
2026-01-01,2026-04-01,3,Active,At-risk,BTP,ALL,persona,10,2.21
2026-01-01,2026-04-01,3,At-risk,Active,BTP,ALL,persona,3,8.33
2026-01-01,2026-04-01,3,At-risk,At-risk,BTP,ALL,persona,21,58.33
2026-01-01,2026-04-01,3,At-risk,Churned proxy,BTP,ALL,persona,12,33.33
2026-01-01,2026-04-01,3,Never monetized,Never monetized,BTP,ALL,persona,2,100.0
2026-01-01,2026-04-01,3,Active,Active,Bankers_Insurance,ALL,persona,44,95.65
2026-01-01,2026-04-01,3,Active,At-risk,Bankers_Insurance,ALL,persona,2,4.35
2026-01-01,2026-04-01,3,At-risk,Churned proxy,Bankers_Insurance,ALL,persona,1,100.0
2026-01-01,2026-04-01,3,Active,Active,Bikers_Drivers,ALL,persona,127,96.21
2026-01-01,2026-04-01,3,Active,At-risk,Bikers_Drivers,ALL,persona,5,3.79
2026-01-01,2026-04-01,3,At-risk,At-risk,Bikers_Drivers,ALL,persona,9,42.86
2026-01-01,2026-04-01,3,At-risk,Churned proxy,Bikers_Drivers,ALL,persona,12,57.14
2026-01-01,2026-04-01,3,Never monetized,Never monetized,Bikers_Drivers,ALL,persona,1,100.0
2026-01-01,2026-04-01,3,Active,Active,Cleaning_CallCenters,ALL,persona,11,100.0
2026-01-01,2026-04-01,3,Active,Active,Consultant,ALL,persona,443,97.79
2026-01-01,2026-04-01,3,Active,At-risk,Consultant,ALL,persona,10,2.21
2026-01-01,2026-04-01,3,At-risk,Active,Consultant,ALL,persona,2,5.88
2026-01-01,2026-04-01,3,At-risk,At-risk,Consultant,ALL,persona,19,55.88
2026-01-01,2026-04-01,3,At-risk,Churned proxy,Consultant,ALL,persona,13,38.24
2026-01-01,2026-04-01,3,Never monetized,Never monetized,Consultant,ALL,persona,1,100.0
2026-01-01,2026-04-01,3,Active,Active,Developer_IT,ALL,persona,187,97.91
2026-01-01,2026-04-01,3,Active,At-risk,Developer_IT,ALL,persona,4,2.09
2026-01-01,2026-04-01,3,At-risk,Active,Developer_IT,ALL,persona,3,16.67
2026-01-01,2026-04-01,3,At-risk,At-risk,Developer_IT,ALL,persona,8,44.44
2026-01-01,2026-04-01,3,At-risk,Churned proxy,Developer_IT,ALL,persona,7,38.89
2026-01-01,2026-04-01,3,Never monetized,Never monetized,Developer_IT,ALL,persona,2,100.0
2026-01-01,2026-04-01,3,Active,Active,Media_Publishing,ALL,persona,97,97.0
2026-01-01,2026-04-01,3,Active,At-risk,Media_Publishing,ALL,persona,3,3.0
2026-01-01,2026-04-01,3,At-risk,Active,Media_Publishing,ALL,persona,1,33.33
2026-01-01,2026-04-01,3,At-risk,At-risk,Media_Publishing,ALL,persona,1,33.33
2026-01-01,2026-04-01,3,At-risk,Churned proxy,Media_Publishing,ALL,persona,1,33.33
2026-01-01,2026-04-01,3,Never monetized,Active,Media_Publishing,ALL,persona,1,50.0
2026-01-01,2026-04-01,3,Never monetized,Never monetized,Media_Publishing,ALL,persona,1,50.0
2026-01-01,2026-04-01,3,Active,Active,Medical_Professionals,ALL,persona,28,96.55
2026-01-01,2026-04-01,3,Active,At-risk,Medical_Professionals,ALL,persona,1,3.45
2026-01-01,2026-04-01,3,At-risk,Churned proxy,Medical_Professionals,ALL,persona,1,100.0
2026-01-01,2026-04-01,3,Active,Active,Others,ALL,persona,381,96.46
2026-01-01,2026-04-01,3,Active,At-risk,Others,ALL,persona,14,3.54
2026-01-01,2026-04-01,3,At-risk,Active,Others,ALL,persona,3,7.32
2026-01-01,2026-04-01,3,At-risk,At-risk,Others,ALL,persona,26,63.41
2026-01-01,2026-04-01,3,At-risk,Churned proxy,Others,ALL,persona,12,29.27
2026-01-01,2026-04-01,3,Never monetized,Never monetized,Others,ALL,persona,1,100.0
2026-01-01,2026-04-01,3,Active,Active,Professeur,ALL,persona,82,98.8
2026-01-01,2026-04-01,3,Active,At-risk,Professeur,ALL,persona,1,1.2
2026-01-01,2026-04-01,3,At-risk,Churned proxy,Professeur,ALL,persona,3,100.0
2026-01-01,2026-04-01,3,Active,Active,Repair,ALL,persona,21,91.3
2026-01-01,2026-04-01,3,Active,At-risk,Repair,ALL,persona,2,8.7
2026-01-01,2026-04-01,3,At-risk,At-risk,Repair,ALL,persona,2,50.0
2026-01-01,2026-04-01,3,At-risk,Churned proxy,Repair,ALL,persona,2,50.0
2026-01-01,2026-04-01,3,Active,Active,Repair_Installation,ALL,persona,13,100.0
2026-01-01,2026-04-01,3,Active,Active,Restauration,ALL,persona,67,95.71
2026-01-01,2026-04-01,3,Active,At-risk,Restauration,ALL,persona,3,4.29
2026-01-01,2026-04-01,3,At-risk,Active,Restauration,ALL,persona,1,14.29
2026-01-01,2026-04-01,3,At-risk,At-risk,Restauration,ALL,persona,3,42.86
2026-01-01,2026-04-01,3,At-risk,Churned proxy,Restauration,ALL,persona,3,42.86
2026-01-01,2026-04-01,3,Never monetized,Never monetized,Restauration,ALL,persona,1,100.0
2026-01-01,2026-04-01,3,Active,Active,Retail,ALL,persona,338,96.85
2026-01-01,2026-04-01,3,Active,At-risk,Retail,ALL,persona,11,3.15
2026-01-01,2026-04-01,3,At-risk,Active,Retail,ALL,persona,2,5.13
2026-01-01,2026-04-01,3,At-risk,At-risk,Retail,ALL,persona,20,51.28
2026-01-01,2026-04-01,3,At-risk,Churned proxy,Retail,ALL,persona,17,43.59
2026-01-01,2026-04-01,3,Never monetized,Never monetized,Retail,ALL,persona,1,100.0
2026-01-01,2026-04-01,3,Active,Active,Wholesale,ALL,persona,50,98.04
2026-01-01,2026-04-01,3,Active,At-risk,Wholesale,ALL,persona,1,1.96
2026-01-01,2026-04-01,3,At-risk,At-risk,Wholesale,ALL,persona,4,57.14
2026-01-01,2026-04-01,3,At-risk,Churned proxy,Wholesale,ALL,persona,3,42.86
2026-01-01,2026-04-01,3,Active,Active,Automobile_Trade_Repair,business,persona_x_initial_plan,3,100.0
2026-01-01,2026-04-01,3,Active,Active,Automobile_Trade_Repair,free,persona_x_initial_plan,38,95.0
2026-01-01,2026-04-01,3,Active,At-risk,Automobile_Trade_Repair,free,persona_x_initial_plan,2,5.0
2026-01-01,2026-04-01,3,At-risk,At-risk,Automobile_Trade_Repair,free,persona_x_initial_plan,2,100.0
2026-01-01,2026-04-01,3,Active,Active,Automobile_Trade_Repair,plus,persona_x_initial_plan,32,94.12
2026-01-01,2026-04-01,3,Active,At-risk,Automobile_Trade_Repair,plus,persona_x_initial_plan,2,5.88
2026-01-01,2026-04-01,3,At-risk,At-risk,Automobile_Trade_Repair,plus,persona_x_initial_plan,2,66.67
2026-01-01,2026-04-01,3,At-risk,Churned proxy,Automobile_Trade_Repair,plus,persona_x_initial_plan,1,33.33
2026-01-01,2026-04-01,3,Active,Active,Automobile_Trade_Repair,start,persona_x_initial_plan,41,100.0
2026-01-01,2026-04-01,3,At-risk,At-risk,Automobile_Trade_Repair,start,persona_x_initial_plan,1,33.33
2026-01-01,2026-04-01,3,At-risk,Churned proxy,Automobile_Trade_Repair,start,persona_x_initial_plan,2,66.67
2026-01-01,2026-04-01,3,Active,Active,BTP,business,persona_x_initial_plan,14,100.0
2026-01-01,2026-04-01,3,At-risk,Churned proxy,BTP,business,persona_x_initial_plan,1,100.0
2026-01-01,2026-04-01,3,Active,Active,BTP,free,persona_x_initial_plan,170,97.7
2026-01-01,2026-04-01,3,Active,At-risk,BTP,free,persona_x_initial_plan,4,2.3
2026-01-01,2026-04-01,3,At-risk,Active,BTP,free,persona_x_initial_plan,3,20.0
2026-01-01,2026-04-01,3,At-risk,At-risk,BTP,free,persona_x_initial_plan,7,46.67
2026-01-01,2026-04-01,3,At-risk,Churned proxy,BTP,free,persona_x_initial_plan,5,33.33
2026-01-01,2026-04-01,3,Never monetized,Never monetized,BTP,free,persona_x_initial_plan,2,100.0
2026-01-01,2026-04-01,3,Active,Active,BTP,plus,persona_x_initial_plan,84,96.55
2026-01-01,2026-04-01,3,Active,At-risk,BTP,plus,persona_x_initial_plan,3,3.45
2026-01-01,2026-04-01,3,At-risk,At-risk,BTP,plus,persona_x_initial_plan,3,75.0
2026-01-01,2026-04-01,3,At-risk,Churned proxy,BTP,plus,persona_x_initial_plan,1,25.0
2026-01-01,2026-04-01,3,Active,Active,BTP,start,persona_x_initial_plan,175,98.31
2026-01-01,2026-04-01,3,Active,At-risk,BTP,start,persona_x_initial_plan,3,1.69
2026-01-01,2026-04-01,3,At-risk,At-risk,BTP,start,persona_x_initial_plan,11,68.75
2026-01-01,2026-04-01,3,At-risk,Churned proxy,BTP,start,persona_x_initial_plan,5,31.25
2026-01-01,2026-04-01,3,Active,Active,Bankers_Insurance,free,persona_x_initial_plan,26,100.0
2026-01-01,2026-04-01,3,Active,Active,Bankers_Insurance,plus,persona_x_initial_plan,3,100.0
2026-01-01,2026-04-01,3,Active,Active,Bankers_Insurance,start,persona_x_initial_plan,15,88.24
2026-01-01,2026-04-01,3,Active,At-risk,Bankers_Insurance,start,persona_x_initial_plan,2,11.76
2026-01-01,2026-04-01,3,At-risk,Churned proxy,Bankers_Insurance,start,persona_x_initial_plan,1,100.0
2026-01-01,2026-04-01,3,Active,Active,Bikers_Drivers,business,persona_x_initial_plan,6,100.0
2026-01-01,2026-04-01,3,At-risk,At-risk,Bikers_Drivers,business,persona_x_initial_plan,1,100.0
2026-01-01,2026-04-01,3,Active,Active,Bikers_Drivers,free,persona_x_initial_plan,39,100.0
2026-01-01,2026-04-01,3,At-risk,At-risk,Bikers_Drivers,free,persona_x_initial_plan,2,40.0
2026-01-01,2026-04-01,3,At-risk,Churned proxy,Bikers_Drivers,free,persona_x_initial_plan,3,60.0
2026-01-01,2026-04-01,3,Active,Active,Bikers_Drivers,plus,persona_x_initial_plan,15,83.33
2026-01-01,2026-04-01,3,Active,At-risk,Bikers_Drivers,plus,persona_x_initial_plan,3,16.67
2026-01-01,2026-04-01,3,Never monetized,Never monetized,Bikers_Drivers,plus,persona_x_initial_plan,1,100.0
2026-01-01,2026-04-01,3,Active,Active,Bikers_Drivers,start,persona_x_initial_plan,67,97.1
2026-01-01,2026-04-01,3,Active,At-risk,Bikers_Drivers,start,persona_x_initial_plan,2,2.9
2026-01-01,2026-04-01,3,At-risk,At-risk,Bikers_Drivers,start,persona_x_initial_plan,6,40.0
2026-01-01,2026-04-01,3,At-risk,Churned proxy,Bikers_Drivers,start,persona_x_initial_plan,9,60.0
2026-01-01,2026-04-01,3,Active,Active,Cleaning_CallCenters,free,persona_x_initial_plan,7,100.0
2026-01-01,2026-04-01,3,Active,Active,Cleaning_CallCenters,plus,persona_x_initial_plan,1,100.0
2026-01-01,2026-04-01,3,Active,Active,Cleaning_CallCenters,start,persona_x_initial_plan,3,100.0
2026-01-01,2026-04-01,3,Active,Active,Consultant,business,persona_x_initial_plan,3,100.0
2026-01-01,2026-04-01,3,At-risk,At-risk,Consultant,business,persona_x_initial_plan,2,100.0
2026-01-01,2026-04-01,3,Active,Active,Consultant,free,persona_x_initial_plan,201,97.1
2026-01-01,2026-04-01,3,Active,At-risk,Consultant,free,persona_x_initial_plan,6,2.9
2026-01-01,2026-04-01,3,At-risk,Active,Consultant,free,persona_x_initial_plan,1,5.56
2026-01-01,2026-04-01,3,At-risk,At-risk,Consultant,free,persona_x_initial_plan,11,61.11
2026-01-01,2026-04-01,3,At-risk,Churned proxy,Consultant,free,persona_x_initial_plan,6,33.33
2026-01-01,2026-04-01,3,Never monetized,Never monetized,Consultant,free,persona_x_initial_plan,1,100.0
2026-01-01,2026-04-01,3,Active,Active,Consultant,plus,persona_x_initial_plan,33,97.06
2026-01-01,2026-04-01,3,Active,At-risk,Consultant,plus,persona_x_initial_plan,1,2.94
2026-01-01,2026-04-01,3,At-risk,At-risk,Consultant,plus,persona_x_initial_plan,2,50.0
2026-01-01,2026-04-01,3,At-risk,Churned proxy,Consultant,plus,persona_x_initial_plan,2,50.0
2026-01-01,2026-04-01,3,Active,Active,Consultant,start,persona_x_initial_plan,206,98.56
2026-01-01,2026-04-01,3,Active,At-risk,Consultant,start,persona_x_initial_plan,3,1.44
2026-01-01,2026-04-01,3,At-risk,Active,Consultant,start,persona_x_initial_plan,1,10.0
2026-01-01,2026-04-01,3,At-risk,At-risk,Consultant,start,persona_x_initial_plan,4,40.0
2026-01-01,2026-04-01,3,At-risk,Churned proxy,Consultant,start,persona_x_initial_plan,5,50.0
2026-01-01,2026-04-01,3,Active,Active,Developer_IT,business,persona_x_initial_plan,5,100.0
2026-01-01,2026-04-01,3,Active,Active,Developer_IT,free,persona_x_initial_plan,81,97.59
2026-01-01,2026-04-01,3,Active,At-risk,Developer_IT,free,persona_x_initial_plan,2,2.41
2026-01-01,2026-04-01,3,At-risk,Active,Developer_IT,free,persona_x_initial_plan,1,10.0
2026-01-01,2026-04-01,3,At-risk,At-risk,Developer_IT,free,persona_x_initial_plan,4,40.0
2026-01-01,2026-04-01,3,At-risk,Churned proxy,Developer_IT,free,persona_x_initial_plan,5,50.0
2026-01-01,2026-04-01,3,Active,Active,Developer_IT,plus,persona_x_initial_plan,19,95.0
2026-01-01,2026-04-01,3,Active,At-risk,Developer_IT,plus,persona_x_initial_plan,1,5.0
2026-01-01,2026-04-01,3,At-risk,At-risk,Developer_IT,plus,persona_x_initial_plan,1,100.0
2026-01-01,2026-04-01,3,Never monetized,Never monetized,Developer_IT,plus,persona_x_initial_plan,1,100.0
2026-01-01,2026-04-01,3,Active,Active,Developer_IT,start,persona_x_initial_plan,82,98.8
2026-01-01,2026-04-01,3,Active,At-risk,Developer_IT,start,persona_x_initial_plan,1,1.2
2026-01-01,2026-04-01,3,At-risk,Active,Developer_IT,start,persona_x_initial_plan,2,28.57
2026-01-01,2026-04-01,3,At-risk,At-risk,Developer_IT,start,persona_x_initial_plan,3,42.86
2026-01-01,2026-04-01,3,At-risk,Churned proxy,Developer_IT,start,persona_x_initial_plan,2,28.57
2026-01-01,2026-04-01,3,Never monetized,Never monetized,Developer_IT,start,persona_x_initial_plan,1,100.0
2026-01-01,2026-04-01,3,Active,Active,Media_Publishing,free,persona_x_initial_plan,38,97.44
2026-01-01,2026-04-01,3,Active,At-risk,Media_Publishing,free,persona_x_initial_plan,1,2.56
2026-01-01,2026-04-01,3,At-risk,Active,Media_Publishing,free,persona_x_initial_plan,1,33.33
2026-01-01,2026-04-01,3,At-risk,At-risk,Media_Publishing,free,persona_x_initial_plan,1,33.33
2026-01-01,2026-04-01,3,At-risk,Churned proxy,Media_Publishing,free,persona_x_initial_plan,1,33.33
2026-01-01,2026-04-01,3,Never monetized,Active,Media_Publishing,free,persona_x_initial_plan,1,100.0
2026-01-01,2026-04-01,3,Active,Active,Media_Publishing,plus,persona_x_initial_plan,6,100.0
2026-01-01,2026-04-01,3,Active,Active,Media_Publishing,start,persona_x_initial_plan,53,96.36
2026-01-01,2026-04-01,3,Active,At-risk,Media_Publishing,start,persona_x_initial_plan,2,3.64
2026-01-01,2026-04-01,3,Never monetized,Never monetized,Media_Publishing,start,persona_x_initial_plan,1,100.0
2026-01-01,2026-04-01,3,Active,Active,Medical_Professionals,free,persona_x_initial_plan,8,88.89
2026-01-01,2026-04-01,3,Active,At-risk,Medical_Professionals,free,persona_x_initial_plan,1,11.11
2026-01-01,2026-04-01,3,Active,Active,Medical_Professionals,plus,persona_x_initial_plan,2,100.0
2026-01-01,2026-04-01,3,Active,Active,Medical_Professionals,start,persona_x_initial_plan,18,100.0
2026-01-01,2026-04-01,3,At-risk,Churned proxy,Medical_Professionals,start,persona_x_initial_plan,1,100.0
2026-01-01,2026-04-01,3,Active,Active,Others,business,persona_x_initial_plan,5,71.43
2026-01-01,2026-04-01,3,Active,At-risk,Others,business,persona_x_initial_plan,2,28.57
2026-01-01,2026-04-01,3,At-risk,At-risk,Others,business,persona_x_initial_plan,2,66.67
2026-01-01,2026-04-01,3,At-risk,Churned proxy,Others,business,persona_x_initial_plan,1,33.33
2026-01-01,2026-04-01,3,Active,Active,Others,free,persona_x_initial_plan,166,96.51
2026-01-01,2026-04-01,3,Active,At-risk,Others,free,persona_x_initial_plan,6,3.49
2026-01-01,2026-04-01,3,At-risk,Active,Others,free,persona_x_initial_plan,1,8.33
2026-01-01,2026-04-01,3,At-risk,At-risk,Others,free,persona_x_initial_plan,8,66.67
2026-01-01,2026-04-01,3,At-risk,Churned proxy,Others,free,persona_x_initial_plan,3,25.0
2026-01-01,2026-04-01,3,Never monetized,Never monetized,Others,free,persona_x_initial_plan,1,100.0
2026-01-01,2026-04-01,3,Active,Active,Others,plus,persona_x_initial_plan,49,96.08
2026-01-01,2026-04-01,3,Active,At-risk,Others,plus,persona_x_initial_plan,2,3.92
2026-01-01,2026-04-01,3,At-risk,At-risk,Others,plus,persona_x_initial_plan,3,50.0
2026-01-01,2026-04-01,3,At-risk,Churned proxy,Others,plus,persona_x_initial_plan,3,50.0
2026-01-01,2026-04-01,3,Active,Active,Others,start,persona_x_initial_plan,161,97.58
2026-01-01,2026-04-01,3,Active,At-risk,Others,start,persona_x_initial_plan,4,2.42
2026-01-01,2026-04-01,3,At-risk,Active,Others,start,persona_x_initial_plan,2,10.0
2026-01-01,2026-04-01,3,At-risk,At-risk,Others,start,persona_x_initial_plan,13,65.0
2026-01-01,2026-04-01,3,At-risk,Churned proxy,Others,start,persona_x_initial_plan,5,25.0
2026-01-01,2026-04-01,3,Active,Active,Professeur,business,persona_x_initial_plan,1,100.0
2026-01-01,2026-04-01,3,Active,Active,Professeur,free,persona_x_initial_plan,38,97.44
2026-01-01,2026-04-01,3,Active,At-risk,Professeur,free,persona_x_initial_plan,1,2.56
2026-01-01,2026-04-01,3,At-risk,Churned proxy,Professeur,free,persona_x_initial_plan,1,100.0
2026-01-01,2026-04-01,3,Active,Active,Professeur,plus,persona_x_initial_plan,3,100.0
2026-01-01,2026-04-01,3,Active,Active,Professeur,start,persona_x_initial_plan,40,100.0
2026-01-01,2026-04-01,3,At-risk,Churned proxy,Professeur,start,persona_x_initial_plan,2,100.0
2026-01-01,2026-04-01,3,Active,Active,Repair,free,persona_x_initial_plan,12,85.71
2026-01-01,2026-04-01,3,Active,At-risk,Repair,free,persona_x_initial_plan,2,14.29
2026-01-01,2026-04-01,3,At-risk,Churned proxy,Repair,free,persona_x_initial_plan,1,100.0
2026-01-01,2026-04-01,3,Active,Active,Repair,plus,persona_x_initial_plan,2,100.0
2026-01-01,2026-04-01,3,At-risk,At-risk,Repair,plus,persona_x_initial_plan,1,100.0
2026-01-01,2026-04-01,3,Active,Active,Repair,start,persona_x_initial_plan,7,100.0
2026-01-01,2026-04-01,3,At-risk,At-risk,Repair,start,persona_x_initial_plan,1,50.0
2026-01-01,2026-04-01,3,At-risk,Churned proxy,Repair,start,persona_x_initial_plan,1,50.0
2026-01-01,2026-04-01,3,Active,Active,Repair_Installation,free,persona_x_initial_plan,3,100.0
2026-01-01,2026-04-01,3,Active,Active,Repair_Installation,plus,persona_x_initial_plan,3,100.0
2026-01-01,2026-04-01,3,Active,Active,Repair_Installation,start,persona_x_initial_plan,7,100.0
2026-01-01,2026-04-01,3,Active,Active,Restauration,business,persona_x_initial_plan,1,100.0
2026-01-01,2026-04-01,3,Active,Active,Restauration,free,persona_x_initial_plan,23,92.0
2026-01-01,2026-04-01,3,Active,At-risk,Restauration,free,persona_x_initial_plan,2,8.0
2026-01-01,2026-04-01,3,At-risk,Active,Restauration,free,persona_x_initial_plan,1,33.33
2026-01-01,2026-04-01,3,At-risk,At-risk,Restauration,free,persona_x_initial_plan,1,33.33
2026-01-01,2026-04-01,3,At-risk,Churned proxy,Restauration,free,persona_x_initial_plan,1,33.33
2026-01-01,2026-04-01,3,Active,Active,Restauration,plus,persona_x_initial_plan,13,92.86
2026-01-01,2026-04-01,3,Active,At-risk,Restauration,plus,persona_x_initial_plan,1,7.14
2026-01-01,2026-04-01,3,At-risk,At-risk,Restauration,plus,persona_x_initial_plan,1,100.0
2026-01-01,2026-04-01,3,Active,Active,Restauration,start,persona_x_initial_plan,30,100.0
2026-01-01,2026-04-01,3,At-risk,At-risk,Restauration,start,persona_x_initial_plan,1,33.33
2026-01-01,2026-04-01,3,At-risk,Churned proxy,Restauration,start,persona_x_initial_plan,2,66.67
2026-01-01,2026-04-01,3,Never monetized,Never monetized,Restauration,start,persona_x_initial_plan,1,100.0
2026-01-01,2026-04-01,3,Active,Active,Retail,business,persona_x_initial_plan,3,100.0
2026-01-01,2026-04-01,3,At-risk,At-risk,Retail,business,persona_x_initial_plan,2,100.0
2026-01-01,2026-04-01,3,Active,Active,Retail,free,persona_x_initial_plan,139,97.2
2026-01-01,2026-04-01,3,Active,At-risk,Retail,free,persona_x_initial_plan,4,2.8
2026-01-01,2026-04-01,3,At-risk,Active,Retail,free,persona_x_initial_plan,2,12.5
2026-01-01,2026-04-01,3,At-risk,At-risk,Retail,free,persona_x_initial_plan,7,43.75
2026-01-01,2026-04-01,3,At-risk,Churned proxy,Retail,free,persona_x_initial_plan,7,43.75
2026-01-01,2026-04-01,3,Active,Active,Retail,plus,persona_x_initial_plan,40,97.56
2026-01-01,2026-04-01,3,Active,At-risk,Retail,plus,persona_x_initial_plan,1,2.44
2026-01-01,2026-04-01,3,At-risk,At-risk,Retail,plus,persona_x_initial_plan,2,40.0
2026-01-01,2026-04-01,3,At-risk,Churned proxy,Retail,plus,persona_x_initial_plan,3,60.0
2026-01-01,2026-04-01,3,Active,Active,Retail,start,persona_x_initial_plan,156,96.3
2026-01-01,2026-04-01,3,Active,At-risk,Retail,start,persona_x_initial_plan,6,3.7
2026-01-01,2026-04-01,3,At-risk,At-risk,Retail,start,persona_x_initial_plan,9,56.25
2026-01-01,2026-04-01,3,At-risk,Churned proxy,Retail,start,persona_x_initial_plan,7,43.75
2026-01-01,2026-04-01,3,Never monetized,Never monetized,Retail,start,persona_x_initial_plan,1,100.0
2026-01-01,2026-04-01,3,Active,Active,Wholesale,business,persona_x_initial_plan,1,100.0
2026-01-01,2026-04-01,3,Active,Active,Wholesale,free,persona_x_initial_plan,16,94.12
2026-01-01,2026-04-01,3,Active,At-risk,Wholesale,free,persona_x_initial_plan,1,5.88
2026-01-01,2026-04-01,3,At-risk,At-risk,Wholesale,free,persona_x_initial_plan,1,50.0
2026-01-01,2026-04-01,3,At-risk,Churned proxy,Wholesale,free,persona_x_initial_plan,1,50.0
2026-01-01,2026-04-01,3,Active,Active,Wholesale,plus,persona_x_initial_plan,9,100.0
2026-01-01,2026-04-01,3,At-risk,At-risk,Wholesale,plus,persona_x_initial_plan,1,50.0
2026-01-01,2026-04-01,3,At-risk,Churned proxy,Wholesale,plus,persona_x_initial_plan,1,50.0
2026-01-01,2026-04-01,3,Active,Active,Wholesale,start,persona_x_initial_plan,24,100.0
2026-01-01,2026-04-01,3,At-risk,At-risk,Wholesale,start,persona_x_initial_plan,2,66.67
2026-01-01,2026-04-01,3,At-risk,Churned proxy,Wholesale,start,persona_x_initial_plan,1,33.33
2026-02-01,2026-03-01,1,Active,Active,ALL,business,initial_plan,54,90.0
2026-02-01,2026-03-01,1,Active,At-risk,ALL,business,initial_plan,6,10.0
2026-02-01,2026-03-01,1,Never monetized,Never monetized,ALL,business,initial_plan,1,100.0
2026-02-01,2026-03-01,1,Active,Active,ALL,free,initial_plan,1213,94.4
2026-02-01,2026-03-01,1,Active,At-risk,ALL,free,initial_plan,72,5.6
2026-02-01,2026-03-01,1,Never monetized,Never monetized,ALL,free,initial_plan,4,100.0
2026-02-01,2026-03-01,1,Active,Active,ALL,plus,initial_plan,380,96.69
2026-02-01,2026-03-01,1,Active,At-risk,ALL,plus,initial_plan,13,3.31
2026-02-01,2026-03-01,1,Never monetized,Active,ALL,plus,initial_plan,2,66.67
2026-02-01,2026-03-01,1,Never monetized,Never monetized,ALL,plus,initial_plan,1,33.33
2026-02-01,2026-03-01,1,Active,Active,ALL,start,initial_plan,1420,95.95
2026-02-01,2026-03-01,1,Active,At-risk,ALL,start,initial_plan,60,4.05
2026-02-01,2026-03-01,1,Never monetized,Active,ALL,start,initial_plan,2,100.0
2026-02-01,2026-03-01,1,Active,Active,ALL,ALL,overall,3067,95.31
2026-02-01,2026-03-01,1,Active,At-risk,ALL,ALL,overall,151,4.69
2026-02-01,2026-03-01,1,Never monetized,Active,ALL,ALL,overall,4,40.0
2026-02-01,2026-03-01,1,Never monetized,Never monetized,ALL,ALL,overall,6,60.0
2026-02-01,2026-03-01,1,Active,Active,Automobile_Trade_Repair,ALL,persona,127,97.69
2026-02-01,2026-03-01,1,Active,At-risk,Automobile_Trade_Repair,ALL,persona,3,2.31
2026-02-01,2026-03-01,1,Active,Active,BTP,ALL,persona,604,96.79
2026-02-01,2026-03-01,1,Active,At-risk,BTP,ALL,persona,20,3.21
2026-02-01,2026-03-01,1,Active,Active,Bankers_Insurance,ALL,persona,55,96.49
2026-02-01,2026-03-01,1,Active,At-risk,Bankers_Insurance,ALL,persona,2,3.51
2026-02-01,2026-03-01,1,Active,Active,Bikers_Drivers,ALL,persona,142,86.59
2026-02-01,2026-03-01,1,Active,At-risk,Bikers_Drivers,ALL,persona,22,13.41
2026-02-01,2026-03-01,1,Active,Active,Cleaning_CallCenters,ALL,persona,25,96.15
2026-02-01,2026-03-01,1,Active,At-risk,Cleaning_CallCenters,ALL,persona,1,3.85
2026-02-01,2026-03-01,1,Active,Active,Consultant,ALL,persona,537,96.06
2026-02-01,2026-03-01,1,Active,At-risk,Consultant,ALL,persona,22,3.94
2026-02-01,2026-03-01,1,Never monetized,Active,Consultant,ALL,persona,1,33.33
2026-02-01,2026-03-01,1,Never monetized,Never monetized,Consultant,ALL,persona,2,66.67
2026-02-01,2026-03-01,1,Active,Active,Developer_IT,ALL,persona,251,94.36
2026-02-01,2026-03-01,1,Active,At-risk,Developer_IT,ALL,persona,15,5.64
2026-02-01,2026-03-01,1,Active,Active,Media_Publishing,ALL,persona,110,96.49
2026-02-01,2026-03-01,1,Active,At-risk,Media_Publishing,ALL,persona,4,3.51
2026-02-01,2026-03-01,1,Active,Active,Medical_Professionals,ALL,persona,39,95.12
2026-02-01,2026-03-01,1,Active,At-risk,Medical_Professionals,ALL,persona,2,4.88
2026-02-01,2026-03-01,1,Active,Active,Others,ALL,persona,490,95.15
2026-02-01,2026-03-01,1,Active,At-risk,Others,ALL,persona,25,4.85
2026-02-01,2026-03-01,1,Never monetized,Active,Others,ALL,persona,1,50.0
2026-02-01,2026-03-01,1,Never monetized,Never monetized,Others,ALL,persona,1,50.0
2026-02-01,2026-03-01,1,Active,Active,Professeur,ALL,persona,85,93.41
2026-02-01,2026-03-01,1,Active,At-risk,Professeur,ALL,persona,6,6.59
2026-02-01,2026-03-01,1,Never monetized,Never monetized,Professeur,ALL,persona,1,100.0
2026-02-01,2026-03-01,1,Active,Active,Repair,ALL,persona,10,90.91
2026-02-01,2026-03-01,1,Active,At-risk,Repair,ALL,persona,1,9.09
2026-02-01,2026-03-01,1,Active,Active,Repair_Installation,ALL,persona,2,100.0
2026-02-01,2026-03-01,1,Active,Active,Restauration,ALL,persona,82,97.62
2026-02-01,2026-03-01,1,Active,At-risk,Restauration,ALL,persona,2,2.38
2026-02-01,2026-03-01,1,Never monetized,Active,Restauration,ALL,persona,1,100.0
2026-02-01,2026-03-01,1,Active,Active,Retail,ALL,persona,424,94.64
2026-02-01,2026-03-01,1,Active,At-risk,Retail,ALL,persona,24,5.36
2026-02-01,2026-03-01,1,Never monetized,Active,Retail,ALL,persona,1,33.33
2026-02-01,2026-03-01,1,Never monetized,Never monetized,Retail,ALL,persona,2,66.67
2026-02-01,2026-03-01,1,Active,Active,Wholesale,ALL,persona,84,97.67
2026-02-01,2026-03-01,1,Active,At-risk,Wholesale,ALL,persona,2,2.33
2026-02-01,2026-03-01,1,Active,Active,Automobile_Trade_Repair,business,persona_x_initial_plan,3,100.0
2026-02-01,2026-03-01,1,Active,Active,Automobile_Trade_Repair,free,persona_x_initial_plan,28,96.55
2026-02-01,2026-03-01,1,Active,At-risk,Automobile_Trade_Repair,free,persona_x_initial_plan,1,3.45
2026-02-01,2026-03-01,1,Active,Active,Automobile_Trade_Repair,plus,persona_x_initial_plan,26,100.0
2026-02-01,2026-03-01,1,Active,Active,Automobile_Trade_Repair,start,persona_x_initial_plan,70,97.22
2026-02-01,2026-03-01,1,Active,At-risk,Automobile_Trade_Repair,start,persona_x_initial_plan,2,2.78
2026-02-01,2026-03-01,1,Active,Active,BTP,business,persona_x_initial_plan,21,95.45
2026-02-01,2026-03-01,1,Active,At-risk,BTP,business,persona_x_initial_plan,1,4.55
2026-02-01,2026-03-01,1,Active,Active,BTP,free,persona_x_initial_plan,233,95.88
2026-02-01,2026-03-01,1,Active,At-risk,BTP,free,persona_x_initial_plan,10,4.12
2026-02-01,2026-03-01,1,Active,Active,BTP,plus,persona_x_initial_plan,106,97.25
2026-02-01,2026-03-01,1,Active,At-risk,BTP,plus,persona_x_initial_plan,3,2.75
2026-02-01,2026-03-01,1,Active,Active,BTP,start,persona_x_initial_plan,244,97.6
2026-02-01,2026-03-01,1,Active,At-risk,BTP,start,persona_x_initial_plan,6,2.4
2026-02-01,2026-03-01,1,Active,Active,Bankers_Insurance,free,persona_x_initial_plan,27,93.1
2026-02-01,2026-03-01,1,Active,At-risk,Bankers_Insurance,free,persona_x_initial_plan,2,6.9
2026-02-01,2026-03-01,1,Active,Active,Bankers_Insurance,plus,persona_x_initial_plan,2,100.0
2026-02-01,2026-03-01,1,Active,Active,Bankers_Insurance,start,persona_x_initial_plan,26,100.0
2026-02-01,2026-03-01,1,Active,Active,Bikers_Drivers,business,persona_x_initial_plan,6,85.71
2026-02-01,2026-03-01,1,Active,At-risk,Bikers_Drivers,business,persona_x_initial_plan,1,14.29
2026-02-01,2026-03-01,1,Active,Active,Bikers_Drivers,free,persona_x_initial_plan,33,84.62
2026-02-01,2026-03-01,1,Active,At-risk,Bikers_Drivers,free,persona_x_initial_plan,6,15.38
2026-02-01,2026-03-01,1,Active,Active,Bikers_Drivers,plus,persona_x_initial_plan,28,96.55
2026-02-01,2026-03-01,1,Active,At-risk,Bikers_Drivers,plus,persona_x_initial_plan,1,3.45
2026-02-01,2026-03-01,1,Active,Active,Bikers_Drivers,start,persona_x_initial_plan,75,84.27
2026-02-01,2026-03-01,1,Active,At-risk,Bikers_Drivers,start,persona_x_initial_plan,14,15.73
2026-02-01,2026-03-01,1,Active,Active,Cleaning_CallCenters,business,persona_x_initial_plan,1,100.0
2026-02-01,2026-03-01,1,Active,Active,Cleaning_CallCenters,free,persona_x_initial_plan,4,80.0
2026-02-01,2026-03-01,1,Active,At-risk,Cleaning_CallCenters,free,persona_x_initial_plan,1,20.0
2026-02-01,2026-03-01,1,Active,Active,Cleaning_CallCenters,plus,persona_x_initial_plan,5,100.0
2026-02-01,2026-03-01,1,Active,Active,Cleaning_CallCenters,start,persona_x_initial_plan,15,100.0
2026-02-01,2026-03-01,1,Active,Active,Consultant,business,persona_x_initial_plan,5,100.0
2026-02-01,2026-03-01,1,Active,Active,Consultant,free,persona_x_initial_plan,246,94.62
2026-02-01,2026-03-01,1,Active,At-risk,Consultant,free,persona_x_initial_plan,14,5.38
2026-02-01,2026-03-01,1,Never monetized,Never monetized,Consultant,free,persona_x_initial_plan,2,100.0
2026-02-01,2026-03-01,1,Active,Active,Consultant,plus,persona_x_initial_plan,46,93.88
2026-02-01,2026-03-01,1,Active,At-risk,Consultant,plus,persona_x_initial_plan,3,6.12
2026-02-01,2026-03-01,1,Active,Active,Consultant,start,persona_x_initial_plan,240,97.96
2026-02-01,2026-03-01,1,Active,At-risk,Consultant,start,persona_x_initial_plan,5,2.04
2026-02-01,2026-03-01,1,Never monetized,Active,Consultant,start,persona_x_initial_plan,1,100.0
2026-02-01,2026-03-01,1,Active,Active,Developer_IT,business,persona_x_initial_plan,4,80.0
2026-02-01,2026-03-01,1,Active,At-risk,Developer_IT,business,persona_x_initial_plan,1,20.0
2026-02-01,2026-03-01,1,Active,Active,Developer_IT,free,persona_x_initial_plan,115,93.5
2026-02-01,2026-03-01,1,Active,At-risk,Developer_IT,free,persona_x_initial_plan,8,6.5
2026-02-01,2026-03-01,1,Active,Active,Developer_IT,plus,persona_x_initial_plan,22,95.65
2026-02-01,2026-03-01,1,Active,At-risk,Developer_IT,plus,persona_x_initial_plan,1,4.35
2026-02-01,2026-03-01,1,Active,Active,Developer_IT,start,persona_x_initial_plan,110,95.65
2026-02-01,2026-03-01,1,Active,At-risk,Developer_IT,start,persona_x_initial_plan,5,4.35
2026-02-01,2026-03-01,1,Active,Active,Media_Publishing,business,persona_x_initial_plan,1,100.0
2026-02-01,2026-03-01,1,Active,Active,Media_Publishing,free,persona_x_initial_plan,48,96.0
2026-02-01,2026-03-01,1,Active,At-risk,Media_Publishing,free,persona_x_initial_plan,2,4.0
2026-02-01,2026-03-01,1,Active,Active,Media_Publishing,plus,persona_x_initial_plan,8,100.0
2026-02-01,2026-03-01,1,Active,Active,Media_Publishing,start,persona_x_initial_plan,53,96.36
2026-02-01,2026-03-01,1,Active,At-risk,Media_Publishing,start,persona_x_initial_plan,2,3.64
2026-02-01,2026-03-01,1,Active,Active,Medical_Professionals,free,persona_x_initial_plan,17,100.0
2026-02-01,2026-03-01,1,Active,Active,Medical_Professionals,plus,persona_x_initial_plan,2,66.67
2026-02-01,2026-03-01,1,Active,At-risk,Medical_Professionals,plus,persona_x_initial_plan,1,33.33
2026-02-01,2026-03-01,1,Active,Active,Medical_Professionals,start,persona_x_initial_plan,20,95.24
2026-02-01,2026-03-01,1,Active,At-risk,Medical_Professionals,start,persona_x_initial_plan,1,4.76
2026-02-01,2026-03-01,1,Active,Active,Others,business,persona_x_initial_plan,5,83.33
2026-02-01,2026-03-01,1,Active,At-risk,Others,business,persona_x_initial_plan,1,16.67
2026-02-01,2026-03-01,1,Never monetized,Never monetized,Others,business,persona_x_initial_plan,1,100.0
2026-02-01,2026-03-01,1,Active,Active,Others,free,persona_x_initial_plan,186,95.88
2026-02-01,2026-03-01,1,Active,At-risk,Others,free,persona_x_initial_plan,8,4.12
2026-02-01,2026-03-01,1,Active,Active,Others,plus,persona_x_initial_plan,62,95.38
2026-02-01,2026-03-01,1,Active,At-risk,Others,plus,persona_x_initial_plan,3,4.62
2026-02-01,2026-03-01,1,Never monetized,Active,Others,plus,persona_x_initial_plan,1,100.0
2026-02-01,2026-03-01,1,Active,Active,Others,start,persona_x_initial_plan,237,94.8
2026-02-01,2026-03-01,1,Active,At-risk,Others,start,persona_x_initial_plan,13,5.2
2026-02-01,2026-03-01,1,Active,Active,Professeur,business,persona_x_initial_plan,1,100.0
2026-02-01,2026-03-01,1,Active,Active,Professeur,free,persona_x_initial_plan,36,90.0
2026-02-01,2026-03-01,1,Active,At-risk,Professeur,free,persona_x_initial_plan,4,10.0
2026-02-01,2026-03-01,1,Never monetized,Never monetized,Professeur,free,persona_x_initial_plan,1,100.0
2026-02-01,2026-03-01,1,Active,Active,Professeur,plus,persona_x_initial_plan,4,100.0
2026-02-01,2026-03-01,1,Active,Active,Professeur,start,persona_x_initial_plan,44,95.65
2026-02-01,2026-03-01,1,Active,At-risk,Professeur,start,persona_x_initial_plan,2,4.35
2026-02-01,2026-03-01,1,Active,Active,Repair,free,persona_x_initial_plan,6,85.71
2026-02-01,2026-03-01,1,Active,At-risk,Repair,free,persona_x_initial_plan,1,14.29
2026-02-01,2026-03-01,1,Active,Active,Repair,plus,persona_x_initial_plan,2,100.0
2026-02-01,2026-03-01,1,Active,Active,Repair,start,persona_x_initial_plan,2,100.0
2026-02-01,2026-03-01,1,Active,Active,Repair_Installation,start,persona_x_initial_plan,2,100.0
2026-02-01,2026-03-01,1,Active,Active,Restauration,free,persona_x_initial_plan,30,96.77
2026-02-01,2026-03-01,1,Active,At-risk,Restauration,free,persona_x_initial_plan,1,3.23
2026-02-01,2026-03-01,1,Active,Active,Restauration,plus,persona_x_initial_plan,12,100.0
2026-02-01,2026-03-01,1,Never monetized,Active,Restauration,plus,persona_x_initial_plan,1,100.0
2026-02-01,2026-03-01,1,Active,Active,Restauration,start,persona_x_initial_plan,40,97.56
2026-02-01,2026-03-01,1,Active,At-risk,Restauration,start,persona_x_initial_plan,1,2.44
2026-02-01,2026-03-01,1,Active,Active,Retail,business,persona_x_initial_plan,6,75.0
2026-02-01,2026-03-01,1,Active,At-risk,Retail,business,persona_x_initial_plan,2,25.0
2026-02-01,2026-03-01,1,Active,Active,Retail,free,persona_x_initial_plan,179,93.23
2026-02-01,2026-03-01,1,Active,At-risk,Retail,free,persona_x_initial_plan,13,6.77
2026-02-01,2026-03-01,1,Never monetized,Never monetized,Retail,free,persona_x_initial_plan,1,100.0
2026-02-01,2026-03-01,1,Active,Active,Retail,plus,persona_x_initial_plan,39,97.5
2026-02-01,2026-03-01,1,Active,At-risk,Retail,plus,persona_x_initial_plan,1,2.5
2026-02-01,2026-03-01,1,Never monetized,Never monetized,Retail,plus,persona_x_initial_plan,1,100.0
2026-02-01,2026-03-01,1,Active,Active,Retail,start,persona_x_initial_plan,200,96.15
2026-02-01,2026-03-01,1,Active,At-risk,Retail,start,persona_x_initial_plan,8,3.85
2026-02-01,2026-03-01,1,Never monetized,Active,Retail,start,persona_x_initial_plan,1,100.0
2026-02-01,2026-03-01,1,Active,Active,Wholesale,business,persona_x_initial_plan,1,100.0
2026-02-01,2026-03-01,1,Active,Active,Wholesale,free,persona_x_initial_plan,25,96.15
2026-02-01,2026-03-01,1,Active,At-risk,Wholesale,free,persona_x_initial_plan,1,3.85
2026-02-01,2026-03-01,1,Active,Active,Wholesale,plus,persona_x_initial_plan,16,100.0
2026-02-01,2026-03-01,1,Active,Active,Wholesale,start,persona_x_initial_plan,42,97.67
2026-02-01,2026-03-01,1,Active,At-risk,Wholesale,start,persona_x_initial_plan,1,2.33
2026-02-01,2026-04-01,2,Active,Active,ALL,business,initial_plan,47,87.04
2026-02-01,2026-04-01,2,Active,At-risk,ALL,business,initial_plan,7,12.96
2026-02-01,2026-04-01,2,At-risk,Active,ALL,business,initial_plan,1,16.67
2026-02-01,2026-04-01,2,At-risk,At-risk,ALL,business,initial_plan,5,83.33
2026-02-01,2026-04-01,2,Never monetized,Never monetized,ALL,business,initial_plan,1,100.0
2026-02-01,2026-04-01,2,Active,Active,ALL,free,initial_plan,1164,95.96
2026-02-01,2026-04-01,2,Active,At-risk,ALL,free,initial_plan,49,4.04
2026-02-01,2026-04-01,2,At-risk,Active,ALL,free,initial_plan,8,11.11
2026-02-01,2026-04-01,2,At-risk,At-risk,ALL,free,initial_plan,64,88.89
2026-02-01,2026-04-01,2,Never monetized,Never monetized,ALL,free,initial_plan,4,100.0
2026-02-01,2026-04-01,2,Active,Active,ALL,plus,initial_plan,368,96.34
2026-02-01,2026-04-01,2,Active,At-risk,ALL,plus,initial_plan,14,3.66
2026-02-01,2026-04-01,2,At-risk,Active,ALL,plus,initial_plan,2,15.38
2026-02-01,2026-04-01,2,At-risk,At-risk,ALL,plus,initial_plan,11,84.62
2026-02-01,2026-04-01,2,Never monetized,Never monetized,ALL,plus,initial_plan,1,100.0
2026-02-01,2026-04-01,2,Active,Active,ALL,start,initial_plan,1382,97.19
2026-02-01,2026-04-01,2,Active,At-risk,ALL,start,initial_plan,40,2.81
2026-02-01,2026-04-01,2,At-risk,Active,ALL,start,initial_plan,15,25.0
2026-02-01,2026-04-01,2,At-risk,At-risk,ALL,start,initial_plan,45,75.0
2026-02-01,2026-04-01,2,Active,Active,ALL,ALL,overall,2961,96.42
2026-02-01,2026-04-01,2,Active,At-risk,ALL,ALL,overall,110,3.58
2026-02-01,2026-04-01,2,At-risk,Active,ALL,ALL,overall,26,17.22
2026-02-01,2026-04-01,2,At-risk,At-risk,ALL,ALL,overall,125,82.78
2026-02-01,2026-04-01,2,Never monetized,Never monetized,ALL,ALL,overall,6,100.0
2026-02-01,2026-04-01,2,Active,Active,Automobile_Trade_Repair,ALL,persona,119,93.7
2026-02-01,2026-04-01,2,Active,At-risk,Automobile_Trade_Repair,ALL,persona,8,6.3
2026-02-01,2026-04-01,2,At-risk,At-risk,Automobile_Trade_Repair,ALL,persona,3,100.0
2026-02-01,2026-04-01,2,Active,Active,BTP,ALL,persona,583,96.52
2026-02-01,2026-04-01,2,Active,At-risk,BTP,ALL,persona,21,3.48
2026-02-01,2026-04-01,2,At-risk,Active,BTP,ALL,persona,4,20.0
2026-02-01,2026-04-01,2,At-risk,At-risk,BTP,ALL,persona,16,80.0
2026-02-01,2026-04-01,2,Active,Active,Bankers_Insurance,ALL,persona,54,98.18
2026-02-01,2026-04-01,2,Active,At-risk,Bankers_Insurance,ALL,persona,1,1.82
2026-02-01,2026-04-01,2,At-risk,Active,Bankers_Insurance,ALL,persona,1,50.0
2026-02-01,2026-04-01,2,At-risk,At-risk,Bankers_Insurance,ALL,persona,1,50.0
2026-02-01,2026-04-01,2,Active,Active,Bikers_Drivers,ALL,persona,133,93.66
2026-02-01,2026-04-01,2,Active,At-risk,Bikers_Drivers,ALL,persona,9,6.34
2026-02-01,2026-04-01,2,At-risk,Active,Bikers_Drivers,ALL,persona,6,27.27
2026-02-01,2026-04-01,2,At-risk,At-risk,Bikers_Drivers,ALL,persona,16,72.73
2026-02-01,2026-04-01,2,Active,Active,Cleaning_CallCenters,ALL,persona,24,96.0
2026-02-01,2026-04-01,2,Active,At-risk,Cleaning_CallCenters,ALL,persona,1,4.0
2026-02-01,2026-04-01,2,At-risk,At-risk,Cleaning_CallCenters,ALL,persona,1,100.0
2026-02-01,2026-04-01,2,Active,Active,Consultant,ALL,persona,520,96.65
2026-02-01,2026-04-01,2,Active,At-risk,Consultant,ALL,persona,18,3.35
2026-02-01,2026-04-01,2,At-risk,Active,Consultant,ALL,persona,3,13.64
2026-02-01,2026-04-01,2,At-risk,At-risk,Consultant,ALL,persona,19,86.36
2026-02-01,2026-04-01,2,Never monetized,Never monetized,Consultant,ALL,persona,2,100.0
2026-02-01,2026-04-01,2,Active,Active,Developer_IT,ALL,persona,245,97.61
2026-02-01,2026-04-01,2,Active,At-risk,Developer_IT,ALL,persona,6,2.39
2026-02-01,2026-04-01,2,At-risk,Active,Developer_IT,ALL,persona,4,26.67
2026-02-01,2026-04-01,2,At-risk,At-risk,Developer_IT,ALL,persona,11,73.33
2026-02-01,2026-04-01,2,Active,Active,Media_Publishing,ALL,persona,106,96.36
2026-02-01,2026-04-01,2,Active,At-risk,Media_Publishing,ALL,persona,4,3.64
2026-02-01,2026-04-01,2,At-risk,Active,Media_Publishing,ALL,persona,1,25.0
2026-02-01,2026-04-01,2,At-risk,At-risk,Media_Publishing,ALL,persona,3,75.0
2026-02-01,2026-04-01,2,Active,Active,Medical_Professionals,ALL,persona,38,97.44
2026-02-01,2026-04-01,2,Active,At-risk,Medical_Professionals,ALL,persona,1,2.56
2026-02-01,2026-04-01,2,At-risk,At-risk,Medical_Professionals,ALL,persona,2,100.0
2026-02-01,2026-04-01,2,Active,Active,Others,ALL,persona,475,96.74
2026-02-01,2026-04-01,2,Active,At-risk,Others,ALL,persona,16,3.26
2026-02-01,2026-04-01,2,At-risk,Active,Others,ALL,persona,3,12.0
2026-02-01,2026-04-01,2,At-risk,At-risk,Others,ALL,persona,22,88.0
2026-02-01,2026-04-01,2,Never monetized,Never monetized,Others,ALL,persona,1,100.0
2026-02-01,2026-04-01,2,Active,Active,Professeur,ALL,persona,83,97.65
2026-02-01,2026-04-01,2,Active,At-risk,Professeur,ALL,persona,2,2.35
2026-02-01,2026-04-01,2,At-risk,At-risk,Professeur,ALL,persona,6,100.0
2026-02-01,2026-04-01,2,Never monetized,Never monetized,Professeur,ALL,persona,1,100.0
2026-02-01,2026-04-01,2,Active,Active,Repair,ALL,persona,10,100.0
2026-02-01,2026-04-01,2,At-risk,At-risk,Repair,ALL,persona,1,100.0
2026-02-01,2026-04-01,2,Active,Active,Repair_Installation,ALL,persona,2,100.0
2026-02-01,2026-04-01,2,Active,Active,Restauration,ALL,persona,81,97.59
2026-02-01,2026-04-01,2,Active,At-risk,Restauration,ALL,persona,2,2.41
2026-02-01,2026-04-01,2,At-risk,At-risk,Restauration,ALL,persona,2,100.0
2026-02-01,2026-04-01,2,Active,Active,Retail,ALL,persona,406,95.53
2026-02-01,2026-04-01,2,Active,At-risk,Retail,ALL,persona,19,4.47
2026-02-01,2026-04-01,2,At-risk,Active,Retail,ALL,persona,4,16.67
2026-02-01,2026-04-01,2,At-risk,At-risk,Retail,ALL,persona,20,83.33
2026-02-01,2026-04-01,2,Never monetized,Never monetized,Retail,ALL,persona,2,100.0
2026-02-01,2026-04-01,2,Active,Active,Wholesale,ALL,persona,82,97.62
2026-02-01,2026-04-01,2,Active,At-risk,Wholesale,ALL,persona,2,2.38
2026-02-01,2026-04-01,2,At-risk,At-risk,Wholesale,ALL,persona,2,100.0
2026-02-01,2026-04-01,2,Active,Active,Automobile_Trade_Repair,business,persona_x_initial_plan,3,100.0
2026-02-01,2026-04-01,2,Active,Active,Automobile_Trade_Repair,free,persona_x_initial_plan,26,92.86
2026-02-01,2026-04-01,2,Active,At-risk,Automobile_Trade_Repair,free,persona_x_initial_plan,2,7.14
2026-02-01,2026-04-01,2,At-risk,At-risk,Automobile_Trade_Repair,free,persona_x_initial_plan,1,100.0
2026-02-01,2026-04-01,2,Active,Active,Automobile_Trade_Repair,plus,persona_x_initial_plan,25,96.15
2026-02-01,2026-04-01,2,Active,At-risk,Automobile_Trade_Repair,plus,persona_x_initial_plan,1,3.85
2026-02-01,2026-04-01,2,Active,Active,Automobile_Trade_Repair,start,persona_x_initial_plan,65,92.86
2026-02-01,2026-04-01,2,Active,At-risk,Automobile_Trade_Repair,start,persona_x_initial_plan,5,7.14
2026-02-01,2026-04-01,2,At-risk,At-risk,Automobile_Trade_Repair,start,persona_x_initial_plan,2,100.0
2026-02-01,2026-04-01,2,Active,Active,BTP,business,persona_x_initial_plan,21,100.0
2026-02-01,2026-04-01,2,At-risk,At-risk,BTP,business,persona_x_initial_plan,1,100.0
2026-02-01,2026-04-01,2,Active,Active,BTP,free,persona_x_initial_plan,225,96.57
2026-02-01,2026-04-01,2,Active,At-risk,BTP,free,persona_x_initial_plan,8,3.43
2026-02-01,2026-04-01,2,At-risk,Active,BTP,free,persona_x_initial_plan,2,20.0
2026-02-01,2026-04-01,2,At-risk,At-risk,BTP,free,persona_x_initial_plan,8,80.0
2026-02-01,2026-04-01,2,Active,Active,BTP,plus,persona_x_initial_plan,102,96.23
2026-02-01,2026-04-01,2,Active,At-risk,BTP,plus,persona_x_initial_plan,4,3.77
2026-02-01,2026-04-01,2,At-risk,Active,BTP,plus,persona_x_initial_plan,1,33.33
2026-02-01,2026-04-01,2,At-risk,At-risk,BTP,plus,persona_x_initial_plan,2,66.67
2026-02-01,2026-04-01,2,Active,Active,BTP,start,persona_x_initial_plan,235,96.31
2026-02-01,2026-04-01,2,Active,At-risk,BTP,start,persona_x_initial_plan,9,3.69
2026-02-01,2026-04-01,2,At-risk,Active,BTP,start,persona_x_initial_plan,1,16.67
2026-02-01,2026-04-01,2,At-risk,At-risk,BTP,start,persona_x_initial_plan,5,83.33
2026-02-01,2026-04-01,2,Active,Active,Bankers_Insurance,free,persona_x_initial_plan,26,96.3
2026-02-01,2026-04-01,2,Active,At-risk,Bankers_Insurance,free,persona_x_initial_plan,1,3.7
2026-02-01,2026-04-01,2,At-risk,Active,Bankers_Insurance,free,persona_x_initial_plan,1,50.0
2026-02-01,2026-04-01,2,At-risk,At-risk,Bankers_Insurance,free,persona_x_initial_plan,1,50.0
2026-02-01,2026-04-01,2,Active,Active,Bankers_Insurance,plus,persona_x_initial_plan,2,100.0
2026-02-01,2026-04-01,2,Active,Active,Bankers_Insurance,start,persona_x_initial_plan,26,100.0
2026-02-01,2026-04-01,2,Active,Active,Bikers_Drivers,business,persona_x_initial_plan,4,66.67
2026-02-01,2026-04-01,2,Active,At-risk,Bikers_Drivers,business,persona_x_initial_plan,2,33.33
2026-02-01,2026-04-01,2,At-risk,Active,Bikers_Drivers,business,persona_x_initial_plan,1,100.0
2026-02-01,2026-04-01,2,Active,Active,Bikers_Drivers,free,persona_x_initial_plan,31,93.94
2026-02-01,2026-04-01,2,Active,At-risk,Bikers_Drivers,free,persona_x_initial_plan,2,6.06
2026-02-01,2026-04-01,2,At-risk,At-risk,Bikers_Drivers,free,persona_x_initial_plan,6,100.0
2026-02-01,2026-04-01,2,Active,Active,Bikers_Drivers,plus,persona_x_initial_plan,27,96.43
2026-02-01,2026-04-01,2,Active,At-risk,Bikers_Drivers,plus,persona_x_initial_plan,1,3.57
2026-02-01,2026-04-01,2,At-risk,At-risk,Bikers_Drivers,plus,persona_x_initial_plan,1,100.0
2026-02-01,2026-04-01,2,Active,Active,Bikers_Drivers,start,persona_x_initial_plan,71,94.67
2026-02-01,2026-04-01,2,Active,At-risk,Bikers_Drivers,start,persona_x_initial_plan,4,5.33
2026-02-01,2026-04-01,2,At-risk,Active,Bikers_Drivers,start,persona_x_initial_plan,5,35.71
2026-02-01,2026-04-01,2,At-risk,At-risk,Bikers_Drivers,start,persona_x_initial_plan,9,64.29
2026-02-01,2026-04-01,2,Active,Active,Cleaning_CallCenters,business,persona_x_initial_plan,1,100.0
2026-02-01,2026-04-01,2,Active,Active,Cleaning_CallCenters,free,persona_x_initial_plan,4,100.0
2026-02-01,2026-04-01,2,At-risk,At-risk,Cleaning_CallCenters,free,persona_x_initial_plan,1,100.0
2026-02-01,2026-04-01,2,Active,Active,Cleaning_CallCenters,plus,persona_x_initial_plan,5,100.0
2026-02-01,2026-04-01,2,Active,Active,Cleaning_CallCenters,start,persona_x_initial_plan,14,93.33
2026-02-01,2026-04-01,2,Active,At-risk,Cleaning_CallCenters,start,persona_x_initial_plan,1,6.67
2026-02-01,2026-04-01,2,Active,Active,Consultant,business,persona_x_initial_plan,5,100.0
2026-02-01,2026-04-01,2,Active,Active,Consultant,free,persona_x_initial_plan,231,93.9
2026-02-01,2026-04-01,2,Active,At-risk,Consultant,free,persona_x_initial_plan,15,6.1
2026-02-01,2026-04-01,2,At-risk,Active,Consultant,free,persona_x_initial_plan,3,21.43
2026-02-01,2026-04-01,2,At-risk,At-risk,Consultant,free,persona_x_initial_plan,11,78.57
2026-02-01,2026-04-01,2,Never monetized,Never monetized,Consultant,free,persona_x_initial_plan,2,100.0
2026-02-01,2026-04-01,2,Active,Active,Consultant,plus,persona_x_initial_plan,45,97.83
2026-02-01,2026-04-01,2,Active,At-risk,Consultant,plus,persona_x_initial_plan,1,2.17
2026-02-01,2026-04-01,2,At-risk,At-risk,Consultant,plus,persona_x_initial_plan,3,100.0
2026-02-01,2026-04-01,2,Active,Active,Consultant,start,persona_x_initial_plan,239,99.17
2026-02-01,2026-04-01,2,Active,At-risk,Consultant,start,persona_x_initial_plan,2,0.83
2026-02-01,2026-04-01,2,At-risk,At-risk,Consultant,start,persona_x_initial_plan,5,100.0
2026-02-01,2026-04-01,2,Active,Active,Developer_IT,business,persona_x_initial_plan,2,50.0
2026-02-01,2026-04-01,2,Active,At-risk,Developer_IT,business,persona_x_initial_plan,2,50.0
2026-02-01,2026-04-01,2,At-risk,At-risk,Developer_IT,business,persona_x_initial_plan,1,100.0
2026-02-01,2026-04-01,2,Active,Active,Developer_IT,free,persona_x_initial_plan,111,96.52
2026-02-01,2026-04-01,2,Active,At-risk,Developer_IT,free,persona_x_initial_plan,4,3.48
2026-02-01,2026-04-01,2,At-risk,Active,Developer_IT,free,persona_x_initial_plan,1,12.5
2026-02-01,2026-04-01,2,At-risk,At-risk,Developer_IT,free,persona_x_initial_plan,7,87.5
2026-02-01,2026-04-01,2,Active,Active,Developer_IT,plus,persona_x_initial_plan,22,100.0
2026-02-01,2026-04-01,2,At-risk,Active,Developer_IT,plus,persona_x_initial_plan,1,100.0
2026-02-01,2026-04-01,2,Active,Active,Developer_IT,start,persona_x_initial_plan,110,100.0
2026-02-01,2026-04-01,2,At-risk,Active,Developer_IT,start,persona_x_initial_plan,2,40.0
2026-02-01,2026-04-01,2,At-risk,At-risk,Developer_IT,start,persona_x_initial_plan,3,60.0
2026-02-01,2026-04-01,2,Active,At-risk,Media_Publishing,business,persona_x_initial_plan,1,100.0
2026-02-01,2026-04-01,2,Active,Active,Media_Publishing,free,persona_x_initial_plan,46,95.83
2026-02-01,2026-04-01,2,Active,At-risk,Media_Publishing,free,persona_x_initial_plan,2,4.17
2026-02-01,2026-04-01,2,At-risk,At-risk,Media_Publishing,free,persona_x_initial_plan,2,100.0
2026-02-01,2026-04-01,2,Active,Active,Media_Publishing,plus,persona_x_initial_plan,8,100.0
2026-02-01,2026-04-01,2,Active,Active,Media_Publishing,start,persona_x_initial_plan,52,98.11
2026-02-01,2026-04-01,2,Active,At-risk,Media_Publishing,start,persona_x_initial_plan,1,1.89
2026-02-01,2026-04-01,2,At-risk,Active,Media_Publishing,start,persona_x_initial_plan,1,50.0
2026-02-01,2026-04-01,2,At-risk,At-risk,Media_Publishing,start,persona_x_initial_plan,1,50.0
2026-02-01,2026-04-01,2,Active,Active,Medical_Professionals,free,persona_x_initial_plan,16,94.12
2026-02-01,2026-04-01,2,Active,At-risk,Medical_Professionals,free,persona_x_initial_plan,1,5.88
2026-02-01,2026-04-01,2,Active,Active,Medical_Professionals,plus,persona_x_initial_plan,2,100.0
2026-02-01,2026-04-01,2,At-risk,At-risk,Medical_Professionals,plus,persona_x_initial_plan,1,100.0
2026-02-01,2026-04-01,2,Active,Active,Medical_Professionals,start,persona_x_initial_plan,20,100.0
2026-02-01,2026-04-01,2,At-risk,At-risk,Medical_Professionals,start,persona_x_initial_plan,1,100.0
2026-02-01,2026-04-01,2,Active,Active,Others,business,persona_x_initial_plan,5,100.0
2026-02-01,2026-04-01,2,At-risk,At-risk,Others,business,persona_x_initial_plan,1,100.0
2026-02-01,2026-04-01,2,Never monetized,Never monetized,Others,business,persona_x_initial_plan,1,100.0
2026-02-01,2026-04-01,2,Active,Active,Others,free,persona_x_initial_plan,180,96.77
2026-02-01,2026-04-01,2,Active,At-risk,Others,free,persona_x_initial_plan,6,3.23
2026-02-01,2026-04-01,2,At-risk,At-risk,Others,free,persona_x_initial_plan,8,100.0
2026-02-01,2026-04-01,2,Active,Active,Others,plus,persona_x_initial_plan,60,95.24
2026-02-01,2026-04-01,2,Active,At-risk,Others,plus,persona_x_initial_plan,3,4.76
2026-02-01,2026-04-01,2,At-risk,At-risk,Others,plus,persona_x_initial_plan,3,100.0
2026-02-01,2026-04-01,2,Active,Active,Others,start,persona_x_initial_plan,230,97.05
2026-02-01,2026-04-01,2,Active,At-risk,Others,start,persona_x_initial_plan,7,2.95
2026-02-01,2026-04-01,2,At-risk,Active,Others,start,persona_x_initial_plan,3,23.08
2026-02-01,2026-04-01,2,At-risk,At-risk,Others,start,persona_x_initial_plan,10,76.92
2026-02-01,2026-04-01,2,Active,Active,Professeur,business,persona_x_initial_plan,1,100.0
2026-02-01,2026-04-01,2,Active,Active,Professeur,free,persona_x_initial_plan,35,97.22
2026-02-01,2026-04-01,2,Active,At-risk,Professeur,free,persona_x_initial_plan,1,2.78
2026-02-01,2026-04-01,2,At-risk,At-risk,Professeur,free,persona_x_initial_plan,4,100.0
2026-02-01,2026-04-01,2,Never monetized,Never monetized,Professeur,free,persona_x_initial_plan,1,100.0
2026-02-01,2026-04-01,2,Active,Active,Professeur,plus,persona_x_initial_plan,4,100.0
2026-02-01,2026-04-01,2,Active,Active,Professeur,start,persona_x_initial_plan,43,97.73
2026-02-01,2026-04-01,2,Active,At-risk,Professeur,start,persona_x_initial_plan,1,2.27
2026-02-01,2026-04-01,2,At-risk,At-risk,Professeur,start,persona_x_initial_plan,2,100.0
2026-02-01,2026-04-01,2,Active,Active,Repair,free,persona_x_initial_plan,6,100.0
2026-02-01,2026-04-01,2,At-risk,At-risk,Repair,free,persona_x_initial_plan,1,100.0
2026-02-01,2026-04-01,2,Active,Active,Repair,plus,persona_x_initial_plan,2,100.0
2026-02-01,2026-04-01,2,Active,Active,Repair,start,persona_x_initial_plan,2,100.0
2026-02-01,2026-04-01,2,Active,Active,Repair_Installation,start,persona_x_initial_plan,2,100.0
2026-02-01,2026-04-01,2,Active,Active,Restauration,free,persona_x_initial_plan,30,100.0
2026-02-01,2026-04-01,2,At-risk,At-risk,Restauration,free,persona_x_initial_plan,1,100.0
2026-02-01,2026-04-01,2,Active,Active,Restauration,plus,persona_x_initial_plan,12,92.31
2026-02-01,2026-04-01,2,Active,At-risk,Restauration,plus,persona_x_initial_plan,1,7.69
2026-02-01,2026-04-01,2,Active,Active,Restauration,start,persona_x_initial_plan,39,97.5
2026-02-01,2026-04-01,2,Active,At-risk,Restauration,start,persona_x_initial_plan,1,2.5
2026-02-01,2026-04-01,2,At-risk,At-risk,Restauration,start,persona_x_initial_plan,1,100.0
2026-02-01,2026-04-01,2,Active,Active,Retail,business,persona_x_initial_plan,4,66.67
2026-02-01,2026-04-01,2,Active,At-risk,Retail,business,persona_x_initial_plan,2,33.33
2026-02-01,2026-04-01,2,At-risk,At-risk,Retail,business,persona_x_initial_plan,2,100.0
2026-02-01,2026-04-01,2,Active,Active,Retail,free,persona_x_initial_plan,173,96.65
2026-02-01,2026-04-01,2,Active,At-risk,Retail,free,persona_x_initial_plan,6,3.35
2026-02-01,2026-04-01,2,At-risk,Active,Retail,free,persona_x_initial_plan,1,7.69
2026-02-01,2026-04-01,2,At-risk,At-risk,Retail,free,persona_x_initial_plan,12,92.31
2026-02-01,2026-04-01,2,Never monetized,Never monetized,Retail,free,persona_x_initial_plan,1,100.0
2026-02-01,2026-04-01,2,Active,Active,Retail,plus,persona_x_initial_plan,36,92.31
2026-02-01,2026-04-01,2,Active,At-risk,Retail,plus,persona_x_initial_plan,3,7.69
2026-02-01,2026-04-01,2,At-risk,At-risk,Retail,plus,persona_x_initial_plan,1,100.0
2026-02-01,2026-04-01,2,Never monetized,Never monetized,Retail,plus,persona_x_initial_plan,1,100.0
2026-02-01,2026-04-01,2,Active,Active,Retail,start,persona_x_initial_plan,193,96.02
2026-02-01,2026-04-01,2,Active,At-risk,Retail,start,persona_x_initial_plan,8,3.98
2026-02-01,2026-04-01,2,At-risk,Active,Retail,start,persona_x_initial_plan,3,37.5
2026-02-01,2026-04-01,2,At-risk,At-risk,Retail,start,persona_x_initial_plan,5,62.5
2026-02-01,2026-04-01,2,Active,Active,Wholesale,business,persona_x_initial_plan,1,100.0
2026-02-01,2026-04-01,2,Active,Active,Wholesale,free,persona_x_initial_plan,24,96.0
2026-02-01,2026-04-01,2,Active,At-risk,Wholesale,free,persona_x_initial_plan,1,4.0
2026-02-01,2026-04-01,2,At-risk,At-risk,Wholesale,free,persona_x_initial_plan,1,100.0
2026-02-01,2026-04-01,2,Active,Active,Wholesale,plus,persona_x_initial_plan,16,100.0
2026-02-01,2026-04-01,2,Active,Active,Wholesale,start,persona_x_initial_plan,41,97.62
2026-02-01,2026-04-01,2,Active,At-risk,Wholesale,start,persona_x_initial_plan,1,2.38
2026-02-01,2026-04-01,2,At-risk,At-risk,Wholesale,start,persona_x_initial_plan,1,100.0
2026-03-01,2026-04-01,1,Active,Active,ALL,business,initial_plan,39,97.5
2026-03-01,2026-04-01,1,Active,At-risk,ALL,business,initial_plan,1,2.5
2026-03-01,2026-04-01,1,Active,Active,ALL,free,initial_plan,914,94.13
2026-03-01,2026-04-01,1,Active,At-risk,ALL,free,initial_plan,57,5.87
2026-03-01,2026-04-01,1,Never monetized,Active,ALL,free,initial_plan,3,42.86
2026-03-01,2026-04-01,1,Never monetized,Never monetized,ALL,free,initial_plan,4,57.14
2026-03-01,2026-04-01,1,Active,Active,ALL,plus,initial_plan,278,96.53
2026-03-01,2026-04-01,1,Active,At-risk,ALL,plus,initial_plan,10,3.47
2026-03-01,2026-04-01,1,Never monetized,Never monetized,ALL,plus,initial_plan,1,100.0
2026-03-01,2026-04-01,1,Active,Active,ALL,start,initial_plan,1090,96.63
2026-03-01,2026-04-01,1,Active,At-risk,ALL,start,initial_plan,38,3.37
2026-03-01,2026-04-01,1,Never monetized,Never monetized,ALL,start,initial_plan,4,100.0
2026-03-01,2026-04-01,1,Active,Active,ALL,ALL,overall,2321,95.63
2026-03-01,2026-04-01,1,Active,At-risk,ALL,ALL,overall,106,4.37
2026-03-01,2026-04-01,1,Never monetized,Active,ALL,ALL,overall,3,25.0
2026-03-01,2026-04-01,1,Never monetized,Never monetized,ALL,ALL,overall,9,75.0
2026-03-01,2026-04-01,1,Active,Active,Automobile_Trade_Repair,ALL,persona,110,95.65
2026-03-01,2026-04-01,1,Active,At-risk,Automobile_Trade_Repair,ALL,persona,5,4.35
2026-03-01,2026-04-01,1,Active,Active,BTP,ALL,persona,360,95.49
2026-03-01,2026-04-01,1,Active,At-risk,BTP,ALL,persona,17,4.51
2026-03-01,2026-04-01,1,Never monetized,Never monetized,BTP,ALL,persona,1,100.0
2026-03-01,2026-04-01,1,Active,Active,Bankers_Insurance,ALL,persona,25,92.59
2026-03-01,2026-04-01,1,Active,At-risk,Bankers_Insurance,ALL,persona,2,7.41
2026-03-01,2026-04-01,1,Never monetized,Never monetized,Bankers_Insurance,ALL,persona,1,100.0
2026-03-01,2026-04-01,1,Active,Active,Bikers_Drivers,ALL,persona,140,94.59
2026-03-01,2026-04-01,1,Active,At-risk,Bikers_Drivers,ALL,persona,8,5.41
2026-03-01,2026-04-01,1,Active,Active,Cleaning_CallCenters,ALL,persona,14,93.33
2026-03-01,2026-04-01,1,Active,At-risk,Cleaning_CallCenters,ALL,persona,1,6.67
2026-03-01,2026-04-01,1,Active,Active,Consultant,ALL,persona,423,96.14
2026-03-01,2026-04-01,1,Active,At-risk,Consultant,ALL,persona,17,3.86
2026-03-01,2026-04-01,1,Never monetized,Active,Consultant,ALL,persona,1,50.0
2026-03-01,2026-04-01,1,Never monetized,Never monetized,Consultant,ALL,persona,1,50.0
2026-03-01,2026-04-01,1,Active,Active,Developer_IT,ALL,persona,186,95.88
2026-03-01,2026-04-01,1,Active,At-risk,Developer_IT,ALL,persona,8,4.12
2026-03-01,2026-04-01,1,Never monetized,Never monetized,Developer_IT,ALL,persona,1,100.0
2026-03-01,2026-04-01,1,Active,Active,Media_Publishing,ALL,persona,88,96.7
2026-03-01,2026-04-01,1,Active,At-risk,Media_Publishing,ALL,persona,3,3.3
2026-03-01,2026-04-01,1,Never monetized,Active,Media_Publishing,ALL,persona,1,100.0
2026-03-01,2026-04-01,1,Active,Active,Medical_Professionals,ALL,persona,36,97.3
2026-03-01,2026-04-01,1,Active,At-risk,Medical_Professionals,ALL,persona,1,2.7
2026-03-01,2026-04-01,1,Never monetized,Never monetized,Medical_Professionals,ALL,persona,1,100.0
2026-03-01,2026-04-01,1,Active,Active,Others,ALL,persona,432,95.58
2026-03-01,2026-04-01,1,Active,At-risk,Others,ALL,persona,20,4.42
2026-03-01,2026-04-01,1,Never monetized,Never monetized,Others,ALL,persona,1,100.0
2026-03-01,2026-04-01,1,Active,Active,Professeur,ALL,persona,79,97.53
2026-03-01,2026-04-01,1,Active,At-risk,Professeur,ALL,persona,2,2.47
2026-03-01,2026-04-01,1,Active,Active,Repair,ALL,persona,16,94.12
2026-03-01,2026-04-01,1,Active,At-risk,Repair,ALL,persona,1,5.88
2026-03-01,2026-04-01,1,Never monetized,Active,Repair,ALL,persona,1,100.0
2026-03-01,2026-04-01,1,Active,Active,Repair_Installation,ALL,persona,5,100.0
2026-03-01,2026-04-01,1,Active,Active,Restauration,ALL,persona,54,94.74
2026-03-01,2026-04-01,1,Active,At-risk,Restauration,ALL,persona,3,5.26
2026-03-01,2026-04-01,1,Never monetized,Never monetized,Restauration,ALL,persona,1,100.0
2026-03-01,2026-04-01,1,Active,Active,Retail,ALL,persona,293,94.52
2026-03-01,2026-04-01,1,Active,At-risk,Retail,ALL,persona,17,5.48
2026-03-01,2026-04-01,1,Never monetized,Never monetized,Retail,ALL,persona,1,100.0
2026-03-01,2026-04-01,1,Active,Active,Wholesale,ALL,persona,60,98.36
2026-03-01,2026-04-01,1,Active,At-risk,Wholesale,ALL,persona,1,1.64
2026-03-01,2026-04-01,1,Never monetized,Never monetized,Wholesale,ALL,persona,1,100.0
2026-03-01,2026-04-01,1,Active,Active,Automobile_Trade_Repair,business,persona_x_initial_plan,3,100.0
2026-03-01,2026-04-01,1,Active,Active,Automobile_Trade_Repair,free,persona_x_initial_plan,29,96.67
2026-03-01,2026-04-01,1,Active,At-risk,Automobile_Trade_Repair,free,persona_x_initial_plan,1,3.33
2026-03-01,2026-04-01,1,Active,Active,Automobile_Trade_Repair,plus,persona_x_initial_plan,17,100.0
2026-03-01,2026-04-01,1,Active,Active,Automobile_Trade_Repair,start,persona_x_initial_plan,61,93.85
2026-03-01,2026-04-01,1,Active,At-risk,Automobile_Trade_Repair,start,persona_x_initial_plan,4,6.15
2026-03-01,2026-04-01,1,Active,Active,BTP,business,persona_x_initial_plan,12,100.0
2026-03-01,2026-04-01,1,Active,Active,BTP,free,persona_x_initial_plan,128,91.43
2026-03-01,2026-04-01,1,Active,At-risk,BTP,free,persona_x_initial_plan,12,8.57
2026-03-01,2026-04-01,1,Active,Active,BTP,plus,persona_x_initial_plan,69,97.18
2026-03-01,2026-04-01,1,Active,At-risk,BTP,plus,persona_x_initial_plan,2,2.82
2026-03-01,2026-04-01,1,Active,Active,BTP,start,persona_x_initial_plan,151,98.05
2026-03-01,2026-04-01,1,Active,At-risk,BTP,start,persona_x_initial_plan,3,1.95
2026-03-01,2026-04-01,1,Never monetized,Never monetized,BTP,start,persona_x_initial_plan,1,100.0
2026-03-01,2026-04-01,1,Active,Active,Bankers_Insurance,free,persona_x_initial_plan,16,94.12
2026-03-01,2026-04-01,1,Active,At-risk,Bankers_Insurance,free,persona_x_initial_plan,1,5.88
2026-03-01,2026-04-01,1,Never monetized,Never monetized,Bankers_Insurance,free,persona_x_initial_plan,1,100.0
2026-03-01,2026-04-01,1,Active,Active,Bankers_Insurance,plus,persona_x_initial_plan,3,75.0
2026-03-01,2026-04-01,1,Active,At-risk,Bankers_Insurance,plus,persona_x_initial_plan,1,25.0
2026-03-01,2026-04-01,1,Active,Active,Bankers_Insurance,start,persona_x_initial_plan,6,100.0
2026-03-01,2026-04-01,1,Active,Active,Bikers_Drivers,business,persona_x_initial_plan,2,100.0
2026-03-01,2026-04-01,1,Active,Active,Bikers_Drivers,free,persona_x_initial_plan,53,96.36
2026-03-01,2026-04-01,1,Active,At-risk,Bikers_Drivers,free,persona_x_initial_plan,2,3.64
2026-03-01,2026-04-01,1,Active,Active,Bikers_Drivers,plus,persona_x_initial_plan,22,95.65
2026-03-01,2026-04-01,1,Active,At-risk,Bikers_Drivers,plus,persona_x_initial_plan,1,4.35
2026-03-01,2026-04-01,1,Active,Active,Bikers_Drivers,start,persona_x_initial_plan,63,92.65
2026-03-01,2026-04-01,1,Active,At-risk,Bikers_Drivers,start,persona_x_initial_plan,5,7.35
2026-03-01,2026-04-01,1,Active,Active,Cleaning_CallCenters,free,persona_x_initial_plan,8,100.0
2026-03-01,2026-04-01,1,Active,Active,Cleaning_CallCenters,plus,persona_x_initial_plan,2,100.0
2026-03-01,2026-04-01,1,Active,Active,Cleaning_CallCenters,start,persona_x_initial_plan,4,80.0
2026-03-01,2026-04-01,1,Active,At-risk,Cleaning_CallCenters,start,persona_x_initial_plan,1,20.0
2026-03-01,2026-04-01,1,Active,Active,Consultant,business,persona_x_initial_plan,7,100.0
2026-03-01,2026-04-01,1,Active,Active,Consultant,free,persona_x_initial_plan,178,94.68
2026-03-01,2026-04-01,1,Active,At-risk,Consultant,free,persona_x_initial_plan,10,5.32
2026-03-01,2026-04-01,1,Never monetized,Active,Consultant,free,persona_x_initial_plan,1,100.0
2026-03-01,2026-04-01,1,Active,Active,Consultant,plus,persona_x_initial_plan,31,93.94
2026-03-01,2026-04-01,1,Active,At-risk,Consultant,plus,persona_x_initial_plan,2,6.06
2026-03-01,2026-04-01,1,Active,Active,Consultant,start,persona_x_initial_plan,207,97.64
2026-03-01,2026-04-01,1,Active,At-risk,Consultant,start,persona_x_initial_plan,5,2.36
2026-03-01,2026-04-01,1,Never monetized,Never monetized,Consultant,start,persona_x_initial_plan,1,100.0
2026-03-01,2026-04-01,1,Active,Active,Developer_IT,business,persona_x_initial_plan,2,100.0
2026-03-01,2026-04-01,1,Active,Active,Developer_IT,free,persona_x_initial_plan,86,92.47
2026-03-01,2026-04-01,1,Active,At-risk,Developer_IT,free,persona_x_initial_plan,7,7.53
2026-03-01,2026-04-01,1,Active,Active,Developer_IT,plus,persona_x_initial_plan,13,92.86
2026-03-01,2026-04-01,1,Active,At-risk,Developer_IT,plus,persona_x_initial_plan,1,7.14
2026-03-01,2026-04-01,1,Never monetized,Never monetized,Developer_IT,plus,persona_x_initial_plan,1,100.0
2026-03-01,2026-04-01,1,Active,Active,Developer_IT,start,persona_x_initial_plan,85,100.0
2026-03-01,2026-04-01,1,Active,Active,Media_Publishing,free,persona_x_initial_plan,31,93.94
2026-03-01,2026-04-01,1,Active,At-risk,Media_Publishing,free,persona_x_initial_plan,2,6.06
2026-03-01,2026-04-01,1,Never monetized,Active,Media_Publishing,free,persona_x_initial_plan,1,100.0
2026-03-01,2026-04-01,1,Active,Active,Media_Publishing,plus,persona_x_initial_plan,4,100.0
2026-03-01,2026-04-01,1,Active,Active,Media_Publishing,start,persona_x_initial_plan,53,98.15
2026-03-01,2026-04-01,1,Active,At-risk,Media_Publishing,start,persona_x_initial_plan,1,1.85
2026-03-01,2026-04-01,1,Active,Active,Medical_Professionals,free,persona_x_initial_plan,23,100.0
2026-03-01,2026-04-01,1,Active,Active,Medical_Professionals,start,persona_x_initial_plan,13,92.86
2026-03-01,2026-04-01,1,Active,At-risk,Medical_Professionals,start,persona_x_initial_plan,1,7.14
2026-03-01,2026-04-01,1,Never monetized,Never monetized,Medical_Professionals,start,persona_x_initial_plan,1,100.0
2026-03-01,2026-04-01,1,Active,Active,Others,business,persona_x_initial_plan,6,100.0
2026-03-01,2026-04-01,1,Active,Active,Others,free,persona_x_initial_plan,163,93.68
2026-03-01,2026-04-01,1,Active,At-risk,Others,free,persona_x_initial_plan,11,6.32
2026-03-01,2026-04-01,1,Never monetized,Never monetized,Others,free,persona_x_initial_plan,1,100.0
2026-03-01,2026-04-01,1,Active,Active,Others,plus,persona_x_initial_plan,58,98.31
2026-03-01,2026-04-01,1,Active,At-risk,Others,plus,persona_x_initial_plan,1,1.69
2026-03-01,2026-04-01,1,Active,Active,Others,start,persona_x_initial_plan,205,96.24
2026-03-01,2026-04-01,1,Active,At-risk,Others,start,persona_x_initial_plan,8,3.76
2026-03-01,2026-04-01,1,Active,Active,Professeur,free,persona_x_initial_plan,32,96.97
2026-03-01,2026-04-01,1,Active,At-risk,Professeur,free,persona_x_initial_plan,1,3.03
2026-03-01,2026-04-01,1,Active,Active,Professeur,plus,persona_x_initial_plan,7,100.0
2026-03-01,2026-04-01,1,Active,Active,Professeur,start,persona_x_initial_plan,40,97.56
2026-03-01,2026-04-01,1,Active,At-risk,Professeur,start,persona_x_initial_plan,1,2.44
2026-03-01,2026-04-01,1,Active,Active,Repair,free,persona_x_initial_plan,10,90.91
2026-03-01,2026-04-01,1,Active,At-risk,Repair,free,persona_x_initial_plan,1,9.09
2026-03-01,2026-04-01,1,Never monetized,Active,Repair,free,persona_x_initial_plan,1,100.0
2026-03-01,2026-04-01,1,Active,Active,Repair,plus,persona_x_initial_plan,2,100.0
2026-03-01,2026-04-01,1,Active,Active,Repair,start,persona_x_initial_plan,4,100.0
2026-03-01,2026-04-01,1,Active,Active,Repair_Installation,business,persona_x_initial_plan,1,100.0
2026-03-01,2026-04-01,1,Active,Active,Repair_Installation,free,persona_x_initial_plan,3,100.0
2026-03-01,2026-04-01,1,Active,Active,Repair_Installation,start,persona_x_initial_plan,1,100.0
2026-03-01,2026-04-01,1,Active,Active,Restauration,business,persona_x_initial_plan,1,100.0
2026-03-01,2026-04-01,1,Active,Active,Restauration,free,persona_x_initial_plan,15,93.75
2026-03-01,2026-04-01,1,Active,At-risk,Restauration,free,persona_x_initial_plan,1,6.25
2026-03-01,2026-04-01,1,Never monetized,Never monetized,Restauration,free,persona_x_initial_plan,1,100.0
2026-03-01,2026-04-01,1,Active,Active,Restauration,plus,persona_x_initial_plan,9,100.0
2026-03-01,2026-04-01,1,Active,Active,Restauration,start,persona_x_initial_plan,29,93.55
2026-03-01,2026-04-01,1,Active,At-risk,Restauration,start,persona_x_initial_plan,2,6.45
2026-03-01,2026-04-01,1,Active,Active,Retail,business,persona_x_initial_plan,3,75.0
2026-03-01,2026-04-01,1,Active,At-risk,Retail,business,persona_x_initial_plan,1,25.0
2026-03-01,2026-04-01,1,Active,Active,Retail,free,persona_x_initial_plan,118,93.65
2026-03-01,2026-04-01,1,Active,At-risk,Retail,free,persona_x_initial_plan,8,6.35
2026-03-01,2026-04-01,1,Active,Active,Retail,plus,persona_x_initial_plan,27,93.1
2026-03-01,2026-04-01,1,Active,At-risk,Retail,plus,persona_x_initial_plan,2,6.9
2026-03-01,2026-04-01,1,Active,Active,Retail,start,persona_x_initial_plan,145,96.03
2026-03-01,2026-04-01,1,Active,At-risk,Retail,start,persona_x_initial_plan,6,3.97
2026-03-01,2026-04-01,1,Never monetized,Never monetized,Retail,start,persona_x_initial_plan,1,100.0
2026-03-01,2026-04-01,1,Active,Active,Wholesale,business,persona_x_initial_plan,2,100.0
2026-03-01,2026-04-01,1,Active,Active,Wholesale,free,persona_x_initial_plan,21,100.0
2026-03-01,2026-04-01,1,Never monetized,Never monetized,Wholesale,free,persona_x_initial_plan,1,100.0
2026-03-01,2026-04-01,1,Active,Active,Wholesale,plus,persona_x_initial_plan,14,100.0
2026-03-01,2026-04-01,1,Active,Active,Wholesale,start,persona_x_initial_plan,23,95.83
2026-03-01,2026-04-01,1,Active,At-risk,Wholesale,start,persona_x_initial_plan,1,4.17
