month_start,persona,initial_subscription_group,segment_level,revenue_type,prior_revenue,dropped_prior_revenue,one_month_gross_revenue_dropout_pct
2025-11-01,ALL,business,initial_plan,Banking fees,398.00000000000000000000,4.00000000000000000000,1.01
2025-11-01,ALL,business,initial_plan,Deposit interest,185.02885769369861670951,3.88982992876712270000,2.1
2025-11-01,ALL,business,initial_plan,Interchange,1219.45155582925844833000,436.16156492177549000000,35.77
2025-11-01,ALL,business,initial_plan,Subscription,0.00000000000000000000,0.00000000000000000000,
2025-11-01,ALL,business,initial_plan,Total revenue,1802.48041352295706503951,444.05139485054261270000,24.64
2025-11-01,ALL,free,initial_plan,Banking fees,7688.00000000000000000000,500.00000000000000000000,6.5
2025-11-01,ALL,free,initial_plan,Deposit interest,1159.89368328273968996608,10.63402746904109539920,0.92
2025-11-01,ALL,free,initial_plan,Interchange,2284.29594601270553887600,318.85442769954908614000,13.96
2025-11-01,ALL,free,initial_plan,Subscription,0.00000000000000000000,0.00000000000000000000,
2025-11-01,ALL,free,initial_plan,Total revenue,11132.18962929544522884208,829.48845516859018153920,7.45
2025-11-01,ALL,plus,initial_plan,Banking fees,4306.68000000000000000000,0.00000000000000000000,0.0
2025-11-01,ALL,plus,initial_plan,Deposit interest,665.78803301863010842483,4.83098832273972623800,0.73
2025-11-01,ALL,plus,initial_plan,Interchange,3487.93497582367831999000,317.61315387485923080000,9.11
2025-11-01,ALL,plus,initial_plan,Subscription,146.30208333200000000000,0.00000000000000000000,0.0
2025-11-01,ALL,plus,initial_plan,Total revenue,8606.70509217430842841483,322.44414219759895703800,3.75
2025-11-01,ALL,start,initial_plan,Banking fees,6779.06000000000000000000,118.00000000000000000000,1.74
2025-11-01,ALL,start,initial_plan,Deposit interest,1999.85228985534244199101,5.65393060493150741772,0.28
2025-11-01,ALL,start,initial_plan,Interchange,4839.88583439878039110400,22.44780734497440772000,0.46
2025-11-01,ALL,start,initial_plan,Subscription,444.70900537700000000000,9.62500000000000000000,2.16
2025-11-01,ALL,start,initial_plan,Total revenue,14063.50712963112283309501,155.72673794990591513772,1.11
2025-11-01,ALL,ALL,overall,Banking fees,19171.74000000000000000000,622.00000000000000000000,3.24
2025-11-01,ALL,ALL,overall,Deposit interest,4010.56286385041085709143,25.00877632547945175492,0.62
2025-11-01,ALL,ALL,overall,Interchange,11831.56831206442269830000,1095.07695384115821466000,9.26
2025-11-01,ALL,ALL,overall,Subscription,591.01108870900000000000,9.62500000000000000000,1.63
2025-11-01,ALL,ALL,overall,Total revenue,35604.88226462383355539143,1751.71073016663766641492,4.92
2025-11-01,Automobile_Trade_Repair,ALL,persona,Banking fees,840.00000000000000000000,,
2025-11-01,Automobile_Trade_Repair,ALL,persona,Deposit interest,146.87505948438355842006,,
2025-11-01,Automobile_Trade_Repair,ALL,persona,Interchange,2482.76418829728949583000,,
2025-11-01,Automobile_Trade_Repair,ALL,persona,Subscription,16.87500000000000000000,,
2025-11-01,Automobile_Trade_Repair,ALL,persona,Total revenue,3486.51424778167305425006,,
2025-11-01,BTP,ALL,persona,Banking fees,1590.00000000000000000000,122.00000000000000000000,7.67
2025-11-01,BTP,ALL,persona,Deposit interest,1872.14339214904106296468,12.83846229260273878530,0.69
2025-11-01,BTP,ALL,persona,Interchange,3541.44714571629516714300,544.86360859149804400000,15.39
2025-11-01,BTP,ALL,persona,Subscription,72.03125000000000000000,0.00000000000000000000,0.0
2025-11-01,BTP,ALL,persona,Total revenue,7075.62178786533623010768,679.70207088410078278530,9.61
2025-11-01,Bankers_Insurance,ALL,persona,Banking fees,419.06000000000000000000,0.00000000000000000000,0.0
2025-11-01,Bankers_Insurance,ALL,persona,Deposit interest,27.94756988657533891220,0.04045945205479451600,0.14
2025-11-01,Bankers_Insurance,ALL,persona,Interchange,252.53642193246836006000,0.00000000000000000000,0.0
2025-11-01,Bankers_Insurance,ALL,persona,Subscription,20.46875000000000000000,0.00000000000000000000,0.0
2025-11-01,Bankers_Insurance,ALL,persona,Total revenue,720.01274181904369897220,0.04045945205479451600,0.01
2025-11-01,Bikers_Drivers,ALL,persona,Banking fees,1666.00000000000000000000,240.00000000000000000000,14.41
2025-11-01,Bikers_Drivers,ALL,persona,Deposit interest,124.13683208493150411050,2.28003526904109604632,1.84
2025-11-01,Bikers_Drivers,ALL,persona,Interchange,1167.39876211141362225300,259.75490230221020084000,22.25
2025-11-01,Bikers_Drivers,ALL,persona,Subscription,30.46875000000000000000,0.00000000000000000000,0.0
2025-11-01,Bikers_Drivers,ALL,persona,Total revenue,2988.00434419634512636350,502.03493757125129688632,16.8
2025-11-01,Cleaning_CallCenters,ALL,persona,Banking fees,138.00000000000000000000,,
2025-11-01,Cleaning_CallCenters,ALL,persona,Deposit interest,11.24100030520547723484,,
2025-11-01,Cleaning_CallCenters,ALL,persona,Interchange,0.00000000000000000000,,
2025-11-01,Cleaning_CallCenters,ALL,persona,Subscription,0.00000000000000000000,,
2025-11-01,Cleaning_CallCenters,ALL,persona,Total revenue,149.24100030520547723484,,
2025-11-01,Consultant,ALL,persona,Banking fees,3388.00000000000000000000,0.00000000000000000000,0.0
2025-11-01,Consultant,ALL,persona,Deposit interest,695.37149882191778081683,0.75191998684931496520,0.11
2025-11-01,Consultant,ALL,persona,Interchange,807.83394392028917436100,6.95081122441054160000,0.86
2025-11-01,Consultant,ALL,persona,Subscription,168.32358871000000000000,9.62500000000000000000,5.72
2025-11-01,Consultant,ALL,persona,Total revenue,5059.52903145220695517783,17.32773121125985656520,0.34
2025-11-01,Developer_IT,ALL,persona,Banking fees,2618.00000000000000000000,138.00000000000000000000,5.27
2025-11-01,Developer_IT,ALL,persona,Deposit interest,158.77933978410959184440,0.58163861041095895880,0.37
2025-11-01,Developer_IT,ALL,persona,Interchange,403.73032400499453243000,8.25724743531012530000,2.05
2025-11-01,Developer_IT,ALL,persona,Subscription,103.79166666600000000000,0.00000000000000000000,0.0
2025-11-01,Developer_IT,ALL,persona,Total revenue,3284.30133045510412427440,146.83888604572108425880,4.47
2025-11-01,Media_Publishing,ALL,persona,Banking fees,256.00000000000000000000,118.00000000000000000000,46.09
2025-11-01,Media_Publishing,ALL,persona,Deposit interest,233.77246200821916928265,4.85823649315068550000,2.08
2025-11-01,Media_Publishing,ALL,persona,Interchange,194.73845406206524177000,0.00000000000000000000,0.0
2025-11-01,Media_Publishing,ALL,persona,Subscription,26.37500000000000000000,0.00000000000000000000,0.0
2025-11-01,Media_Publishing,ALL,persona,Total revenue,710.88591607028441105265,122.85823649315068550000,17.28
2025-11-01,Medical_Professionals,ALL,persona,Banking fees,4.00000000000000000000,,
2025-11-01,Medical_Professionals,ALL,persona,Deposit interest,14.73797814027397225943,,
2025-11-01,Medical_Professionals,ALL,persona,Interchange,7.02409007870888260000,,
2025-11-01,Medical_Professionals,ALL,persona,Subscription,0.00000000000000000000,,
2025-11-01,Medical_Professionals,ALL,persona,Total revenue,25.76206821898285485943,,
2025-11-01,Others,ALL,persona,Banking fees,3090.00000000000000000000,4.00000000000000000000,0.13
2025-11-01,Others,ALL,persona,Deposit interest,278.09799848767121263556,2.28723737205479450330,0.82
2025-11-01,Others,ALL,persona,Interchange,1564.47165264189053427300,128.27980979803950292000,8.2
2025-11-01,Others,ALL,persona,Subscription,38.37500000000000000000,0.00000000000000000000,0.0
2025-11-01,Others,ALL,persona,Total revenue,4970.94465112956174690856,134.56704717009429742330,2.71
2025-11-01,Professeur,ALL,persona,Banking fees,122.00000000000000000000,,
2025-11-01,Professeur,ALL,persona,Deposit interest,35.11840073863013507550,,
2025-11-01,Professeur,ALL,persona,Interchange,32.95733241993773031000,,
2025-11-01,Professeur,ALL,persona,Subscription,17.15625000000000000000,,
2025-11-01,Professeur,ALL,persona,Total revenue,207.23198315856786538550,,
2025-11-01,Repair,ALL,persona,Banking fees,4.00000000000000000000,,
2025-11-01,Repair,ALL,persona,Deposit interest,5.39412137863013733280,,
2025-11-01,Repair,ALL,persona,Interchange,160.49577944514755671000,,
2025-11-01,Repair,ALL,persona,Subscription,7.21875000000000000000,,
2025-11-01,Repair,ALL,persona,Total revenue,177.10865082377769404280,,
2025-11-01,Repair_Installation,ALL,persona,Banking fees,,,
2025-11-01,Repair_Installation,ALL,persona,Deposit interest,,,
2025-11-01,Repair_Installation,ALL,persona,Interchange,,,
2025-11-01,Repair_Installation,ALL,persona,Subscription,,,
2025-11-01,Repair_Installation,ALL,persona,Total revenue,,,
2025-11-01,Restauration,ALL,persona,Banking fees,897.34000000000000000000,0.00000000000000000000,0.0
2025-11-01,Restauration,ALL,persona,Deposit interest,86.57598201369863055890,0.74163287671232880000,0.86
2025-11-01,Restauration,ALL,persona,Interchange,224.73137415774967698000,0.00000000000000000000,0.0
2025-11-01,Restauration,ALL,persona,Subscription,8.75000000000000000000,0.00000000000000000000,0.0
2025-11-01,Restauration,ALL,persona,Total revenue,1217.39735617144830753890,0.74163287671232880000,0.06
2025-11-01,Retail,ALL,persona,Banking fees,3863.34000000000000000000,0.00000000000000000000,0.0
2025-11-01,Retail,ALL,persona,Deposit interest,251.35046619780821480562,0.62915397260273968000,0.25
2025-11-01,Retail,ALL,persona,Interchange,896.90945574952166740000,146.97057448968980000000,16.39
2025-11-01,Retail,ALL,persona,Subscription,64.86458333300000000000,0.00000000000000000000,0.0
2025-11-01,Retail,ALL,persona,Total revenue,5076.46450528032988220562,147.59972846229253968000,2.91
2025-11-01,Wholesale,ALL,persona,Banking fees,276.00000000000000000000,,
2025-11-01,Wholesale,ALL,persona,Deposit interest,69.02076236931507083746,,
2025-11-01,Wholesale,ALL,persona,Interchange,94.52938752665105618000,,
2025-11-01,Wholesale,ALL,persona,Subscription,16.31250000000000000000,,
2025-11-01,Wholesale,ALL,persona,Total revenue,455.86264989596612701746,,
2025-11-01,Automobile_Trade_Repair,business,persona_x_initial_plan,Banking fees,0.00000000000000000000,,
2025-11-01,Automobile_Trade_Repair,business,persona_x_initial_plan,Deposit interest,14.43951172602739678680,,
2025-11-01,Automobile_Trade_Repair,business,persona_x_initial_plan,Interchange,115.10495104322153423000,,
2025-11-01,Automobile_Trade_Repair,business,persona_x_initial_plan,Subscription,0.00000000000000000000,,
2025-11-01,Automobile_Trade_Repair,business,persona_x_initial_plan,Total revenue,129.54446276924893101680,,
2025-11-01,Automobile_Trade_Repair,free,persona_x_initial_plan,Banking fees,264.00000000000000000000,,
2025-11-01,Automobile_Trade_Repair,free,persona_x_initial_plan,Deposit interest,36.85969401753424962486,,
2025-11-01,Automobile_Trade_Repair,free,persona_x_initial_plan,Interchange,155.92155986880653430000,,
2025-11-01,Automobile_Trade_Repair,free,persona_x_initial_plan,Subscription,0.00000000000000000000,,
2025-11-01,Automobile_Trade_Repair,free,persona_x_initial_plan,Total revenue,456.78125388634078392486,,
2025-11-01,Automobile_Trade_Repair,plus,persona_x_initial_plan,Banking fees,138.00000000000000000000,,
2025-11-01,Automobile_Trade_Repair,plus,persona_x_initial_plan,Deposit interest,71.67619202958903548200,,
2025-11-01,Automobile_Trade_Repair,plus,persona_x_initial_plan,Interchange,302.65077066863400030000,,
2025-11-01,Automobile_Trade_Repair,plus,persona_x_initial_plan,Subscription,16.87500000000000000000,,
2025-11-01,Automobile_Trade_Repair,plus,persona_x_initial_plan,Total revenue,529.20196269822303578200,,
2025-11-01,Automobile_Trade_Repair,start,persona_x_initial_plan,Banking fees,438.00000000000000000000,,
2025-11-01,Automobile_Trade_Repair,start,persona_x_initial_plan,Deposit interest,23.89966171123287652640,,
2025-11-01,Automobile_Trade_Repair,start,persona_x_initial_plan,Interchange,1909.08690671662742700000,,
2025-11-01,Automobile_Trade_Repair,start,persona_x_initial_plan,Subscription,0.00000000000000000000,,
2025-11-01,Automobile_Trade_Repair,start,persona_x_initial_plan,Total revenue,2370.98656842786030352640,,
2025-11-01,BTP,business,persona_x_initial_plan,Banking fees,0.00000000000000000000,0.00000000000000000000,
2025-11-01,BTP,business,persona_x_initial_plan,Deposit interest,74.03988364493149735000,1.95041495890410910000,2.63
2025-11-01,BTP,business,persona_x_initial_plan,Interchange,669.85667136297194200000,165.55306091942072000000,24.71
2025-11-01,BTP,business,persona_x_initial_plan,Subscription,0.00000000000000000000,0.00000000000000000000,
2025-11-01,BTP,business,persona_x_initial_plan,Total revenue,743.89655500790343935000,167.50347587832482910000,22.52
2025-11-01,BTP,free,persona_x_initial_plan,Banking fees,540.00000000000000000000,122.00000000000000000000,22.59
2025-11-01,BTP,free,persona_x_initial_plan,Deposit interest,654.23399662904107805090,7.79800684054794456650,1.19
2025-11-01,BTP,free,persona_x_initial_plan,Interchange,863.72852959903144439300,150.53319340016029000000,17.43
2025-11-01,BTP,free,persona_x_initial_plan,Subscription,0.00000000000000000000,0.00000000000000000000,
2025-11-01,BTP,free,persona_x_initial_plan,Total revenue,2057.96252622807252244390,280.33120024070823456650,13.62
2025-11-01,BTP,plus,persona_x_initial_plan,Banking fees,378.00000000000000000000,0.00000000000000000000,0.0
2025-11-01,BTP,plus,persona_x_initial_plan,Deposit interest,293.75983710739724207613,3.04581254794520567100,1.04
2025-11-01,BTP,plus,persona_x_initial_plan,Interchange,1436.89313033541545307000,228.77735427191703400000,15.92
2025-11-01,BTP,plus,persona_x_initial_plan,Subscription,5.62500000000000000000,0.00000000000000000000,0.0
2025-11-01,BTP,plus,persona_x_initial_plan,Total revenue,2114.27796744281269514613,231.82316681986223967100,10.96
2025-11-01,BTP,start,persona_x_initial_plan,Banking fees,672.00000000000000000000,0.00000000000000000000,0.0
2025-11-01,BTP,start,persona_x_initial_plan,Deposit interest,850.10967476767124548765,0.04422794520547944780,0.01
2025-11-01,BTP,start,persona_x_initial_plan,Interchange,570.96881441887632768000,0.00000000000000000000,0.0
2025-11-01,BTP,start,persona_x_initial_plan,Subscription,66.40625000000000000000,0.00000000000000000000,0.0
2025-11-01,BTP,start,persona_x_initial_plan,Total revenue,2159.48473918654757316765,0.04422794520547944780,0.0
2025-11-01,Bankers_Insurance,business,persona_x_initial_plan,Banking fees,,,
2025-11-01,Bankers_Insurance,business,persona_x_initial_plan,Deposit interest,,,
2025-11-01,Bankers_Insurance,business,persona_x_initial_plan,Interchange,,,
2025-11-01,Bankers_Insurance,business,persona_x_initial_plan,Subscription,,,
2025-11-01,Bankers_Insurance,business,persona_x_initial_plan,Total revenue,,,
2025-11-01,Bankers_Insurance,free,persona_x_initial_plan,Banking fees,276.00000000000000000000,0.00000000000000000000,0.0
2025-11-01,Bankers_Insurance,free,persona_x_initial_plan,Deposit interest,23.11712315013698272220,0.04045945205479451600,0.18
2025-11-01,Bankers_Insurance,free,persona_x_initial_plan,Interchange,0.00000000000000000000,0.00000000000000000000,
2025-11-01,Bankers_Insurance,free,persona_x_initial_plan,Subscription,0.00000000000000000000,0.00000000000000000000,
2025-11-01,Bankers_Insurance,free,persona_x_initial_plan,Total revenue,299.11712315013698272220,0.04045945205479451600,0.01
2025-11-01,Bankers_Insurance,plus,persona_x_initial_plan,Banking fees,,,
2025-11-01,Bankers_Insurance,plus,persona_x_initial_plan,Deposit interest,,,
2025-11-01,Bankers_Insurance,plus,persona_x_initial_plan,Interchange,,,
2025-11-01,Bankers_Insurance,plus,persona_x_initial_plan,Subscription,,,
2025-11-01,Bankers_Insurance,plus,persona_x_initial_plan,Total revenue,,,
2025-11-01,Bankers_Insurance,start,persona_x_initial_plan,Banking fees,143.06000000000000000000,,
2025-11-01,Bankers_Insurance,start,persona_x_initial_plan,Deposit interest,4.83044673643835619000,,
2025-11-01,Bankers_Insurance,start,persona_x_initial_plan,Interchange,252.53642193246836006000,,
2025-11-01,Bankers_Insurance,start,persona_x_initial_plan,Subscription,20.46875000000000000000,,
2025-11-01,Bankers_Insurance,start,persona_x_initial_plan,Total revenue,420.89561866890671625000,,
2025-11-01,Bikers_Drivers,business,persona_x_initial_plan,Banking fees,138.00000000000000000000,,
2025-11-01,Bikers_Drivers,business,persona_x_initial_plan,Deposit interest,71.47720615506849267970,,
2025-11-01,Bikers_Drivers,business,persona_x_initial_plan,Interchange,87.70934475144056100000,,
2025-11-01,Bikers_Drivers,business,persona_x_initial_plan,Subscription,0.00000000000000000000,,
2025-11-01,Bikers_Drivers,business,persona_x_initial_plan,Total revenue,297.18655090650905367970,,
2025-11-01,Bikers_Drivers,free,persona_x_initial_plan,Banking fees,760.00000000000000000000,122.00000000000000000000,16.05
2025-11-01,Bikers_Drivers,free,persona_x_initial_plan,Deposit interest,18.06228800602739666702,1.62453746684931525850,8.99
2025-11-01,Bikers_Drivers,free,persona_x_initial_plan,Interchange,222.78137949479908834000,160.06398686407867084000,71.85
2025-11-01,Bikers_Drivers,free,persona_x_initial_plan,Subscription,0.00000000000000000000,0.00000000000000000000,
2025-11-01,Bikers_Drivers,free,persona_x_initial_plan,Total revenue,1000.84366750082648500702,283.68852433092798609850,28.34
2025-11-01,Bikers_Drivers,plus,persona_x_initial_plan,Banking fees,118.00000000000000000000,0.00000000000000000000,0.0
2025-11-01,Bikers_Drivers,plus,persona_x_initial_plan,Deposit interest,23.78432826739725852490,0.53497007616438350920,2.25
2025-11-01,Bikers_Drivers,plus,persona_x_initial_plan,Interchange,617.12767549788502549000,84.98884021604921200000,13.77
2025-11-01,Bikers_Drivers,plus,persona_x_initial_plan,Subscription,16.25000000000000000000,0.00000000000000000000,0.0
2025-11-01,Bikers_Drivers,plus,persona_x_initial_plan,Total revenue,775.16200376528228401490,85.52381029221359550920,11.03
2025-11-01,Bikers_Drivers,start,persona_x_initial_plan,Banking fees,650.00000000000000000000,118.00000000000000000000,18.15
2025-11-01,Bikers_Drivers,start,persona_x_initial_plan,Deposit interest,10.81300965643835623888,0.12052772602739727862,1.11
2025-11-01,Bikers_Drivers,start,persona_x_initial_plan,Interchange,239.78036236728894742300,14.70207522208231800000,6.13
2025-11-01,Bikers_Drivers,start,persona_x_initial_plan,Subscription,14.21875000000000000000,0.00000000000000000000,0.0
2025-11-01,Bikers_Drivers,start,persona_x_initial_plan,Total revenue,914.81212202372730366188,132.82260294810971527862,14.52
2025-11-01,Cleaning_CallCenters,business,persona_x_initial_plan,Banking fees,,,
2025-11-01,Cleaning_CallCenters,business,persona_x_initial_plan,Deposit interest,,,
2025-11-01,Cleaning_CallCenters,business,persona_x_initial_plan,Interchange,,,
2025-11-01,Cleaning_CallCenters,business,persona_x_initial_plan,Subscription,,,
2025-11-01,Cleaning_CallCenters,business,persona_x_initial_plan,Total revenue,,,
2025-11-01,Cleaning_CallCenters,free,persona_x_initial_plan,Banking fees,138.00000000000000000000,,
2025-11-01,Cleaning_CallCenters,free,persona_x_initial_plan,Deposit interest,1.62245045698630113484,,
2025-11-01,Cleaning_CallCenters,free,persona_x_initial_plan,Interchange,0.00000000000000000000,,
2025-11-01,Cleaning_CallCenters,free,persona_x_initial_plan,Subscription,0.00000000000000000000,,
2025-11-01,Cleaning_CallCenters,free,persona_x_initial_plan,Total revenue,139.62245045698630113484,,
2025-11-01,Cleaning_CallCenters,plus,persona_x_initial_plan,Banking fees,,,
2025-11-01,Cleaning_CallCenters,plus,persona_x_initial_plan,Deposit interest,,,
2025-11-01,Cleaning_CallCenters,plus,persona_x_initial_plan,Interchange,,,
2025-11-01,Cleaning_CallCenters,plus,persona_x_initial_plan,Subscription,,,
2025-11-01,Cleaning_CallCenters,plus,persona_x_initial_plan,Total revenue,,,
2025-11-01,Cleaning_CallCenters,start,persona_x_initial_plan,Banking fees,0.00000000000000000000,,
2025-11-01,Cleaning_CallCenters,start,persona_x_initial_plan,Deposit interest,9.61854984821917610000,,
2025-11-01,Cleaning_CallCenters,start,persona_x_initial_plan,Interchange,0.00000000000000000000,,
2025-11-01,Cleaning_CallCenters,start,persona_x_initial_plan,Subscription,0.00000000000000000000,,
2025-11-01,Cleaning_CallCenters,start,persona_x_initial_plan,Total revenue,9.61854984821917610000,,
2025-11-01,Consultant,business,persona_x_initial_plan,Banking fees,0.00000000000000000000,,
2025-11-01,Consultant,business,persona_x_initial_plan,Deposit interest,4.81070023616438436301,,
2025-11-01,Consultant,business,persona_x_initial_plan,Interchange,0.00000000000000000000,,
2025-11-01,Consultant,business,persona_x_initial_plan,Subscription,0.00000000000000000000,,
2025-11-01,Consultant,business,persona_x_initial_plan,Total revenue,4.81070023616438436301,,
2025-11-01,Consultant,free,persona_x_initial_plan,Banking fees,2062.00000000000000000000,0.00000000000000000000,0.0
2025-11-01,Consultant,free,persona_x_initial_plan,Deposit interest,160.75720237369861890528,0.42742635945205473520,0.27
2025-11-01,Consultant,free,persona_x_initial_plan,Interchange,260.70444103746833117300,0.00000000000000000000,0.0
2025-11-01,Consultant,free,persona_x_initial_plan,Subscription,0.00000000000000000000,0.00000000000000000000,
2025-11-01,Consultant,free,persona_x_initial_plan,Total revenue,2483.46164341116695007828,0.42742635945205473520,0.02
2025-11-01,Consultant,plus,persona_x_initial_plan,Banking fees,142.00000000000000000000,,
2025-11-01,Consultant,plus,persona_x_initial_plan,Deposit interest,48.40949322410959713040,,
2025-11-01,Consultant,plus,persona_x_initial_plan,Interchange,123.16442603235815640000,,
2025-11-01,Consultant,plus,persona_x_initial_plan,Subscription,17.50000000000000000000,,
2025-11-01,Consultant,plus,persona_x_initial_plan,Total revenue,331.07391925646775353040,,
2025-11-01,Consultant,start,persona_x_initial_plan,Banking fees,1184.00000000000000000000,0.00000000000000000000,0.0
2025-11-01,Consultant,start,persona_x_initial_plan,Deposit interest,481.39410298794518041814,0.32449362739726023000,0.07
2025-11-01,Consultant,start,persona_x_initial_plan,Interchange,423.96507685046268678800,6.95081122441054160000,1.64
2025-11-01,Consultant,start,persona_x_initial_plan,Subscription,150.82358871000000000000,9.62500000000000000000,6.38
2025-11-01,Consultant,start,persona_x_initial_plan,Total revenue,2240.18276854840786720614,16.90030485180780183000,0.75
2025-11-01,Developer_IT,business,persona_x_initial_plan,Banking fees,,,
2025-11-01,Developer_IT,business,persona_x_initial_plan,Deposit interest,,,
2025-11-01,Developer_IT,business,persona_x_initial_plan,Interchange,,,
2025-11-01,Developer_IT,business,persona_x_initial_plan,Subscription,,,
2025-11-01,Developer_IT,business,persona_x_initial_plan,Total revenue,,,
2025-11-01,Developer_IT,free,persona_x_initial_plan,Banking fees,816.00000000000000000000,138.00000000000000000000,16.91
2025-11-01,Developer_IT,free,persona_x_initial_plan,Deposit interest,67.86026224273973093470,0.30299811726027400300,0.45
2025-11-01,Developer_IT,free,persona_x_initial_plan,Interchange,22.08577237391380847000,8.25724743531012530000,37.39
2025-11-01,Developer_IT,free,persona_x_initial_plan,Subscription,0.00000000000000000000,0.00000000000000000000,
2025-11-01,Developer_IT,free,persona_x_initial_plan,Total revenue,905.94603461665353940470,146.56024555257039930300,16.18
2025-11-01,Developer_IT,plus,persona_x_initial_plan,Banking fees,276.00000000000000000000,0.00000000000000000000,0.0
2025-11-01,Developer_IT,plus,persona_x_initial_plan,Deposit interest,16.68922552547945126180,0.00384597260273972580,0.02
2025-11-01,Developer_IT,plus,persona_x_initial_plan,Interchange,168.05071470680476960000,0.00000000000000000000,0.0
2025-11-01,Developer_IT,plus,persona_x_initial_plan,Subscription,48.38541666600000000000,0.00000000000000000000,0.0
2025-11-01,Developer_IT,plus,persona_x_initial_plan,Total revenue,509.12535689828422086180,0.00384597260273972580,0.0
2025-11-01,Developer_IT,start,persona_x_initial_plan,Banking fees,1526.00000000000000000000,0.00000000000000000000,0.0
2025-11-01,Developer_IT,start,persona_x_initial_plan,Deposit interest,74.22985201589040964790,0.27479452054794523000,0.37
2025-11-01,Developer_IT,start,persona_x_initial_plan,Interchange,213.59383692427595436000,0.00000000000000000000,0.0
2025-11-01,Developer_IT,start,persona_x_initial_plan,Subscription,55.40625000000000000000,0.00000000000000000000,0.0
2025-11-01,Developer_IT,start,persona_x_initial_plan,Total revenue,1869.22993894016636400790,0.27479452054794523000,0.01
2025-11-01,Media_Publishing,business,persona_x_initial_plan,Banking fees,,,
2025-11-01,Media_Publishing,business,persona_x_initial_plan,Deposit interest,,,
2025-11-01,Media_Publishing,business,persona_x_initial_plan,Interchange,,,
2025-11-01,Media_Publishing,business,persona_x_initial_plan,Subscription,,,
2025-11-01,Media_Publishing,business,persona_x_initial_plan,Total revenue,,,
2025-11-01,Media_Publishing,free,persona_x_initial_plan,Banking fees,256.00000000000000000000,118.00000000000000000000,46.09
2025-11-01,Media_Publishing,free,persona_x_initial_plan,Deposit interest,8.37711434958903961299,0.04837347945205480000,0.58
2025-11-01,Media_Publishing,free,persona_x_initial_plan,Interchange,0.80083658888885267000,0.00000000000000000000,0.0
2025-11-01,Media_Publishing,free,persona_x_initial_plan,Subscription,0.00000000000000000000,0.00000000000000000000,
2025-11-01,Media_Publishing,free,persona_x_initial_plan,Total revenue,265.17795093847789228299,118.04837347945205480000,44.52
2025-11-01,Media_Publishing,plus,persona_x_initial_plan,Banking fees,0.00000000000000000000,,
2025-11-01,Media_Publishing,plus,persona_x_initial_plan,Deposit interest,59.69368183780821400000,,
2025-11-01,Media_Publishing,plus,persona_x_initial_plan,Interchange,26.91862734335986900000,,
2025-11-01,Media_Publishing,plus,persona_x_initial_plan,Subscription,0.00000000000000000000,,
2025-11-01,Media_Publishing,plus,persona_x_initial_plan,Total revenue,86.61230918116808300000,,
2025-11-01,Media_Publishing,start,persona_x_initial_plan,Banking fees,0.00000000000000000000,0.00000000000000000000,
2025-11-01,Media_Publishing,start,persona_x_initial_plan,Deposit interest,165.70166582082191566966,4.80986301369863070000,2.9
2025-11-01,Media_Publishing,start,persona_x_initial_plan,Interchange,167.01899012981652010000,0.00000000000000000000,0.0
2025-11-01,Media_Publishing,start,persona_x_initial_plan,Subscription,26.37500000000000000000,0.00000000000000000000,0.0
2025-11-01,Media_Publishing,start,persona_x_initial_plan,Total revenue,359.09565595063843576966,4.80986301369863070000,1.34
2025-11-01,Medical_Professionals,free,persona_x_initial_plan,Banking fees,4.00000000000000000000,,
2025-11-01,Medical_Professionals,free,persona_x_initial_plan,Deposit interest,3.37116048712328764900,,
2025-11-01,Medical_Professionals,free,persona_x_initial_plan,Interchange,1.28789509909026000000,,
2025-11-01,Medical_Professionals,free,persona_x_initial_plan,Subscription,0.00000000000000000000,,
2025-11-01,Medical_Professionals,free,persona_x_initial_plan,Total revenue,8.65905558621354764900,,
2025-11-01,Medical_Professionals,plus,persona_x_initial_plan,Banking fees,0.00000000000000000000,,
2025-11-01,Medical_Professionals,plus,persona_x_initial_plan,Deposit interest,0.02746849315068492600,,
2025-11-01,Medical_Professionals,plus,persona_x_initial_plan,Interchange,0.00000000000000000000,,
2025-11-01,Medical_Professionals,plus,persona_x_initial_plan,Subscription,0.00000000000000000000,,
2025-11-01,Medical_Professionals,plus,persona_x_initial_plan,Total revenue,0.02746849315068492600,,
2025-11-01,Medical_Professionals,start,persona_x_initial_plan,Banking fees,0.00000000000000000000,,
2025-11-01,Medical_Professionals,start,persona_x_initial_plan,Deposit interest,11.33934915999999968443,,
2025-11-01,Medical_Professionals,start,persona_x_initial_plan,Interchange,5.73619497961862260000,,
2025-11-01,Medical_Professionals,start,persona_x_initial_plan,Subscription,0.00000000000000000000,,
2025-11-01,Medical_Professionals,start,persona_x_initial_plan,Total revenue,17.07554413961862228443,,
2025-11-01,Others,business,persona_x_initial_plan,Banking fees,260.00000000000000000000,4.00000000000000000000,1.54
2025-11-01,Others,business,persona_x_initial_plan,Deposit interest,18.14254948328766763000,1.33224017534246570000,7.34
2025-11-01,Others,business,persona_x_initial_plan,Interchange,199.81001418193461110000,123.63792951266497000000,61.88
2025-11-01,Others,business,persona_x_initial_plan,Subscription,0.00000000000000000000,0.00000000000000000000,
2025-11-01,Others,business,persona_x_initial_plan,Total revenue,477.95256366522227873000,128.97016968800743570000,26.98
2025-11-01,Others,free,persona_x_initial_plan,Banking fees,1146.00000000000000000000,0.00000000000000000000,0.0
2025-11-01,Others,free,persona_x_initial_plan,Deposit interest,94.97696213369862428093,0.37024657534246574000,0.39
2025-11-01,Others,free,persona_x_initial_plan,Interchange,466.25487569216967860000,0.00000000000000000000,0.0
2025-11-01,Others,free,persona_x_initial_plan,Subscription,0.00000000000000000000,0.00000000000000000000,
2025-11-01,Others,free,persona_x_initial_plan,Total revenue,1707.23183782586830288093,0.37024657534246574000,0.02
2025-11-01,Others,plus,persona_x_initial_plan,Banking fees,778.00000000000000000000,0.00000000000000000000,0.0
2025-11-01,Others,plus,persona_x_initial_plan,Deposit interest,35.64808926136985607427,0.50472684931506853200,1.42
2025-11-01,Others,plus,persona_x_initial_plan,Interchange,304.64676862761222875000,3.84695938689298480000,1.26
2025-11-01,Others,plus,persona_x_initial_plan,Subscription,0.00000000000000000000,0.00000000000000000000,
2025-11-01,Others,plus,persona_x_initial_plan,Total revenue,1118.29485788898208482427,4.35168623620805333200,0.39
2025-11-01,Others,start,persona_x_initial_plan,Banking fees,906.00000000000000000000,0.00000000000000000000,0.0
2025-11-01,Others,start,persona_x_initial_plan,Deposit interest,129.33039760931506465036,0.08002377205479453130,0.06
2025-11-01,Others,start,persona_x_initial_plan,Interchange,593.75999414017401582300,0.79492089848154812000,0.13
2025-11-01,Others,start,persona_x_initial_plan,Subscription,38.37500000000000000000,0.00000000000000000000,0.0
2025-11-01,Others,start,persona_x_initial_plan,Total revenue,1667.46539174948908047336,0.87494467053634265130,0.05
2025-11-01,Professeur,business,persona_x_initial_plan,Banking fees,,,
2025-11-01,Professeur,business,persona_x_initial_plan,Deposit interest,,,
2025-11-01,Professeur,business,persona_x_initial_plan,Interchange,,,
2025-11-01,Professeur,business,persona_x_initial_plan,Subscription,,,
2025-11-01,Professeur,business,persona_x_initial_plan,Total revenue,,,
2025-11-01,Professeur,free,persona_x_initial_plan,Banking fees,122.00000000000000000000,,
2025-11-01,Professeur,free,persona_x_initial_plan,Deposit interest,5.17652300876712264650,,
2025-11-01,Professeur,free,persona_x_initial_plan,Interchange,1.09287098408516360000,,
2025-11-01,Professeur,free,persona_x_initial_plan,Subscription,0.00000000000000000000,,
2025-11-01,Professeur,free,persona_x_initial_plan,Total revenue,128.26939399285228624650,,
2025-11-01,Professeur,plus,persona_x_initial_plan,Banking fees,0.00000000000000000000,,
2025-11-01,Professeur,plus,persona_x_initial_plan,Deposit interest,0.54936986301369872000,,
2025-11-01,Professeur,plus,persona_x_initial_plan,Interchange,0.00000000000000000000,,
2025-11-01,Professeur,plus,persona_x_initial_plan,Subscription,0.00000000000000000000,,
2025-11-01,Professeur,plus,persona_x_initial_plan,Total revenue,0.54936986301369872000,,
2025-11-01,Professeur,start,persona_x_initial_plan,Banking fees,0.00000000000000000000,,
2025-11-01,Professeur,start,persona_x_initial_plan,Deposit interest,29.39250786684931370900,,
2025-11-01,Professeur,start,persona_x_initial_plan,Interchange,31.86446143585256671000,,
2025-11-01,Professeur,start,persona_x_initial_plan,Subscription,17.15625000000000000000,,
2025-11-01,Professeur,start,persona_x_initial_plan,Total revenue,78.41321930270188041900,,
2025-11-01,Repair,business,persona_x_initial_plan,Banking fees,,,
2025-11-01,Repair,business,persona_x_initial_plan,Deposit interest,,,
2025-11-01,Repair,business,persona_x_initial_plan,Interchange,,,
2025-11-01,Repair,business,persona_x_initial_plan,Subscription,,,
2025-11-01,Repair,business,persona_x_initial_plan,Total revenue,,,
2025-11-01,Repair,free,persona_x_initial_plan,Banking fees,4.00000000000000000000,,
2025-11-01,Repair,free,persona_x_initial_plan,Deposit interest,0.73355484657534239280,,
2025-11-01,Repair,free,persona_x_initial_plan,Interchange,133.81062820444026381000,,
2025-11-01,Repair,free,persona_x_initial_plan,Subscription,0.00000000000000000000,,
2025-11-01,Repair,free,persona_x_initial_plan,Total revenue,138.54418305101560620280,,
2025-11-01,Repair,plus,persona_x_initial_plan,Banking fees,0.00000000000000000000,,
2025-11-01,Repair,plus,persona_x_initial_plan,Deposit interest,0.16855051123287673000,,
2025-11-01,Repair,plus,persona_x_initial_plan,Interchange,17.63248993271501100000,,
2025-11-01,Repair,plus,persona_x_initial_plan,Subscription,0.00000000000000000000,,
2025-11-01,Repair,plus,persona_x_initial_plan,Total revenue,17.80104044394788773000,,
2025-11-01,Repair,start,persona_x_initial_plan,Banking fees,0.00000000000000000000,,
2025-11-01,Repair,start,persona_x_initial_plan,Deposit interest,4.49201602082191821000,,
2025-11-01,Repair,start,persona_x_initial_plan,Interchange,9.05266130799228190000,,
2025-11-01,Repair,start,persona_x_initial_plan,Subscription,7.21875000000000000000,,
2025-11-01,Repair,start,persona_x_initial_plan,Total revenue,20.76342732881420011000,,
2025-11-01,Repair_Installation,business,persona_x_initial_plan,Banking fees,,,
2025-11-01,Repair_Installation,business,persona_x_initial_plan,Deposit interest,,,
2025-11-01,Repair_Installation,business,persona_x_initial_plan,Interchange,,,
2025-11-01,Repair_Installation,business,persona_x_initial_plan,Subscription,,,
2025-11-01,Repair_Installation,business,persona_x_initial_plan,Total revenue,,,
2025-11-01,Repair_Installation,free,persona_x_initial_plan,Banking fees,,,
2025-11-01,Repair_Installation,free,persona_x_initial_plan,Deposit interest,,,
2025-11-01,Repair_Installation,free,persona_x_initial_plan,Interchange,,,
2025-11-01,Repair_Installation,free,persona_x_initial_plan,Subscription,,,
2025-11-01,Repair_Installation,free,persona_x_initial_plan,Total revenue,,,
2025-11-01,Repair_Installation,plus,persona_x_initial_plan,Banking fees,,,
2025-11-01,Repair_Installation,plus,persona_x_initial_plan,Deposit interest,,,
2025-11-01,Repair_Installation,plus,persona_x_initial_plan,Interchange,,,
2025-11-01,Repair_Installation,plus,persona_x_initial_plan,Subscription,,,
2025-11-01,Repair_Installation,plus,persona_x_initial_plan,Total revenue,,,
2025-11-01,Repair_Installation,start,persona_x_initial_plan,Banking fees,,,
2025-11-01,Repair_Installation,start,persona_x_initial_plan,Deposit interest,,,
2025-11-01,Repair_Installation,start,persona_x_initial_plan,Interchange,,,
2025-11-01,Repair_Installation,start,persona_x_initial_plan,Subscription,,,
2025-11-01,Repair_Installation,start,persona_x_initial_plan,Total revenue,,,
2025-11-01,Restauration,business,persona_x_initial_plan,Banking fees,,,
2025-11-01,Restauration,business,persona_x_initial_plan,Deposit interest,,,
2025-11-01,Restauration,business,persona_x_initial_plan,Interchange,,,
2025-11-01,Restauration,business,persona_x_initial_plan,Subscription,,,
2025-11-01,Restauration,business,persona_x_initial_plan,Total revenue,,,
2025-11-01,Restauration,free,persona_x_initial_plan,Banking fees,118.00000000000000000000,,
2025-11-01,Restauration,free,persona_x_initial_plan,Deposit interest,24.43874903890410470930,,
2025-11-01,Restauration,free,persona_x_initial_plan,Interchange,22.73887515861309645000,,
2025-11-01,Restauration,free,persona_x_initial_plan,Subscription,0.00000000000000000000,,
2025-11-01,Restauration,free,persona_x_initial_plan,Total revenue,165.17762419751720115930,,
2025-11-01,Restauration,plus,persona_x_initial_plan,Banking fees,543.34000000000000000000,0.00000000000000000000,0.0
2025-11-01,Restauration,plus,persona_x_initial_plan,Deposit interest,55.03192305315069157260,0.74163287671232880000,1.35
2025-11-01,Restauration,plus,persona_x_initial_plan,Interchange,199.16391867337249293000,0.00000000000000000000,0.0
2025-11-01,Restauration,plus,persona_x_initial_plan,Subscription,8.75000000000000000000,0.00000000000000000000,0.0
2025-11-01,Restauration,plus,persona_x_initial_plan,Total revenue,806.28584172652318450260,0.74163287671232880000,0.09
2025-11-01,Restauration,start,persona_x_initial_plan,Banking fees,236.00000000000000000000,,
2025-11-01,Restauration,start,persona_x_initial_plan,Deposit interest,7.10530992164383427700,,
2025-11-01,Restauration,start,persona_x_initial_plan,Interchange,2.82858032576408760000,,
2025-11-01,Restauration,start,persona_x_initial_plan,Subscription,0.00000000000000000000,,
2025-11-01,Restauration,start,persona_x_initial_plan,Total revenue,245.93389024740792187700,,
2025-11-01,Retail,business,persona_x_initial_plan,Banking fees,0.00000000000000000000,0.00000000000000000000,
2025-11-01,Retail,business,persona_x_initial_plan,Deposit interest,0.60717479452054790000,0.60717479452054790000,100.0
2025-11-01,Retail,business,persona_x_initial_plan,Interchange,146.97057448968980000000,146.97057448968980000000,100.0
2025-11-01,Retail,business,persona_x_initial_plan,Subscription,0.00000000000000000000,0.00000000000000000000,
2025-11-01,Retail,business,persona_x_initial_plan,Total revenue,147.57774928421034790000,147.57774928421034790000,100.0
2025-11-01,Retail,free,persona_x_initial_plan,Banking fees,906.00000000000000000000,0.00000000000000000000,0.0
2025-11-01,Retail,free,persona_x_initial_plan,Deposit interest,54.33829257041096083500,0.02197917808219178000,0.04
2025-11-01,Retail,free,persona_x_initial_plan,Interchange,115.74830174185948007000,0.00000000000000000000,0.0
2025-11-01,Retail,free,persona_x_initial_plan,Subscription,0.00000000000000000000,0.00000000000000000000,
2025-11-01,Retail,free,persona_x_initial_plan,Total revenue,1076.08659431227044090500,0.02197917808219178000,0.0
2025-11-01,Retail,plus,persona_x_initial_plan,Banking fees,1933.34000000000000000000,,
2025-11-01,Retail,plus,persona_x_initial_plan,Deposit interest,57.69995055068492676673,,
2025-11-01,Retail,plus,persona_x_initial_plan,Interchange,260.77697162735507035000,,
2025-11-01,Retail,plus,persona_x_initial_plan,Subscription,32.91666666600000000000,,
2025-11-01,Retail,plus,persona_x_initial_plan,Total revenue,2284.73358884403999711673,,
2025-11-01,Retail,start,persona_x_initial_plan,Banking fees,1024.00000000000000000000,,
2025-11-01,Retail,start,persona_x_initial_plan,Deposit interest,138.70504828219177930389,,
2025-11-01,Retail,start,persona_x_initial_plan,Interchange,373.41360789061731698000,,
2025-11-01,Retail,start,persona_x_initial_plan,Subscription,31.94791666700000000000,,
2025-11-01,Retail,start,persona_x_initial_plan,Total revenue,1568.06657283980909628389,,
2025-11-01,Wholesale,business,persona_x_initial_plan,Banking fees,0.00000000000000000000,,
2025-11-01,Wholesale,business,persona_x_initial_plan,Deposit interest,1.51183165369863000000,,
2025-11-01,Wholesale,business,persona_x_initial_plan,Interchange,0.00000000000000000000,,
2025-11-01,Wholesale,business,persona_x_initial_plan,Subscription,0.00000000000000000000,,
2025-11-01,Wholesale,business,persona_x_initial_plan,Total revenue,1.51183165369863000000,,
2025-11-01,Wholesale,free,persona_x_initial_plan,Banking fees,276.00000000000000000000,,
2025-11-01,Wholesale,free,persona_x_initial_plan,Deposit interest,5.96830997150684979976,,
2025-11-01,Wholesale,free,persona_x_initial_plan,Interchange,17.33998016953953700000,,
2025-11-01,Wholesale,free,persona_x_initial_plan,Subscription,0.00000000000000000000,,
2025-11-01,Wholesale,free,persona_x_initial_plan,Total revenue,299.30829014104638679976,,
2025-11-01,Wholesale,plus,persona_x_initial_plan,Banking fees,0.00000000000000000000,,
2025-11-01,Wholesale,plus,persona_x_initial_plan,Deposit interest,2.64992329424657516000,,
2025-11-01,Wholesale,plus,persona_x_initial_plan,Interchange,30.90948237816624310000,,
2025-11-01,Wholesale,plus,persona_x_initial_plan,Subscription,0.00000000000000000000,,
2025-11-01,Wholesale,plus,persona_x_initial_plan,Total revenue,33.55940567241281826000,,
2025-11-01,Wholesale,start,persona_x_initial_plan,Banking fees,0.00000000000000000000,,
2025-11-01,Wholesale,start,persona_x_initial_plan,Deposit interest,58.89069744986301587770,,
2025-11-01,Wholesale,start,persona_x_initial_plan,Interchange,46.27992497894527608000,,
2025-11-01,Wholesale,start,persona_x_initial_plan,Subscription,16.31250000000000000000,,
2025-11-01,Wholesale,start,persona_x_initial_plan,Total revenue,121.48312242880829195770,,
2025-12-01,ALL,business,initial_plan,Banking fees,152.40000000000000000000,4.00000000000000000000,2.62
2025-12-01,ALL,business,initial_plan,Deposit interest,784.50781635068504564810,12.27960072109589134600,1.57
2025-12-01,ALL,business,initial_plan,Interchange,4786.56935064272591618000,1387.29229714655518900000,28.98
2025-12-01,ALL,business,initial_plan,Subscription,3619.00000000000000000000,320.00000000000000000000,8.84
2025-12-01,ALL,business,initial_plan,Total revenue,9342.47716699341096182810,1723.57189786765108034600,18.45
2025-12-01,ALL,free,initial_plan,Banking fees,13668.46000000000000020000,634.00000000000000000000,4.64
2025-12-01,ALL,free,initial_plan,Deposit interest,12622.94839442410960030038,36.65094507945205774076,0.29
2025-12-01,ALL,free,initial_plan,Interchange,7442.99876221498299673827,40.93149396876069717800,0.55
2025-12-01,ALL,free,initial_plan,Subscription,84.19115384600000000000,0.00000000000000000000,0.0
2025-12-01,ALL,free,initial_plan,Total revenue,33818.59831048509259723865,711.58243904821275491876,2.1
2025-12-01,ALL,plus,initial_plan,Banking fees,1629.59999999999999994000,118.00000000000000000000,7.24
2025-12-01,ALL,plus,initial_plan,Deposit interest,4605.92469757150723350566,29.23622881095890596689,0.63
2025-12-01,ALL,plus,initial_plan,Interchange,15737.88475725414271707930,648.04184443019454734000,4.12
2025-12-01,ALL,plus,initial_plan,Subscription,6601.70197772199999800000,339.90000000000000000000,5.15
2025-12-01,ALL,plus,initial_plan,Total revenue,28575.11143254764994852496,1135.17807324115345330689,3.97
2025-12-01,ALL,start,initial_plan,Banking fees,13812.02000000000000000000,121.62000000000000000000,0.88
2025-12-01,ALL,start,initial_plan,Deposit interest,12634.91342015232961250460,37.98230152657533977141,0.3
2025-12-01,ALL,start,initial_plan,Interchange,15257.95220922099796768400,440.57542576429045538000,2.89
2025-12-01,ALL,start,initial_plan,Subscription,10419.70336151200000000000,256.00000000000000000000,2.46
2025-12-01,ALL,start,initial_plan,Total revenue,52124.58899088532758018860,856.17772729086579515141,1.64
2025-12-01,ALL,ALL,overall,Banking fees,29262.48000000000000014000,877.62000000000000000000,3.0
2025-12-01,ALL,ALL,overall,Deposit interest,30648.29432849863149195874,116.14907613808219482506,0.38
2025-12-01,ALL,ALL,overall,Interchange,43225.40507933284959768157,2516.84106130980088889800,5.82
2025-12-01,ALL,ALL,overall,Subscription,20724.59649307999999800000,915.90000000000000000000,4.42
2025-12-01,ALL,ALL,overall,Total revenue,123860.77590091148108778031,4426.51013744788308372306,3.57
2025-12-01,Automobile_Trade_Repair,ALL,persona,Banking fees,309.54000000000000000000,4.00000000000000000000,1.29
2025-12-01,Automobile_Trade_Repair,ALL,persona,Deposit interest,808.41856463397264077705,3.25991967616438397480,0.4
2025-12-01,Automobile_Trade_Repair,ALL,persona,Interchange,3390.58576062986539014900,4.30413512813293260000,0.13
2025-12-01,Automobile_Trade_Repair,ALL,persona,Subscription,1385.74193548400000000000,138.00000000000000000000,9.96
2025-12-01,Automobile_Trade_Repair,ALL,persona,Total revenue,5894.28626074783803092605,149.56405480429731657480,2.54
2025-12-01,BTP,ALL,persona,Banking fees,2620.70000000000000000000,259.62000000000000000000,9.91
2025-12-01,BTP,ALL,persona,Deposit interest,15537.75226881369932051137,24.17238779506849319107,0.16
2025-12-01,BTP,ALL,persona,Interchange,14494.74703644854786179000,126.40523941234180378800,0.87
2025-12-01,BTP,ALL,persona,Subscription,4798.18491879800000000000,177.90000000000000000000,3.71
2025-12-01,BTP,ALL,persona,Total revenue,37451.38422406024718230137,588.09762720741029697907,1.57
2025-12-01,Bankers_Insurance,ALL,persona,Banking fees,620.36000000000000000000,138.00000000000000000000,22.25
2025-12-01,Bankers_Insurance,ALL,persona,Deposit interest,427.33573177863014567830,0.25681095890410959000,0.06
2025-12-01,Bankers_Insurance,ALL,persona,Interchange,151.33473818470121200000,2.35894436371497700000,1.56
2025-12-01,Bankers_Insurance,ALL,persona,Subscription,116.51612903200000000000,9.00000000000000000000,7.72
2025-12-01,Bankers_Insurance,ALL,persona,Total revenue,1315.54659899533135767830,149.61575532261908659000,11.37
2025-12-01,Bikers_Drivers,ALL,persona,Banking fees,1703.12000000000000000000,354.00000000000000000000,20.79
2025-12-01,Bikers_Drivers,ALL,persona,Deposit interest,517.92368170082194979795,24.70507387342466363011,4.77
2025-12-01,Bikers_Drivers,ALL,persona,Interchange,4133.43532116186167386200,515.33909200773283860000,12.47
2025-12-01,Bikers_Drivers,ALL,persona,Subscription,2002.86838709700000000000,252.00000000000000000000,12.58
2025-12-01,Bikers_Drivers,ALL,persona,Total revenue,8357.34738995968362365995,1146.04416588115750223011,13.71
2025-12-01,Cleaning_CallCenters,ALL,persona,Banking fees,374.00000000000000000000,,
2025-12-01,Cleaning_CallCenters,ALL,persona,Deposit interest,39.07870241643835880958,,
2025-12-01,Cleaning_CallCenters,ALL,persona,Interchange,75.39376649348357430000,,
2025-12-01,Cleaning_CallCenters,ALL,persona,Subscription,133.00000000000000000000,,
2025-12-01,Cleaning_CallCenters,ALL,persona,Total revenue,621.47246890992193310958,,
2025-12-01,Consultant,ALL,persona,Banking fees,6362.46000000000000000000,0.00000000000000000000,0.0
2025-12-01,Consultant,ALL,persona,Deposit interest,5746.85230113205492930723,7.81032189589041114381,0.14
2025-12-01,Consultant,ALL,persona,Interchange,4488.78689756426592446900,7.50144307661362620000,0.17
2025-12-01,Consultant,ALL,persona,Subscription,2799.11375377299999800000,42.00000000000000000000,1.5
2025-12-01,Consultant,ALL,persona,Total revenue,19397.21295246932085177623,57.31176497250403734381,0.3
2025-12-01,Developer_IT,ALL,persona,Banking fees,4504.90000000000000040000,118.00000000000000000000,2.62
2025-12-01,Developer_IT,ALL,persona,Deposit interest,1782.79074285041112644077,17.17377470904109381900,0.96
2025-12-01,Developer_IT,ALL,persona,Interchange,3092.08563280238542738900,1409.76456220671149700000,45.59
2025-12-01,Developer_IT,ALL,persona,Subscription,1835.15397849400000000000,91.00000000000000000000,4.96
2025-12-01,Developer_IT,ALL,persona,Total revenue,11214.93035414679655422977,1635.93833691575259081900,14.59
2025-12-01,Media_Publishing,ALL,persona,Banking fees,1440.66000000000000000000,0.00000000000000000000,0.0
2025-12-01,Media_Publishing,ALL,persona,Deposit interest,1183.99524710849326024180,0.69847214301369865000,0.06
2025-12-01,Media_Publishing,ALL,persona,Interchange,1122.09438988983607271200,0.00000000000000000000,0.0
2025-12-01,Media_Publishing,ALL,persona,Subscription,394.71548387200000000000,11.00000000000000000000,2.79
2025-12-01,Media_Publishing,ALL,persona,Total revenue,4141.46512087032933295380,11.69847214301369865000,0.28
2025-12-01,Medical_Professionals,ALL,persona,Banking fees,4.00000000000000000000,,
2025-12-01,Medical_Professionals,ALL,persona,Deposit interest,196.81634630630137362200,,
2025-12-01,Medical_Professionals,ALL,persona,Interchange,90.88221950190411337000,,
2025-12-01,Medical_Professionals,ALL,persona,Subscription,177.58064516100000000000,,
2025-12-01,Medical_Professionals,ALL,persona,Total revenue,469.27921096920548699200,,
2025-12-01,Others,ALL,persona,Banking fees,2651.11999999999999994000,0.00000000000000000000,0.0
2025-12-01,Others,ALL,persona,Deposit interest,1728.73721478191787067940,6.28954115013698660041,0.36
2025-12-01,Others,ALL,persona,Interchange,4828.38805931297576697457,387.95085426853806610000,8.03
2025-12-01,Others,ALL,persona,Subscription,3146.47440860100000000000,92.00000000000000000000,2.92
2025-12-01,Others,ALL,persona,Total revenue,12354.71968269589363759397,486.24039541867505270041,3.94
2025-12-01,Professeur,ALL,persona,Banking fees,521.54000000000000000000,0.00000000000000000000,0.0
2025-12-01,Professeur,ALL,persona,Deposit interest,240.13799046575342743440,2.84408454794520630402,1.18
2025-12-01,Professeur,ALL,persona,Interchange,634.94017482371323070000,15.54588019843053140000,2.45
2025-12-01,Professeur,ALL,persona,Subscription,315.38384615400000000000,0.00000000000000000000,0.0
2025-12-01,Professeur,ALL,persona,Total revenue,1712.00201144346665813440,18.38996474637573770402,1.07
2025-12-01,Repair,ALL,persona,Banking fees,122.00000000000000000000,0.00000000000000000000,0.0
2025-12-01,Repair,ALL,persona,Deposit interest,39.82613630136986891863,0.00157910136986301413,0.0
2025-12-01,Repair,ALL,persona,Interchange,52.24820629093715749000,0.00000000000000000000,0.0
2025-12-01,Repair,ALL,persona,Subscription,80.00000000000000000000,0.00000000000000000000,0.0
2025-12-01,Repair,ALL,persona,Total revenue,294.07434259230702640863,0.00157910136986301413,0.0
2025-12-01,Repair_Installation,ALL,persona,Banking fees,138.00000000000000000000,,
2025-12-01,Repair_Installation,ALL,persona,Deposit interest,34.38173783999999924600,,
2025-12-01,Repair_Installation,ALL,persona,Interchange,75.58174814877871792000,,
2025-12-01,Repair_Installation,ALL,persona,Subscription,26.00000000000000000000,,
2025-12-01,Repair_Installation,ALL,persona,Total revenue,273.96348598877871716600,,
2025-12-01,Restauration,ALL,persona,Banking fees,1312.81999999999999940000,4.00000000000000000000,0.3
2025-12-01,Restauration,ALL,persona,Deposit interest,310.99119420109590246080,0.39264976712328767300,0.13
2025-12-01,Restauration,ALL,persona,Interchange,1053.44443470115769602000,4.48884396654420590000,0.43
2025-12-01,Restauration,ALL,persona,Subscription,458.84365591400000000000,0.00000000000000000000,0.0
2025-12-01,Restauration,ALL,persona,Total revenue,3136.09928481625359788080,8.88149373366749357300,0.28
2025-12-01,Retail,ALL,persona,Banking fees,5731.26000000000000040000,0.00000000000000000000,0.0
2025-12-01,Retail,ALL,persona,Deposit interest,1505.64248106684940025699,26.98137766136986017551,1.79
2025-12-01,Retail,ALL,persona,Interchange,4605.51254427441259224900,42.91996175173874624000,0.93
2025-12-01,Retail,ALL,persona,Subscription,2447.89031844200000000000,81.00000000000000000000,3.31
2025-12-01,Retail,ALL,persona,Total revenue,14290.30534378326199290599,150.90133941310860641551,1.06
2025-12-01,Wholesale,ALL,persona,Banking fees,846.00000000000000000000,0.00000000000000000000,0.0
2025-12-01,Wholesale,ALL,persona,Deposit interest,547.61398710082191777647,1.56308285863013705920,0.29
2025-12-01,Wholesale,ALL,persona,Interchange,935.94414910402318628700,0.26210492930166407000,0.03
2025-12-01,Wholesale,ALL,persona,Subscription,607.12903225800000000000,22.00000000000000000000,3.62
2025-12-01,Wholesale,ALL,persona,Total revenue,2936.68716846284510406347,23.82518778793180112920,0.81
2025-12-01,Automobile_Trade_Repair,business,persona_x_initial_plan,Banking fees,5.54000000000000000000,4.00000000000000000000,72.2
2025-12-01,Automobile_Trade_Repair,business,persona_x_initial_plan,Deposit interest,74.70481821150685140775,1.80356481260274003400,2.41
2025-12-01,Automobile_Trade_Repair,business,persona_x_initial_plan,Interchange,299.36890257350930100000,4.24959458707764700000,1.42
2025-12-01,Automobile_Trade_Repair,business,persona_x_initial_plan,Subscription,579.00000000000000000000,80.00000000000000000000,13.82
2025-12-01,Automobile_Trade_Repair,business,persona_x_initial_plan,Total revenue,958.61372078501615240775,90.05315939968038703400,9.39
2025-12-01,Automobile_Trade_Repair,free,persona_x_initial_plan,Banking fees,166.00000000000000000000,0.00000000000000000000,0.0
2025-12-01,Automobile_Trade_Repair,free,persona_x_initial_plan,Deposit interest,147.71870912164384224610,0.07597102904109589600,0.05
2025-12-01,Automobile_Trade_Repair,free,persona_x_initial_plan,Interchange,865.27721086342497533600,0.00000000000000000000,0.0
2025-12-01,Automobile_Trade_Repair,free,persona_x_initial_plan,Subscription,0.00000000000000000000,0.00000000000000000000,
2025-12-01,Automobile_Trade_Repair,free,persona_x_initial_plan,Total revenue,1178.99591998506881758210,0.07597102904109589600,0.01
2025-12-01,Automobile_Trade_Repair,plus,persona_x_initial_plan,Banking fees,138.00000000000000000000,0.00000000000000000000,0.0
2025-12-01,Automobile_Trade_Repair,plus,persona_x_initial_plan,Deposit interest,434.30038750027398505750,0.00155818630136986290,0.0
2025-12-01,Automobile_Trade_Repair,plus,persona_x_initial_plan,Interchange,1573.89968911849291077300,0.05454054105528560000,0.0
2025-12-01,Automobile_Trade_Repair,plus,persona_x_initial_plan,Subscription,490.00000000000000000000,25.00000000000000000000,5.1
2025-12-01,Automobile_Trade_Repair,plus,persona_x_initial_plan,Total revenue,2636.20007661876689583050,25.05609872735665546290,0.95
2025-12-01,Automobile_Trade_Repair,start,persona_x_initial_plan,Banking fees,0.00000000000000000000,0.00000000000000000000,
2025-12-01,Automobile_Trade_Repair,start,persona_x_initial_plan,Deposit interest,151.69464980054796206570,1.37882564821917818190,0.91
2025-12-01,Automobile_Trade_Repair,start,persona_x_initial_plan,Interchange,652.03995807443820304000,0.00000000000000000000,0.0
2025-12-01,Automobile_Trade_Repair,start,persona_x_initial_plan,Subscription,316.74193548400000000000,33.00000000000000000000,10.42
2025-12-01,Automobile_Trade_Repair,start,persona_x_initial_plan,Total revenue,1120.47654335898616510570,34.37882564821917818190,3.07
2025-12-01,BTP,business,persona_x_initial_plan,Banking fees,0.00000000000000000000,0.00000000000000000000,
2025-12-01,BTP,business,persona_x_initial_plan,Deposit interest,356.26058168164392402570,0.24112660054794521000,0.07
2025-12-01,BTP,business,persona_x_initial_plan,Interchange,1901.67115900896068990000,19.36331617807559600000,1.02
2025-12-01,BTP,business,persona_x_initial_plan,Subscription,880.00000000000000000000,80.00000000000000000000,9.09
2025-12-01,BTP,business,persona_x_initial_plan,Total revenue,3137.93174069060461392570,99.60444277862354121000,3.17
2025-12-01,BTP,free,persona_x_initial_plan,Banking fees,1270.00000000000000000000,138.00000000000000000000,10.87
2025-12-01,BTP,free,persona_x_initial_plan,Deposit interest,7688.66875809424643061229,2.73445413095890414700,0.04
2025-12-01,BTP,free,persona_x_initial_plan,Interchange,2093.89719824519727365800,0.08266789470174484800,0.0
2025-12-01,BTP,free,persona_x_initial_plan,Subscription,10.50000000000000000000,0.00000000000000000000,0.0
2025-12-01,BTP,free,persona_x_initial_plan,Total revenue,11063.06595633944370427029,140.81712202566064899500,1.27
2025-12-01,BTP,plus,persona_x_initial_plan,Banking fees,259.08000000000000000000,118.00000000000000000000,45.55
2025-12-01,BTP,plus,persona_x_initial_plan,Deposit interest,2111.18784057150710783201,7.29041232219178190647,0.35
2025-12-01,BTP,plus,persona_x_initial_plan,Interchange,5746.73262077132095930200,21.43162112251893194000,0.37
2025-12-01,BTP,plus,persona_x_initial_plan,Subscription,2067.25161290200000000000,64.90000000000000000000,3.14
2025-12-01,BTP,plus,persona_x_initial_plan,Total revenue,10184.25207424482806713401,211.62203344471071384647,2.08
2025-12-01,BTP,start,persona_x_initial_plan,Banking fees,1091.62000000000000000000,3.62000000000000000000,0.33
2025-12-01,BTP,start,persona_x_initial_plan,Deposit interest,5381.63508846630185804137,13.90639474136986192760,0.26
2025-12-01,BTP,start,persona_x_initial_plan,Interchange,4752.44605842306893893000,85.52763421704553100000,1.8
2025-12-01,BTP,start,persona_x_initial_plan,Subscription,1840.43330589600000000000,33.00000000000000000000,1.79
2025-12-01,BTP,start,persona_x_initial_plan,Total revenue,13066.13445278537079697137,136.05402895841539292760,1.04
2025-12-01,Bankers_Insurance,business,persona_x_initial_plan,Banking fees,,,
2025-12-01,Bankers_Insurance,business,persona_x_initial_plan,Deposit interest,,,
2025-12-01,Bankers_Insurance,business,persona_x_initial_plan,Interchange,,,
2025-12-01,Bankers_Insurance,business,persona_x_initial_plan,Subscription,,,
2025-12-01,Bankers_Insurance,business,persona_x_initial_plan,Total revenue,,,
2025-12-01,Bankers_Insurance,free,persona_x_initial_plan,Banking fees,414.00000000000000000000,138.00000000000000000000,33.33
2025-12-01,Bankers_Insurance,free,persona_x_initial_plan,Deposit interest,179.23737405643836540830,0.03710136986301370000,0.02
2025-12-01,Bankers_Insurance,free,persona_x_initial_plan,Interchange,46.23899647148571470000,0.00000000000000000000,0.0
2025-12-01,Bankers_Insurance,free,persona_x_initial_plan,Subscription,0.00000000000000000000,0.00000000000000000000,
2025-12-01,Bankers_Insurance,free,persona_x_initial_plan,Total revenue,639.47637052792408010830,138.03710136986301370000,21.59
2025-12-01,Bankers_Insurance,plus,persona_x_initial_plan,Banking fees,,,
2025-12-01,Bankers_Insurance,plus,persona_x_initial_plan,Deposit interest,,,
2025-12-01,Bankers_Insurance,plus,persona_x_initial_plan,Interchange,,,
2025-12-01,Bankers_Insurance,plus,persona_x_initial_plan,Subscription,,,
2025-12-01,Bankers_Insurance,plus,persona_x_initial_plan,Total revenue,,,
2025-12-01,Bankers_Insurance,start,persona_x_initial_plan,Banking fees,206.36000000000000000000,0.00000000000000000000,0.0
2025-12-01,Bankers_Insurance,start,persona_x_initial_plan,Deposit interest,248.09835772219178027000,0.21970958904109589000,0.09
2025-12-01,Bankers_Insurance,start,persona_x_initial_plan,Interchange,105.09574171321549730000,2.35894436371497700000,2.24
2025-12-01,Bankers_Insurance,start,persona_x_initial_plan,Subscription,116.51612903200000000000,9.00000000000000000000,7.72
2025-12-01,Bankers_Insurance,start,persona_x_initial_plan,Total revenue,676.07022846740727757000,11.57865395275607289000,1.71
2025-12-01,Bikers_Drivers,business,persona_x_initial_plan,Banking fees,0.86000000000000000000,0.00000000000000000000,0.0
2025-12-01,Bikers_Drivers,business,persona_x_initial_plan,Deposit interest,50.17079198520547961970,4.04364880602739810200,8.06
2025-12-01,Bikers_Drivers,business,persona_x_initial_plan,Interchange,548.83947438924252278000,13.96131611150634600000,2.54
2025-12-01,Bikers_Drivers,business,persona_x_initial_plan,Subscription,640.00000000000000000000,80.00000000000000000000,12.5
2025-12-01,Bikers_Drivers,business,persona_x_initial_plan,Total revenue,1239.87026637444800239970,98.00496491753374410200,7.9
2025-12-01,Bikers_Drivers,free,persona_x_initial_plan,Banking fees,1182.00000000000000000000,354.00000000000000000000,29.95
2025-12-01,Bikers_Drivers,free,persona_x_initial_plan,Deposit interest,189.93128464219179227870,9.51962833369863383521,5.01
2025-12-01,Bikers_Drivers,free,persona_x_initial_plan,Interchange,617.86199426126122303300,0.81776737942119193000,0.13
2025-12-01,Bikers_Drivers,free,persona_x_initial_plan,Subscription,0.00000000000000000000,0.00000000000000000000,
2025-12-01,Bikers_Drivers,free,persona_x_initial_plan,Total revenue,1989.79327890345301531170,364.33739571311982576521,18.31
2025-12-01,Bikers_Drivers,plus,persona_x_initial_plan,Banking fees,0.26000000000000000000,0.00000000000000000000,0.0
2025-12-01,Bikers_Drivers,plus,persona_x_initial_plan,Deposit interest,166.57366803506851323525,9.37417364164383690350,5.63
2025-12-01,Bikers_Drivers,plus,persona_x_initial_plan,Interchange,2472.07175182945918711000,498.76929016615437840000,20.18
2025-12-01,Bikers_Drivers,plus,persona_x_initial_plan,Subscription,773.23333333300000000000,150.00000000000000000000,19.4
2025-12-01,Bikers_Drivers,plus,persona_x_initial_plan,Total revenue,3412.13875319752770034525,658.14346380779821530350,19.29
2025-12-01,Bikers_Drivers,start,persona_x_initial_plan,Banking fees,520.00000000000000000000,0.00000000000000000000,0.0
2025-12-01,Bikers_Drivers,start,persona_x_initial_plan,Deposit interest,111.24793703835616466430,1.76762309205479478940,1.59
2025-12-01,Bikers_Drivers,start,persona_x_initial_plan,Interchange,494.66210068189874093900,1.79071835065092227000,0.36
2025-12-01,Bikers_Drivers,start,persona_x_initial_plan,Subscription,589.63505376400000000000,22.00000000000000000000,3.73
2025-12-01,Bikers_Drivers,start,persona_x_initial_plan,Total revenue,1715.54509148425490560330,25.55834144270571705940,1.49
2025-12-01,Cleaning_CallCenters,business,persona_x_initial_plan,Banking fees,0.00000000000000000000,,
2025-12-01,Cleaning_CallCenters,business,persona_x_initial_plan,Deposit interest,0.08898060273972602200,,
2025-12-01,Cleaning_CallCenters,business,persona_x_initial_plan,Interchange,0.00000000000000000000,,
2025-12-01,Cleaning_CallCenters,business,persona_x_initial_plan,Subscription,80.00000000000000000000,,
2025-12-01,Cleaning_CallCenters,business,persona_x_initial_plan,Total revenue,80.08898060273972602200,,
2025-12-01,Cleaning_CallCenters,free,persona_x_initial_plan,Banking fees,236.00000000000000000000,,
2025-12-01,Cleaning_CallCenters,free,persona_x_initial_plan,Deposit interest,7.75075174575342400018,,
2025-12-01,Cleaning_CallCenters,free,persona_x_initial_plan,Interchange,0.26280387577980180000,,
2025-12-01,Cleaning_CallCenters,free,persona_x_initial_plan,Subscription,0.00000000000000000000,,
2025-12-01,Cleaning_CallCenters,free,persona_x_initial_plan,Total revenue,244.01355562153322580018,,
2025-12-01,Cleaning_CallCenters,plus,persona_x_initial_plan,Banking fees,0.00000000000000000000,,
2025-12-01,Cleaning_CallCenters,plus,persona_x_initial_plan,Deposit interest,0.11105704109589042140,,
2025-12-01,Cleaning_CallCenters,plus,persona_x_initial_plan,Interchange,10.32518684829021900000,,
2025-12-01,Cleaning_CallCenters,plus,persona_x_initial_plan,Subscription,0.00000000000000000000,,
2025-12-01,Cleaning_CallCenters,plus,persona_x_initial_plan,Total revenue,10.43624388938610942140,,
2025-12-01,Cleaning_CallCenters,start,persona_x_initial_plan,Banking fees,138.00000000000000000000,,
2025-12-01,Cleaning_CallCenters,start,persona_x_initial_plan,Deposit interest,31.12791302684931836600,,
2025-12-01,Cleaning_CallCenters,start,persona_x_initial_plan,Interchange,64.80577576941355350000,,
2025-12-01,Cleaning_CallCenters,start,persona_x_initial_plan,Subscription,53.00000000000000000000,,
2025-12-01,Cleaning_CallCenters,start,persona_x_initial_plan,Total revenue,286.93368879626287186600,,
2025-12-01,Consultant,business,persona_x_initial_plan,Banking fees,0.00000000000000000000,0.00000000000000000000,
2025-12-01,Consultant,business,persona_x_initial_plan,Deposit interest,10.27220565479452052025,0.68794630136986300000,6.7
2025-12-01,Consultant,business,persona_x_initial_plan,Interchange,85.49312023995510400000,0.00000000000000000000,0.0
2025-12-01,Consultant,business,persona_x_initial_plan,Subscription,240.00000000000000000000,0.00000000000000000000,0.0
2025-12-01,Consultant,business,persona_x_initial_plan,Total revenue,335.76532589474962452025,0.68794630136986300000,0.2
2025-12-01,Consultant,free,persona_x_initial_plan,Banking fees,3540.80000000000000000000,0.00000000000000000000,0.0
2025-12-01,Consultant,free,persona_x_initial_plan,Deposit interest,2422.09452297589051592727,5.54947800547945202200,0.23
2025-12-01,Consultant,free,persona_x_initial_plan,Interchange,1076.45055508131564677700,7.50144307661362620000,0.7
2025-12-01,Consultant,free,persona_x_initial_plan,Subscription,2.86000000000000000000,0.00000000000000000000,0.0
2025-12-01,Consultant,free,persona_x_initial_plan,Total revenue,7042.20507805720616270427,13.05092108209307822200,0.19
2025-12-01,Consultant,plus,persona_x_initial_plan,Banking fees,512.00000000000000000000,,
2025-12-01,Consultant,plus,persona_x_initial_plan,Deposit interest,562.33464765424656099720,,
2025-12-01,Consultant,plus,persona_x_initial_plan,Interchange,1290.75361388115273928400,,
2025-12-01,Consultant,plus,persona_x_initial_plan,Subscription,609.15789170399999800000,,
2025-12-01,Consultant,plus,persona_x_initial_plan,Total revenue,2974.24615323939929828120,,
2025-12-01,Consultant,start,persona_x_initial_plan,Banking fees,2309.66000000000000000000,0.00000000000000000000,0.0
2025-12-01,Consultant,start,persona_x_initial_plan,Deposit interest,2752.15092484712333186251,1.57289758904109612181,0.06
2025-12-01,Consultant,start,persona_x_initial_plan,Interchange,2036.08960836184243440800,0.00000000000000000000,0.0
2025-12-01,Consultant,start,persona_x_initial_plan,Subscription,1947.09586206900000000000,42.00000000000000000000,2.16
2025-12-01,Consultant,start,persona_x_initial_plan,Total revenue,9044.99639527796576627051,43.57289758904109612181,0.48
2025-12-01,Developer_IT,business,persona_x_initial_plan,Banking fees,0.00000000000000000000,0.00000000000000000000,
2025-12-01,Developer_IT,business,persona_x_initial_plan,Deposit interest,15.66935465260273909300,5.50331420054794500000,35.12
2025-12-01,Developer_IT,business,persona_x_initial_plan,Interchange,1351.03360985738455880000,1349.71807026989560000000,99.9
2025-12-01,Developer_IT,business,persona_x_initial_plan,Subscription,320.00000000000000000000,80.00000000000000000000,25.0
2025-12-01,Developer_IT,business,persona_x_initial_plan,Total revenue,1686.70296450998729789300,1435.22138447044354500000,85.09
2025-12-01,Developer_IT,free,persona_x_initial_plan,Banking fees,2282.40000000000000040000,0.00000000000000000000,0.0
2025-12-01,Developer_IT,free,persona_x_initial_plan,Deposit interest,662.45278086684937124455,10.86084657972602559400,1.64
2025-12-01,Developer_IT,free,persona_x_initial_plan,Interchange,388.91348878975050834300,0.00000000000000000000,0.0
2025-12-01,Developer_IT,free,persona_x_initial_plan,Subscription,20.84000000000000000000,0.00000000000000000000,0.0
2025-12-01,Developer_IT,free,persona_x_initial_plan,Total revenue,3354.60626965659987998755,10.86084657972602559400,0.32
2025-12-01,Developer_IT,plus,persona_x_initial_plan,Banking fees,147.76000000000000000000,,
2025-12-01,Developer_IT,plus,persona_x_initial_plan,Deposit interest,439.00947821534254131660,,
2025-12-01,Developer_IT,plus,persona_x_initial_plan,Interchange,560.43111730859450673000,,
2025-12-01,Developer_IT,plus,persona_x_initial_plan,Subscription,388.23333333300000000000,,
2025-12-01,Developer_IT,plus,persona_x_initial_plan,Total revenue,1535.43392885693704804660,,
2025-12-01,Developer_IT,start,persona_x_initial_plan,Banking fees,2074.74000000000000000000,118.00000000000000000000,5.69
2025-12-01,Developer_IT,start,persona_x_initial_plan,Deposit interest,665.65912911561647478662,0.80961392876712322500,0.12
2025-12-01,Developer_IT,start,persona_x_initial_plan,Interchange,791.70741684665585351600,60.04649193681589700000,7.58
2025-12-01,Developer_IT,start,persona_x_initial_plan,Subscription,1106.08064516100000000000,11.00000000000000000000,0.99
2025-12-01,Developer_IT,start,persona_x_initial_plan,Total revenue,4638.18719112327232830262,189.85610586558302022500,4.09
2025-12-01,Media_Publishing,business,persona_x_initial_plan,Banking fees,138.00000000000000000000,,
2025-12-01,Media_Publishing,business,persona_x_initial_plan,Deposit interest,0.06950756164383561900,,
2025-12-01,Media_Publishing,business,persona_x_initial_plan,Interchange,0.00000000000000000000,,
2025-12-01,Media_Publishing,business,persona_x_initial_plan,Subscription,0.00000000000000000000,,
2025-12-01,Media_Publishing,business,persona_x_initial_plan,Total revenue,138.06950756164383561900,,
2025-12-01,Media_Publishing,free,persona_x_initial_plan,Banking fees,528.00000000000000000000,,
2025-12-01,Media_Publishing,free,persona_x_initial_plan,Deposit interest,85.17091275835616441940,,
2025-12-01,Media_Publishing,free,persona_x_initial_plan,Interchange,174.80151671493779844000,,
2025-12-01,Media_Publishing,free,persona_x_initial_plan,Subscription,2.62000000000000000000,,
2025-12-01,Media_Publishing,free,persona_x_initial_plan,Total revenue,790.59242947329396285940,,
2025-12-01,Media_Publishing,plus,persona_x_initial_plan,Banking fees,0.00000000000000000000,0.00000000000000000000,
2025-12-01,Media_Publishing,plus,persona_x_initial_plan,Deposit interest,65.19727614849316790300,0.47461680054794525000,0.73
2025-12-01,Media_Publishing,plus,persona_x_initial_plan,Interchange,219.60826701074754000000,0.00000000000000000000,0.0
2025-12-01,Media_Publishing,plus,persona_x_initial_plan,Subscription,25.00000000000000000000,0.00000000000000000000,0.0
2025-12-01,Media_Publishing,plus,persona_x_initial_plan,Total revenue,309.80554315924070790300,0.47461680054794525000,0.15
2025-12-01,Media_Publishing,start,persona_x_initial_plan,Banking fees,774.66000000000000000000,0.00000000000000000000,0.0
2025-12-01,Media_Publishing,start,persona_x_initial_plan,Deposit interest,1033.55755064000009230040,0.22385534246575340000,0.02
2025-12-01,Media_Publishing,start,persona_x_initial_plan,Interchange,727.68460616415073427200,0.00000000000000000000,0.0
2025-12-01,Media_Publishing,start,persona_x_initial_plan,Subscription,367.09548387200000000000,11.00000000000000000000,3.0
2025-12-01,Media_Publishing,start,persona_x_initial_plan,Total revenue,2902.99764067615082657240,11.22385534246575340000,0.39
2025-12-01,Medical_Professionals,free,persona_x_initial_plan,Banking fees,4.00000000000000000000,,
2025-12-01,Medical_Professionals,free,persona_x_initial_plan,Deposit interest,71.56383258684931247000,,
2025-12-01,Medical_Professionals,free,persona_x_initial_plan,Interchange,8.50881716189164190000,,
2025-12-01,Medical_Professionals,free,persona_x_initial_plan,Subscription,0.00000000000000000000,,
2025-12-01,Medical_Professionals,free,persona_x_initial_plan,Total revenue,84.07264974874095437000,,
2025-12-01,Medical_Professionals,plus,persona_x_initial_plan,Banking fees,0.00000000000000000000,,
2025-12-01,Medical_Professionals,plus,persona_x_initial_plan,Deposit interest,8.34178751561643850000,,
2025-12-01,Medical_Professionals,plus,persona_x_initial_plan,Interchange,5.08483562845228220000,,
2025-12-01,Medical_Professionals,plus,persona_x_initial_plan,Subscription,25.00000000000000000000,,
2025-12-01,Medical_Professionals,plus,persona_x_initial_plan,Total revenue,38.42662314406872070000,,
2025-12-01,Medical_Professionals,start,persona_x_initial_plan,Banking fees,0.00000000000000000000,,
2025-12-01,Medical_Professionals,start,persona_x_initial_plan,Deposit interest,116.91072620383562265200,,
2025-12-01,Medical_Professionals,start,persona_x_initial_plan,Interchange,77.28856671156018927000,,
2025-12-01,Medical_Professionals,start,persona_x_initial_plan,Subscription,152.58064516100000000000,,
2025-12-01,Medical_Professionals,start,persona_x_initial_plan,Total revenue,346.77993807639581192200,,
2025-12-01,Others,business,persona_x_initial_plan,Banking fees,8.00000000000000000000,,
2025-12-01,Others,business,persona_x_initial_plan,Deposit interest,248.49550270082194136970,,
2025-12-01,Others,business,persona_x_initial_plan,Interchange,407.30334201830114720000,,
2025-12-01,Others,business,persona_x_initial_plan,Subscription,560.00000000000000000000,,
2025-12-01,Others,business,persona_x_initial_plan,Total revenue,1223.79884471912308856970,,
2025-12-01,Others,free,persona_x_initial_plan,Banking fees,1070.80000000000000000000,0.00000000000000000000,0.0
2025-12-01,Others,free,persona_x_initial_plan,Deposit interest,522.86903722356165910808,1.84943410082191799549,0.35
2025-12-01,Others,free,persona_x_initial_plan,Interchange,827.77227404587548550227,18.68808145920864970000,2.26
2025-12-01,Others,free,persona_x_initial_plan,Subscription,19.94000000000000000000,0.00000000000000000000,0.0
2025-12-01,Others,free,persona_x_initial_plan,Total revenue,2441.38131126943714461035,20.53751556003056769549,0.84
2025-12-01,Others,plus,persona_x_initial_plan,Banking fees,148.49999999999999994000,0.00000000000000000000,0.0
2025-12-01,Others,plus,persona_x_initial_plan,Deposit interest,247.01934433972603106870,3.02473388767123297002,1.22
2025-12-01,Others,plus,persona_x_initial_plan,Interchange,1300.66776603194586270330,122.97239873229205600000,9.45
2025-12-01,Others,plus,persona_x_initial_plan,Subscription,938.05053763400000000000,50.00000000000000000000,5.33
2025-12-01,Others,plus,persona_x_initial_plan,Total revenue,2634.23764800567189371200,175.99713261996328897002,6.68
2025-12-01,Others,start,persona_x_initial_plan,Banking fees,1423.82000000000000000000,0.00000000000000000000,0.0
2025-12-01,Others,start,persona_x_initial_plan,Deposit interest,710.35333051780823913292,1.41537316164383563490,0.2
2025-12-01,Others,start,persona_x_initial_plan,Interchange,2292.64467721685327156900,246.29037407703736040000,10.74
2025-12-01,Others,start,persona_x_initial_plan,Subscription,1628.48387096700000000000,42.00000000000000000000,2.58
2025-12-01,Others,start,persona_x_initial_plan,Total revenue,6055.30187870166151070192,289.70574723868119603490,4.78
2025-12-01,Professeur,business,persona_x_initial_plan,Banking fees,,,
2025-12-01,Professeur,business,persona_x_initial_plan,Deposit interest,,,
2025-12-01,Professeur,business,persona_x_initial_plan,Interchange,,,
2025-12-01,Professeur,business,persona_x_initial_plan,Subscription,,,
2025-12-01,Professeur,business,persona_x_initial_plan,Total revenue,,,
2025-12-01,Professeur,free,persona_x_initial_plan,Banking fees,264.00000000000000000000,0.00000000000000000000,0.0
2025-12-01,Professeur,free,persona_x_initial_plan,Deposit interest,69.18886500273972950213,2.74957424657534327702,3.97
2025-12-01,Professeur,free,persona_x_initial_plan,Interchange,89.59655113952456387000,0.00000000000000000000,0.0
2025-12-01,Professeur,free,persona_x_initial_plan,Subscription,12.38384615400000000000,0.00000000000000000000,0.0
2025-12-01,Professeur,free,persona_x_initial_plan,Total revenue,435.16926229626429337213,2.74957424657534327702,0.63
2025-12-01,Professeur,plus,persona_x_initial_plan,Banking fees,0.00000000000000000000,0.00000000000000000000,
2025-12-01,Professeur,plus,persona_x_initial_plan,Deposit interest,10.83409260438356375587,0.03911150684931507400,0.36
2025-12-01,Professeur,plus,persona_x_initial_plan,Interchange,11.98417126147412382000,4.81399386817389540000,40.17
2025-12-01,Professeur,plus,persona_x_initial_plan,Subscription,25.00000000000000000000,0.00000000000000000000,0.0
2025-12-01,Professeur,plus,persona_x_initial_plan,Total revenue,47.81826386585768757587,4.85310537502321047400,10.15
2025-12-01,Professeur,start,persona_x_initial_plan,Banking fees,257.54000000000000000000,0.00000000000000000000,0.0
2025-12-01,Professeur,start,persona_x_initial_plan,Deposit interest,160.11503285863013417640,0.05539879452054795300,0.03
2025-12-01,Professeur,start,persona_x_initial_plan,Interchange,533.35945242271454301000,10.73188633025663600000,2.01
2025-12-01,Professeur,start,persona_x_initial_plan,Subscription,278.00000000000000000000,0.00000000000000000000,0.0
2025-12-01,Professeur,start,persona_x_initial_plan,Total revenue,1229.01448528134467718640,10.78728512477718395300,0.88
2025-12-01,Repair,business,persona_x_initial_plan,Banking fees,,,
2025-12-01,Repair,business,persona_x_initial_plan,Deposit interest,,,
2025-12-01,Repair,business,persona_x_initial_plan,Interchange,,,
2025-12-01,Repair,business,persona_x_initial_plan,Subscription,,,
2025-12-01,Repair,business,persona_x_initial_plan,Total revenue,,,
2025-12-01,Repair,free,persona_x_initial_plan,Banking fees,4.00000000000000000000,0.00000000000000000000,0.0
2025-12-01,Repair,free,persona_x_initial_plan,Deposit interest,3.60670242630136947363,0.00157910136986301413,0.04
2025-12-01,Repair,free,persona_x_initial_plan,Interchange,11.67485249757425556000,0.00000000000000000000,0.0
2025-12-01,Repair,free,persona_x_initial_plan,Subscription,0.00000000000000000000,0.00000000000000000000,
2025-12-01,Repair,free,persona_x_initial_plan,Total revenue,19.28155492387562503363,0.00157910136986301413,0.01
2025-12-01,Repair,plus,persona_x_initial_plan,Banking fees,0.00000000000000000000,,
2025-12-01,Repair,plus,persona_x_initial_plan,Deposit interest,0.15667021698630137000,,
2025-12-01,Repair,plus,persona_x_initial_plan,Interchange,12.57056988296976000000,,
2025-12-01,Repair,plus,persona_x_initial_plan,Subscription,25.00000000000000000000,,
2025-12-01,Repair,plus,persona_x_initial_plan,Total revenue,37.72724009995606137000,,
2025-12-01,Repair,start,persona_x_initial_plan,Banking fees,118.00000000000000000000,,
2025-12-01,Repair,start,persona_x_initial_plan,Deposit interest,36.06276365808219807500,,
2025-12-01,Repair,start,persona_x_initial_plan,Interchange,28.00278391039314193000,,
2025-12-01,Repair,start,persona_x_initial_plan,Subscription,55.00000000000000000000,,
2025-12-01,Repair,start,persona_x_initial_plan,Total revenue,237.06554756847534000500,,
2025-12-01,Repair_Installation,business,persona_x_initial_plan,Banking fees,,,
2025-12-01,Repair_Installation,business,persona_x_initial_plan,Deposit interest,,,
2025-12-01,Repair_Installation,business,persona_x_initial_plan,Interchange,,,
2025-12-01,Repair_Installation,business,persona_x_initial_plan,Subscription,,,
2025-12-01,Repair_Installation,business,persona_x_initial_plan,Total revenue,,,
2025-12-01,Repair_Installation,free,persona_x_initial_plan,Banking fees,138.00000000000000000000,,
2025-12-01,Repair_Installation,free,persona_x_initial_plan,Deposit interest,10.13449985315068584600,,
2025-12-01,Repair_Installation,free,persona_x_initial_plan,Interchange,0.60137354978973812000,,
2025-12-01,Repair_Installation,free,persona_x_initial_plan,Subscription,0.00000000000000000000,,
2025-12-01,Repair_Installation,free,persona_x_initial_plan,Total revenue,148.73587340294042396600,,
2025-12-01,Repair_Installation,plus,persona_x_initial_plan,Banking fees,0.00000000000000000000,,
2025-12-01,Repair_Installation,plus,persona_x_initial_plan,Deposit interest,0.65202812547945210000,,
2025-12-01,Repair_Installation,plus,persona_x_initial_plan,Interchange,1.76501459391740580000,,
2025-12-01,Repair_Installation,plus,persona_x_initial_plan,Subscription,0.00000000000000000000,,
2025-12-01,Repair_Installation,plus,persona_x_initial_plan,Total revenue,2.41704271939685790000,,
2025-12-01,Repair_Installation,start,persona_x_initial_plan,Banking fees,0.00000000000000000000,,
2025-12-01,Repair_Installation,start,persona_x_initial_plan,Deposit interest,23.59520986136986130000,,
2025-12-01,Repair_Installation,start,persona_x_initial_plan,Interchange,73.21536000507157400000,,
2025-12-01,Repair_Installation,start,persona_x_initial_plan,Subscription,26.00000000000000000000,,
2025-12-01,Repair_Installation,start,persona_x_initial_plan,Total revenue,122.81056986644143530000,,
2025-12-01,Restauration,business,persona_x_initial_plan,Banking fees,,,
2025-12-01,Restauration,business,persona_x_initial_plan,Deposit interest,,,
2025-12-01,Restauration,business,persona_x_initial_plan,Interchange,,,
2025-12-01,Restauration,business,persona_x_initial_plan,Subscription,,,
2025-12-01,Restauration,business,persona_x_initial_plan,Total revenue,,,
2025-12-01,Restauration,free,persona_x_initial_plan,Banking fees,264.81999999999999940000,4.00000000000000000000,1.51
2025-12-01,Restauration,free,persona_x_initial_plan,Deposit interest,107.63236886958903961320,0.39264976712328767300,0.36
2025-12-01,Restauration,free,persona_x_initial_plan,Interchange,250.71617307125353894000,4.48884396654420590000,1.79
2025-12-01,Restauration,free,persona_x_initial_plan,Subscription,0.00000000000000000000,0.00000000000000000000,
2025-12-01,Restauration,free,persona_x_initial_plan,Total revenue,623.16854194084257795320,8.88149373366749357300,1.43
2025-12-01,Restauration,plus,persona_x_initial_plan,Banking fees,140.00000000000000000000,,
2025-12-01,Restauration,plus,persona_x_initial_plan,Deposit interest,146.92474121808220540360,,
2025-12-01,Restauration,plus,persona_x_initial_plan,Interchange,508.43922342802142478000,,
2025-12-01,Restauration,plus,persona_x_initial_plan,Subscription,203.23333333300000000000,,
2025-12-01,Restauration,plus,persona_x_initial_plan,Total revenue,998.59729797910363018360,,
2025-12-01,Restauration,start,persona_x_initial_plan,Banking fees,908.00000000000000000000,,
2025-12-01,Restauration,start,persona_x_initial_plan,Deposit interest,56.43408411342465744400,,
2025-12-01,Restauration,start,persona_x_initial_plan,Interchange,294.28903820188273230000,,
2025-12-01,Restauration,start,persona_x_initial_plan,Subscription,255.61032258100000000000,,
2025-12-01,Restauration,start,persona_x_initial_plan,Total revenue,1514.33344489630738974400,,
2025-12-01,Retail,business,persona_x_initial_plan,Banking fees,0.00000000000000000000,,
2025-12-01,Retail,business,persona_x_initial_plan,Deposit interest,16.82550205315068480000,,
2025-12-01,Retail,business,persona_x_initial_plan,Interchange,68.41585180265709410000,,
2025-12-01,Retail,business,persona_x_initial_plan,Subscription,80.00000000000000000000,,
2025-12-01,Retail,business,persona_x_initial_plan,Total revenue,165.24135385580777890000,,
2025-12-01,Retail,free,persona_x_initial_plan,Banking fees,2015.64000000000000040000,0.00000000000000000000,0.0
2025-12-01,Retail,free,persona_x_initial_plan,Deposit interest,272.07021566630136603825,2.87679652000000003861,1.06
2025-12-01,Retail,free,persona_x_initial_plan,Interchange,949.96825681975912525900,9.35269019227127860000,0.98
2025-12-01,Retail,free,persona_x_initial_plan,Subscription,15.04730769200000000000,0.00000000000000000000,0.0
2025-12-01,Retail,free,persona_x_initial_plan,Total revenue,3252.72578017806049169725,12.22948671227127863861,0.38
2025-12-01,Retail,plus,persona_x_initial_plan,Banking fees,8.00000000000000000000,0.00000000000000000000,0.0
2025-12-01,Retail,plus,persona_x_initial_plan,Deposit interest,362.48908971999999625153,9.03162246575342400000,2.49
2025-12-01,Retail,plus,persona_x_initial_plan,Interchange,1755.02219296101890986000,0.00000000000000000000,0.0
2025-12-01,Retail,plus,persona_x_initial_plan,Subscription,841.25161290200000000000,50.00000000000000000000,5.94
2025-12-01,Retail,plus,persona_x_initial_plan,Total revenue,2966.76289558301890611153,59.03162246575342400000,1.99
2025-12-01,Retail,start,persona_x_initial_plan,Banking fees,3707.62000000000000000000,0.00000000000000000000,0.0
2025-12-01,Retail,start,persona_x_initial_plan,Deposit interest,854.25767362739735316721,15.07295867561643613690,1.76
2025-12-01,Retail,start,persona_x_initial_plan,Interchange,1832.10624269097746303000,33.56727155946746764000,1.83
2025-12-01,Retail,start,persona_x_initial_plan,Subscription,1511.59139784800000000000,31.00000000000000000000,2.05
2025-12-01,Retail,start,persona_x_initial_plan,Total revenue,7905.57531416637481619721,79.64023023508390377690,1.01
2025-12-01,Wholesale,business,persona_x_initial_plan,Banking fees,0.00000000000000000000,,
2025-12-01,Wholesale,business,persona_x_initial_plan,Deposit interest,11.95057124657534317100,,
2025-12-01,Wholesale,business,persona_x_initial_plan,Interchange,124.44389075271549840000,,
2025-12-01,Wholesale,business,persona_x_initial_plan,Subscription,240.00000000000000000000,,
2025-12-01,Wholesale,business,persona_x_initial_plan,Total revenue,376.39446199929084157100,,
2025-12-01,Wholesale,free,persona_x_initial_plan,Banking fees,288.00000000000000000000,0.00000000000000000000,0.0
2025-12-01,Wholesale,free,persona_x_initial_plan,Deposit interest,182.85777853424653211230,0.00343189479452054830,0.0
2025-12-01,Wholesale,free,persona_x_initial_plan,Interchange,40.45669962616170550000,0.00000000000000000000,0.0
2025-12-01,Wholesale,free,persona_x_initial_plan,Subscription,0.00000000000000000000,0.00000000000000000000,
2025-12-01,Wholesale,free,persona_x_initial_plan,Total revenue,511.31447816040823761230,0.00343189479452054830,0.0
2025-12-01,Wholesale,plus,persona_x_initial_plan,Banking fees,276.00000000000000000000,,
2025-12-01,Wholesale,plus,persona_x_initial_plan,Deposit interest,50.79258866520547829300,,
2025-12-01,Wholesale,plus,persona_x_initial_plan,Interchange,268.52873669828488571700,,
2025-12-01,Wholesale,plus,persona_x_initial_plan,Subscription,191.29032258100000000000,,
2025-12-01,Wholesale,plus,persona_x_initial_plan,Total revenue,786.61164794449036401000,,
2025-12-01,Wholesale,start,persona_x_initial_plan,Banking fees,282.00000000000000000000,0.00000000000000000000,0.0
2025-12-01,Wholesale,start,persona_x_initial_plan,Deposit interest,302.01304865479456420017,1.55965096383561651090,0.52
2025-12-01,Wholesale,start,persona_x_initial_plan,Interchange,502.51482202686109667000,0.26210492930166407000,0.05
2025-12-01,Wholesale,start,persona_x_initial_plan,Subscription,175.83870967700000000000,22.00000000000000000000,12.51
2025-12-01,Wholesale,start,persona_x_initial_plan,Total revenue,1262.36658035865566087017,23.82175589313728058090,1.89
2026-01-01,ALL,business,initial_plan,Banking fees,140.00000000000000000000,0.00000000000000000000,0.0
2026-01-01,ALL,business,initial_plan,Deposit interest,1169.10851652712375781967,89.66665038684935723520,7.67
2026-01-01,ALL,business,initial_plan,Interchange,7408.26479430527341456000,3949.23667829671023300000,53.31
2026-01-01,ALL,business,initial_plan,Subscription,6236.81250000000000000000,480.00000000000000000000,7.7
2026-01-01,ALL,business,initial_plan,Total revenue,14954.18581083239717237967,4518.90332868355959023520,30.22
2026-01-01,ALL,free,initial_plan,Banking fees,14486.87999999999999360000,759.51999999999999740000,5.24
2026-01-01,ALL,free,initial_plan,Deposit interest,21418.11204932274925935249,233.89682087561659535031,1.09
2026-01-01,ALL,free,initial_plan,Interchange,14922.23346675031468615600,976.09967419397443212000,6.54
2026-01-01,ALL,free,initial_plan,Subscription,509.07288793099999900000,12.48000000000000000000,2.45
2026-01-01,ALL,free,initial_plan,Total revenue,51336.29840400406393810849,1981.99649506959102487031,3.86
2026-01-01,ALL,plus,initial_plan,Banking fees,3890.99999999999999814000,120.66000000000000014000,3.1
2026-01-01,ALL,plus,initial_plan,Deposit interest,11059.18006424877159471356,160.94033971397273326215,1.46
2026-01-01,ALL,plus,initial_plan,Interchange,30740.13613697111987122500,1339.08166925278285127600,4.36
2026-01-01,ALL,plus,initial_plan,Subscription,14198.55783332800000000000,470.00000000000000000000,3.31
2026-01-01,ALL,plus,initial_plan,Total revenue,59888.87403454789146407856,2090.68200896675558467815,3.49
2026-01-01,ALL,start,initial_plan,Banking fees,12397.75999999999999910000,177.33999999999999810000,1.43
2026-01-01,ALL,start,initial_plan,Deposit interest,24746.75604586138124288590,143.32728128438370843249,0.58
2026-01-01,ALL,start,initial_plan,Interchange,38058.09120635985559923648,363.55738901597957551500,0.96
2026-01-01,ALL,start,initial_plan,Subscription,21715.42529551900000100000,640.43750000000000000000,2.95
2026-01-01,ALL,start,initial_plan,Total revenue,96918.03254774023684222238,1324.66217030036328204749,1.37
2026-01-01,ALL,ALL,overall,Banking fees,30915.63999999999999084000,1057.51999999999999564000,3.42
2026-01-01,ALL,ALL,overall,Deposit interest,58393.15667596002585477162,627.83109226082239428015,1.08
2026-01-01,ALL,ALL,overall,Interchange,91128.72560438656357117748,6627.97541075944709191100,7.27
2026-01-01,ALL,ALL,overall,Subscription,42659.86851677800000000000,1602.91750000000000000000,3.76
2026-01-01,ALL,ALL,overall,Total revenue,223097.39079712458941678910,9916.24400302026948183115,4.44
2026-01-01,Automobile_Trade_Repair,ALL,persona,Banking fees,827.18000000000000050000,32.00000000000000000000,3.87
2026-01-01,Automobile_Trade_Repair,ALL,persona,Deposit interest,1824.73753124657613644438,69.03514174410964185440,3.78
2026-01-01,Automobile_Trade_Repair,ALL,persona,Interchange,5944.28661111220401653100,38.39362225419898400000,0.65
2026-01-01,Automobile_Trade_Repair,ALL,persona,Subscription,2613.59833333299999900000,80.00000000000000000000,3.06
2026-01-01,Automobile_Trade_Repair,ALL,persona,Total revenue,11209.80247569178015247538,219.42876399830862585440,1.96
2026-01-01,BTP,ALL,persona,Banking fees,3799.03999999999999150000,132.45999999999999550000,3.49
2026-01-01,BTP,ALL,persona,Deposit interest,21668.88144595124372450774,144.20898397424669168373,0.67
2026-01-01,BTP,ALL,persona,Interchange,23986.56905134371809322300,721.47899613502562734000,3.01
2026-01-01,BTP,ALL,persona,Subscription,9923.69000000000000100000,393.00000000000000000000,3.96
2026-01-01,BTP,ALL,persona,Total revenue,59378.18049729496181023074,1391.14798010927231452373,2.34
2026-01-01,Bankers_Insurance,ALL,persona,Banking fees,1482.64000000000000000000,138.00000000000000000000,9.31
2026-01-01,Bankers_Insurance,ALL,persona,Deposit interest,1446.78514380876782963874,2.35410318356164481878,0.16
2026-01-01,Bankers_Insurance,ALL,persona,Interchange,1135.16984088363900310000,0.00000000000000000000,0.0
2026-01-01,Bankers_Insurance,ALL,persona,Subscription,220.96925000000000000000,0.00000000000000000000,0.0
2026-01-01,Bankers_Insurance,ALL,persona,Total revenue,4285.56423469240683273874,140.35410318356164481878,3.28
2026-01-01,Bikers_Drivers,ALL,persona,Banking fees,1359.39999999999999954000,39.06000000000000014000,2.87
2026-01-01,Bikers_Drivers,ALL,persona,Deposit interest,1087.70068168712378284857,73.56473325479457300624,6.76
2026-01-01,Bikers_Drivers,ALL,persona,Interchange,5625.19510084654090328648,900.95101458482659130000,16.02
2026-01-01,Bikers_Drivers,ALL,persona,Subscription,2924.42333333300000000000,346.48000000000000000000,11.85
2026-01-01,Bikers_Drivers,ALL,persona,Total revenue,10996.71911586666468567505,1360.05574783962116444624,12.37
2026-01-01,Cleaning_CallCenters,ALL,persona,Banking fees,122.00000000000000000000,0.00000000000000000000,0.0
2026-01-01,Cleaning_CallCenters,ALL,persona,Deposit interest,292.16805940712333285620,0.40881242739726043000,0.14
2026-01-01,Cleaning_CallCenters,ALL,persona,Interchange,485.23541055545452314000,40.11922937724229100000,8.27
2026-01-01,Cleaning_CallCenters,ALL,persona,Subscription,308.00000000000000000000,0.00000000000000000000,0.0
2026-01-01,Cleaning_CallCenters,ALL,persona,Total revenue,1207.40346996257785599620,40.52804180463955143000,3.36
2026-01-01,Consultant,ALL,persona,Banking fees,5898.94000000000000130000,268.00000000000000000000,4.54
2026-01-01,Consultant,ALL,persona,Deposit interest,12195.57586582082677856771,44.81370274575344313015,0.37
2026-01-01,Consultant,ALL,persona,Interchange,12205.70675367620596711500,1066.14067148413636370000,8.73
2026-01-01,Consultant,ALL,persona,Subscription,6191.89355368800000100000,180.43750000000000000000,2.91
2026-01-01,Consultant,ALL,persona,Total revenue,36492.11617318503274798271,1559.39187422988980683015,4.27
2026-01-01,Developer_IT,ALL,persona,Banking fees,4488.64000000000000400000,4.00000000000000000000,0.09
2026-01-01,Developer_IT,ALL,persona,Deposit interest,4637.93904592712523120091,31.77439525369866819666,0.69
2026-01-01,Developer_IT,ALL,persona,Interchange,4140.93089274200859498500,7.64875264444962527500,0.18
2026-01-01,Developer_IT,ALL,persona,Subscription,3203.01380555500000000000,56.00000000000000000000,1.75
2026-01-01,Developer_IT,ALL,persona,Total revenue,16470.52374422413383018591,99.42314789814829347166,0.6
2026-01-01,Media_Publishing,ALL,persona,Banking fees,1390.54000000000000000000,138.00000000000000000000,9.92
2026-01-01,Media_Publishing,ALL,persona,Deposit interest,2073.09817030137076967965,0.58716791013698644241,0.03
2026-01-01,Media_Publishing,ALL,persona,Interchange,1488.42319768086912312300,0.33423834126401226300,0.02
2026-01-01,Media_Publishing,ALL,persona,Subscription,966.22000000000000000000,25.00000000000000000000,2.59
2026-01-01,Media_Publishing,ALL,persona,Total revenue,5918.28136798223989280265,163.92140625140099870541,2.77
2026-01-01,Medical_Professionals,ALL,persona,Banking fees,21.52000000000000000000,,
2026-01-01,Medical_Professionals,ALL,persona,Deposit interest,637.71940777589071800037,,
2026-01-01,Medical_Professionals,ALL,persona,Interchange,1006.54040813465579057000,,
2026-01-01,Medical_Professionals,ALL,persona,Subscription,372.00000000000000000000,,
2026-01-01,Medical_Professionals,ALL,persona,Total revenue,2037.77981591054650857037,,
2026-01-01,Others,ALL,persona,Banking fees,4392.34000000000000200000,176.00000000000000000000,4.01
2026-01-01,Others,ALL,persona,Deposit interest,5046.08540885479661169741,95.36789604712332868826,1.89
2026-01-01,Others,ALL,persona,Interchange,12131.51552244829420270600,2799.45333585768567390000,23.08
2026-01-01,Others,ALL,persona,Subscription,6338.98455459700000000000,157.00000000000000000000,2.48
2026-01-01,Others,ALL,persona,Total revenue,27908.92548590009081640341,3227.82123190480900258826,11.57
2026-01-01,Professeur,ALL,persona,Banking fees,309.16000000000000000000,0.00000000000000000000,0.0
2026-01-01,Professeur,ALL,persona,Deposit interest,684.92567848164408735825,0.85633160000000005530,0.13
2026-01-01,Professeur,ALL,persona,Interchange,958.23879072696856475700,100.25461361645725340000,10.46
2026-01-01,Professeur,ALL,persona,Subscription,1195.18500000000000000000,11.00000000000000000000,0.92
2026-01-01,Professeur,ALL,persona,Total revenue,3147.50946920861265211525,112.11094521645725345530,3.56
2026-01-01,Repair,ALL,persona,Banking fees,20.00000000000000000000,0.00000000000000000000,0.0
2026-01-01,Repair,ALL,persona,Deposit interest,79.90901927178087247750,0.87196918356164420000,1.09
2026-01-01,Repair,ALL,persona,Interchange,325.30956187993132066000,139.81914882374784000000,42.98
2026-01-01,Repair,ALL,persona,Subscription,191.00000000000000000000,0.00000000000000000000,0.0
2026-01-01,Repair,ALL,persona,Total revenue,616.21858115171219313750,140.69111800730948420000,22.83
2026-01-01,Repair_Installation,ALL,persona,Banking fees,0.00000000000000000000,,
2026-01-01,Repair_Installation,ALL,persona,Deposit interest,97.25794841972608227800,,
2026-01-01,Repair_Installation,ALL,persona,Interchange,343.63623919194015100000,,
2026-01-01,Repair_Installation,ALL,persona,Subscription,95.00000000000000000000,,
2026-01-01,Repair_Installation,ALL,persona,Total revenue,535.89418761166623327800,,
2026-01-01,Restauration,ALL,persona,Banking fees,617.44000000000000200000,8.00000000000000000000,1.3
2026-01-01,Restauration,ALL,persona,Deposit interest,699.62226205315097243900,10.86075699232877633320,1.55
2026-01-01,Restauration,ALL,persona,Interchange,3218.45248674089452928500,263.80049342725790680000,8.2
2026-01-01,Restauration,ALL,persona,Subscription,1128.96458333299999900000,42.00000000000000000000,3.72
2026-01-01,Restauration,ALL,persona,Total revenue,5664.47933212704550272400,324.66125041958668313320,5.73
2026-01-01,Retail,ALL,persona,Banking fees,5830.59999999999999000000,122.00000000000000000000,2.09
2026-01-01,Retail,ALL,persona,Deposit interest,4526.24601413534417111625,151.93529080876726957331,3.36
2026-01-01,Retail,ALL,persona,Interchange,14367.18329229066889639400,549.58129421315492293300,3.83
2026-01-01,Retail,ALL,persona,Subscription,5397.48860293900000000000,287.00000000000000000000,5.32
2026-01-01,Retail,ALL,persona,Total revenue,30121.51790936501305751025,1110.51658502192219250631,3.69
2026-01-01,Wholesale,ALL,persona,Banking fees,356.20000000000000000000,0.00000000000000000000,0.0
2026-01-01,Wholesale,ALL,persona,Deposit interest,1394.50499281753475366094,1.19180713534246586771,0.09
2026-01-01,Wholesale,ALL,persona,Interchange,3766.33244413256989130200,0.00000000000000000000,0.0
2026-01-01,Wholesale,ALL,persona,Subscription,1589.43750000000000000000,25.00000000000000000000,1.57
2026-01-01,Wholesale,ALL,persona,Total revenue,7106.47493695010464496294,26.19180713534246586771,0.37
2026-01-01,Automobile_Trade_Repair,business,persona_x_initial_plan,Banking fees,139.56000000000000000000,,
2026-01-01,Automobile_Trade_Repair,business,persona_x_initial_plan,Deposit interest,120.71241590849319366769,,
2026-01-01,Automobile_Trade_Repair,business,persona_x_initial_plan,Interchange,666.91709459546353850000,,
2026-01-01,Automobile_Trade_Repair,business,persona_x_initial_plan,Subscription,819.00000000000000000000,,
2026-01-01,Automobile_Trade_Repair,business,persona_x_initial_plan,Total revenue,1746.18951050395673216769,,
2026-01-01,Automobile_Trade_Repair,free,persona_x_initial_plan,Banking fees,103.26000000000000050000,32.00000000000000000000,30.99
2026-01-01,Automobile_Trade_Repair,free,persona_x_initial_plan,Deposit interest,319.76504431506865961679,66.27598103013703849890,20.73
2026-01-01,Automobile_Trade_Repair,free,persona_x_initial_plan,Interchange,640.90788534505538968000,23.41967382729795600000,3.65
2026-01-01,Automobile_Trade_Repair,free,persona_x_initial_plan,Subscription,6.42000000000000000000,0.00000000000000000000,0.0
2026-01-01,Automobile_Trade_Repair,free,persona_x_initial_plan,Total revenue,1070.35292966012404979679,121.69565485743499449890,11.37
2026-01-01,Automobile_Trade_Repair,plus,persona_x_initial_plan,Banking fees,299.82000000000000000000,0.00000000000000000000,0.0
2026-01-01,Automobile_Trade_Repair,plus,persona_x_initial_plan,Deposit interest,973.73945626465788835340,2.29089295726027393500,0.24
2026-01-01,Automobile_Trade_Repair,plus,persona_x_initial_plan,Interchange,2653.64629830790881035300,14.97394842690102800000,0.56
2026-01-01,Automobile_Trade_Repair,plus,persona_x_initial_plan,Subscription,959.58333333300000000000,25.00000000000000000000,2.61
2026-01-01,Automobile_Trade_Repair,plus,persona_x_initial_plan,Total revenue,4886.78908790556669870640,42.26484138416130193500,0.86
2026-01-01,Automobile_Trade_Repair,start,persona_x_initial_plan,Banking fees,284.54000000000000000000,0.00000000000000000000,0.0
2026-01-01,Automobile_Trade_Repair,start,persona_x_initial_plan,Deposit interest,410.52061475835639480650,0.46826775671232942050,0.11
2026-01-01,Automobile_Trade_Repair,start,persona_x_initial_plan,Interchange,1982.81533286377627799800,0.00000000000000000000,0.0
2026-01-01,Automobile_Trade_Repair,start,persona_x_initial_plan,Subscription,828.59499999999999900000,55.00000000000000000000,6.64
2026-01-01,Automobile_Trade_Repair,start,persona_x_initial_plan,Total revenue,3506.47094762213267180450,55.46826775671232942050,1.58
2026-01-01,BTP,business,persona_x_initial_plan,Banking fees,0.00000000000000000000,0.00000000000000000000,
2026-01-01,BTP,business,persona_x_initial_plan,Deposit interest,542.18615432712351468300,3.47774869479452123300,0.64
2026-01-01,BTP,business,persona_x_initial_plan,Interchange,2044.58071083895096190000,652.52654592981259800000,31.91
2026-01-01,BTP,business,persona_x_initial_plan,Subscription,1952.81250000000000000000,160.00000000000000000000,8.19
2026-01-01,BTP,business,persona_x_initial_plan,Total revenue,4539.57936516607447658300,816.00429462460711923300,17.98
2026-01-01,BTP,free,persona_x_initial_plan,Banking fees,1078.47999999999999740000,121.11999999999999740000,11.23
2026-01-01,BTP,free,persona_x_initial_plan,Deposit interest,10430.73895615781302764053,25.54763799945206961293,0.24
2026-01-01,BTP,free,persona_x_initial_plan,Interchange,3092.50751840931090159600,7.10033649625183205000,0.23
2026-01-01,BTP,free,persona_x_initial_plan,Subscription,35.39000000000000000000,0.00000000000000000000,0.0
2026-01-01,BTP,free,persona_x_initial_plan,Total revenue,14637.11647456712392663653,153.76797449570389906293,1.05
2026-01-01,BTP,plus,persona_x_initial_plan,Banking fees,610.27999999999999600000,2.00000000000000000000,0.33
2026-01-01,BTP,plus,persona_x_initial_plan,Deposit interest,3704.54615105808393155425,93.12203212000007494820,2.51
2026-01-01,BTP,plus,persona_x_initial_plan,Interchange,9356.92896388520558654800,7.65734734465355648000,0.08
2026-01-01,BTP,plus,persona_x_initial_plan,Subscription,4241.83750000000000000000,125.00000000000000000000,2.95
2026-01-01,BTP,plus,persona_x_initial_plan,Total revenue,17913.59261494328951410225,227.77937946465363142820,1.27
2026-01-01,BTP,start,persona_x_initial_plan,Banking fees,2110.27999999999999810000,9.33999999999999810000,0.44
2026-01-01,BTP,start,persona_x_initial_plan,Deposit interest,6991.41018440822325062996,22.06156516000002588960,0.32
2026-01-01,BTP,start,persona_x_initial_plan,Interchange,9492.55185821025064317900,54.19476636430764081000,0.57
2026-01-01,BTP,start,persona_x_initial_plan,Subscription,3693.65000000000000100000,108.00000000000000000000,2.92
2026-01-01,BTP,start,persona_x_initial_plan,Total revenue,22287.89204261847389290896,193.59633152430766479960,0.87
2026-01-01,Bankers_Insurance,business,persona_x_initial_plan,Banking fees,,,
2026-01-01,Bankers_Insurance,business,persona_x_initial_plan,Deposit interest,,,
2026-01-01,Bankers_Insurance,business,persona_x_initial_plan,Interchange,,,
2026-01-01,Bankers_Insurance,business,persona_x_initial_plan,Subscription,,,
2026-01-01,Bankers_Insurance,business,persona_x_initial_plan,Total revenue,,,
2026-01-01,Bankers_Insurance,free,persona_x_initial_plan,Banking fees,430.00000000000000000000,138.00000000000000000000,32.09
2026-01-01,Bankers_Insurance,free,persona_x_initial_plan,Deposit interest,1012.93657096986355237874,2.35410318356164481878,0.23
2026-01-01,Bankers_Insurance,free,persona_x_initial_plan,Interchange,197.87123786106199700000,0.00000000000000000000,0.0
2026-01-01,Bankers_Insurance,free,persona_x_initial_plan,Subscription,0.00000000000000000000,0.00000000000000000000,
2026-01-01,Bankers_Insurance,free,persona_x_initial_plan,Total revenue,1640.80780883092554937874,140.35410318356164481878,8.55
2026-01-01,Bankers_Insurance,plus,persona_x_initial_plan,Banking fees,276.00000000000000000000,,
2026-01-01,Bankers_Insurance,plus,persona_x_initial_plan,Deposit interest,21.80120843123287480000,,
2026-01-01,Bankers_Insurance,plus,persona_x_initial_plan,Interchange,134.29619093578764900000,,
2026-01-01,Bankers_Insurance,plus,persona_x_initial_plan,Subscription,0.00000000000000000000,,
2026-01-01,Bankers_Insurance,plus,persona_x_initial_plan,Total revenue,432.09739936702052380000,,
2026-01-01,Bankers_Insurance,start,persona_x_initial_plan,Banking fees,776.64000000000000000000,,
2026-01-01,Bankers_Insurance,start,persona_x_initial_plan,Deposit interest,412.04736440767140246000,,
2026-01-01,Bankers_Insurance,start,persona_x_initial_plan,Interchange,803.00241208678935710000,,
2026-01-01,Bankers_Insurance,start,persona_x_initial_plan,Subscription,220.96925000000000000000,,
2026-01-01,Bankers_Insurance,start,persona_x_initial_plan,Total revenue,2212.65902649446075956000,,
2026-01-01,Bikers_Drivers,business,persona_x_initial_plan,Banking fees,0.44000000000000000000,0.00000000000000000000,0.0
2026-01-01,Bikers_Drivers,business,persona_x_initial_plan,Deposit interest,71.32692176986303214998,0.45202517041095903660,0.63
2026-01-01,Bikers_Drivers,business,persona_x_initial_plan,Interchange,441.57794117141870750000,74.66071053695273500000,16.91
2026-01-01,Bikers_Drivers,business,persona_x_initial_plan,Subscription,505.00000000000000000000,160.00000000000000000000,31.68
2026-01-01,Bikers_Drivers,business,persona_x_initial_plan,Total revenue,1018.34486294128173964998,235.11273570736369403660,23.09
2026-01-01,Bikers_Drivers,free,persona_x_initial_plan,Banking fees,768.61999999999999940000,22.40000000000000000000,2.91
2026-01-01,Bikers_Drivers,free,persona_x_initial_plan,Deposit interest,263.58837822684944782719,49.34120204164387161921,18.72
2026-01-01,Bikers_Drivers,free,persona_x_initial_plan,Interchange,915.08225265673232096000,67.93905370215520100000,7.42
2026-01-01,Bikers_Drivers,free,persona_x_initial_plan,Subscription,38.76000000000000000000,12.48000000000000000000,32.2
2026-01-01,Bikers_Drivers,free,persona_x_initial_plan,Total revenue,1986.05063088358176818719,152.16025574379907261921,7.66
2026-01-01,Bikers_Drivers,plus,persona_x_initial_plan,Banking fees,63.32000000000000014000,0.66000000000000014000,1.04
2026-01-01,Bikers_Drivers,plus,persona_x_initial_plan,Deposit interest,352.95232565260286516953,22.74190585589042709970,6.44
2026-01-01,Bikers_Drivers,plus,persona_x_initial_plan,Interchange,2053.26691630474520715000,651.97446907597228600000,31.75
2026-01-01,Bikers_Drivers,plus,persona_x_initial_plan,Subscription,1198.74666666600000000000,75.00000000000000000000,6.26
2026-01-01,Bikers_Drivers,plus,persona_x_initial_plan,Total revenue,3668.28590862334807245953,750.37637493186271323970,20.46
2026-01-01,Bikers_Drivers,start,persona_x_initial_plan,Banking fees,527.02000000000000000000,16.00000000000000000000,3.04
2026-01-01,Bikers_Drivers,start,persona_x_initial_plan,Deposit interest,399.83305603780843770187,1.02960018684931525073,0.26
2026-01-01,Bikers_Drivers,start,persona_x_initial_plan,Interchange,2215.26799071364466767648,106.37678126974636930000,4.8
2026-01-01,Bikers_Drivers,start,persona_x_initial_plan,Subscription,1181.91666666700000000000,99.00000000000000000000,8.38
2026-01-01,Bikers_Drivers,start,persona_x_initial_plan,Total revenue,4324.03771341845310537835,222.40638145659568455073,5.14
2026-01-01,Cleaning_CallCenters,business,persona_x_initial_plan,Banking fees,0.00000000000000000000,,
2026-01-01,Cleaning_CallCenters,business,persona_x_initial_plan,Deposit interest,3.25853962410958920000,,
2026-01-01,Cleaning_CallCenters,business,persona_x_initial_plan,Interchange,3.91851127939668280000,,
2026-01-01,Cleaning_CallCenters,business,persona_x_initial_plan,Subscription,80.00000000000000000000,,
2026-01-01,Cleaning_CallCenters,business,persona_x_initial_plan,Total revenue,87.17705090350627200000,,
2026-01-01,Cleaning_CallCenters,free,persona_x_initial_plan,Banking fees,122.00000000000000000000,,
2026-01-01,Cleaning_CallCenters,free,persona_x_initial_plan,Deposit interest,21.53349093369864235620,,
2026-01-01,Cleaning_CallCenters,free,persona_x_initial_plan,Interchange,35.93755403666307834000,,
2026-01-01,Cleaning_CallCenters,free,persona_x_initial_plan,Subscription,0.00000000000000000000,,
2026-01-01,Cleaning_CallCenters,free,persona_x_initial_plan,Total revenue,179.47104497036172069620,,
2026-01-01,Cleaning_CallCenters,plus,persona_x_initial_plan,Banking fees,0.00000000000000000000,,
2026-01-01,Cleaning_CallCenters,plus,persona_x_initial_plan,Deposit interest,227.58374793041097461000,,
2026-01-01,Cleaning_CallCenters,plus,persona_x_initial_plan,Interchange,181.93298529276184600000,,
2026-01-01,Cleaning_CallCenters,plus,persona_x_initial_plan,Subscription,120.00000000000000000000,,
2026-01-01,Cleaning_CallCenters,plus,persona_x_initial_plan,Total revenue,529.51673322317282061000,,
2026-01-01,Cleaning_CallCenters,start,persona_x_initial_plan,Banking fees,0.00000000000000000000,0.00000000000000000000,
2026-01-01,Cleaning_CallCenters,start,persona_x_initial_plan,Deposit interest,39.79228091890412669000,0.40881242739726043000,1.03
2026-01-01,Cleaning_CallCenters,start,persona_x_initial_plan,Interchange,263.44635994663291600000,40.11922937724229100000,15.23
2026-01-01,Cleaning_CallCenters,start,persona_x_initial_plan,Subscription,108.00000000000000000000,0.00000000000000000000,0.0
2026-01-01,Cleaning_CallCenters,start,persona_x_initial_plan,Total revenue,411.23864086553704269000,40.52804180463955143000,9.86
2026-01-01,Consultant,business,persona_x_initial_plan,Banking fees,0.00000000000000000000,0.00000000000000000000,
2026-01-01,Consultant,business,persona_x_initial_plan,Deposit interest,29.48072925479452457270,1.33927616657534259560,4.54
2026-01-01,Consultant,business,persona_x_initial_plan,Interchange,860.37997985612334500000,461.91455809593351500000,53.69
2026-01-01,Consultant,business,persona_x_initial_plan,Subscription,560.00000000000000000000,0.00000000000000000000,0.0
2026-01-01,Consultant,business,persona_x_initial_plan,Total revenue,1449.86070911091786957270,463.25383426250885759560,31.95
2026-01-01,Consultant,free,persona_x_initial_plan,Banking fees,2756.56000000000000130000,268.00000000000000000000,9.72
2026-01-01,Consultant,free,persona_x_initial_plan,Deposit interest,4158.92146922520708906509,28.79883870082193148955,0.69
2026-01-01,Consultant,free,persona_x_initial_plan,Interchange,2532.21580413430713447000,369.46053329061494760000,14.59
2026-01-01,Consultant,free,persona_x_initial_plan,Subscription,78.18000000000000000000,0.00000000000000000000,0.0
2026-01-01,Consultant,free,persona_x_initial_plan,Total revenue,9525.87727335951422483509,666.25937199143687908955,6.99
2026-01-01,Consultant,plus,persona_x_initial_plan,Banking fees,917.94000000000000000000,0.00000000000000000000,0.0
2026-01-01,Consultant,plus,persona_x_initial_plan,Deposit interest,1642.05798397698692763420,6.79800232876712403000,0.41
2026-01-01,Consultant,plus,persona_x_initial_plan,Interchange,3212.20005102044057891000,204.75159601197083880000,6.37
2026-01-01,Consultant,plus,persona_x_initial_plan,Subscription,1402.50833333200000000000,95.00000000000000000000,6.77
2026-01-01,Consultant,plus,persona_x_initial_plan,Total revenue,7174.70636832942750654420,306.54959834073796283000,4.27
2026-01-01,Consultant,start,persona_x_initial_plan,Banking fees,2224.44000000000000000000,0.00000000000000000000,0.0
2026-01-01,Consultant,start,persona_x_initial_plan,Deposit interest,6365.11568336383823729572,7.87758554958904501500,0.12
2026-01-01,Consultant,start,persona_x_initial_plan,Interchange,5600.91091866533490873500,30.01398408561706230000,0.54
2026-01-01,Consultant,start,persona_x_initial_plan,Subscription,4151.20522035600000100000,85.43750000000000000000,2.06
2026-01-01,Consultant,start,persona_x_initial_plan,Total revenue,18341.67182238517314703072,123.32906963520610731500,0.67
2026-01-01,Developer_IT,business,persona_x_initial_plan,Banking fees,0.00000000000000000000,,
2026-01-01,Developer_IT,business,persona_x_initial_plan,Deposit interest,27.72781823506851432600,,
2026-01-01,Developer_IT,business,persona_x_initial_plan,Interchange,9.25346805845162000000,,
2026-01-01,Developer_IT,business,persona_x_initial_plan,Subscription,240.00000000000000000000,,
2026-01-01,Developer_IT,business,persona_x_initial_plan,Total revenue,276.98128629352013432600,,
2026-01-01,Developer_IT,free,persona_x_initial_plan,Banking fees,2977.92000000000000300000,4.00000000000000000000,0.13
2026-01-01,Developer_IT,free,persona_x_initial_plan,Deposit interest,1723.18295282904181582385,10.68000650191781590666,0.62
2026-01-01,Developer_IT,free,persona_x_initial_plan,Interchange,1221.71314711371016975100,6.91112929978708837000,0.57
2026-01-01,Developer_IT,free,persona_x_initial_plan,Subscription,69.21000000000000000000,0.00000000000000000000,0.0
2026-01-01,Developer_IT,free,persona_x_initial_plan,Total revenue,5992.02609994275198857485,21.59113580170490427666,0.36
2026-01-01,Developer_IT,plus,persona_x_initial_plan,Banking fees,5.44000000000000000000,0.00000000000000000000,0.0
2026-01-01,Developer_IT,plus,persona_x_initial_plan,Deposit interest,787.55050771780856660000,20.15881896986304200000,2.56
2026-01-01,Developer_IT,plus,persona_x_initial_plan,Interchange,444.37258044945727472000,0.00000000000000000000,0.0
2026-01-01,Developer_IT,plus,persona_x_initial_plan,Subscription,770.27033333300000000000,25.00000000000000000000,3.25
2026-01-01,Developer_IT,plus,persona_x_initial_plan,Total revenue,2007.63342150026584132000,45.15881896986304200000,2.25
2026-01-01,Developer_IT,start,persona_x_initial_plan,Banking fees,1505.28000000000000100000,0.00000000000000000000,0.0
2026-01-01,Developer_IT,start,persona_x_initial_plan,Deposit interest,2099.47776714520633445106,0.93556978191781029000,0.04
2026-01-01,Developer_IT,start,persona_x_initial_plan,Interchange,2465.59169712038953051400,0.73762334466253690500,0.03
2026-01-01,Developer_IT,start,persona_x_initial_plan,Subscription,2123.53347222200000000000,31.00000000000000000000,1.46
2026-01-01,Developer_IT,start,persona_x_initial_plan,Total revenue,8193.88293648759586596506,32.67319312658034719500,0.4
2026-01-01,Media_Publishing,business,persona_x_initial_plan,Banking fees,0.00000000000000000000,,
2026-01-01,Media_Publishing,business,persona_x_initial_plan,Deposit interest,7.20076773698630127900,,
2026-01-01,Media_Publishing,business,persona_x_initial_plan,Interchange,0.29179537729397892000,,
2026-01-01,Media_Publishing,business,persona_x_initial_plan,Subscription,0.00000000000000000000,,
2026-01-01,Media_Publishing,business,persona_x_initial_plan,Total revenue,7.49256311428028019900,,
2026-01-01,Media_Publishing,free,persona_x_initial_plan,Banking fees,709.34000000000000000000,0.00000000000000000000,0.0
2026-01-01,Media_Publishing,free,persona_x_initial_plan,Deposit interest,226.74104246575350098454,0.46370177315068506008,0.2
2026-01-01,Media_Publishing,free,persona_x_initial_plan,Interchange,338.99112205394483278000,0.30063766145440257000,0.09
2026-01-01,Media_Publishing,free,persona_x_initial_plan,Subscription,11.00000000000000000000,0.00000000000000000000,0.0
2026-01-01,Media_Publishing,free,persona_x_initial_plan,Total revenue,1286.07216451969833376454,0.76433943460508763008,0.06
2026-01-01,Media_Publishing,plus,persona_x_initial_plan,Banking fees,118.00000000000000000000,0.00000000000000000000,0.0
2026-01-01,Media_Publishing,plus,persona_x_initial_plan,Deposit interest,518.34726253698646760233,0.00012367123287671233,0.0
2026-01-01,Media_Publishing,plus,persona_x_initial_plan,Interchange,408.01929758070767552300,0.03360067980960969300,0.01
2026-01-01,Media_Publishing,plus,persona_x_initial_plan,Subscription,201.87500000000000000000,25.00000000000000000000,12.38
2026-01-01,Media_Publishing,plus,persona_x_initial_plan,Total revenue,1246.24156011769414312533,25.03372435104248640533,2.01
2026-01-01,Media_Publishing,start,persona_x_initial_plan,Banking fees,563.20000000000000000000,138.00000000000000000000,24.5
2026-01-01,Media_Publishing,start,persona_x_initial_plan,Deposit interest,1320.80909756164449981378,0.12334246575342467000,0.01
2026-01-01,Media_Publishing,start,persona_x_initial_plan,Interchange,741.12098266892263590000,0.00000000000000000000,0.0
2026-01-01,Media_Publishing,start,persona_x_initial_plan,Subscription,753.34500000000000000000,0.00000000000000000000,0.0
2026-01-01,Media_Publishing,start,persona_x_initial_plan,Total revenue,3378.47508023056713571378,138.12334246575342467000,4.09
2026-01-01,Medical_Professionals,free,persona_x_initial_plan,Banking fees,15.52000000000000000000,,
2026-01-01,Medical_Professionals,free,persona_x_initial_plan,Deposit interest,293.55974313589058793567,,
2026-01-01,Medical_Professionals,free,persona_x_initial_plan,Interchange,33.52743032762474274000,,
2026-01-01,Medical_Professionals,free,persona_x_initial_plan,Subscription,0.00000000000000000000,,
2026-01-01,Medical_Professionals,free,persona_x_initial_plan,Total revenue,342.60717346351533067567,,
2026-01-01,Medical_Professionals,plus,persona_x_initial_plan,Banking fees,0.00000000000000000000,,
2026-01-01,Medical_Professionals,plus,persona_x_initial_plan,Deposit interest,97.85078336219181781000,,
2026-01-01,Medical_Professionals,plus,persona_x_initial_plan,Interchange,661.26620654027041520000,,
2026-01-01,Medical_Professionals,plus,persona_x_initial_plan,Subscription,50.00000000000000000000,,
2026-01-01,Medical_Professionals,plus,persona_x_initial_plan,Total revenue,809.11698990246223301000,,
2026-01-01,Medical_Professionals,start,persona_x_initial_plan,Banking fees,6.00000000000000000000,,
2026-01-01,Medical_Professionals,start,persona_x_initial_plan,Deposit interest,246.30888127780831225470,,
2026-01-01,Medical_Professionals,start,persona_x_initial_plan,Interchange,311.74677126676063263000,,
2026-01-01,Medical_Professionals,start,persona_x_initial_plan,Subscription,322.00000000000000000000,,
2026-01-01,Medical_Professionals,start,persona_x_initial_plan,Total revenue,886.05565254456894488470,,
2026-01-01,Others,business,persona_x_initial_plan,Banking fees,0.00000000000000000000,0.00000000000000000000,
2026-01-01,Others,business,persona_x_initial_plan,Deposit interest,239.06987883342474248850,65.03136631561646025000,27.2
2026-01-01,Others,business,persona_x_initial_plan,Interchange,2549.84391270233324966000,2304.53484602556121500000,90.38
2026-01-01,Others,business,persona_x_initial_plan,Subscription,1120.00000000000000000000,80.00000000000000000000,7.14
2026-01-01,Others,business,persona_x_initial_plan,Total revenue,3908.91379153575799214850,2449.56621234117767525000,62.67
2026-01-01,Others,free,persona_x_initial_plan,Banking fees,2362.18000000000000200000,166.00000000000000000000,7.03
2026-01-01,Others,free,persona_x_initial_plan,Deposit interest,1382.77389437753484233866,16.42140412986301809600,1.19
2026-01-01,Others,free,persona_x_initial_plan,Interchange,3031.14293287981875174300,489.06696681241757283000,16.13
2026-01-01,Others,free,persona_x_initial_plan,Subscription,72.56288793100000000000,0.00000000000000000000,0.0
2026-01-01,Others,free,persona_x_initial_plan,Total revenue,6848.65971518835359608166,671.48837094228059092600,9.8
2026-01-01,Others,plus,persona_x_initial_plan,Banking fees,852.68000000000000000000,0.00000000000000000000,0.0
2026-01-01,Others,plus,persona_x_initial_plan,Deposit interest,1236.55353899178126580175,8.51452537972603580180,0.69
2026-01-01,Others,plus,persona_x_initial_plan,Interchange,2951.90547728291293223700,0.26880543847687755000,0.01
2026-01-01,Others,plus,persona_x_initial_plan,Subscription,1865.02499999900000000000,0.00000000000000000000,0.0
2026-01-01,Others,plus,persona_x_initial_plan,Total revenue,6906.16401627369419803875,8.78333081820291335180,0.13
2026-01-01,Others,start,persona_x_initial_plan,Banking fees,1177.48000000000000000000,10.00000000000000000000,0.85
2026-01-01,Others,start,persona_x_initial_plan,Deposit interest,2187.68809665205576106850,5.40060022191781454046,0.25
2026-01-01,Others,start,persona_x_initial_plan,Interchange,3598.62319958322926906600,5.58271758123000852000,0.16
2026-01-01,Others,start,persona_x_initial_plan,Subscription,3281.39666666700000000000,77.00000000000000000000,2.35
2026-01-01,Others,start,persona_x_initial_plan,Total revenue,10245.18796290228503013450,97.98331780314782306046,0.96
2026-01-01,Professeur,business,persona_x_initial_plan,Banking fees,0.00000000000000000000,0.00000000000000000000,
2026-01-01,Professeur,business,persona_x_initial_plan,Deposit interest,0.37293543726027396280,0.37139867397260273000,99.59
2026-01-01,Professeur,business,persona_x_initial_plan,Interchange,100.35481438056317370000,100.11322549273208000000,99.76
2026-01-01,Professeur,business,persona_x_initial_plan,Subscription,80.00000000000000000000,0.00000000000000000000,0.0
2026-01-01,Professeur,business,persona_x_initial_plan,Total revenue,180.72774981782344766280,100.48462416670468273000,55.6
2026-01-01,Professeur,free,persona_x_initial_plan,Banking fees,38.80000000000000000000,0.00000000000000000000,0.0
2026-01-01,Professeur,free,persona_x_initial_plan,Deposit interest,201.45375842520555407042,0.48289090410958910200,0.24
2026-01-01,Professeur,free,persona_x_initial_plan,Interchange,224.21241652261862051000,0.00000000000000000000,0.0
2026-01-01,Professeur,free,persona_x_initial_plan,Subscription,75.36000000000000000000,0.00000000000000000000,0.0
2026-01-01,Professeur,free,persona_x_initial_plan,Total revenue,539.82617494782417458042,0.48289090410958910200,0.09
2026-01-01,Professeur,plus,persona_x_initial_plan,Banking fees,0.00000000000000000000,,
2026-01-01,Professeur,plus,persona_x_initial_plan,Deposit interest,57.40009033315070172863,,
2026-01-01,Professeur,plus,persona_x_initial_plan,Interchange,35.08301801083142600000,,
2026-01-01,Professeur,plus,persona_x_initial_plan,Subscription,261.25000000000000000000,,
2026-01-01,Professeur,plus,persona_x_initial_plan,Total revenue,353.73310834398212772863,,
2026-01-01,Professeur,start,persona_x_initial_plan,Banking fees,270.36000000000000000000,0.00000000000000000000,0.0
2026-01-01,Professeur,start,persona_x_initial_plan,Deposit interest,425.69889428602755759640,0.00204202191780822330,0.0
2026-01-01,Professeur,start,persona_x_initial_plan,Interchange,598.58854181295534454700,0.14138812372517340000,0.02
2026-01-01,Professeur,start,persona_x_initial_plan,Subscription,778.57500000000000000000,11.00000000000000000000,1.41
2026-01-01,Professeur,start,persona_x_initial_plan,Total revenue,2073.22243609898290214340,11.14343014564298162330,0.54
2026-01-01,Repair,business,persona_x_initial_plan,Banking fees,0.00000000000000000000,0.00000000000000000000,
2026-01-01,Repair,business,persona_x_initial_plan,Deposit interest,0.51576078904109600000,0.51576078904109600000,100.0
2026-01-01,Repair,business,persona_x_initial_plan,Interchange,139.81914882374784000000,139.81914882374784000000,100.0
2026-01-01,Repair,business,persona_x_initial_plan,Subscription,0.00000000000000000000,0.00000000000000000000,
2026-01-01,Repair,business,persona_x_initial_plan,Total revenue,140.33490961278893600000,140.33490961278893600000,100.0
2026-01-01,Repair,free,persona_x_initial_plan,Banking fees,18.40000000000000000000,0.00000000000000000000,0.0
2026-01-01,Repair,free,persona_x_initial_plan,Deposit interest,33.99067589643838373520,0.35620839452054820000,1.05
2026-01-01,Repair,free,persona_x_initial_plan,Interchange,52.49481954989788168000,0.00000000000000000000,0.0
2026-01-01,Repair,free,persona_x_initial_plan,Subscription,0.00000000000000000000,0.00000000000000000000,
2026-01-01,Repair,free,persona_x_initial_plan,Total revenue,104.88549544633626541520,0.35620839452054820000,0.34
2026-01-01,Repair,plus,persona_x_initial_plan,Banking fees,0.00000000000000000000,,
2026-01-01,Repair,plus,persona_x_initial_plan,Deposit interest,0.70523490904109593000,,
2026-01-01,Repair,plus,persona_x_initial_plan,Interchange,11.13452253703517590000,,
2026-01-01,Repair,plus,persona_x_initial_plan,Subscription,50.00000000000000000000,,
2026-01-01,Repair,plus,persona_x_initial_plan,Total revenue,61.83975744607627183000,,
2026-01-01,Repair,start,persona_x_initial_plan,Banking fees,1.60000000000000000000,,
2026-01-01,Repair,start,persona_x_initial_plan,Deposit interest,44.69734767726029681230,,
2026-01-01,Repair,start,persona_x_initial_plan,Interchange,121.86107096925042308000,,
2026-01-01,Repair,start,persona_x_initial_plan,Subscription,141.00000000000000000000,,
2026-01-01,Repair,start,persona_x_initial_plan,Total revenue,309.15841864651071989230,,
2026-01-01,Repair_Installation,business,persona_x_initial_plan,Banking fees,,,
2026-01-01,Repair_Installation,business,persona_x_initial_plan,Deposit interest,,,
2026-01-01,Repair_Installation,business,persona_x_initial_plan,Interchange,,,
2026-01-01,Repair_Installation,business,persona_x_initial_plan,Subscription,,,
2026-01-01,Repair_Installation,business,persona_x_initial_plan,Total revenue,,,
2026-01-01,Repair_Installation,free,persona_x_initial_plan,Banking fees,0.00000000000000000000,,
2026-01-01,Repair_Installation,free,persona_x_initial_plan,Deposit interest,7.19241959780822714800,,
2026-01-01,Repair_Installation,free,persona_x_initial_plan,Interchange,127.74838755523870300000,,
2026-01-01,Repair_Installation,free,persona_x_initial_plan,Subscription,0.00000000000000000000,,
2026-01-01,Repair_Installation,free,persona_x_initial_plan,Total revenue,134.94080715304693014800,,
2026-01-01,Repair_Installation,plus,persona_x_initial_plan,Banking fees,0.00000000000000000000,,
2026-01-01,Repair_Installation,plus,persona_x_initial_plan,Deposit interest,4.40755373041096000000,,
2026-01-01,Repair_Installation,plus,persona_x_initial_plan,Interchange,42.65959993196366200000,,
2026-01-01,Repair_Installation,plus,persona_x_initial_plan,Subscription,25.00000000000000000000,,
2026-01-01,Repair_Installation,plus,persona_x_initial_plan,Total revenue,72.06715366237462200000,,
2026-01-01,Repair_Installation,start,persona_x_initial_plan,Banking fees,0.00000000000000000000,,
2026-01-01,Repair_Installation,start,persona_x_initial_plan,Deposit interest,85.65797509150689513000,,
2026-01-01,Repair_Installation,start,persona_x_initial_plan,Interchange,173.22825170473778600000,,
2026-01-01,Repair_Installation,start,persona_x_initial_plan,Subscription,70.00000000000000000000,,
2026-01-01,Repair_Installation,start,persona_x_initial_plan,Total revenue,328.88622679624468113000,,
2026-01-01,Restauration,business,persona_x_initial_plan,Banking fees,0.00000000000000000000,0.00000000000000000000,
2026-01-01,Restauration,business,persona_x_initial_plan,Deposit interest,1.90205549589041120000,1.90205549589041120000,100.0
2026-01-01,Restauration,business,persona_x_initial_plan,Interchange,132.35307777005255000000,132.35307777005255000000,100.0
2026-01-01,Restauration,business,persona_x_initial_plan,Subscription,0.00000000000000000000,0.00000000000000000000,
2026-01-01,Restauration,business,persona_x_initial_plan,Total revenue,134.25513326594296120000,134.25513326594296120000,100.0
2026-01-01,Restauration,free,persona_x_initial_plan,Banking fees,179.20000000000000000000,4.00000000000000000000,2.23
2026-01-01,Restauration,free,persona_x_initial_plan,Deposit interest,200.20732352712338659880,0.00187064109589041120,0.0
2026-01-01,Restauration,free,persona_x_initial_plan,Interchange,307.12356530891479983000,0.50737026512510630000,0.17
2026-01-01,Restauration,free,persona_x_initial_plan,Subscription,56.44999999999999900000,0.00000000000000000000,0.0
2026-01-01,Restauration,free,persona_x_initial_plan,Total revenue,742.98088883603818542880,4.50924090622099671120,0.61
2026-01-01,Restauration,plus,persona_x_initial_plan,Banking fees,158.24000000000000200000,0.00000000000000000000,0.0
2026-01-01,Restauration,plus,persona_x_initial_plan,Deposit interest,296.56807124547955742220,0.05536143945205489200,0.02
2026-01-01,Restauration,plus,persona_x_initial_plan,Interchange,1518.14354542563005651600,6.28902155539632450000,0.41
2026-01-01,Restauration,plus,persona_x_initial_plan,Subscription,573.23333333300000000000,0.00000000000000000000,0.0
2026-01-01,Restauration,plus,persona_x_initial_plan,Total revenue,2546.18495000410961593820,6.34438299484837939200,0.25
2026-01-01,Restauration,start,persona_x_initial_plan,Banking fees,280.00000000000000000000,4.00000000000000000000,1.43
2026-01-01,Restauration,start,persona_x_initial_plan,Deposit interest,200.94481178465761721800,8.90146941589041983000,4.43
2026-01-01,Restauration,start,persona_x_initial_plan,Interchange,1260.83229823629712293900,124.65102383668392600000,9.89
2026-01-01,Restauration,start,persona_x_initial_plan,Subscription,499.28125000000000000000,42.00000000000000000000,8.41
2026-01-01,Restauration,start,persona_x_initial_plan,Total revenue,2241.05836002095474015700,179.55249325257434583000,8.01
2026-01-01,Retail,business,persona_x_initial_plan,Banking fees,0.00000000000000000000,0.00000000000000000000,
2026-01-01,Retail,business,persona_x_initial_plan,Deposit interest,89.56128412547950903000,16.57701908054796419000,18.51
2026-01-01,Retail,business,persona_x_initial_plan,Interchange,380.99888648217040580000,83.31456562191770000000,21.87
2026-01-01,Retail,business,persona_x_initial_plan,Subscription,400.00000000000000000000,80.00000000000000000000,20.0
2026-01-01,Retail,business,persona_x_initial_plan,Total revenue,870.56017060764991483000,179.89158470246566419000,20.66
2026-01-01,Retail,free,persona_x_initial_plan,Banking fees,2736.59999999999999000000,4.00000000000000000000,0.15
2026-01-01,Retail,free,persona_x_initial_plan,Deposit interest,964.14976203616480920781,32.00836187671235547200,3.32
2026-01-01,Retail,free,persona_x_initial_plan,Interchange,2000.88698101603010437600,11.39397283887032540000,0.57
2026-01-01,Retail,free,persona_x_initial_plan,Subscription,65.74000000000000000000,0.00000000000000000000,0.0
2026-01-01,Retail,free,persona_x_initial_plan,Total revenue,5767.37674305219490358381,47.40233471558268087200,0.82
2026-01-01,Retail,plus,persona_x_initial_plan,Banking fees,444.84000000000000000000,118.00000000000000000000,26.53
2026-01-01,Retail,plus,persona_x_initial_plan,Deposit interest,899.46149306246614779206,7.23148355506849503841,0.8
2026-01-01,Retail,plus,persona_x_initial_plan,Interchange,5708.18700798253144216600,453.13288071960233025300,7.94
2026-01-01,Retail,plus,persona_x_initial_plan,Subscription,1866.10333333200000000000,75.00000000000000000000,4.02
2026-01-01,Retail,plus,persona_x_initial_plan,Total revenue,8918.59183437699758995806,653.36436427467082529141,7.33
2026-01-01,Retail,start,persona_x_initial_plan,Banking fees,2649.16000000000000000000,0.00000000000000000000,0.0
2026-01-01,Retail,start,persona_x_initial_plan,Deposit interest,2573.07347491123370508638,96.11842629643845487290,3.74
2026-01-01,Retail,start,persona_x_initial_plan,Interchange,6277.11041680993694405200,1.73987503276456728000,0.03
2026-01-01,Retail,start,persona_x_initial_plan,Subscription,3065.64526960700000000000,132.00000000000000000000,4.31
2026-01-01,Retail,start,persona_x_initial_plan,Total revenue,14564.98916132817064913838,229.85830132920302215290,1.58
2026-01-01,Wholesale,business,persona_x_initial_plan,Banking fees,0.00000000000000000000,,
2026-01-01,Wholesale,business,persona_x_initial_plan,Deposit interest,35.79325498958905526000,,
2026-01-01,Wholesale,business,persona_x_initial_plan,Interchange,77.97545296930736078000,,
2026-01-01,Wholesale,business,persona_x_initial_plan,Subscription,480.00000000000000000000,,
2026-01-01,Wholesale,business,persona_x_initial_plan,Total revenue,593.76870795889641604000,,
2026-01-01,Wholesale,free,persona_x_initial_plan,Banking fees,190.00000000000000000000,0.00000000000000000000,0.0
2026-01-01,Wholesale,free,persona_x_initial_plan,Deposit interest,177.37656720328773262500,1.16461369863013706300,0.66
2026-01-01,Wholesale,free,persona_x_initial_plan,Interchange,169.87041197938525770000,0.00000000000000000000,0.0
2026-01-01,Wholesale,free,persona_x_initial_plan,Subscription,0.00000000000000000000,0.00000000000000000000,
2026-01-01,Wholesale,free,persona_x_initial_plan,Total revenue,537.24697918267299032500,1.16461369863013706300,0.22
2026-01-01,Wholesale,plus,persona_x_initial_plan,Banking fees,144.44000000000000000000,0.00000000000000000000,0.0
2026-01-01,Wholesale,plus,persona_x_initial_plan,Deposit interest,237.65465504547955190521,0.02719343671232880471,0.01
2026-01-01,Wholesale,plus,persona_x_initial_plan,Interchange,1367.09347548293013300200,0.00000000000000000000,0.0
2026-01-01,Wholesale,plus,persona_x_initial_plan,Subscription,613.12500000000000000000,25.00000000000000000000,4.08
2026-01-01,Wholesale,plus,persona_x_initial_plan,Total revenue,2362.31313052840968490721,25.02719343671232880471,1.06
2026-01-01,Wholesale,start,persona_x_initial_plan,Banking fees,21.76000000000000000000,,
2026-01-01,Wholesale,start,persona_x_initial_plan,Deposit interest,943.68051557917841387073,,
2026-01-01,Wholesale,start,persona_x_initial_plan,Interchange,2151.39310370094713982000,,
2026-01-01,Wholesale,start,persona_x_initial_plan,Subscription,496.31250000000000000000,,
2026-01-01,Wholesale,start,persona_x_initial_plan,Total revenue,3613.14611928012555369073,,
2026-02-01,ALL,business,initial_plan,Banking fees,140.34000000000000000000,0.04000000000000000000,0.03
2026-02-01,ALL,business,initial_plan,Deposit interest,1980.10584409479460175779,22.98279096821917944560,1.16
2026-02-01,ALL,business,initial_plan,Interchange,9492.01264799995039556000,368.71154999999805100000,3.88
2026-02-01,ALL,business,initial_plan,Subscription,9085.00000000000000000000,400.00000000000000000000,4.4
2026-02-01,ALL,business,initial_plan,Total revenue,20697.45849209474499731779,791.73434096821723044560,3.83
2026-02-01,ALL,free,initial_plan,Banking fees,10129.41999999999998410000,358.76000000000000000000,3.54
2026-02-01,ALL,free,initial_plan,Deposit interest,30612.65272328548240184070,578.36294741589041735801,1.89
2026-02-01,ALL,free,initial_plan,Interchange,21078.65749319988962858546,322.34568119999830434000,1.53
2026-02-01,ALL,free,initial_plan,Subscription,1497.43978255699998150000,46.15000000000000000000,3.08
2026-02-01,ALL,free,initial_plan,Total revenue,63318.16999904237199602616,1305.61862861588872169801,2.06
2026-02-01,ALL,plus,initial_plan,Banking fees,5352.21999999999999500000,-3.28000000000000000000,-0.06
2026-02-01,ALL,plus,initial_plan,Deposit interest,15723.86907046630269566914,183.20249037424658749424,1.17
2026-02-01,ALL,plus,initial_plan,Interchange,46045.08898199976063088900,889.82618399999537352500,1.93
2026-02-01,ALL,plus,initial_plan,Subscription,22386.05513532800000000000,875.00000000000000000000,3.91
2026-02-01,ALL,plus,initial_plan,Total revenue,89507.23318779406332155814,1944.74867437424196101924,2.17
2026-02-01,ALL,start,initial_plan,Banking fees,12537.53999999999999793000,131.60000000000000000000,1.05
2026-02-01,ALL,start,initial_plan,Deposit interest,40536.68235185424945577494,246.26779529369864744194,0.61
2026-02-01,ALL,start,initial_plan,Interchange,59150.39702759968858159720,609.90146999999683693500,1.03
2026-02-01,ALL,start,initial_plan,Subscription,33223.21414750000000810000,743.75268817200000000000,2.24
2026-02-01,ALL,start,initial_plan,Total revenue,145447.83352695393804340214,1731.52195346569548437694,1.19
2026-02-01,ALL,ALL,overall,Banking fees,28159.51999999999997703000,487.12000000000000000000,1.73
2026-02-01,ALL,ALL,overall,Deposit interest,88853.30998970082915504257,1030.81602405205483173979,1.16
2026-02-01,ALL,ALL,overall,Interchange,135766.15615079928923663166,2190.78488519998856580000,1.61
2026-02-01,ALL,ALL,overall,Subscription,66191.70906538499998960000,2064.90268817200000000000,3.12
2026-02-01,ALL,ALL,overall,Total revenue,318970.69520588511835830423,5773.62359742404339753979,1.81
2026-02-01,Automobile_Trade_Repair,ALL,persona,Banking fees,761.04000000000000500000,12.04000000000000000000,1.58
2026-02-01,Automobile_Trade_Repair,ALL,persona,Deposit interest,2608.95769790739746165003,170.99521386630137690436,6.55
2026-02-01,Automobile_Trade_Repair,ALL,persona,Interchange,9463.86031499995106226900,193.77332999999898845500,2.05
2026-02-01,Automobile_Trade_Repair,ALL,persona,Subscription,3950.16978494700000000000,257.00000000000000000000,6.51
2026-02-01,Automobile_Trade_Repair,ALL,persona,Total revenue,16784.02779785434852891903,633.80854386630036535936,3.78
2026-02-01,BTP,ALL,persona,Banking fees,2998.79999999999999100000,24.48000000000000000000,0.82
2026-02-01,BTP,ALL,persona,Deposit interest,24302.08649882575530974927,231.26715783835624313135,0.95
2026-02-01,BTP,ALL,persona,Interchange,38825.46669599979751809100,521.48195999999725524000,1.34
2026-02-01,BTP,ALL,persona,Subscription,15190.36326371400000160000,307.00000000000000000000,2.02
2026-02-01,BTP,ALL,persona,Total revenue,81316.71645853955282044027,1084.22911783835349837135,1.33
2026-02-01,Bankers_Insurance,ALL,persona,Banking fees,639.48000000000000000000,0.00000000000000000000,0.0
2026-02-01,Bankers_Insurance,ALL,persona,Deposit interest,2656.03309411616496404687,8.10250893150685052389,0.31
2026-02-01,Bankers_Insurance,ALL,persona,Interchange,1095.61406939999426594000,0.00000000000000000000,0.0
2026-02-01,Bankers_Insurance,ALL,persona,Subscription,470.28516129099999900000,17.00000000000000000000,3.61
2026-02-01,Bankers_Insurance,ALL,persona,Total revenue,4861.41232480715922898687,25.10250893150685052389,0.52
2026-02-01,Bikers_Drivers,ALL,persona,Banking fees,2736.09999999999999700000,119.44000000000000000000,4.37
2026-02-01,Bikers_Drivers,ALL,persona,Deposit interest,1516.59292356000021633714,11.34397227123287734418,0.75
2026-02-01,Bikers_Drivers,ALL,persona,Interchange,6546.45136679996568510792,20.75725799999988946000,0.32
2026-02-01,Bikers_Drivers,ALL,persona,Subscription,4214.93526881700000000000,268.00000000000000000000,6.36
2026-02-01,Bikers_Drivers,ALL,persona,Total revenue,15014.07955917696589844506,419.54123027123276680418,2.79
2026-02-01,Cleaning_CallCenters,ALL,persona,Banking fees,77.18000000000000000000,,
2026-02-01,Cleaning_CallCenters,ALL,persona,Deposit interest,534.22179372328775063380,,
2026-02-01,Cleaning_CallCenters,ALL,persona,Interchange,953.07082379999488159400,,
2026-02-01,Cleaning_CallCenters,ALL,persona,Subscription,405.00000000000000000000,,
2026-02-01,Cleaning_CallCenters,ALL,persona,Total revenue,1969.47261752328263222780,,
2026-02-01,Consultant,ALL,persona,Banking fees,6061.66000000000000063000,156.52000000000000000000,2.58
2026-02-01,Consultant,ALL,persona,Deposit interest,19558.31792017315264002214,37.02776543726027570595,0.19
2026-02-01,Consultant,ALL,persona,Interchange,19565.68625639989547787900,92.64121919999950605000,0.47
2026-02-01,Consultant,ALL,persona,Subscription,9553.52199522100000200000,183.33333333300000000000,1.92
2026-02-01,Consultant,ALL,persona,Total revenue,54739.18617179404812053114,469.52231797025978175595,0.86
2026-02-01,Developer_IT,ALL,persona,Banking fees,2668.72000000000000250000,143.04000000000000000000,5.36
2026-02-01,Developer_IT,ALL,persona,Deposit interest,8728.17106603068584789724,26.90774429369863361600,0.31
2026-02-01,Developer_IT,ALL,persona,Interchange,7397.90008739996121325000,121.80850199999936028000,1.65
2026-02-01,Developer_IT,ALL,persona,Subscription,4848.80817204200000000000,92.00000000000000000000,1.9
2026-02-01,Developer_IT,ALL,persona,Total revenue,23643.59932547264706364724,383.75624629369799389600,1.62
2026-02-01,Media_Publishing,ALL,persona,Banking fees,1018.90000000000000000000,0.00000000000000000000,0.0
2026-02-01,Media_Publishing,ALL,persona,Deposit interest,4015.03478035616456338139,29.77656661095890140530,0.74
2026-02-01,Media_Publishing,ALL,persona,Interchange,2930.95186199998464276100,9.23399999999995000000,0.32
2026-02-01,Media_Publishing,ALL,persona,Subscription,1728.05096774100000000000,33.00000000000000000000,1.91
2026-02-01,Media_Publishing,ALL,persona,Total revenue,9692.93761009714920614239,72.01056661095885140530,0.74
2026-02-01,Medical_Professionals,ALL,persona,Banking fees,216.36000000000000000000,0.00000000000000000000,0.0
2026-02-01,Medical_Professionals,ALL,persona,Deposit interest,874.32862261041106351439,3.71603528767123283000,0.43
2026-02-01,Medical_Professionals,ALL,persona,Interchange,1014.45227999999474140200,0.00000000000000000000,0.0
2026-02-01,Medical_Professionals,ALL,persona,Subscription,474.00000000000000000000,22.00000000000000000000,4.64
2026-02-01,Medical_Professionals,ALL,persona,Total revenue,2579.14090261040580491639,25.71603528767123283000,1.0
2026-02-01,Others,ALL,persona,Banking fees,3652.55999999999999030000,0.00000000000000000000,0.0
2026-02-01,Others,ALL,persona,Deposit interest,8716.37093727945263333739,312.38758052986294338913,3.58
2026-02-01,Others,ALL,persona,Interchange,15662.92975199991818203792,193.42967399999899240000,1.23
2026-02-01,Others,ALL,persona,Subscription,10002.69667861399999900000,359.15000000000000000000,3.59
2026-02-01,Others,ALL,persona,Total revenue,38034.55736789337080467531,864.96725452986193578913,2.27
2026-02-01,Professeur,ALL,persona,Banking fees,512.80000000000000100000,0.80000000000000000000,0.16
2026-02-01,Professeur,ALL,persona,Deposit interest,1435.38782036000013381097,11.38658961424657812970,0.79
2026-02-01,Professeur,ALL,persona,Interchange,1552.44323699999197598600,0.97199999999999500000,0.06
2026-02-01,Professeur,ALL,persona,Subscription,1753.20514934300000000000,0.00000000000000000000,0.0
2026-02-01,Professeur,ALL,persona,Total revenue,5253.83620670299211079697,13.15858961424657312970,0.25
2026-02-01,Repair,ALL,persona,Banking fees,282.98000000000000000000,4.00000000000000000000,1.41
2026-02-01,Repair,ALL,persona,Deposit interest,93.79964578739727293726,7.26578545150685062480,7.75
2026-02-01,Repair,ALL,persona,Interchange,470.85647939999750733100,12.73915799999993100000,2.71
2026-02-01,Repair,ALL,persona,Subscription,349.73999999999999500000,11.00000000000000000000,3.15
2026-02-01,Repair,ALL,persona,Total revenue,1197.37612518739477526826,35.00494345150678162480,2.92
2026-02-01,Repair_Installation,ALL,persona,Banking fees,8.00000000000000000000,,
2026-02-01,Repair_Installation,ALL,persona,Deposit interest,164.71864791068494243200,,
2026-02-01,Repair_Installation,ALL,persona,Interchange,486.07608599999742197000,,
2026-02-01,Repair_Installation,ALL,persona,Subscription,177.89387096800000000000,,
2026-02-01,Repair_Installation,ALL,persona,Total revenue,836.68860487868236440200,,
2026-02-01,Restauration,ALL,persona,Banking fees,1273.30000000000000000000,0.00000000000000000000,0.0
2026-02-01,Restauration,ALL,persona,Deposit interest,1028.69173548712333059169,10.37289326520548018905,1.01
2026-02-01,Restauration,ALL,persona,Interchange,6453.84926159996672052700,471.70529999999756450000,7.31
2026-02-01,Restauration,ALL,persona,Subscription,1958.77075268900000000000,47.00000000000000000000,2.4
2026-02-01,Restauration,ALL,persona,Total revenue,10714.61174977609005111869,529.07819326520304468905,4.94
2026-02-01,Retail,ALL,persona,Banking fees,4699.83999999999998960000,17.20000000000000000000,0.37
2026-02-01,Retail,ALL,persona,Deposit interest,10140.63339142137015504397,166.00195408164384812406,1.64
2026-02-01,Retail,ALL,persona,Interchange,17364.44456819990969910182,533.67280199999723028000,3.07
2026-02-01,Retail,ALL,persona,Subscription,8571.00316128899999300000,396.41935483900000000000,4.63
2026-02-01,Retail,ALL,persona,Total revenue,40775.92112091027983674579,1113.29411092064107840406,2.73
2026-02-01,Wholesale,ALL,persona,Banking fees,551.80000000000000000000,9.60000000000000000000,1.74
2026-02-01,Wholesale,ALL,persona,Deposit interest,2479.96341415178086965702,4.26425657260273982202,0.17
2026-02-01,Wholesale,ALL,persona,Interchange,5982.10300979996824138400,18.56968199999990313500,0.31
2026-02-01,Wholesale,ALL,persona,Subscription,2543.26483870900000000000,72.00000000000000000000,2.83
2026-02-01,Wholesale,ALL,persona,Total revenue,11557.13126266074911104102,104.43393857260264295702,0.9
2026-02-01,Automobile_Trade_Repair,business,persona_x_initial_plan,Banking fees,63.90000000000000000000,0.04000000000000000000,0.06
2026-02-01,Automobile_Trade_Repair,business,persona_x_initial_plan,Deposit interest,254.24366467945207431277,8.97022315616438530000,3.53
2026-02-01,Automobile_Trade_Repair,business,persona_x_initial_plan,Interchange,1457.39770379999253070000,0.00000000000000000000,0.0
2026-02-01,Automobile_Trade_Repair,business,persona_x_initial_plan,Subscription,899.00000000000000000000,80.00000000000000000000,8.9
2026-02-01,Automobile_Trade_Repair,business,persona_x_initial_plan,Total revenue,2674.54136847944460501277,89.01022315616438530000,3.33
2026-02-01,Automobile_Trade_Repair,free,persona_x_initial_plan,Banking fees,319.98000000000000000000,12.00000000000000000000,3.75
2026-02-01,Automobile_Trade_Repair,free,persona_x_initial_plan,Deposit interest,361.31078578246575053148,0.13040695342465756280,0.04
2026-02-01,Automobile_Trade_Repair,free,persona_x_initial_plan,Interchange,1101.77915399999431816700,11.04125399999994125000,1.0
2026-02-01,Automobile_Trade_Repair,free,persona_x_initial_plan,Subscription,26.56000000000000000000,0.00000000000000000000,0.0
2026-02-01,Automobile_Trade_Repair,free,persona_x_initial_plan,Total revenue,1809.62993978246006869848,23.17166095342459881280,1.28
2026-02-01,Automobile_Trade_Repair,plus,persona_x_initial_plan,Banking fees,240.12000000000000000000,0.00000000000000000000,0.0
2026-02-01,Automobile_Trade_Repair,plus,persona_x_initial_plan,Deposit interest,1393.93019696767137338174,101.16827890630137116556,7.26
2026-02-01,Automobile_Trade_Repair,plus,persona_x_initial_plan,Interchange,3239.83157399998317442000,32.98980599999982400000,1.02
2026-02-01,Automobile_Trade_Repair,plus,persona_x_initial_plan,Subscription,1636.22010752700000000000,100.00000000000000000000,6.11
2026-02-01,Automobile_Trade_Repair,plus,persona_x_initial_plan,Total revenue,6510.10187849465454780174,234.15808490630119516556,3.6
2026-02-01,Automobile_Trade_Repair,start,persona_x_initial_plan,Banking fees,137.04000000000000500000,0.00000000000000000000,0.0
2026-02-01,Automobile_Trade_Repair,start,persona_x_initial_plan,Deposit interest,599.47305047780826342404,60.72630485041096287600,10.13
2026-02-01,Automobile_Trade_Repair,start,persona_x_initial_plan,Interchange,3664.85188319998103898200,149.74226999999922320500,4.09
2026-02-01,Automobile_Trade_Repair,start,persona_x_initial_plan,Subscription,1388.38967742000000000000,77.00000000000000000000,5.55
2026-02-01,Automobile_Trade_Repair,start,persona_x_initial_plan,Total revenue,5789.75461109778930740604,287.46857485041018608100,4.97
2026-02-01,BTP,business,persona_x_initial_plan,Banking fees,15.74000000000000000000,0.00000000000000000000,0.0
2026-02-01,BTP,business,persona_x_initial_plan,Deposit interest,666.12205723178083792160,5.51416385589041096500,0.83
2026-02-01,BTP,business,persona_x_initial_plan,Interchange,5165.63735399997304302000,355.40729999999812100000,6.88
2026-02-01,BTP,business,persona_x_initial_plan,Subscription,2801.00000000000000000000,80.00000000000000000000,2.86
2026-02-01,BTP,business,persona_x_initial_plan,Total revenue,8648.49941123175388094160,440.92146385588853196500,5.1
2026-02-01,BTP,free,persona_x_initial_plan,Banking fees,1069.11999999999999600000,26.40000000000000000000,2.47
2026-02-01,BTP,free,persona_x_initial_plan,Deposit interest,11350.33283225479533481261,212.95703430958911780051,1.88
2026-02-01,BTP,free,persona_x_initial_plan,Interchange,4613.09594579997573385200,0.00000000000000000000,0.0
2026-02-01,BTP,free,persona_x_initial_plan,Subscription,234.21235125399999850000,0.00000000000000000000,0.0
2026-02-01,BTP,free,persona_x_initial_plan,Total revenue,17266.76112930877106316461,239.35703430958911780051,1.39
2026-02-01,BTP,plus,persona_x_initial_plan,Banking fees,1250.11999999999999500000,-1.92000000000000000000,-0.15
2026-02-01,BTP,plus,persona_x_initial_plan,Deposit interest,4011.94199841808257107473,1.95587206027397287470,0.05
2026-02-01,BTP,plus,persona_x_initial_plan,Interchange,15343.02150299992056509100,71.31324599999962690000,0.46
2026-02-01,BTP,plus,persona_x_initial_plan,Subscription,6634.44158694600000000000,150.00000000000000000000,2.26
2026-02-01,BTP,plus,persona_x_initial_plan,Total revenue,27239.52508836400313116573,221.34911806027359977470,0.81
2026-02-01,BTP,start,persona_x_initial_plan,Banking fees,663.82000000000000000000,0.00000000000000000000,0.0
2026-02-01,BTP,start,persona_x_initial_plan,Deposit interest,8273.68961092109656594033,10.84008761260274149114,0.13
2026-02-01,BTP,start,persona_x_initial_plan,Interchange,13703.71189319992817612800,94.76141399999950734000,0.69
2026-02-01,BTP,start,persona_x_initial_plan,Subscription,5520.70932551400000310000,77.00000000000000000000,1.39
2026-02-01,BTP,start,persona_x_initial_plan,Total revenue,28161.93082963502474516833,182.60150161260224883114,0.65
2026-02-01,Bankers_Insurance,business,persona_x_initial_plan,Banking fees,,,
2026-02-01,Bankers_Insurance,business,persona_x_initial_plan,Deposit interest,,,
2026-02-01,Bankers_Insurance,business,persona_x_initial_plan,Interchange,,,
2026-02-01,Bankers_Insurance,business,persona_x_initial_plan,Subscription,,,
2026-02-01,Bankers_Insurance,business,persona_x_initial_plan,Total revenue,,,
2026-02-01,Bankers_Insurance,free,persona_x_initial_plan,Banking fees,448.40000000000000000000,0.00000000000000000000,0.0
2026-02-01,Bankers_Insurance,free,persona_x_initial_plan,Deposit interest,2076.92053447178134598487,2.79651715068493172389,0.13
2026-02-01,Bankers_Insurance,free,persona_x_initial_plan,Interchange,347.95172339999818245000,0.00000000000000000000,0.0
2026-02-01,Bankers_Insurance,free,persona_x_initial_plan,Subscription,8.25290322599999900000,0.00000000000000000000,0.0
2026-02-01,Bankers_Insurance,free,persona_x_initial_plan,Total revenue,2881.52516109777952743487,2.79651715068493172389,0.1
2026-02-01,Bankers_Insurance,plus,persona_x_initial_plan,Banking fees,0.00000000000000000000,,
2026-02-01,Bankers_Insurance,plus,persona_x_initial_plan,Deposit interest,42.71620148383562055000,,
2026-02-01,Bankers_Insurance,plus,persona_x_initial_plan,Interchange,409.61203019999785200000,,
2026-02-01,Bankers_Insurance,plus,persona_x_initial_plan,Subscription,70.00000000000000000000,,
2026-02-01,Bankers_Insurance,plus,persona_x_initial_plan,Total revenue,522.32823168383347255000,,
2026-02-01,Bankers_Insurance,start,persona_x_initial_plan,Banking fees,191.08000000000000000000,0.00000000000000000000,0.0
2026-02-01,Bankers_Insurance,start,persona_x_initial_plan,Deposit interest,536.39635816054799751200,5.30599178082191880000,0.99
2026-02-01,Bankers_Insurance,start,persona_x_initial_plan,Interchange,338.05031579999823149000,0.00000000000000000000,0.0
2026-02-01,Bankers_Insurance,start,persona_x_initial_plan,Subscription,392.03225806500000000000,17.00000000000000000000,4.34
2026-02-01,Bankers_Insurance,start,persona_x_initial_plan,Total revenue,1457.55893202554622900200,22.30599178082191880000,1.53
2026-02-01,Bikers_Drivers,business,persona_x_initial_plan,Banking fees,4.64000000000000000000,0.00000000000000000000,0.0
2026-02-01,Bikers_Drivers,business,persona_x_initial_plan,Deposit interest,184.56985882301373171560,0.00237657260273972660,0.0
2026-02-01,Bikers_Drivers,business,persona_x_initial_plan,Interchange,1056.04043399999448825000,0.00000000000000000000,0.0
2026-02-01,Bikers_Drivers,business,persona_x_initial_plan,Subscription,905.00000000000000000000,160.00000000000000000000,17.68
2026-02-01,Bikers_Drivers,business,persona_x_initial_plan,Total revenue,2150.25029282300821996560,160.00237657260273972660,7.44
2026-02-01,Bikers_Drivers,free,persona_x_initial_plan,Banking fees,1399.63999999999999700000,6.80000000000000000000,0.49
2026-02-01,Bikers_Drivers,free,persona_x_initial_plan,Deposit interest,327.62284708438361868529,0.45565134410958912190,0.14
2026-02-01,Bikers_Drivers,free,persona_x_initial_plan,Interchange,1160.35424099999387141110,5.16949199999997233000,0.45
2026-02-01,Bikers_Drivers,free,persona_x_initial_plan,Subscription,35.78000000000000000000,0.00000000000000000000,0.0
2026-02-01,Bikers_Drivers,free,persona_x_initial_plan,Total revenue,2923.39708808437748709639,12.42514334410956145190,0.43
2026-02-01,Bikers_Drivers,plus,persona_x_initial_plan,Banking fees,186.88000000000000000000,-5.36000000000000000000,-2.87
2026-02-01,Bikers_Drivers,plus,persona_x_initial_plan,Deposit interest,407.92610843342469931525,2.95506741150684966628,0.72
2026-02-01,Bikers_Drivers,plus,persona_x_initial_plan,Interchange,1881.22102199999004560200,0.20485799999999893000,0.01
2026-02-01,Bikers_Drivers,plus,persona_x_initial_plan,Subscription,1580.53118279500000000000,75.00000000000000000000,4.75
2026-02-01,Bikers_Drivers,plus,persona_x_initial_plan,Total revenue,4056.55831322841474491725,72.79992541150684859628,1.79
2026-02-01,Bikers_Drivers,start,persona_x_initial_plan,Banking fees,1144.94000000000000000000,118.00000000000000000000,10.31
2026-02-01,Bikers_Drivers,start,persona_x_initial_plan,Deposit interest,596.47410921917816662100,7.93087694301369882940,1.33
2026-02-01,Bikers_Drivers,start,persona_x_initial_plan,Interchange,2448.83566979998727984482,15.38290799999991820000,0.63
2026-02-01,Bikers_Drivers,start,persona_x_initial_plan,Subscription,1693.62408602200000000000,33.00000000000000000000,1.95
2026-02-01,Bikers_Drivers,start,persona_x_initial_plan,Total revenue,5883.87386504116544646582,174.31378494301361702940,2.96
2026-02-01,Cleaning_CallCenters,business,persona_x_initial_plan,Banking fees,0.00000000000000000000,,
2026-02-01,Cleaning_CallCenters,business,persona_x_initial_plan,Deposit interest,7.57425367561644000000,,
2026-02-01,Cleaning_CallCenters,business,persona_x_initial_plan,Interchange,1.55951999999999180000,,
2026-02-01,Cleaning_CallCenters,business,persona_x_initial_plan,Subscription,80.00000000000000000000,,
2026-02-01,Cleaning_CallCenters,business,persona_x_initial_plan,Total revenue,89.13377367561643180000,,
2026-02-01,Cleaning_CallCenters,free,persona_x_initial_plan,Banking fees,13.60000000000000000000,,
2026-02-01,Cleaning_CallCenters,free,persona_x_initial_plan,Deposit interest,35.51146169369863383780,,
2026-02-01,Cleaning_CallCenters,free,persona_x_initial_plan,Interchange,55.99324799999970754400,,
2026-02-01,Cleaning_CallCenters,free,persona_x_initial_plan,Subscription,0.00000000000000000000,,
2026-02-01,Cleaning_CallCenters,free,persona_x_initial_plan,Total revenue,105.10470969369834138180,,
2026-02-01,Cleaning_CallCenters,plus,persona_x_initial_plan,Banking fees,46.70000000000000000000,,
2026-02-01,Cleaning_CallCenters,plus,persona_x_initial_plan,Deposit interest,439.74354523671239785900,,
2026-02-01,Cleaning_CallCenters,plus,persona_x_initial_plan,Interchange,524.15542979999716300000,,
2026-02-01,Cleaning_CallCenters,plus,persona_x_initial_plan,Subscription,195.00000000000000000000,,
2026-02-01,Cleaning_CallCenters,plus,persona_x_initial_plan,Total revenue,1205.59897503670956085900,,
2026-02-01,Cleaning_CallCenters,start,persona_x_initial_plan,Banking fees,16.88000000000000000000,,
2026-02-01,Cleaning_CallCenters,start,persona_x_initial_plan,Deposit interest,51.39253311726027893700,,
2026-02-01,Cleaning_CallCenters,start,persona_x_initial_plan,Interchange,371.36262599999801925000,,
2026-02-01,Cleaning_CallCenters,start,persona_x_initial_plan,Subscription,130.00000000000000000000,,
2026-02-01,Cleaning_CallCenters,start,persona_x_initial_plan,Total revenue,569.63515911725829818700,,
2026-02-01,Consultant,business,persona_x_initial_plan,Banking fees,0.00000000000000000000,,
2026-02-01,Consultant,business,persona_x_initial_plan,Deposit interest,49.33027767506849159610,,
2026-02-01,Consultant,business,persona_x_initial_plan,Interchange,54.21187799999971149000,,
2026-02-01,Consultant,business,persona_x_initial_plan,Subscription,800.00000000000000000000,,
2026-02-01,Consultant,business,persona_x_initial_plan,Total revenue,903.54215567506820308610,,
2026-02-01,Consultant,free,persona_x_initial_plan,Banking fees,2161.60000000000000090000,156.52000000000000000000,7.24
2026-02-01,Consultant,free,persona_x_initial_plan,Deposit interest,7208.53374870630210188147,10.30819606356164439549,0.14
2026-02-01,Consultant,free,persona_x_initial_plan,Interchange,3500.74399319998154770400,33.83244719999981795000,0.97
2026-02-01,Consultant,free,persona_x_initial_plan,Subscription,219.21193548400000000000,0.00000000000000000000,0.0
2026-02-01,Consultant,free,persona_x_initial_plan,Total revenue,13090.08967739028365048547,200.66064326356146234549,1.53
2026-02-01,Consultant,plus,persona_x_initial_plan,Banking fees,56.78000000000000000000,0.00000000000000000000,0.0
2026-02-01,Consultant,plus,persona_x_initial_plan,Deposit interest,2608.68149477808230924100,24.71067206520548038330,0.95
2026-02-01,Consultant,plus,persona_x_initial_plan,Interchange,4306.69378259997723802000,34.25533199999981580000,0.8
2026-02-01,Consultant,plus,persona_x_initial_plan,Subscription,2339.73892473000000000000,75.00000000000000000000,3.21
2026-02-01,Consultant,plus,persona_x_initial_plan,Total revenue,9311.89420210805954726100,133.96600406520529618330,1.44
2026-02-01,Consultant,start,persona_x_initial_plan,Banking fees,3843.27999999999999973000,0.00000000000000000000,0.0
2026-02-01,Consultant,start,persona_x_initial_plan,Deposit interest,9691.77239901369973730357,2.00889730849315092716,0.02
2026-02-01,Consultant,start,persona_x_initial_plan,Interchange,11704.03660259993698066500,24.55343999999987230000,0.21
2026-02-01,Consultant,start,persona_x_initial_plan,Subscription,6194.57113500700000200000,108.33333333300000000000,1.75
2026-02-01,Consultant,start,persona_x_initial_plan,Total revenue,31433.66013662063671969857,134.89567064149302322716,0.43
2026-02-01,Developer_IT,business,persona_x_initial_plan,Banking fees,0.00000000000000000000,,
2026-02-01,Developer_IT,business,persona_x_initial_plan,Deposit interest,50.80982996602739923752,,
2026-02-01,Developer_IT,business,persona_x_initial_plan,Interchange,12.99077999999993000000,,
2026-02-01,Developer_IT,business,persona_x_initial_plan,Subscription,480.00000000000000000000,,
2026-02-01,Developer_IT,business,persona_x_initial_plan,Total revenue,543.80060996602732923752,,
2026-02-01,Developer_IT,free,persona_x_initial_plan,Banking fees,1060.36000000000000030000,139.04000000000000000000,13.11
2026-02-01,Developer_IT,free,persona_x_initial_plan,Deposit interest,3517.17712092109629140093,15.95624631287671367000,0.45
2026-02-01,Developer_IT,free,persona_x_initial_plan,Interchange,1657.37962979999126314700,28.90843199999984918000,1.74
2026-02-01,Developer_IT,free,persona_x_initial_plan,Subscription,72.22000000000000000000,0.00000000000000000000,0.0
2026-02-01,Developer_IT,free,persona_x_initial_plan,Total revenue,6307.13675072108755484793,183.90467831287656285000,2.92
2026-02-01,Developer_IT,plus,persona_x_initial_plan,Banking fees,107.84000000000000000000,0.00000000000000000000,0.0
2026-02-01,Developer_IT,plus,persona_x_initial_plan,Deposit interest,1042.71528485808235566510,3.68927219616438409000,0.35
2026-02-01,Developer_IT,plus,persona_x_initial_plan,Interchange,1189.43095499999376453000,5.13163799999997310000,0.43
2026-02-01,Developer_IT,plus,persona_x_initial_plan,Subscription,1124.52365591300000000000,50.00000000000000000000,4.45
2026-02-01,Developer_IT,plus,persona_x_initial_plan,Total revenue,3464.50989577107612019510,58.82091019616435719000,1.7
2026-02-01,Developer_IT,start,persona_x_initial_plan,Banking fees,1500.52000000000000220000,4.00000000000000000000,0.27
2026-02-01,Developer_IT,start,persona_x_initial_plan,Deposit interest,4117.46883028547980159369,7.26222578465753585600,0.18
2026-02-01,Developer_IT,start,persona_x_initial_plan,Interchange,4538.09872259997625557300,87.76843199999953800000,1.93
2026-02-01,Developer_IT,start,persona_x_initial_plan,Subscription,3172.06451612900000000000,42.00000000000000000000,1.32
2026-02-01,Developer_IT,start,persona_x_initial_plan,Total revenue,13328.15206901445605936669,141.03065778465707385600,1.06
2026-02-01,Media_Publishing,business,persona_x_initial_plan,Banking fees,0.00000000000000000000,,
2026-02-01,Media_Publishing,business,persona_x_initial_plan,Deposit interest,11.79955813095890423000,,
2026-02-01,Media_Publishing,business,persona_x_initial_plan,Interchange,12.64170599999993350000,,
2026-02-01,Media_Publishing,business,persona_x_initial_plan,Subscription,80.00000000000000000000,,
2026-02-01,Media_Publishing,business,persona_x_initial_plan,Total revenue,104.44126413095883773000,,
2026-02-01,Media_Publishing,free,persona_x_initial_plan,Banking fees,253.02000000000000000000,0.00000000000000000000,0.0
2026-02-01,Media_Publishing,free,persona_x_initial_plan,Deposit interest,534.54869322794528876574,1.15873774246575365100,0.22
2026-02-01,Media_Publishing,free,persona_x_initial_plan,Interchange,671.55468299999648596000,0.00000000000000000000,0.0
2026-02-01,Media_Publishing,free,persona_x_initial_plan,Subscription,27.18000000000000000000,0.00000000000000000000,0.0
2026-02-01,Media_Publishing,free,persona_x_initial_plan,Total revenue,1486.30337622794177472574,1.15873774246575365100,0.08
2026-02-01,Media_Publishing,plus,persona_x_initial_plan,Banking fees,1.42000000000000000000,,
2026-02-01,Media_Publishing,plus,persona_x_initial_plan,Deposit interest,1133.50652007780818679200,,
2026-02-01,Media_Publishing,plus,persona_x_initial_plan,Interchange,471.83075999999751932000,,
2026-02-01,Media_Publishing,plus,persona_x_initial_plan,Subscription,335.00000000000000000000,,
2026-02-01,Media_Publishing,plus,persona_x_initial_plan,Total revenue,1941.75728007780570611200,,
2026-02-01,Media_Publishing,start,persona_x_initial_plan,Banking fees,764.46000000000000000000,0.00000000000000000000,0.0
2026-02-01,Media_Publishing,start,persona_x_initial_plan,Deposit interest,2335.18000891945218359365,28.61782886849314775430,1.23
2026-02-01,Media_Publishing,start,persona_x_initial_plan,Interchange,1774.92471299999070398100,9.23399999999995000000,0.52
2026-02-01,Media_Publishing,start,persona_x_initial_plan,Subscription,1285.87096774100000000000,33.00000000000000000000,2.57
2026-02-01,Media_Publishing,start,persona_x_initial_plan,Total revenue,6160.43568966044288757465,70.85182886849309775430,1.15
2026-02-01,Medical_Professionals,free,persona_x_initial_plan,Banking fees,23.50000000000000000000,0.00000000000000000000,0.0
2026-02-01,Medical_Professionals,free,persona_x_initial_plan,Deposit interest,357.68333593753429330699,0.90681830136986308000,0.25
2026-02-01,Medical_Professionals,free,persona_x_initial_plan,Interchange,71.33596199999962694200,0.00000000000000000000,0.0
2026-02-01,Medical_Professionals,free,persona_x_initial_plan,Subscription,0.00000000000000000000,0.00000000000000000000,
2026-02-01,Medical_Professionals,free,persona_x_initial_plan,Total revenue,452.51929793753392024899,0.90681830136986308000,0.2
2026-02-01,Medical_Professionals,plus,persona_x_initial_plan,Banking fees,164.60000000000000000000,,
2026-02-01,Medical_Professionals,plus,persona_x_initial_plan,Deposit interest,204.92733710301371464000,,
2026-02-01,Medical_Professionals,plus,persona_x_initial_plan,Interchange,506.66943599999739000000,,
2026-02-01,Medical_Professionals,plus,persona_x_initial_plan,Subscription,75.00000000000000000000,,
2026-02-01,Medical_Professionals,plus,persona_x_initial_plan,Total revenue,951.19677310301110464000,,
2026-02-01,Medical_Professionals,start,persona_x_initial_plan,Banking fees,28.26000000000000000000,0.00000000000000000000,0.0
2026-02-01,Medical_Professionals,start,persona_x_initial_plan,Deposit interest,311.71794956986305556740,2.80921698630136975000,0.9
2026-02-01,Medical_Professionals,start,persona_x_initial_plan,Interchange,436.44688199999772446000,0.00000000000000000000,0.0
2026-02-01,Medical_Professionals,start,persona_x_initial_plan,Subscription,399.00000000000000000000,22.00000000000000000000,5.51
2026-02-01,Medical_Professionals,start,persona_x_initial_plan,Total revenue,1175.42483156986078002740,24.80921698630136975000,2.11
2026-02-01,Others,business,persona_x_initial_plan,Banking fees,33.74000000000000000000,0.00000000000000000000,0.0
2026-02-01,Others,business,persona_x_initial_plan,Deposit interest,536.21090844164382308230,8.49602738356164345400,1.58
2026-02-01,Others,business,persona_x_initial_plan,Interchange,825.43735079999550060000,13.30424999999993000000,1.61
2026-02-01,Others,business,persona_x_initial_plan,Subscription,1440.00000000000000000000,80.00000000000000000000,5.56
2026-02-01,Others,business,persona_x_initial_plan,Total revenue,2835.38825924163932368230,101.80027738356157345400,3.59
2026-02-01,Others,free,persona_x_initial_plan,Banking fees,1290.20000000000000030000,-4.00000000000000000000,-0.31
2026-02-01,Others,free,persona_x_initial_plan,Deposit interest,2347.81881983287676119387,286.23569417041088265644,12.19
2026-02-01,Others,free,persona_x_initial_plan,Interchange,3128.72835599998375074946,31.48338599999983470000,1.01
2026-02-01,Others,free,persona_x_initial_plan,Subscription,422.13259259299999900000,46.15000000000000000000,10.93
2026-02-01,Others,free,persona_x_initial_plan,Total revenue,7188.87976842586051124333,359.86908017041071735644,5.01
2026-02-01,Others,plus,persona_x_initial_plan,Banking fees,676.82000000000000000000,4.00000000000000000000,0.59
2026-02-01,Others,plus,persona_x_initial_plan,Deposit interest,1916.44529201917836741102,11.24872114082192215720,0.59
2026-02-01,Others,plus,persona_x_initial_plan,Interchange,5827.49292959996961349400,144.29653199999925070000,2.48
2026-02-01,Others,plus,persona_x_initial_plan,Subscription,3057.89999999900000000000,125.00000000000000000000,4.09
2026-02-01,Others,plus,persona_x_initial_plan,Total revenue,11478.65822161814798090502,284.54525314082117285720,2.48
2026-02-01,Others,start,persona_x_initial_plan,Banking fees,1651.79999999999999000000,0.00000000000000000000,0.0
2026-02-01,Others,start,persona_x_initial_plan,Deposit interest,3915.89591698575368165020,6.40713783506849512149,0.16
2026-02-01,Others,start,persona_x_initial_plan,Interchange,5881.27111559996931719446,4.34550599999997700000,0.07
2026-02-01,Others,start,persona_x_initial_plan,Subscription,5082.66408602200000000000,108.00000000000000000000,2.12
2026-02-01,Others,start,persona_x_initial_plan,Total revenue,16531.63111860772298884466,118.75264383506847212149,0.72
2026-02-01,Professeur,business,persona_x_initial_plan,Banking fees,0.00000000000000000000,,
2026-02-01,Professeur,business,persona_x_initial_plan,Deposit interest,8.65150400876712370000,,
2026-02-01,Professeur,business,persona_x_initial_plan,Interchange,73.61008199999961800000,,
2026-02-01,Professeur,business,persona_x_initial_plan,Subscription,80.00000000000000000000,,
2026-02-01,Professeur,business,persona_x_initial_plan,Total revenue,162.26158600876674170000,,
2026-02-01,Professeur,free,persona_x_initial_plan,Banking fees,247.50000000000000000000,0.80000000000000000000,0.32
2026-02-01,Professeur,free,persona_x_initial_plan,Deposit interest,343.06224164876714946350,10.58440539506849604550,3.09
2026-02-01,Professeur,free,persona_x_initial_plan,Interchange,373.89840299999807695600,0.00000000000000000000,0.0
2026-02-01,Professeur,free,persona_x_initial_plan,Subscription,121.95000000000000000000,0.00000000000000000000,0.0
2026-02-01,Professeur,free,persona_x_initial_plan,Total revenue,1086.41064464876522641950,11.38440539506849604550,1.05
2026-02-01,Professeur,plus,persona_x_initial_plan,Banking fees,119.64000000000000000000,,
2026-02-01,Professeur,plus,persona_x_initial_plan,Deposit interest,217.98200556712331811998,,
2026-02-01,Professeur,plus,persona_x_initial_plan,Interchange,109.99841759999941080000,,
2026-02-01,Professeur,plus,persona_x_initial_plan,Subscription,315.00000000000000000000,,
2026-02-01,Professeur,plus,persona_x_initial_plan,Total revenue,762.62042316712272891998,,
2026-02-01,Professeur,start,persona_x_initial_plan,Banking fees,145.66000000000000100000,0.00000000000000000000,0.0
2026-02-01,Professeur,start,persona_x_initial_plan,Deposit interest,865.69206913534254252749,0.80218421917808208420,0.09
2026-02-01,Professeur,start,persona_x_initial_plan,Interchange,994.93633439999487023000,0.97199999999999500000,0.1
2026-02-01,Professeur,start,persona_x_initial_plan,Subscription,1236.25514934300000000000,0.00000000000000000000,0.0
2026-02-01,Professeur,start,persona_x_initial_plan,Total revenue,3242.54355287833741375749,1.77418421917807708420,0.05
2026-02-01,Repair,business,persona_x_initial_plan,Banking fees,,,
2026-02-01,Repair,business,persona_x_initial_plan,Deposit interest,,,
2026-02-01,Repair,business,persona_x_initial_plan,Interchange,,,
2026-02-01,Repair,business,persona_x_initial_plan,Subscription,,,
2026-02-01,Repair,business,persona_x_initial_plan,Total revenue,,,
2026-02-01,Repair,free,persona_x_initial_plan,Banking fees,30.40000000000000000000,4.00000000000000000000,13.16
2026-02-01,Repair,free,persona_x_initial_plan,Deposit interest,43.60295898904110166356,5.64788383397260393840,12.95
2026-02-01,Repair,free,persona_x_initial_plan,Interchange,295.40033999999843473100,0.00000000000000000000,0.0
2026-02-01,Repair,free,persona_x_initial_plan,Subscription,41.73999999999999500000,0.00000000000000000000,0.0
2026-02-01,Repair,free,persona_x_initial_plan,Total revenue,411.14329898903953139456,9.64788383397260393840,2.35
2026-02-01,Repair,plus,persona_x_initial_plan,Banking fees,118.10000000000000000000,,
2026-02-01,Repair,plus,persona_x_initial_plan,Deposit interest,0.90945332493150696210,,
2026-02-01,Repair,plus,persona_x_initial_plan,Interchange,22.00333139999988600000,,
2026-02-01,Repair,plus,persona_x_initial_plan,Subscription,81.00000000000000000000,,
2026-02-01,Repair,plus,persona_x_initial_plan,Total revenue,222.01278472493139296210,,
2026-02-01,Repair,start,persona_x_initial_plan,Banking fees,134.48000000000000000000,0.00000000000000000000,0.0
2026-02-01,Repair,start,persona_x_initial_plan,Deposit interest,49.28723347342466431160,1.61790161753424668640,3.28
2026-02-01,Repair,start,persona_x_initial_plan,Interchange,153.45280799999918660000,12.73915799999993100000,8.3
2026-02-01,Repair,start,persona_x_initial_plan,Subscription,227.00000000000000000000,11.00000000000000000000,4.85
2026-02-01,Repair,start,persona_x_initial_plan,Total revenue,564.22004147342385091160,25.35705961753417768640,4.49
2026-02-01,Repair_Installation,business,persona_x_initial_plan,Banking fees,,,
2026-02-01,Repair_Installation,business,persona_x_initial_plan,Deposit interest,,,
2026-02-01,Repair_Installation,business,persona_x_initial_plan,Interchange,,,
2026-02-01,Repair_Installation,business,persona_x_initial_plan,Subscription,,,
2026-02-01,Repair_Installation,business,persona_x_initial_plan,Total revenue,,,
2026-02-01,Repair_Installation,free,persona_x_initial_plan,Banking fees,8.00000000000000000000,,
2026-02-01,Repair_Installation,free,persona_x_initial_plan,Deposit interest,29.02284200931507131000,,
2026-02-01,Repair_Installation,free,persona_x_initial_plan,Interchange,115.20813599999938963000,,
2026-02-01,Repair_Installation,free,persona_x_initial_plan,Subscription,3.41000000000000000000,,
2026-02-01,Repair_Installation,free,persona_x_initial_plan,Total revenue,155.64097800931446094000,,
2026-02-01,Repair_Installation,plus,persona_x_initial_plan,Banking fees,0.00000000000000000000,,
2026-02-01,Repair_Installation,plus,persona_x_initial_plan,Deposit interest,33.73426187726027151900,,
2026-02-01,Repair_Installation,plus,persona_x_initial_plan,Interchange,142.04429999999925200000,,
2026-02-01,Repair_Installation,plus,persona_x_initial_plan,Subscription,70.00000000000000000000,,
2026-02-01,Repair_Installation,plus,persona_x_initial_plan,Total revenue,245.77856187725952351900,,
2026-02-01,Repair_Installation,start,persona_x_initial_plan,Banking fees,0.00000000000000000000,,
2026-02-01,Repair_Installation,start,persona_x_initial_plan,Deposit interest,101.96154402410959960300,,
2026-02-01,Repair_Installation,start,persona_x_initial_plan,Interchange,228.82364999999878034000,,
2026-02-01,Repair_Installation,start,persona_x_initial_plan,Subscription,104.48387096800000000000,,
2026-02-01,Repair_Installation,start,persona_x_initial_plan,Total revenue,435.26906499210837994300,,
2026-02-01,Restauration,business,persona_x_initial_plan,Banking fees,0.00000000000000000000,,
2026-02-01,Restauration,business,persona_x_initial_plan,Deposit interest,0.47046761260273978000,,
2026-02-01,Restauration,business,persona_x_initial_plan,Interchange,13.60110599999992700000,,
2026-02-01,Restauration,business,persona_x_initial_plan,Subscription,80.00000000000000000000,,
2026-02-01,Restauration,business,persona_x_initial_plan,Total revenue,94.07157361260266678000,,
2026-02-01,Restauration,free,persona_x_initial_plan,Banking fees,299.20000000000000000000,0.00000000000000000000,0.0
2026-02-01,Restauration,free,persona_x_initial_plan,Deposit interest,263.95125349753423550480,3.38928991780821950000,1.28
2026-02-01,Restauration,free,persona_x_initial_plan,Interchange,829.83456359999570657000,0.59399999999999700000,0.07
2026-02-01,Restauration,free,persona_x_initial_plan,Subscription,54.38000000000000000000,0.00000000000000000000,0.0
2026-02-01,Restauration,free,persona_x_initial_plan,Total revenue,1447.36581709752994207480,3.98328991780821650000,0.28
2026-02-01,Restauration,plus,persona_x_initial_plan,Banking fees,810.00000000000000000000,0.00000000000000000000,0.0
2026-02-01,Restauration,plus,persona_x_initial_plan,Deposit interest,340.40468564821921595699,3.82102071561643830065,1.12
2026-02-01,Restauration,plus,persona_x_initial_plan,Interchange,3787.18027199998065213000,449.90279999999768000000,11.88
2026-02-01,Restauration,plus,persona_x_initial_plan,Subscription,974.67817204300000000000,25.00000000000000000000,2.56
2026-02-01,Restauration,plus,persona_x_initial_plan,Total revenue,5912.26312969119986808699,478.72382071561411830065,8.1
2026-02-01,Restauration,start,persona_x_initial_plan,Banking fees,164.10000000000000000000,0.00000000000000000000,0.0
2026-02-01,Restauration,start,persona_x_initial_plan,Deposit interest,423.86532872876713934990,3.16258263178082238840,0.75
2026-02-01,Restauration,start,persona_x_initial_plan,Interchange,1823.23331999999043482700,21.20849999999988750000,1.16
2026-02-01,Restauration,start,persona_x_initial_plan,Subscription,849.71258064600000000000,22.00000000000000000000,2.59
2026-02-01,Restauration,start,persona_x_initial_plan,Total revenue,3260.91122937475757417690,46.37108263178070988840,1.42
2026-02-01,Retail,business,persona_x_initial_plan,Banking fees,22.32000000000000000000,,
2026-02-01,Retail,business,persona_x_initial_plan,Deposit interest,130.19870489041096704290,,
2026-02-01,Retail,business,persona_x_initial_plan,Interchange,589.17438539999691640000,,
2026-02-01,Retail,business,persona_x_initial_plan,Subscription,640.00000000000000000000,,
2026-02-01,Retail,business,persona_x_initial_plan,Total revenue,1381.69309029040788344290,,
2026-02-01,Retail,free,persona_x_initial_plan,Banking fees,1269.15999999999998960000,17.20000000000000000000,1.36
2026-02-01,Retail,free,persona_x_initial_plan,Deposit interest,1528.32262997589061067639,25.60439468767123193208,1.68
2026-02-01,Retail,free,persona_x_initial_plan,Interchange,2837.24646839998523186090,211.31666999999889193000,7.45
2026-02-01,Retail,free,persona_x_initial_plan,Subscription,227.49999999999999000000,0.00000000000000000000,0.0
2026-02-01,Retail,free,persona_x_initial_plan,Total revenue,5862.22909837587582213729,254.12106468767012386208,4.33
2026-02-01,Retail,plus,persona_x_initial_plan,Banking fees,1347.68000000000000000000,0.00000000000000000000,0.0
2026-02-01,Retail,plus,persona_x_initial_plan,Deposit interest,1254.69078694356166180761,33.60278859068493596843,2.68
2026-02-01,Retail,plus,persona_x_initial_plan,Interchange,5398.62937379997208876700,151.40075399999920585000,2.8
2026-02-01,Retail,plus,persona_x_initial_plan,Subscription,2974.44086021400000000000,225.00000000000000000000,7.56
2026-02-01,Retail,plus,persona_x_initial_plan,Total revenue,10975.44102095753375057461,410.00354259068414181843,3.74
2026-02-01,Retail,start,persona_x_initial_plan,Banking fees,2060.68000000000000000000,0.00000000000000000000,0.0
2026-02-01,Retail,start,persona_x_initial_plan,Deposit interest,7227.42126961150691551707,106.79477080328768022355,1.48
2026-02-01,Retail,start,persona_x_initial_plan,Interchange,8539.39434059995546207392,170.95537799999913250000,2.0
2026-02-01,Retail,start,persona_x_initial_plan,Subscription,4729.06230107500000300000,171.41935483900000000000,3.62
2026-02-01,Retail,start,persona_x_initial_plan,Total revenue,22556.55791128646238059099,449.16950364228681272355,1.99
2026-02-01,Wholesale,business,persona_x_initial_plan,Banking fees,0.00000000000000000000,,
2026-02-01,Wholesale,business,persona_x_initial_plan,Deposit interest,80.12475895945206913900,,
2026-02-01,Wholesale,business,persona_x_initial_plan,Interchange,229.71034799999880480000,,
2026-02-01,Wholesale,business,persona_x_initial_plan,Subscription,800.00000000000000000000,,
2026-02-01,Wholesale,business,persona_x_initial_plan,Total revenue,1109.83510695945087393900,,
2026-02-01,Wholesale,free,persona_x_initial_plan,Banking fees,235.74000000000000000000,0.00000000000000000000,0.0
2026-02-01,Wholesale,free,persona_x_initial_plan,Deposit interest,287.23061725205481282140,2.23167123287671228000,0.78
2026-02-01,Wholesale,free,persona_x_initial_plan,Interchange,318.15264599999830091100,0.00000000000000000000,0.0
2026-02-01,Wholesale,free,persona_x_initial_plan,Subscription,2.91000000000000000000,0.00000000000000000000,0.0
2026-02-01,Wholesale,free,persona_x_initial_plan,Total revenue,844.03326325205311373240,2.23167123287671228000,0.26
2026-02-01,Wholesale,plus,persona_x_initial_plan,Banking fees,225.52000000000000000000,0.00000000000000000000,0.0
2026-02-01,Wholesale,plus,persona_x_initial_plan,Deposit interest,673.61389772931512537362,0.05079728767123288812,0.01
2026-02-01,Wholesale,plus,persona_x_initial_plan,Interchange,2885.27386499998501571500,0.33121799999999824500,0.01
2026-02-01,Wholesale,plus,persona_x_initial_plan,Subscription,922.58064516100000000000,50.00000000000000000000,5.42
2026-02-01,Wholesale,plus,persona_x_initial_plan,Total revenue,4706.98840789030014108862,50.38201528767123113312,1.07
2026-02-01,Wholesale,start,persona_x_initial_plan,Banking fees,90.54000000000000000000,9.60000000000000000000,10.6
2026-02-01,Wholesale,start,persona_x_initial_plan,Deposit interest,1438.99414021095886232300,1.98178805205479465390,0.14
2026-02-01,Wholesale,start,persona_x_initial_plan,Interchange,2548.96615079998611995800,18.23846399999990489000,0.72
2026-02-01,Wholesale,start,persona_x_initial_plan,Subscription,817.77419354800000000000,22.00000000000000000000,2.69
2026-02-01,Wholesale,start,persona_x_initial_plan,Total revenue,4896.27448455894498228100,51.82025205205469954390,1.06
2026-03-01,ALL,business,initial_plan,Banking fees,2668.72000000000000000000,17.92000000000000000000,0.67
2026-03-01,ALL,business,initial_plan,Deposit interest,2819.24064824219199015988,31.56278462958904201759,1.12
2026-03-01,ALL,business,initial_plan,Interchange,16465.61592359993328210500,761.67948599999700908000,4.63
2026-03-01,ALL,business,initial_plan,Subscription,12183.62500000000000000000,880.00000000000000000000,7.22
2026-03-01,ALL,business,initial_plan,Total revenue,34137.20157184212527226488,1691.16227062958605109759,4.95
2026-03-01,ALL,free,initial_plan,Banking fees,12942.18000000000000520000,457.81999999999999940000,3.54
2026-03-01,ALL,free,initial_plan,Deposit interest,44907.58681928438761952998,215.38010146904111421111,0.48
2026-03-01,ALL,free,initial_plan,Interchange,34380.30061259986482915833,493.16293979999796909000,1.43
2026-03-01,ALL,free,initial_plan,Subscription,2204.06612994999999800000,45.52999999999999900000,2.07
2026-03-01,ALL,free,initial_plan,Total revenue,94434.13356183425245188831,1211.89304126903908170111,1.28
2026-03-01,ALL,plus,initial_plan,Banking fees,4788.46000000000000100000,7.76000000000000000000,0.16
2026-03-01,ALL,plus,initial_plan,Deposit interest,21724.55464914027628906567,102.68146283178083203339,0.47
2026-03-01,ALL,plus,initial_plan,Interchange,72214.25027219971591878200,3525.57737099998609709000,4.88
2026-03-01,ALL,plus,initial_plan,Subscription,30652.48010415700000000000,970.00000000000000000000,3.16
2026-03-01,ALL,plus,initial_plan,Total revenue,129379.74502549699220884767,4606.01883383176692912339,3.56
2026-03-01,ALL,start,initial_plan,Banking fees,17772.64000000000000498900,386.84000000000000078900,2.18
2026-03-01,ALL,start,initial_plan,Deposit interest,56044.26121888493665312712,327.46308161479457328883,0.58
2026-03-01,ALL,start,initial_plan,Interchange,87411.06216539965556824700,1568.03754959999382687600,1.79
2026-03-01,ALL,start,initial_plan,Subscription,46943.94389258299999800000,1149.31250000000000000000,2.45
2026-03-01,ALL,start,initial_plan,Total revenue,208171.90727686759222436312,3431.65313121478840095383,1.65
2026-03-01,ALL,ALL,overall,Banking fees,38172.00000000000001118900,870.34000000000000018900,2.28
2026-03-01,ALL,ALL,overall,Deposit interest,125495.64333555179255188265,677.08743054520556155092,0.54
2026-03-01,ALL,ALL,overall,Interchange,210471.22897379916959829233,6348.45734639997490213600,3.02
2026-03-01,ALL,ALL,overall,Subscription,91984.11512668999999600000,3044.84249999999999900000,3.31
2026-03-01,ALL,ALL,overall,Total revenue,466122.98743604096215736398,10940.72727694518046287592,2.35
2026-03-01,Automobile_Trade_Repair,ALL,persona,Banking fees,1714.14000000000000840000,20.80000000000000000000,1.21
2026-03-01,Automobile_Trade_Repair,ALL,persona,Deposit interest,3670.47092445589072255183,20.14802529698630327800,0.55
2026-03-01,Automobile_Trade_Repair,ALL,persona,Interchange,15261.50560859993957524400,52.50313799999979600000,0.34
2026-03-01,Automobile_Trade_Repair,ALL,persona,Subscription,5458.20333333300000000000,94.00000000000000000000,1.72
2026-03-01,Automobile_Trade_Repair,ALL,persona,Total revenue,26104.31986638883030619583,187.45116329698609927800,0.72
2026-03-01,BTP,ALL,persona,Banking fees,3672.48000000000000071800,29.68000000000000071800,0.81
2026-03-01,BTP,ALL,persona,Deposit interest,32770.38984956383889877877,219.79983528164384905393,0.67
2026-03-01,BTP,ALL,persona,Interchange,66400.55091899973728527600,1374.82486559999458155000,2.07
2026-03-01,BTP,ALL,persona,Subscription,21199.20461428999999900000,734.00000000000000000000,3.46
2026-03-01,BTP,ALL,persona,Total revenue,124042.62538285357618377277,2358.30470088163843132193,1.9
2026-03-01,Bankers_Insurance,ALL,persona,Banking fees,341.72000000000000000000,0.00000000000000000000,0.0
2026-03-01,Bankers_Insurance,ALL,persona,Deposit interest,4726.13379011506934849914,10.95674308602739856000,0.23
2026-03-01,Bankers_Insurance,ALL,persona,Interchange,1377.09914939999444839000,0.00000000000000000000,0.0
2026-03-01,Bankers_Insurance,ALL,persona,Subscription,777.37500000000000000000,0.00000000000000000000,0.0
2026-03-01,Bankers_Insurance,ALL,persona,Total revenue,7222.32793951506379688914,10.95674308602739856000,0.15
2026-03-01,Bikers_Drivers,ALL,persona,Banking fees,3726.96000000000000007100,150.68000000000000007100,4.04
2026-03-01,Bikers_Drivers,ALL,persona,Deposit interest,2432.45494475506866551306,12.57942039397260460708,0.52
2026-03-01,Bikers_Drivers,ALL,persona,Interchange,9681.22830239996209043100,301.10605199999883335400,3.11
2026-03-01,Bikers_Drivers,ALL,persona,Subscription,6131.61041666600000000000,290.00000000000000000000,4.73
2026-03-01,Bikers_Drivers,ALL,persona,Total revenue,21972.25366382103075601506,754.36547239397143803208,3.43
2026-03-01,Cleaning_CallCenters,ALL,persona,Banking fees,60.95999999999999900000,0.00000000000000000000,0.0
2026-03-01,Cleaning_CallCenters,ALL,persona,Deposit interest,543.27077578246581963390,0.05515068493150685600,0.01
2026-03-01,Cleaning_CallCenters,ALL,persona,Interchange,512.58279059999796933000,0.00000000000000000000,0.0
2026-03-01,Cleaning_CallCenters,ALL,persona,Subscription,542.06250000000000000000,0.00000000000000000000,0.0
2026-03-01,Cleaning_CallCenters,ALL,persona,Total revenue,1658.87606638246378796390,0.05515068493150685600,0.0
2026-03-01,Consultant,ALL,persona,Banking fees,6526.88000000000000110000,132.00000000000000000000,2.02
2026-03-01,Consultant,ALL,persona,Deposit interest,28290.36550232548189365942,66.12238776109589585540,0.23
2026-03-01,Consultant,ALL,persona,Interchange,26244.83612879989685272800,1041.28489799999587783000,3.97
2026-03-01,Consultant,ALL,persona,Subscription,13013.81763320300000000000,271.00000000000000000000,2.08
2026-03-01,Consultant,ALL,persona,Total revenue,74075.89926432837874748742,1510.40728576109177368540,2.04
2026-03-01,Developer_IT,ALL,persona,Banking fees,4664.82000000000000340000,268.76000000000000000000,5.76
2026-03-01,Developer_IT,ALL,persona,Deposit interest,13297.80635664328883975828,102.12911474027398920743,0.77
2026-03-01,Developer_IT,ALL,persona,Interchange,8824.06056239996519647100,119.30238179999952760000,1.35
2026-03-01,Developer_IT,ALL,persona,Subscription,6517.54653958800000000000,271.58750000000000000000,4.17
2026-03-01,Developer_IT,ALL,persona,Total revenue,33304.23345863125403962928,761.77899654027351680743,2.29
2026-03-01,Media_Publishing,ALL,persona,Banking fees,1483.84000000000000000000,6.40000000000000000000,0.43
2026-03-01,Media_Publishing,ALL,persona,Deposit interest,4872.05787549479500955990,1.67358293698630154678,0.03
2026-03-01,Media_Publishing,ALL,persona,Interchange,4703.28932699998148123300,1.78547399999999290000,0.04
2026-03-01,Media_Publishing,ALL,persona,Subscription,2436.37937500000000000000,6.75000000000000000000,0.28
2026-03-01,Media_Publishing,ALL,persona,Total revenue,13495.56657749477649079290,16.60905693698629444678,0.12
2026-03-01,Medical_Professionals,ALL,persona,Banking fees,312.44000000000000000000,0.00000000000000000000,0.0
2026-03-01,Medical_Professionals,ALL,persona,Deposit interest,1443.26243644493167253605,0.03309369863013699100,0.0
2026-03-01,Medical_Professionals,ALL,persona,Interchange,2100.71905199999174254000,0.00000000000000000000,0.0
2026-03-01,Medical_Professionals,ALL,persona,Subscription,781.91500000000000000000,0.00000000000000000000,0.0
2026-03-01,Medical_Professionals,ALL,persona,Total revenue,4638.33648844492341507605,0.03309369863013699100,0.0
2026-03-01,Others,ALL,persona,Banking fees,5302.32000000000000470000,43.36000000000000000000,0.82
2026-03-01,Others,ALL,persona,Deposit interest,11899.82872080328867902903,96.24203453643835721637,0.81
2026-03-01,Others,ALL,persona,Interchange,26140.97800079989708162100,885.79884599999649944000,3.39
2026-03-01,Others,ALL,persona,Subscription,14307.18830972199999700000,567.50499999999999900000,3.97
2026-03-01,Others,ALL,persona,Total revenue,57650.31503132518576235003,1592.90588053643485565637,2.76
2026-03-01,Professeur,ALL,persona,Banking fees,1440.42000000000000000000,8.00000000000000000000,0.56
2026-03-01,Professeur,ALL,persona,Deposit interest,2600.60506359945218886978,6.32561569753424686290,0.24
2026-03-01,Professeur,ALL,persona,Interchange,4594.91304959998204888200,599.87854799999770564000,13.06
2026-03-01,Professeur,ALL,persona,Subscription,2353.26541666700000000000,138.00000000000000000000,5.86
2026-03-01,Professeur,ALL,persona,Total revenue,10989.20352986643423775178,752.20416369753195250290,6.84
2026-03-01,Repair,ALL,persona,Banking fees,242.99999999999999700000,16.00000000000000000000,6.58
2026-03-01,Repair,ALL,persona,Deposit interest,183.73619625589042081660,5.23002726684931653000,2.85
2026-03-01,Repair,ALL,persona,Interchange,542.41468019999787457500,0.57599999999999774000,0.11
2026-03-01,Repair,ALL,persona,Subscription,487.66125000000000000000,36.00000000000000000000,7.38
2026-03-01,Repair,ALL,persona,Total revenue,1456.81212645588829239160,57.80602726684931427000,3.97
2026-03-01,Repair_Installation,ALL,persona,Banking fees,11.20000000000000000000,,
2026-03-01,Repair_Installation,ALL,persona,Deposit interest,304.00772674739728417500,,
2026-03-01,Repair_Installation,ALL,persona,Interchange,842.38536599999679803000,,
2026-03-01,Repair_Installation,ALL,persona,Subscription,249.00000000000000000000,,
2026-03-01,Repair_Installation,ALL,persona,Total revenue,1406.59309274739408220500,,
2026-03-01,Restauration,ALL,persona,Banking fees,518.83999999999999800000,-4.00000000000000000000,-0.77
2026-03-01,Restauration,ALL,persona,Deposit interest,1577.75943244931525104723,0.86258557589041102673,0.05
2026-03-01,Restauration,ALL,persona,Interchange,8981.03895659996475737000,0.87209999999999660000,0.01
2026-03-01,Restauration,ALL,persona,Subscription,2664.81541666600000000000,47.00000000000000000000,1.76
2026-03-01,Restauration,ALL,persona,Total revenue,13742.45380571528000641723,44.73468557589040762673,0.33
2026-03-01,Retail,ALL,persona,Banking fees,7195.63999999999999680000,198.65999999999999940000,2.76
2026-03-01,Retail,ALL,persona,Deposit interest,12810.20003336493246340206,118.00190621150688463910,0.92
2026-03-01,Retail,ALL,persona,Interchange,27598.88905739989047763733,1792.84164299999279826200,6.5
2026-03-01,Retail,ALL,persona,Subscription,11603.16282155500000000000,476.00000000000000000000,4.1
2026-03-01,Retail,ALL,persona,Total revenue,59207.89191231982293783939,2585.50354921149968230110,4.37
2026-03-01,Wholesale,ALL,persona,Banking fees,956.34000000000000200000,0.00000000000000000000,0.0
2026-03-01,Wholesale,ALL,persona,Deposit interest,4073.29370675068539405260,16.92790737643835932020,0.42
2026-03-01,Wholesale,ALL,persona,Interchange,6664.73802299997391853400,177.68339999999929522000,2.67
2026-03-01,Wholesale,ALL,persona,Subscription,3460.90750000000000000000,113.00000000000000000000,3.27
2026-03-01,Wholesale,ALL,persona,Total revenue,15155.27922975065931458660,307.61130737643765454020,2.03
2026-03-01,Automobile_Trade_Repair,business,persona_x_initial_plan,Banking fees,36.38000000000000000000,,
2026-03-01,Automobile_Trade_Repair,business,persona_x_initial_plan,Deposit interest,484.62620980328766714220,,
2026-03-01,Automobile_Trade_Repair,business,persona_x_initial_plan,Interchange,1534.17112199999391190000,,
2026-03-01,Automobile_Trade_Repair,business,persona_x_initial_plan,Subscription,1040.00000000000000000000,,
2026-03-01,Automobile_Trade_Repair,business,persona_x_initial_plan,Total revenue,3095.17733180328157904220,,
2026-03-01,Automobile_Trade_Repair,free,persona_x_initial_plan,Banking fees,364.01999999999999940000,20.80000000000000000000,5.71
2026-03-01,Automobile_Trade_Repair,free,persona_x_initial_plan,Deposit interest,421.21957709260273220197,12.75156054575342521100,3.03
2026-03-01,Automobile_Trade_Repair,free,persona_x_initial_plan,Interchange,1171.52077319999537772000,26.42648399999989670000,2.26
2026-03-01,Automobile_Trade_Repair,free,persona_x_initial_plan,Subscription,34.45000000000000000000,0.00000000000000000000,0.0
2026-03-01,Automobile_Trade_Repair,free,persona_x_initial_plan,Total revenue,1991.21035029259810932197,59.97804454575332191100,3.01
2026-03-01,Automobile_Trade_Repair,plus,persona_x_initial_plan,Banking fees,324.24000000000000000000,0.00000000000000000000,0.0
2026-03-01,Automobile_Trade_Repair,plus,persona_x_initial_plan,Deposit interest,1779.61885829369883654683,0.61613876657534246500,0.03
2026-03-01,Automobile_Trade_Repair,plus,persona_x_initial_plan,Interchange,6277.46280119997543844000,21.34135799999991800000,0.34
2026-03-01,Automobile_Trade_Repair,plus,persona_x_initial_plan,Subscription,2393.95833333300000000000,50.00000000000000000000,2.09
2026-03-01,Automobile_Trade_Repair,plus,persona_x_initial_plan,Total revenue,10775.27999282667427498683,71.95749676657526046500,0.67
2026-03-01,Automobile_Trade_Repair,start,persona_x_initial_plan,Banking fees,989.50000000000000900000,0.00000000000000000000,0.0
2026-03-01,Automobile_Trade_Repair,start,persona_x_initial_plan,Deposit interest,985.00627926630148666083,6.78032598465753560200,0.69
2026-03-01,Automobile_Trade_Repair,start,persona_x_initial_plan,Interchange,6278.35091219997484718400,4.73529599999998130000,0.08
2026-03-01,Automobile_Trade_Repair,start,persona_x_initial_plan,Subscription,1989.79500000000000000000,44.00000000000000000000,2.21
2026-03-01,Automobile_Trade_Repair,start,persona_x_initial_plan,Total revenue,10242.65219146627634284483,55.51562198465751690200,0.54
2026-03-01,BTP,business,persona_x_initial_plan,Banking fees,24.00000000000000000000,0.00000000000000000000,0.0
2026-03-01,BTP,business,persona_x_initial_plan,Deposit interest,1049.01269836986314992519,1.22682959068493157279,0.12
2026-03-01,BTP,business,persona_x_initial_plan,Interchange,8749.66474619996396665000,0.34199999999999864000,0.0
2026-03-01,BTP,business,persona_x_initial_plan,Subscription,4122.62500000000000000000,240.00000000000000000000,5.82
2026-03-01,BTP,business,persona_x_initial_plan,Total revenue,13945.30244456982711657519,241.56882959068493021279,1.73
2026-03-01,BTP,free,persona_x_initial_plan,Banking fees,1441.16000000000000000000,28.40000000000000000000,1.97
2026-03-01,BTP,free,persona_x_initial_plan,Deposit interest,16366.64187882411101848034,105.88027491726028092992,0.65
2026-03-01,BTP,free,persona_x_initial_plan,Interchange,8419.39607879996687382900,8.12649599999996800000,0.1
2026-03-01,BTP,free,persona_x_initial_plan,Subscription,391.80981165999999900000,0.00000000000000000000,0.0
2026-03-01,BTP,free,persona_x_initial_plan,Total revenue,26619.00776928407789130934,142.40677091726024892992,0.53
2026-03-01,BTP,plus,persona_x_initial_plan,Banking fees,741.52000000000000000000,0.00000000000000000000,0.0
2026-03-01,BTP,plus,persona_x_initial_plan,Deposit interest,4728.20787999178158613434,12.85209801150684862392,0.27
2026-03-01,BTP,plus,persona_x_initial_plan,Interchange,26737.37744579989484775500,1001.95864199999604232000,3.75
2026-03-01,BTP,plus,persona_x_initial_plan,Subscription,8646.59499999800000000000,300.00000000000000000000,3.47
2026-03-01,BTP,plus,persona_x_initial_plan,Total revenue,40853.70032578967643388934,1314.81074001150289094392,3.22
2026-03-01,BTP,start,persona_x_initial_plan,Banking fees,1465.80000000000000071800,1.28000000000000071800,0.09
2026-03-01,BTP,start,persona_x_initial_plan,Deposit interest,10626.52739237808314423890,99.84063276219178792730,0.94
2026-03-01,BTP,start,persona_x_initial_plan,Interchange,22494.11264819991159704200,364.39772759999857259000,1.62
2026-03-01,BTP,start,persona_x_initial_plan,Subscription,8038.17480263200000000000,194.00000000000000000000,2.41
2026-03-01,BTP,start,persona_x_initial_plan,Total revenue,42624.61484320999474199890,659.51836036219036123530,1.55
2026-03-01,Bankers_Insurance,business,persona_x_initial_plan,Banking fees,,,
2026-03-01,Bankers_Insurance,business,persona_x_initial_plan,Deposit interest,,,
2026-03-01,Bankers_Insurance,business,persona_x_initial_plan,Interchange,,,
2026-03-01,Bankers_Insurance,business,persona_x_initial_plan,Subscription,,,
2026-03-01,Bankers_Insurance,business,persona_x_initial_plan,Total revenue,,,
2026-03-01,Bankers_Insurance,free,persona_x_initial_plan,Banking fees,177.20000000000000000000,0.00000000000000000000,0.0
2026-03-01,Bankers_Insurance,free,persona_x_initial_plan,Deposit interest,3265.73863705150765104512,10.95674308602739856000,0.34
2026-03-01,Bankers_Insurance,free,persona_x_initial_plan,Interchange,271.48205699999892714000,0.00000000000000000000,0.0
2026-03-01,Bankers_Insurance,free,persona_x_initial_plan,Subscription,9.00000000000000000000,0.00000000000000000000,0.0
2026-03-01,Bankers_Insurance,free,persona_x_initial_plan,Total revenue,3723.42069405150657818512,10.95674308602739856000,0.29
2026-03-01,Bankers_Insurance,plus,persona_x_initial_plan,Banking fees,0.78000000000000000000,,
2026-03-01,Bankers_Insurance,plus,persona_x_initial_plan,Deposit interest,508.24125653534246490000,,
2026-03-01,Bankers_Insurance,plus,persona_x_initial_plan,Interchange,818.88720839999664070000,,
2026-03-01,Bankers_Insurance,plus,persona_x_initial_plan,Subscription,145.00000000000000000000,,
2026-03-01,Bankers_Insurance,plus,persona_x_initial_plan,Total revenue,1472.90846493533910560000,,
2026-03-01,Bankers_Insurance,start,persona_x_initial_plan,Banking fees,163.74000000000000000000,,
2026-03-01,Bankers_Insurance,start,persona_x_initial_plan,Deposit interest,952.15389652821923255402,,
2026-03-01,Bankers_Insurance,start,persona_x_initial_plan,Interchange,286.72988399999888055000,,
2026-03-01,Bankers_Insurance,start,persona_x_initial_plan,Subscription,623.37500000000000000000,,
2026-03-01,Bankers_Insurance,start,persona_x_initial_plan,Total revenue,2025.99878052821811310402,,
2026-03-01,Bikers_Drivers,business,persona_x_initial_plan,Banking fees,1810.64000000000000000000,0.00000000000000000000,0.0
2026-03-01,Bikers_Drivers,business,persona_x_initial_plan,Deposit interest,435.74466589917807513610,0.17064862794520551180,0.04
2026-03-01,Bikers_Drivers,business,persona_x_initial_plan,Interchange,1641.25124999999356600200,14.70306599999994300000,0.9
2026-03-01,Bikers_Drivers,business,persona_x_initial_plan,Subscription,1225.00000000000000000000,80.00000000000000000000,6.53
2026-03-01,Bikers_Drivers,business,persona_x_initial_plan,Total revenue,5112.63591589917164113810,94.87371462794514851180,1.86
2026-03-01,Bikers_Drivers,free,persona_x_initial_plan,Banking fees,950.92000000000000000000,16.00000000000000000000,1.68
2026-03-01,Bikers_Drivers,free,persona_x_initial_plan,Deposit interest,514.64357590520551900092,6.73387692219178158395,1.31
2026-03-01,Bikers_Drivers,free,persona_x_initial_plan,Interchange,1510.24589459999408587500,10.19120399999995840000,0.67
2026-03-01,Bikers_Drivers,free,persona_x_initial_plan,Subscription,112.80000000000000000000,0.00000000000000000000,0.0
2026-03-01,Bikers_Drivers,free,persona_x_initial_plan,Total revenue,3088.60947050519960487592,32.92508092219173998395,1.07
2026-03-01,Bikers_Drivers,plus,persona_x_initial_plan,Banking fees,416.48000000000000000000,0.00000000000000000000,0.0
2026-03-01,Bikers_Drivers,plus,persona_x_initial_plan,Deposit interest,572.22977452931513231348,0.03556287123287671300,0.01
2026-03-01,Bikers_Drivers,plus,persona_x_initial_plan,Interchange,2560.16946599999012568000,0.66153599999999735000,0.03
2026-03-01,Bikers_Drivers,plus,persona_x_initial_plan,Subscription,2218.84166666600000000000,75.00000000000000000000,3.38
2026-03-01,Bikers_Drivers,plus,persona_x_initial_plan,Total revenue,5767.72090719530525799348,75.69709887123287406300,1.31
2026-03-01,Bikers_Drivers,start,persona_x_initial_plan,Banking fees,548.92000000000000007100,134.68000000000000007100,24.54
2026-03-01,Bikers_Drivers,start,persona_x_initial_plan,Deposit interest,909.83692842136993906256,5.63933197260274079833,0.62
2026-03-01,Bikers_Drivers,start,persona_x_initial_plan,Interchange,3969.56169179998431287400,275.55024599999893460400,6.94
2026-03-01,Bikers_Drivers,start,persona_x_initial_plan,Subscription,2574.96875000000000000000,135.00000000000000000000,5.24
2026-03-01,Bikers_Drivers,start,persona_x_initial_plan,Total revenue,8003.28737022135425200756,550.86957797260167547333,6.88
2026-03-01,Cleaning_CallCenters,business,persona_x_initial_plan,Banking fees,0.00000000000000000000,,
2026-03-01,Cleaning_CallCenters,business,persona_x_initial_plan,Deposit interest,6.42216385808219133000,,
2026-03-01,Cleaning_CallCenters,business,persona_x_initial_plan,Interchange,0.56429999999999780000,,
2026-03-01,Cleaning_CallCenters,business,persona_x_initial_plan,Subscription,80.00000000000000000000,,
2026-03-01,Cleaning_CallCenters,business,persona_x_initial_plan,Total revenue,86.98646385808218913000,,
2026-03-01,Cleaning_CallCenters,free,persona_x_initial_plan,Banking fees,15.08000000000000000000,0.00000000000000000000,0.0
2026-03-01,Cleaning_CallCenters,free,persona_x_initial_plan,Deposit interest,57.18088745698630551900,0.05515068493150685600,0.1
2026-03-01,Cleaning_CallCenters,free,persona_x_initial_plan,Interchange,38.19936599999985133000,0.00000000000000000000,0.0
2026-03-01,Cleaning_CallCenters,free,persona_x_initial_plan,Subscription,0.00000000000000000000,0.00000000000000000000,
2026-03-01,Cleaning_CallCenters,free,persona_x_initial_plan,Total revenue,110.46025345698615684900,0.05515068493150685600,0.05
2026-03-01,Cleaning_CallCenters,plus,persona_x_initial_plan,Banking fees,45.87999999999999900000,,
2026-03-01,Cleaning_CallCenters,plus,persona_x_initial_plan,Deposit interest,430.97856177205485176640,,
2026-03-01,Cleaning_CallCenters,plus,persona_x_initial_plan,Interchange,232.77862259999907200000,,
2026-03-01,Cleaning_CallCenters,plus,persona_x_initial_plan,Subscription,259.21875000000000000000,,
2026-03-01,Cleaning_CallCenters,plus,persona_x_initial_plan,Total revenue,968.85593437205392276640,,
2026-03-01,Cleaning_CallCenters,start,persona_x_initial_plan,Banking fees,0.00000000000000000000,,
2026-03-01,Cleaning_CallCenters,start,persona_x_initial_plan,Deposit interest,48.68916269534247101850,,
2026-03-01,Cleaning_CallCenters,start,persona_x_initial_plan,Interchange,241.04050199999904820000,,
2026-03-01,Cleaning_CallCenters,start,persona_x_initial_plan,Subscription,202.84375000000000000000,,
2026-03-01,Cleaning_CallCenters,start,persona_x_initial_plan,Total revenue,492.57341469534151921850,,
2026-03-01,Consultant,business,persona_x_initial_plan,Banking fees,3.28000000000000000000,0.00000000000000000000,0.0
2026-03-01,Consultant,business,persona_x_initial_plan,Deposit interest,130.44439387452055958700,22.48948850301370059000,17.24
2026-03-01,Consultant,business,persona_x_initial_plan,Interchange,748.27807199999703944000,0.00000000000000000000,0.0
2026-03-01,Consultant,business,persona_x_initial_plan,Subscription,1040.00000000000000000000,80.00000000000000000000,7.69
2026-03-01,Consultant,business,persona_x_initial_plan,Total revenue,1922.00246587451759902700,102.48948850301370059000,5.33
2026-03-01,Consultant,free,persona_x_initial_plan,Banking fees,2187.20000000000000300000,32.00000000000000000000,1.46
2026-03-01,Consultant,free,persona_x_initial_plan,Deposit interest,10128.97635683397315825619,23.73339022410959035989,0.23
2026-03-01,Consultant,free,persona_x_initial_plan,Interchange,5274.28043999997927999000,69.06121199999973320000,1.31
2026-03-01,Consultant,free,persona_x_initial_plan,Subscription,370.95721653900000000000,0.00000000000000000000,0.0
2026-03-01,Consultant,free,persona_x_initial_plan,Total revenue,17961.41401337295244124619,124.79460222410932355989,0.69
2026-03-01,Consultant,plus,persona_x_initial_plan,Banking fees,1093.08000000000000000000,0.00000000000000000000,0.0
2026-03-01,Consultant,plus,persona_x_initial_plan,Deposit interest,3837.79296324328815626730,10.34791984164383647000,0.27
2026-03-01,Consultant,plus,persona_x_initial_plan,Interchange,5654.99459879997767103000,960.79044599999619000000,16.99
2026-03-01,Consultant,plus,persona_x_initial_plan,Subscription,3128.91458333100000000000,70.00000000000000000000,2.24
2026-03-01,Consultant,plus,persona_x_initial_plan,Total revenue,13714.78214537426582729730,1041.13836584164002647000,7.59
2026-03-01,Consultant,start,persona_x_initial_plan,Banking fees,3243.31999999999999810000,100.00000000000000000000,3.08
2026-03-01,Consultant,start,persona_x_initial_plan,Deposit interest,14193.15178837370001954893,9.55158919232876843551,0.07
2026-03-01,Consultant,start,persona_x_initial_plan,Interchange,14567.28301799994286226800,11.43323999999995463000,0.08
2026-03-01,Consultant,start,persona_x_initial_plan,Subscription,8473.94583333300000000000,121.00000000000000000000,1.43
2026-03-01,Consultant,start,persona_x_initial_plan,Total revenue,40477.70063970664287991693,241.98482919232872306551,0.6
2026-03-01,Developer_IT,business,persona_x_initial_plan,Banking fees,0.00000000000000000000,0.00000000000000000000,
2026-03-01,Developer_IT,business,persona_x_initial_plan,Deposit interest,61.86955796876714289134,0.65508427397260272000,1.06
2026-03-01,Developer_IT,business,persona_x_initial_plan,Interchange,92.65647599999962127000,2.77498799999998890000,2.99
2026-03-01,Developer_IT,business,persona_x_initial_plan,Subscription,720.00000000000000000000,80.00000000000000000000,11.11
2026-03-01,Developer_IT,business,persona_x_initial_plan,Total revenue,874.52603396876676416134,83.43007227397259162000,9.54
2026-03-01,Developer_IT,free,persona_x_initial_plan,Banking fees,1733.06000000000000500000,268.76000000000000000000,15.51
2026-03-01,Developer_IT,free,persona_x_initial_plan,Deposit interest,5543.64952426684971109418,8.99921519945205506565,0.16
2026-03-01,Developer_IT,free,persona_x_initial_plan,Interchange,2691.52536419998940460100,107.60209379999957400000,4.0
2026-03-01,Developer_IT,free,persona_x_initial_plan,Subscription,126.72582880400000000000,21.65000000000000000000,17.08
2026-03-01,Developer_IT,free,persona_x_initial_plan,Total revenue,10094.96071727083912069518,407.01130899945162906565,4.03
2026-03-01,Developer_IT,plus,persona_x_initial_plan,Banking fees,49.06000000000000000000,0.00000000000000000000,0.0
2026-03-01,Developer_IT,plus,persona_x_initial_plan,Deposit interest,1410.03424160821929658760,30.04946399780822240700,2.13
2026-03-01,Developer_IT,plus,persona_x_initial_plan,Interchange,1586.11526099999376843000,6.37829999999997480000,0.4
2026-03-01,Developer_IT,plus,persona_x_initial_plan,Subscription,1513.59791666600000000000,75.00000000000000000000,4.96
2026-03-01,Developer_IT,plus,persona_x_initial_plan,Total revenue,4558.80741927421306501760,111.42776399780819720700,2.44
2026-03-01,Developer_IT,start,persona_x_initial_plan,Banking fees,2882.69999999999999840000,0.00000000000000000000,0.0
2026-03-01,Developer_IT,start,persona_x_initial_plan,Deposit interest,6282.25303279945268918516,62.42535126904110901478,0.99
2026-03-01,Developer_IT,start,persona_x_initial_plan,Interchange,4453.76346119998240217000,2.54699999999998990000,0.06
2026-03-01,Developer_IT,start,persona_x_initial_plan,Subscription,4157.22279411800000000000,94.93750000000000000000,2.28
2026-03-01,Developer_IT,start,persona_x_initial_plan,Total revenue,17775.93928811743508975516,159.90985126904109891478,0.9
2026-03-01,Media_Publishing,business,persona_x_initial_plan,Banking fees,0.00000000000000000000,,
2026-03-01,Media_Publishing,business,persona_x_initial_plan,Deposit interest,4.94215130465753381000,,
2026-03-01,Media_Publishing,business,persona_x_initial_plan,Interchange,66.57546599999973615000,,
2026-03-01,Media_Publishing,business,persona_x_initial_plan,Subscription,80.00000000000000000000,,
2026-03-01,Media_Publishing,business,persona_x_initial_plan,Total revenue,151.51761730465726996000,,
2026-03-01,Media_Publishing,free,persona_x_initial_plan,Banking fees,494.94000000000000000000,2.40000000000000000000,0.48
2026-03-01,Media_Publishing,free,persona_x_initial_plan,Deposit interest,767.03154914630140291203,1.63969101698630154186,0.21
2026-03-01,Media_Publishing,free,persona_x_initial_plan,Interchange,1088.42793839999574033600,1.78547399999999290000,0.16
2026-03-01,Media_Publishing,free,persona_x_initial_plan,Subscription,40.51750000000000000000,0.00000000000000000000,0.0
2026-03-01,Media_Publishing,free,persona_x_initial_plan,Total revenue,2390.91698754629714324803,5.82516501698629444186,0.24
2026-03-01,Media_Publishing,plus,persona_x_initial_plan,Banking fees,758.14000000000000000000,0.00000000000000000000,0.0
2026-03-01,Media_Publishing,plus,persona_x_initial_plan,Deposit interest,1207.83530238630142458186,0.00046524054794520550,0.0
2026-03-01,Media_Publishing,plus,persona_x_initial_plan,Interchange,1026.62528759999596490000,0.00000000000000000000,0.0
2026-03-01,Media_Publishing,plus,persona_x_initial_plan,Subscription,545.00000000000000000000,0.00000000000000000000,0.0
2026-03-01,Media_Publishing,plus,persona_x_initial_plan,Total revenue,3537.60058998629738948186,0.00046524054794520550,0.0
2026-03-01,Media_Publishing,start,persona_x_initial_plan,Banking fees,230.76000000000000000000,4.00000000000000000000,1.73
2026-03-01,Media_Publishing,start,persona_x_initial_plan,Deposit interest,2892.24887265753464825601,0.03342667945205479942,0.0
2026-03-01,Media_Publishing,start,persona_x_initial_plan,Interchange,2521.66063499999003984700,0.00000000000000000000,0.0
2026-03-01,Media_Publishing,start,persona_x_initial_plan,Subscription,1770.86187500000000000000,6.75000000000000000000,0.38
2026-03-01,Media_Publishing,start,persona_x_initial_plan,Total revenue,7415.53138265752468810301,10.78342667945205479942,0.15
2026-03-01,Medical_Professionals,free,persona_x_initial_plan,Banking fees,103.62000000000000000000,,
2026-03-01,Medical_Professionals,free,persona_x_initial_plan,Deposit interest,528.19298361260280209318,,
2026-03-01,Medical_Professionals,free,persona_x_initial_plan,Interchange,457.99012799999820341000,,
2026-03-01,Medical_Professionals,free,persona_x_initial_plan,Subscription,6.79000000000000000000,,
2026-03-01,Medical_Professionals,free,persona_x_initial_plan,Total revenue,1096.59311161260100550318,,
2026-03-01,Medical_Professionals,plus,persona_x_initial_plan,Banking fees,70.86000000000000000000,0.00000000000000000000,0.0
2026-03-01,Medical_Professionals,plus,persona_x_initial_plan,Deposit interest,368.90789444876713228757,0.01323726027397260400,0.0
2026-03-01,Medical_Professionals,plus,persona_x_initial_plan,Interchange,1136.36975399999552810000,0.00000000000000000000,0.0
2026-03-01,Medical_Professionals,plus,persona_x_initial_plan,Subscription,156.25000000000000000000,0.00000000000000000000,0.0
2026-03-01,Medical_Professionals,plus,persona_x_initial_plan,Total revenue,1732.38764844876266038757,0.01323726027397260400,0.0
2026-03-01,Medical_Professionals,start,persona_x_initial_plan,Banking fees,137.96000000000000000000,0.00000000000000000000,0.0
2026-03-01,Medical_Professionals,start,persona_x_initial_plan,Deposit interest,546.16155838356173815530,0.01985643835616438700,0.0
2026-03-01,Medical_Professionals,start,persona_x_initial_plan,Interchange,506.35916999999801103000,0.00000000000000000000,0.0
2026-03-01,Medical_Professionals,start,persona_x_initial_plan,Subscription,618.87500000000000000000,0.00000000000000000000,0.0
2026-03-01,Medical_Professionals,start,persona_x_initial_plan,Total revenue,1809.35572838355974918530,0.01985643835616438700,0.0
2026-03-01,Others,business,persona_x_initial_plan,Banking fees,144.98000000000000000000,17.92000000000000000000,12.36
2026-03-01,Others,business,persona_x_initial_plan,Deposit interest,363.24621055178086916560,0.36871373424657532600,0.1
2026-03-01,Others,business,persona_x_initial_plan,Interchange,1856.67867719999249297300,0.73085399999999712000,0.04
2026-03-01,Others,business,persona_x_initial_plan,Subscription,1636.00000000000000000000,160.00000000000000000000,9.78
2026-03-01,Others,business,persona_x_initial_plan,Total revenue,4000.90488775177336213860,179.01956773424657244600,4.47
2026-03-01,Others,free,persona_x_initial_plan,Banking fees,1777.18000000000000500000,10.40000000000000000000,0.59
2026-03-01,Others,free,persona_x_initial_plan,Deposit interest,3114.60871191835647944248,12.08952376164383658869,0.39
2026-03-01,Others,free,persona_x_initial_plan,Interchange,5048.95304339998011852000,26.87918399999989346000,0.53
2026-03-01,Others,free,persona_x_initial_plan,Subscription,432.17555555599999900000,23.87999999999999900000,5.53
2026-03-01,Others,free,persona_x_initial_plan,Total revenue,10372.91731087433660196248,73.24870776164372904869,0.71
2026-03-01,Others,plus,persona_x_initial_plan,Banking fees,1059.40000000000000000000,7.76000000000000000000,0.73
2026-03-01,Others,plus,persona_x_initial_plan,Deposit interest,2769.86136790356184679911,32.73182449479452626168,1.18
2026-03-01,Others,plus,persona_x_initial_plan,Interchange,8095.47344099996847530300,58.10907599999977462000,0.72
2026-03-01,Others,plus,persona_x_initial_plan,Subscription,4852.59999999900000000000,150.00000000000000000000,3.09
2026-03-01,Others,plus,persona_x_initial_plan,Total revenue,16777.33480890253032210211,248.60090049479430088168,1.48
2026-03-01,Others,start,persona_x_initial_plan,Banking fees,2320.75999999999999970000,7.28000000000000000000,0.31
2026-03-01,Others,start,persona_x_initial_plan,Deposit interest,5652.11243042958948362184,51.05197254575341904000,0.9
2026-03-01,Others,start,persona_x_initial_plan,Interchange,11139.87283919995599482500,800.07973199999683424000,7.18
2026-03-01,Others,start,persona_x_initial_plan,Subscription,7386.41275416699999800000,233.62500000000000000000,3.16
2026-03-01,Others,start,persona_x_initial_plan,Total revenue,26499.15802379654547614684,1092.03670454575025328000,4.12
2026-03-01,Professeur,business,persona_x_initial_plan,Banking fees,0.00000000000000000000,0.00000000000000000000,
2026-03-01,Professeur,business,persona_x_initial_plan,Deposit interest,40.34913928109589718600,0.01347494849315068600,0.03
2026-03-01,Professeur,business,persona_x_initial_plan,Interchange,80.65994399999966232000,0.17099999999999932000,0.21
2026-03-01,Professeur,business,persona_x_initial_plan,Subscription,160.00000000000000000000,80.00000000000000000000,50.0
2026-03-01,Professeur,business,persona_x_initial_plan,Total revenue,281.00908328109555950600,80.18447494849315000600,28.53
2026-03-01,Professeur,free,persona_x_initial_plan,Banking fees,441.62000000000000000000,8.00000000000000000000,1.81
2026-03-01,Professeur,free,persona_x_initial_plan,Deposit interest,555.09922686027404567295,1.12371286849315060090,0.2
2026-03-01,Professeur,free,persona_x_initial_plan,Interchange,767.00968559999695641000,2.88907199999998847000,0.38
2026-03-01,Professeur,free,persona_x_initial_plan,Subscription,148.67000000000000000000,0.00000000000000000000,0.0
2026-03-01,Professeur,free,persona_x_initial_plan,Total revenue,1912.39891246027100208295,12.01278486849313907090,0.63
2026-03-01,Professeur,plus,persona_x_initial_plan,Banking fees,53.34000000000000000000,0.00000000000000000000,0.0
2026-03-01,Professeur,plus,persona_x_initial_plan,Deposit interest,457.47145211561643069450,3.97397167232876700000,0.87
2026-03-01,Professeur,plus,persona_x_initial_plan,Interchange,1342.21026599999487220000,596.27161799999772000000,44.42
2026-03-01,Professeur,plus,persona_x_initial_plan,Subscription,410.00000000000000000000,25.00000000000000000000,6.1
2026-03-01,Professeur,plus,persona_x_initial_plan,Total revenue,2263.02171811561130289450,625.24558967232648700000,27.63
2026-03-01,Professeur,start,persona_x_initial_plan,Banking fees,945.46000000000000000000,0.00000000000000000000,0.0
2026-03-01,Professeur,start,persona_x_initial_plan,Deposit interest,1547.68524534246581531633,1.21445620821917857600,0.08
2026-03-01,Professeur,start,persona_x_initial_plan,Interchange,2405.03315399999055795200,0.54685799999999785000,0.02
2026-03-01,Professeur,start,persona_x_initial_plan,Subscription,1634.59541666700000000000,33.00000000000000000000,2.02
2026-03-01,Professeur,start,persona_x_initial_plan,Total revenue,6532.77381600945637326833,34.76131420821917642600,0.53
2026-03-01,Repair,business,persona_x_initial_plan,Banking fees,,,
2026-03-01,Repair,business,persona_x_initial_plan,Deposit interest,,,
2026-03-01,Repair,business,persona_x_initial_plan,Interchange,,,
2026-03-01,Repair,business,persona_x_initial_plan,Subscription,,,
2026-03-01,Repair,business,persona_x_initial_plan,Total revenue,,,
2026-03-01,Repair,free,persona_x_initial_plan,Banking fees,69.99999999999999700000,16.00000000000000000000,22.86
2026-03-01,Repair,free,persona_x_initial_plan,Deposit interest,73.63207827342465940030,5.08407392109589184200,6.9
2026-03-01,Repair,free,persona_x_initial_plan,Interchange,209.97152999999918324000,0.57599999999999774000,0.27
2026-03-01,Repair,free,persona_x_initial_plan,Subscription,60.13000000000000000000,0.00000000000000000000,0.0
2026-03-01,Repair,free,persona_x_initial_plan,Total revenue,413.73360827342383964030,21.66007392109588958200,5.24
2026-03-01,Repair,plus,persona_x_initial_plan,Banking fees,0.30000000000000000000,0.00000000000000000000,0.0
2026-03-01,Repair,plus,persona_x_initial_plan,Deposit interest,5.68958528876712320200,0.09153534246575344100,1.61
2026-03-01,Repair,plus,persona_x_initial_plan,Interchange,137.01772619999945700000,0.00000000000000000000,0.0
2026-03-01,Repair,plus,persona_x_initial_plan,Subscription,125.53125000000000000000,25.00000000000000000000,19.92
2026-03-01,Repair,plus,persona_x_initial_plan,Total revenue,268.53856148876658020200,25.09153534246575344100,9.34
2026-03-01,Repair,start,persona_x_initial_plan,Banking fees,172.70000000000000000000,0.00000000000000000000,0.0
2026-03-01,Repair,start,persona_x_initial_plan,Deposit interest,104.41453269369863821430,0.05441800328767124700,0.05
2026-03-01,Repair,start,persona_x_initial_plan,Interchange,195.42542399999923433500,0.00000000000000000000,0.0
2026-03-01,Repair,start,persona_x_initial_plan,Subscription,302.00000000000000000000,11.00000000000000000000,3.64
2026-03-01,Repair,start,persona_x_initial_plan,Total revenue,774.53995669369787254930,11.05441800328767124700,1.43
2026-03-01,Repair_Installation,business,persona_x_initial_plan,Banking fees,,,
2026-03-01,Repair_Installation,business,persona_x_initial_plan,Deposit interest,,,
2026-03-01,Repair_Installation,business,persona_x_initial_plan,Interchange,,,
2026-03-01,Repair_Installation,business,persona_x_initial_plan,Subscription,,,
2026-03-01,Repair_Installation,business,persona_x_initial_plan,Total revenue,,,
2026-03-01,Repair_Installation,free,persona_x_initial_plan,Banking fees,11.20000000000000000000,,
2026-03-01,Repair_Installation,free,persona_x_initial_plan,Deposit interest,59.80714031232877592000,,
2026-03-01,Repair_Installation,free,persona_x_initial_plan,Interchange,276.33842999999891800000,,
2026-03-01,Repair_Installation,free,persona_x_initial_plan,Subscription,11.00000000000000000000,,
2026-03-01,Repair_Installation,free,persona_x_initial_plan,Total revenue,358.34557031232769392000,,
2026-03-01,Repair_Installation,plus,persona_x_initial_plan,Banking fees,0.00000000000000000000,,
2026-03-01,Repair_Installation,plus,persona_x_initial_plan,Deposit interest,51.94850665863014691000,,
2026-03-01,Repair_Installation,plus,persona_x_initial_plan,Interchange,298.11922199999892100000,,
2026-03-01,Repair_Installation,plus,persona_x_initial_plan,Subscription,95.00000000000000000000,,
2026-03-01,Repair_Installation,plus,persona_x_initial_plan,Total revenue,445.06772865862906791000,,
2026-03-01,Repair_Installation,start,persona_x_initial_plan,Banking fees,0.00000000000000000000,,
2026-03-01,Repair_Installation,start,persona_x_initial_plan,Deposit interest,192.25207977643836134500,,
2026-03-01,Repair_Installation,start,persona_x_initial_plan,Interchange,267.92771399999895903000,,
2026-03-01,Repair_Installation,start,persona_x_initial_plan,Subscription,143.00000000000000000000,,
2026-03-01,Repair_Installation,start,persona_x_initial_plan,Total revenue,603.17979377643732037500,,
2026-03-01,Restauration,business,persona_x_initial_plan,Banking fees,0.00000000000000000000,,
2026-03-01,Restauration,business,persona_x_initial_plan,Deposit interest,0.07758101041095890000,,
2026-03-01,Restauration,business,persona_x_initial_plan,Interchange,0.00000000000000000000,,
2026-03-01,Restauration,business,persona_x_initial_plan,Subscription,80.00000000000000000000,,
2026-03-01,Restauration,business,persona_x_initial_plan,Total revenue,80.07758101041095890000,,
2026-03-01,Restauration,free,persona_x_initial_plan,Banking fees,167.55999999999999800000,0.00000000000000000000,0.0
2026-03-01,Restauration,free,persona_x_initial_plan,Deposit interest,375.48033689589044570792,0.45578669589041103900,0.12
2026-03-01,Restauration,free,persona_x_initial_plan,Interchange,1792.75952519999295372000,0.00000000000000000000,0.0
2026-03-01,Restauration,free,persona_x_initial_plan,Subscription,150.03000000000000000000,0.00000000000000000000,0.0
2026-03-01,Restauration,free,persona_x_initial_plan,Total revenue,2485.82986209588339742792,0.45578669589041103900,0.02
2026-03-01,Restauration,plus,persona_x_initial_plan,Banking fees,14.10000000000000000000,0.00000000000000000000,0.0
2026-03-01,Restauration,plus,persona_x_initial_plan,Deposit interest,369.99883690739733161568,0.39698630136986300000,0.11
2026-03-01,Restauration,plus,persona_x_initial_plan,Interchange,3823.37719739998502194000,0.00000000000000000000,0.0
2026-03-01,Restauration,plus,persona_x_initial_plan,Subscription,1242.56666666600000000000,25.00000000000000000000,2.01
2026-03-01,Restauration,plus,persona_x_initial_plan,Total revenue,5450.04270097338235355568,25.39698630136986300000,0.47
2026-03-01,Restauration,start,persona_x_initial_plan,Banking fees,337.18000000000000000000,-4.00000000000000000000,-1.19
2026-03-01,Restauration,start,persona_x_initial_plan,Deposit interest,832.20267763561651482363,0.00981257863013698773,0.0
2026-03-01,Restauration,start,persona_x_initial_plan,Interchange,3364.90223399998678171000,0.87209999999999660000,0.03
2026-03-01,Restauration,start,persona_x_initial_plan,Subscription,1192.21875000000000000000,22.00000000000000000000,1.85
2026-03-01,Restauration,start,persona_x_initial_plan,Total revenue,5726.50366163560329653363,18.88191257863013358773,0.33
2026-03-01,Retail,business,persona_x_initial_plan,Banking fees,21.20000000000000000000,0.00000000000000000000,0.0
2026-03-01,Retail,business,persona_x_initial_plan,Deposit interest,89.29875696109590091545,5.99637566136986181100,6.71
2026-03-01,Retail,business,persona_x_initial_plan,Interchange,1474.04993219999410660000,703.90744199999723610000,47.75
2026-03-01,Retail,business,persona_x_initial_plan,Subscription,1120.00000000000000000000,80.00000000000000000000,7.14
2026-03-01,Retail,business,persona_x_initial_plan,Total revenue,2704.54868916109000751545,789.90381766136709791100,29.21
2026-03-01,Retail,free,persona_x_initial_plan,Banking fees,2876.47999999999999780000,55.05999999999999940000,1.91
2026-03-01,Retail,free,persona_x_initial_plan,Deposit interest,2285.04896389095908470220,24.52170339616438754575,1.07
2026-03-01,Retail,free,persona_x_initial_plan,Interchange,5066.72249219998012467333,239.62571999999896622000,4.73
2026-03-01,Retail,free,persona_x_initial_plan,Subscription,255.54271739100000000000,0.00000000000000000000,0.0
2026-03-01,Retail,free,persona_x_initial_plan,Total revenue,10483.79417348193920717553,319.20742339616335316575,3.04
2026-03-01,Retail,plus,persona_x_initial_plan,Banking fees,110.58000000000000000000,0.00000000000000000000,0.0
2026-03-01,Retail,plus,persona_x_initial_plan,Deposit interest,2221.62222823287688253390,9.86121007780822004229,0.44
2026-03-01,Retail,plus,persona_x_initial_plan,Interchange,8703.17200439996498027400,741.63023099999703000000,8.52
2026-03-01,Retail,plus,persona_x_initial_plan,Subscription,3680.90593749800000000000,175.00000000000000000000,4.75
2026-03-01,Retail,plus,persona_x_initial_plan,Total revenue,14716.28017013084186280790,926.49144107780525004229,6.3
2026-03-01,Retail,start,persona_x_initial_plan,Banking fees,4187.37999999999999900000,143.60000000000000000000,3.43
2026-03-01,Retail,start,persona_x_initial_plan,Deposit interest,8214.23008428000059525051,77.62261707616441524006,0.94
2026-03-01,Retail,start,persona_x_initial_plan,Interchange,12354.94462859995126609000,107.67824999999956594200,0.87
2026-03-01,Retail,start,persona_x_initial_plan,Subscription,6546.71416666600000000000,221.00000000000000000000,3.38
2026-03-01,Retail,start,persona_x_initial_plan,Total revenue,31303.26887954595186034051,549.90086707616398118206,1.76
2026-03-01,Wholesale,business,persona_x_initial_plan,Banking fees,628.24000000000000000000,0.00000000000000000000,0.0
2026-03-01,Wholesale,business,persona_x_initial_plan,Deposit interest,153.20711935945204417100,0.64216928986301380000,0.42
2026-03-01,Wholesale,business,persona_x_initial_plan,Interchange,221.06593799999918100000,39.05013599999984600000,17.66
2026-03-01,Wholesale,business,persona_x_initial_plan,Subscription,880.00000000000000000000,80.00000000000000000000,9.09
2026-03-01,Wholesale,business,persona_x_initial_plan,Total revenue,1882.51305735945122517100,119.69230528986285980000,6.36
2026-03-01,Wholesale,free,persona_x_initial_plan,Banking fees,130.94000000000000000000,0.00000000000000000000,0.0
2026-03-01,Wholesale,free,persona_x_initial_plan,Deposit interest,850.63539094301382808120,1.35539822904109648650,0.16
2026-03-01,Wholesale,free,persona_x_initial_plan,Interchange,295.47786599999883036400,0.00000000000000000000,0.0
2026-03-01,Wholesale,free,persona_x_initial_plan,Subscription,53.46750000000000000000,0.00000000000000000000,0.0
2026-03-01,Wholesale,free,persona_x_initial_plan,Total revenue,1330.52075694301265844520,1.35539822904109648650,0.1
2026-03-01,Wholesale,plus,persona_x_initial_plan,Banking fees,50.70000000000000200000,0.00000000000000000000,0.0
2026-03-01,Wholesale,plus,persona_x_initial_plan,Deposit interest,1004.11593922465764592510,1.71104895342465780000,0.17
2026-03-01,Wholesale,plus,persona_x_initial_plan,Interchange,3784.09996979998513403000,138.43616399999945000000,3.66
2026-03-01,Wholesale,plus,persona_x_initial_plan,Subscription,1238.50000000000000000000,0.00000000000000000000,0.0
2026-03-01,Wholesale,plus,persona_x_initial_plan,Total revenue,6077.41590902464278195510,140.14721295342410780000,2.31
2026-03-01,Wholesale,start,persona_x_initial_plan,Banking fees,146.46000000000000000000,0.00000000000000000000,0.0
2026-03-01,Wholesale,start,persona_x_initial_plan,Deposit interest,2065.33525722356187587530,13.21929090410959123370,0.64
2026-03-01,Wholesale,start,persona_x_initial_plan,Interchange,2364.09424919999077314000,0.19709999999999922000,0.01
2026-03-01,Wholesale,start,persona_x_initial_plan,Subscription,1288.94000000000000000000,33.00000000000000000000,2.56
2026-03-01,Wholesale,start,persona_x_initial_plan,Total revenue,5864.82950642355264901530,46.41639090410959045370,0.79
2026-04-01,ALL,business,initial_plan,Banking fees,2559.51999999999999910000,12.73999999999999910000,0.5
2026-04-01,ALL,business,initial_plan,Deposit interest,3325.03873617150712764930,135.43223017698631509791,4.07
2026-04-01,ALL,business,initial_plan,Interchange,14586.47917379993016811100,487.61611199999773569000,3.34
2026-04-01,ALL,business,initial_plan,Subscription,14684.00000000000000000000,1051.00000000000000000000,7.16
2026-04-01,ALL,business,initial_plan,Total revenue,35155.03790997143729486030,1686.78834217698404988791,4.8
2026-04-01,ALL,free,initial_plan,Banking fees,17104.59999999999999980000,772.33999999999999600000,4.52
2026-04-01,ALL,free,initial_plan,Deposit interest,60526.02330306411276023714,443.12447303616442110236,0.73
2026-04-01,ALL,free,initial_plan,Interchange,37950.05569679981568725500,444.71192399999785592000,1.17
2026-04-01,ALL,free,initial_plan,Subscription,3018.40513677500000000000,137.51000000000000000000,4.56
2026-04-01,ALL,free,initial_plan,Total revenue,118599.08413663892844729214,1797.68639703616227302236,1.52
2026-04-01,ALL,plus,initial_plan,Banking fees,11444.73999999999999640000,-7.42000000000000000000,-0.06
2026-04-01,ALL,plus,initial_plan,Deposit interest,27387.08392877479623891807,48.32736030082192749683,0.18
2026-04-01,ALL,plus,initial_plan,Interchange,72563.67731339964631118100,422.37358199999795423600,0.58
2026-04-01,ALL,plus,initial_plan,Subscription,38026.48029165600000000000,836.90000000000000000000,2.2
2026-04-01,ALL,plus,initial_plan,Total revenue,149421.98153383044254649907,1300.18094230081988173283,0.87
2026-04-01,ALL,start,initial_plan,Banking fees,22386.19999999999999850000,99.04000000000000000000,0.44
2026-04-01,ALL,start,initial_plan,Deposit interest,69991.99413187233319438937,350.04222891342466911755,0.5
2026-04-01,ALL,start,initial_plan,Interchange,90452.57862959956132796639,1239.43741739999404275000,1.37
2026-04-01,ALL,start,initial_plan,Subscription,59090.36007930299999600000,1271.15625000000000000000,2.15
2026-04-01,ALL,start,initial_plan,Total revenue,241921.13284077489451685576,2959.67589631341871186755,1.22
2026-04-01,ALL,ALL,overall,Banking fees,53495.05999999999999380000,876.69999999999999510000,1.64
2026-04-01,ALL,ALL,overall,Deposit interest,161230.14009988274932119388,976.92629242739733281465,0.61
2026-04-01,ALL,ALL,overall,Interchange,215552.79081359895349451339,2594.13903539998758859600,1.2
2026-04-01,ALL,ALL,overall,Subscription,114819.24550773399999600000,3296.56625000000000000000,2.87
2026-04-01,ALL,ALL,overall,Total revenue,545097.23642121570280550727,7744.33157782738491651065,1.42
2026-04-01,Automobile_Trade_Repair,ALL,persona,Banking fees,4690.42000000000000000000,34.26000000000000000000,0.73
2026-04-01,Automobile_Trade_Repair,ALL,persona,Deposit interest,4076.50275955561657214725,46.13881880000000253319,1.13
2026-04-01,Automobile_Trade_Repair,ALL,persona,Interchange,17106.31406879991607811000,705.22820999999661195400,4.12
2026-04-01,Automobile_Trade_Repair,ALL,persona,Subscription,6737.77204301000000000000,174.00000000000000000000,2.58
2026-04-01,Automobile_Trade_Repair,ALL,persona,Total revenue,32611.00887136553265025725,959.62702879999661448719,2.94
2026-04-01,BTP,ALL,persona,Banking fees,6798.73999999999999770000,39.20000000000000000000,0.58
2026-04-01,BTP,ALL,persona,Deposit interest,40115.34341564109785632574,322.98321855397263421201,0.81
2026-04-01,BTP,ALL,persona,Interchange,61038.88092539970569691700,732.29023799999655025000,1.2
2026-04-01,BTP,ALL,persona,Subscription,26852.17528985300000000000,646.42000000000000000000,2.41
2026-04-01,BTP,ALL,persona,Total revenue,134805.13963089380355094274,1740.89345655396918446201,1.29
2026-04-01,Bankers_Insurance,ALL,persona,Banking fees,570.47999999999999400000,0.00000000000000000000,0.0
2026-04-01,Bankers_Insurance,ALL,persona,Deposit interest,7811.68272218191863534197,18.35477091123286661820,0.23
2026-04-01,Bankers_Insurance,ALL,persona,Interchange,1801.20696479999107688400,1.31122799999999360000,0.07
2026-04-01,Bankers_Insurance,ALL,persona,Subscription,925.84375000000000000000,18.00000000000000000000,1.94
2026-04-01,Bankers_Insurance,ALL,persona,Total revenue,11109.21343698190970622597,37.66599891123286021820,0.34
2026-04-01,Bikers_Drivers,ALL,persona,Banking fees,3443.58000000000000700000,246.48000000000000000000,7.16
2026-04-01,Bikers_Drivers,ALL,persona,Deposit interest,2969.15270568547961318579,19.70346475068493298730,0.66
2026-04-01,Bikers_Drivers,ALL,persona,Interchange,11835.87046019994292367800,202.56528599999901202600,1.71
2026-04-01,Bikers_Drivers,ALL,persona,Subscription,7399.88041666600000000000,294.83750000000000000000,3.98
2026-04-01,Bikers_Drivers,ALL,persona,Total revenue,25648.48358255142254386379,763.58625075068394501330,2.98
2026-04-01,Cleaning_CallCenters,ALL,persona,Banking fees,70.26000000000000000000,-9.60000000000000000000,-13.66
2026-04-01,Cleaning_CallCenters,ALL,persona,Deposit interest,534.55741050410957467988,19.68492677972603022265,3.68
2026-04-01,Cleaning_CallCenters,ALL,persona,Interchange,577.97116199999720646500,40.09129199999980400000,6.94
2026-04-01,Cleaning_CallCenters,ALL,persona,Subscription,780.00000000000000000000,0.00000000000000000000,0.0
2026-04-01,Cleaning_CallCenters,ALL,persona,Total revenue,1962.78857250410678114488,50.17621877972583422265,2.56
2026-04-01,Consultant,ALL,persona,Banking fees,5660.38000000000000010000,68.26000000000000000000,1.21
2026-04-01,Consultant,ALL,persona,Deposit interest,38865.47246741918191047934,281.59172777205481272646,0.72
2026-04-01,Consultant,ALL,persona,Interchange,26759.93392619987001986500,239.80638599999886115400,0.9
2026-04-01,Consultant,ALL,persona,Subscription,16576.23943749699999800000,339.09000000000000000000,2.05
2026-04-01,Consultant,ALL,persona,Total revenue,87862.02583111605192844434,928.74811377205367388046,1.06
2026-04-01,Developer_IT,ALL,persona,Banking fees,3361.00000000000000650000,13.40000000000000000000,0.4
2026-04-01,Developer_IT,ALL,persona,Deposit interest,18300.39048446137107899406,48.83614684712328839320,0.27
2026-04-01,Developer_IT,ALL,persona,Interchange,12469.17384359993934203500,49.85715599999975397000,0.4
2026-04-01,Developer_IT,ALL,persona,Subscription,8054.29916666499999800000,263.00000000000000000000,3.27
2026-04-01,Developer_IT,ALL,persona,Total revenue,42184.86349472631042552906,375.09330284712304236320,0.89
2026-04-01,Media_Publishing,ALL,persona,Banking fees,1888.64000000000000200000,22.12000000000000000000,1.17
2026-04-01,Media_Publishing,ALL,persona,Deposit interest,6121.09473754575377157320,11.60272503013698607883,0.19
2026-04-01,Media_Publishing,ALL,persona,Interchange,5940.19474739997114110700,38.11470299999981304100,0.64
2026-04-01,Media_Publishing,ALL,persona,Subscription,3284.71875000000000000000,135.00000000000000000000,4.11
2026-04-01,Media_Publishing,ALL,persona,Total revenue,17234.64823494572491468020,206.83742803013679911983,1.2
2026-04-01,Medical_Professionals,ALL,persona,Banking fees,546.70000000000000000000,6.00000000000000000000,1.1
2026-04-01,Medical_Professionals,ALL,persona,Deposit interest,2173.88510642410980351624,2.72529137260274036914,0.13
2026-04-01,Medical_Professionals,ALL,persona,Interchange,2139.58473299998944276000,0.51299999999999757000,0.02
2026-04-01,Medical_Professionals,ALL,persona,Subscription,1049.05865384600000000000,0.00000000000000000000,0.0
2026-04-01,Medical_Professionals,ALL,persona,Total revenue,5909.22849327009924627624,9.23829137260273793914,0.16
2026-04-01,Others,ALL,persona,Banking fees,10851.71999999999999510000,189.61999999999999910000,1.75
2026-04-01,Others,ALL,persona,Deposit interest,15135.36813539123394283104,53.89570684493151524876,0.36
2026-04-01,Others,ALL,persona,Interchange,25671.02776739987510879700,297.60015419999858998000,1.16
2026-04-01,Others,ALL,persona,Subscription,18234.19985205300000000000,829.00000000000000000000,4.55
2026-04-01,Others,ALL,persona,Total revenue,69892.31575484410904672804,1370.11586104493010432876,1.96
2026-04-01,Professeur,ALL,persona,Banking fees,829.74000000000000000000,0.00000000000000000000,0.0
2026-04-01,Professeur,ALL,persona,Deposit interest,3142.72652677972620160755,6.47675346301369862130,0.21
2026-04-01,Professeur,ALL,persona,Interchange,3862.34268119998144325300,6.83999999999996610000,0.18
2026-04-01,Professeur,ALL,persona,Subscription,2899.60041666700000000000,33.00000000000000000000,1.14
2026-04-01,Professeur,ALL,persona,Total revenue,10734.40962464670764486055,46.31675346301366472130,0.43
2026-04-01,Repair,ALL,persona,Banking fees,231.74000000000000000000,8.00000000000000000000,3.45
2026-04-01,Repair,ALL,persona,Deposit interest,317.15843315561644710254,4.19023302684931481400,1.32
2026-04-01,Repair,ALL,persona,Interchange,530.54987039999739784500,0.92339999999999545000,0.17
2026-04-01,Repair,ALL,persona,Subscription,533.73958333300000000000,0.00000000000000000000,0.0
2026-04-01,Repair,ALL,persona,Total revenue,1613.18788688861384494754,13.11363302684931026400,0.81
2026-04-01,Repair_Installation,ALL,persona,Banking fees,60.99999999999999600000,0.00000000000000000000,0.0
2026-04-01,Repair_Installation,ALL,persona,Deposit interest,440.86575685260276308170,0.01212328767123287800,0.0
2026-04-01,Repair_Installation,ALL,persona,Interchange,967.10531399999530235000,0.00000000000000000000,0.0
2026-04-01,Repair_Installation,ALL,persona,Subscription,360.00000000000000000000,11.00000000000000000000,3.06
2026-04-01,Repair_Installation,ALL,persona,Total revenue,1828.97107085259806143170,11.01212328767123287800,0.6
2026-04-01,Restauration,ALL,persona,Banking fees,2381.57999999999999600000,36.51999999999999600000,1.53
2026-04-01,Restauration,ALL,persona,Deposit interest,2426.46184886465774202966,3.20426333808219192630,0.13
2026-04-01,Restauration,ALL,persona,Interchange,10418.56865999994976802800,32.27686199999984106000,0.31
2026-04-01,Restauration,ALL,persona,Subscription,3386.26166666600000000000,103.00000000000000000000,3.04
2026-04-01,Restauration,ALL,persona,Total revenue,18612.87217553060750605766,175.00112533808202898630,0.94
2026-04-01,Retail,ALL,persona,Banking fees,10370.58000000000000040000,200.04000000000000000000,1.93
2026-04-01,Retail,ALL,persona,Deposit interest,14852.08391201698555607659,29.19382777260274089101,0.2
2026-04-01,Retail,ALL,persona,Interchange,28724.96578679985933168939,205.34027219999899884100,0.71
2026-04-01,Retail,ALL,persona,Subscription,13680.90148147800000000000,353.31250000000000000000,2.58
2026-04-01,Retail,ALL,persona,Total revenue,67628.53118029484488816598,787.88659997260173973201,1.17
2026-04-01,Wholesale,ALL,persona,Banking fees,1738.49999999999999900000,22.40000000000000000000,1.29
2026-04-01,Wholesale,ALL,persona,Deposit interest,3947.39367740328785222133,108.33229387671234429430,2.74
2026-04-01,Wholesale,ALL,persona,Interchange,5709.09990239997221473000,41.38084799999979960000,0.72
2026-04-01,Wholesale,ALL,persona,Subscription,4064.55500000000000000000,96.90625000000000000000,2.38
2026-04-01,Wholesale,ALL,persona,Total revenue,15459.54857980326006595133,269.01939187671214389430,1.74
2026-04-01,Automobile_Trade_Repair,business,persona_x_initial_plan,Banking fees,1023.10000000000000000000,,
2026-04-01,Automobile_Trade_Repair,business,persona_x_initial_plan,Deposit interest,331.66070644109592251167,,
2026-04-01,Automobile_Trade_Repair,business,persona_x_initial_plan,Interchange,2177.08770959998935590400,,
2026-04-01,Automobile_Trade_Repair,business,persona_x_initial_plan,Subscription,1200.00000000000000000000,,
2026-04-01,Automobile_Trade_Repair,business,persona_x_initial_plan,Total revenue,4731.84841604108527841567,,
2026-04-01,Automobile_Trade_Repair,free,persona_x_initial_plan,Banking fees,1006.36000000000000000000,0.80000000000000000000,0.08
2026-04-01,Automobile_Trade_Repair,free,persona_x_initial_plan,Deposit interest,451.62697899123287103550,7.36172510465753490897,1.63
2026-04-01,Automobile_Trade_Repair,free,persona_x_initial_plan,Interchange,1116.07226099999452253900,22.45069799999989216400,2.01
2026-04-01,Automobile_Trade_Repair,free,persona_x_initial_plan,Subscription,95.18000000000000000000,0.00000000000000000000,0.0
2026-04-01,Automobile_Trade_Repair,free,persona_x_initial_plan,Total revenue,2669.23923999122739357450,30.61242310465742707297,1.15
2026-04-01,Automobile_Trade_Repair,plus,persona_x_initial_plan,Banking fees,1849.98000000000000000000,0.00000000000000000000,0.0
2026-04-01,Automobile_Trade_Repair,plus,persona_x_initial_plan,Deposit interest,1889.27536674136989799304,8.96445565972602806000,0.47
2026-04-01,Automobile_Trade_Repair,plus,persona_x_initial_plan,Interchange,6740.08243019996661670300,107.04554999999948000000,1.59
2026-04-01,Automobile_Trade_Repair,plus,persona_x_initial_plan,Subscription,2818.33333333300000000000,75.00000000000000000000,2.66
2026-04-01,Automobile_Trade_Repair,plus,persona_x_initial_plan,Total revenue,13297.67113027433651469604,191.01000565972550806000,1.44
2026-04-01,Automobile_Trade_Repair,start,persona_x_initial_plan,Banking fees,810.98000000000000000000,33.46000000000000000000,4.13
2026-04-01,Automobile_Trade_Repair,start,persona_x_initial_plan,Deposit interest,1403.93970738191788060704,29.81263803561643956422,2.12
2026-04-01,Automobile_Trade_Repair,start,persona_x_initial_plan,Interchange,7073.07166799996558296400,575.73196199999723979000,8.14
2026-04-01,Automobile_Trade_Repair,start,persona_x_initial_plan,Subscription,2624.25870967700000000000,99.00000000000000000000,3.77
2026-04-01,Automobile_Trade_Repair,start,persona_x_initial_plan,Total revenue,11912.25008505888346357104,738.00460003561367935422,6.2
2026-04-01,BTP,business,persona_x_initial_plan,Banking fees,30.62000000000000000000,0.00000000000000000000,0.0
2026-04-01,BTP,business,persona_x_initial_plan,Deposit interest,1709.49886581041115603069,122.09518463616439600000,7.14
2026-04-01,BTP,business,persona_x_initial_plan,Interchange,7450.07054579996482845000,444.99637799999794000000,5.97
2026-04-01,BTP,business,persona_x_initial_plan,Subscription,5158.00000000000000000000,160.00000000000000000000,3.1
2026-04-01,BTP,business,persona_x_initial_plan,Total revenue,14348.18941161037598448069,727.09156263616233600000,5.07
2026-04-01,BTP,free,persona_x_initial_plan,Banking fees,3058.01999999999999870000,28.00000000000000000000,0.92
2026-04-01,BTP,free,persona_x_initial_plan,Deposit interest,20635.63399601424700861693,163.83169341698631175481,0.79
2026-04-01,BTP,free,persona_x_initial_plan,Interchange,8769.54387239995754554900,123.06108599999939231000,1.4
2026-04-01,BTP,free,persona_x_initial_plan,Subscription,689.42500000000000000000,114.42000000000000000000,16.6
2026-04-01,BTP,free,persona_x_initial_plan,Total revenue,33152.62286841420455286593,429.31277941698570406481,1.29
2026-04-01,BTP,plus,persona_x_initial_plan,Banking fees,959.53999999999999740000,0.00000000000000000000,0.0
2026-04-01,BTP,plus,persona_x_initial_plan,Deposit interest,5745.65100664164421893528,29.42762718246576160450,0.51
2026-04-01,BTP,plus,persona_x_initial_plan,Interchange,22840.49483639988963509100,44.72710199999978622000,0.2
2026-04-01,BTP,plus,persona_x_initial_plan,Subscription,10979.81833333100000000000,186.00000000000000000000,1.69
2026-04-01,BTP,plus,persona_x_initial_plan,Total revenue,40525.50417637253385142628,260.15472918246554782450,0.64
2026-04-01,BTP,start,persona_x_initial_plan,Banking fees,2750.56000000000000160000,11.20000000000000000000,0.41
2026-04-01,BTP,start,persona_x_initial_plan,Deposit interest,12024.55954717479547274284,7.62871331835616485270,0.06
2026-04-01,BTP,start,persona_x_initial_plan,Interchange,21978.77167079989368782700,119.50567199999943172000,0.54
2026-04-01,BTP,start,persona_x_initial_plan,Subscription,10024.93195652200000000000,186.00000000000000000000,1.86
2026-04-01,BTP,start,persona_x_initial_plan,Total revenue,46778.82317449668916216984,324.33438531835559657270,0.69
2026-04-01,Bankers_Insurance,business,persona_x_initial_plan,Banking fees,,,
2026-04-01,Bankers_Insurance,business,persona_x_initial_plan,Deposit interest,,,
2026-04-01,Bankers_Insurance,business,persona_x_initial_plan,Interchange,,,
2026-04-01,Bankers_Insurance,business,persona_x_initial_plan,Subscription,,,
2026-04-01,Bankers_Insurance,business,persona_x_initial_plan,Total revenue,,,
2026-04-01,Bankers_Insurance,free,persona_x_initial_plan,Banking fees,559.83999999999999400000,0.00000000000000000000,0.0
2026-04-01,Bankers_Insurance,free,persona_x_initial_plan,Deposit interest,5677.62333425972655728352,1.10467172602739732620,0.02
2026-04-01,Bankers_Insurance,free,persona_x_initial_plan,Interchange,550.63291679999736980400,0.00000000000000000000,0.0
2026-04-01,Bankers_Insurance,free,persona_x_initial_plan,Subscription,9.00000000000000000000,0.00000000000000000000,0.0
2026-04-01,Bankers_Insurance,free,persona_x_initial_plan,Total revenue,6797.09625105972392108752,1.10467172602739732620,0.02
2026-04-01,Bankers_Insurance,plus,persona_x_initial_plan,Banking fees,6.30000000000000000000,0.00000000000000000000,0.0
2026-04-01,Bankers_Insurance,plus,persona_x_initial_plan,Deposit interest,1052.57170354410973673145,0.06910740438356165200,0.01
2026-04-01,Bankers_Insurance,plus,persona_x_initial_plan,Interchange,776.66878799999603480000,1.31122799999999360000,0.17
2026-04-01,Bankers_Insurance,plus,persona_x_initial_plan,Subscription,208.75000000000000000000,0.00000000000000000000,0.0
2026-04-01,Bankers_Insurance,plus,persona_x_initial_plan,Total revenue,2044.29049154410577153145,1.38033540438355525200,0.07
2026-04-01,Bankers_Insurance,start,persona_x_initial_plan,Banking fees,4.34000000000000000000,0.00000000000000000000,0.0
2026-04-01,Bankers_Insurance,start,persona_x_initial_plan,Deposit interest,1081.48768437808234132700,17.18099178082190764000,1.59
2026-04-01,Bankers_Insurance,start,persona_x_initial_plan,Interchange,473.90525999999767228000,0.00000000000000000000,0.0
2026-04-01,Bankers_Insurance,start,persona_x_initial_plan,Subscription,708.09375000000000000000,18.00000000000000000000,2.54
2026-04-01,Bankers_Insurance,start,persona_x_initial_plan,Total revenue,2267.82669437808001360700,35.18099178082190764000,1.55
2026-04-01,Bikers_Drivers,business,persona_x_initial_plan,Banking fees,570.32000000000000000000,0.00000000000000000000,0.0
2026-04-01,Bikers_Drivers,business,persona_x_initial_plan,Deposit interest,436.66771455068496368320,0.21716729972602739720,0.05
2026-04-01,Bikers_Drivers,business,persona_x_initial_plan,Interchange,2058.95179799999017073000,1.55195999999999220000,0.08
2026-04-01,Bikers_Drivers,business,persona_x_initial_plan,Subscription,1465.00000000000000000000,80.00000000000000000000,5.46
2026-04-01,Bikers_Drivers,business,persona_x_initial_plan,Total revenue,4530.93951255067513441320,81.76912729972601959720,1.8
2026-04-01,Bikers_Drivers,free,persona_x_initial_plan,Banking fees,1369.82000000000000700000,244.40000000000000000000,17.84
2026-04-01,Bikers_Drivers,free,persona_x_initial_plan,Deposit interest,712.30898066684933991916,3.31025342410958903810,0.46
2026-04-01,Bikers_Drivers,free,persona_x_initial_plan,Interchange,1354.90774499999342329400,31.36525199999984613000,2.31
2026-04-01,Bikers_Drivers,free,persona_x_initial_plan,Subscription,157.04000000000000000000,0.00000000000000000000,0.0
2026-04-01,Bikers_Drivers,free,persona_x_initial_plan,Total revenue,3594.07672566684277021316,279.07550542410943516810,7.76
2026-04-01,Bikers_Drivers,plus,persona_x_initial_plan,Banking fees,601.68000000000000000000,-1.92000000000000000000,-0.32
2026-04-01,Bikers_Drivers,plus,persona_x_initial_plan,Deposit interest,675.49493798520552509753,0.69359280219178078090,0.1
2026-04-01,Bikers_Drivers,plus,persona_x_initial_plan,Interchange,2920.06562939998578220500,43.59329999999978811600,1.49
2026-04-01,Bikers_Drivers,plus,persona_x_initial_plan,Subscription,2640.99666666600000000000,139.90000000000000000000,5.3
2026-04-01,Bikers_Drivers,plus,persona_x_initial_plan,Total revenue,6838.23723405119130730253,182.26689280219156889690,2.67
2026-04-01,Bikers_Drivers,start,persona_x_initial_plan,Banking fees,901.76000000000000000000,4.00000000000000000000,0.44
2026-04-01,Bikers_Drivers,start,persona_x_initial_plan,Deposit interest,1144.68107248273978448590,15.48245122465753577110,1.35
2026-04-01,Bikers_Drivers,start,persona_x_initial_plan,Interchange,5501.94528779997354744900,126.05477399999938558000,2.29
2026-04-01,Bikers_Drivers,start,persona_x_initial_plan,Subscription,3136.84375000000000000000,74.93750000000000000000,2.39
2026-04-01,Bikers_Drivers,start,persona_x_initial_plan,Total revenue,10685.23011028271333193490,220.47472522465692135110,2.06
2026-04-01,Cleaning_CallCenters,business,persona_x_initial_plan,Banking fees,0.00000000000000000000,,
2026-04-01,Cleaning_CallCenters,business,persona_x_initial_plan,Deposit interest,3.03684063890411031500,,
2026-04-01,Cleaning_CallCenters,business,persona_x_initial_plan,Interchange,0.00000000000000000000,,
2026-04-01,Cleaning_CallCenters,business,persona_x_initial_plan,Subscription,160.00000000000000000000,,
2026-04-01,Cleaning_CallCenters,business,persona_x_initial_plan,Total revenue,163.03684063890411031500,,
2026-04-01,Cleaning_CallCenters,free,persona_x_initial_plan,Banking fees,39.36000000000000000000,,
2026-04-01,Cleaning_CallCenters,free,persona_x_initial_plan,Deposit interest,78.06234246958904407460,,
2026-04-01,Cleaning_CallCenters,free,persona_x_initial_plan,Interchange,20.92298399999989663000,,
2026-04-01,Cleaning_CallCenters,free,persona_x_initial_plan,Subscription,0.00000000000000000000,,
2026-04-01,Cleaning_CallCenters,free,persona_x_initial_plan,Total revenue,138.34532646958894070460,,
2026-04-01,Cleaning_CallCenters,plus,persona_x_initial_plan,Banking fees,15.30000000000000000000,-9.60000000000000000000,-62.75
2026-04-01,Cleaning_CallCenters,plus,persona_x_initial_plan,Deposit interest,325.34288469643833822613,0.09489508712328766100,0.03
2026-04-01,Cleaning_CallCenters,plus,persona_x_initial_plan,Interchange,331.34522399999840700000,40.09129199999980400000,12.1
2026-04-01,Cleaning_CallCenters,plus,persona_x_initial_plan,Subscription,305.00000000000000000000,0.00000000000000000000,0.0
2026-04-01,Cleaning_CallCenters,plus,persona_x_initial_plan,Total revenue,976.98810869643674522613,30.58618708712309166100,3.13
2026-04-01,Cleaning_CallCenters,start,persona_x_initial_plan,Banking fees,15.60000000000000000000,0.00000000000000000000,0.0
2026-04-01,Cleaning_CallCenters,start,persona_x_initial_plan,Deposit interest,128.11534269917808206415,19.59003169260274256165,15.29
2026-04-01,Cleaning_CallCenters,start,persona_x_initial_plan,Interchange,225.70295399999890283500,0.00000000000000000000,0.0
2026-04-01,Cleaning_CallCenters,start,persona_x_initial_plan,Subscription,315.00000000000000000000,0.00000000000000000000,0.0
2026-04-01,Cleaning_CallCenters,start,persona_x_initial_plan,Total revenue,684.41829669917698489915,19.59003169260274256165,2.86
2026-04-01,Consultant,business,persona_x_initial_plan,Banking fees,149.84000000000000000000,,
2026-04-01,Consultant,business,persona_x_initial_plan,Deposit interest,156.66443116438355719740,,
2026-04-01,Consultant,business,persona_x_initial_plan,Interchange,380.91031199999814875600,,
2026-04-01,Consultant,business,persona_x_initial_plan,Subscription,1360.00000000000000000000,,
2026-04-01,Consultant,business,persona_x_initial_plan,Total revenue,2047.41474316438170595340,,
2026-04-01,Consultant,free,persona_x_initial_plan,Banking fees,2359.21999999999999970000,67.94000000000000000000,2.88
2026-04-01,Consultant,free,persona_x_initial_plan,Deposit interest,13113.70112448712403842396,90.21621679506849869700,0.69
2026-04-01,Consultant,free,persona_x_initial_plan,Interchange,6049.43460539997051172300,127.57652999999940339400,2.11
2026-04-01,Consultant,free,persona_x_initial_plan,Subscription,551.08952083300000000000,23.09000000000000000000,4.19
2026-04-01,Consultant,free,persona_x_initial_plan,Total revenue,22073.44525072009454984696,308.82274679506790209100,1.4
2026-04-01,Consultant,plus,persona_x_initial_plan,Banking fees,400.26000000000000000000,0.00000000000000000000,0.0
2026-04-01,Consultant,plus,persona_x_initial_plan,Deposit interest,5528.28994869808260930268,4.25990710739726094391,0.08
2026-04-01,Consultant,plus,persona_x_initial_plan,Interchange,5736.00828239997250889500,70.06899599999966410000,1.22
2026-04-01,Consultant,plus,persona_x_initial_plan,Subscription,4000.78799999800000000000,100.00000000000000000000,2.5
2026-04-01,Consultant,plus,persona_x_initial_plan,Total revenue,15665.34623109605511819768,174.32890310739692504391,1.11
2026-04-01,Consultant,start,persona_x_initial_plan,Banking fees,2751.06000000000000040000,0.32000000000000000000,0.01
2026-04-01,Consultant,start,persona_x_initial_plan,Deposit interest,20066.81696306959170555530,187.11560386958905308555,0.93
2026-04-01,Consultant,start,persona_x_initial_plan,Interchange,14593.58072639992885049100,42.16085999999979366000,0.29
2026-04-01,Consultant,start,persona_x_initial_plan,Subscription,10664.36191666599999800000,216.00000000000000000000,2.03
2026-04-01,Consultant,start,persona_x_initial_plan,Total revenue,48075.81960613552055444630,445.59646386958884674555,0.93
2026-04-01,Developer_IT,business,persona_x_initial_plan,Banking fees,0.70000000000000000000,0.00000000000000000000,0.0
2026-04-01,Developer_IT,business,persona_x_initial_plan,Deposit interest,100.32748173315068386189,0.04372944219178082500,0.04
2026-04-01,Developer_IT,business,persona_x_initial_plan,Interchange,154.22114339999925580000,2.73599999999998780000,1.77
2026-04-01,Developer_IT,business,persona_x_initial_plan,Subscription,880.00000000000000000000,160.00000000000000000000,18.18
2026-04-01,Developer_IT,business,persona_x_initial_plan,Total revenue,1135.24862513314993966189,162.77972944219176862500,14.34
2026-04-01,Developer_IT,free,persona_x_initial_plan,Banking fees,668.16000000000000150000,12.80000000000000000000,1.92
2026-04-01,Developer_IT,free,persona_x_initial_plan,Deposit interest,7842.56236014520586705149,37.41613571945205607540,0.48
2026-04-01,Developer_IT,free,persona_x_initial_plan,Interchange,3224.90103119998419388600,27.32471999999986547000,0.85
2026-04-01,Developer_IT,free,persona_x_initial_plan,Subscription,185.26333333300000000000,0.00000000000000000000,0.0
2026-04-01,Developer_IT,free,persona_x_initial_plan,Total revenue,11920.88672467819006243749,77.54085571945192154540,0.65
2026-04-01,Developer_IT,plus,persona_x_initial_plan,Banking fees,121.82000000000000000000,0.00000000000000000000,0.0
2026-04-01,Developer_IT,plus,persona_x_initial_plan,Deposit interest,1714.68995638575357601460,0.04589004493150685260,0.0
2026-04-01,Developer_IT,plus,persona_x_initial_plan,Interchange,4496.70280679997800905500,0.00000000000000000000,0.0
2026-04-01,Developer_IT,plus,persona_x_initial_plan,Subscription,1965.43333333200000000000,50.00000000000000000000,2.54
2026-04-01,Developer_IT,plus,persona_x_initial_plan,Total revenue,8298.64609651773158506960,50.04589004493150685260,0.6
2026-04-01,Developer_IT,start,persona_x_initial_plan,Banking fees,2570.32000000000000500000,0.60000000000000000000,0.02
2026-04-01,Developer_IT,start,persona_x_initial_plan,Deposit interest,8642.81068619726095206608,11.33039164054794464020,0.13
2026-04-01,Developer_IT,start,persona_x_initial_plan,Interchange,4593.34886219997788329400,19.79643599999990070000,0.43
2026-04-01,Developer_IT,start,persona_x_initial_plan,Subscription,5023.60249999999999800000,53.00000000000000000000,1.06
2026-04-01,Developer_IT,start,persona_x_initial_plan,Total revenue,20830.08204839723883836008,84.72682764054784534020,0.41
2026-04-01,Media_Publishing,business,persona_x_initial_plan,Banking fees,0.00000000000000000000,0.00000000000000000000,
2026-04-01,Media_Publishing,business,persona_x_initial_plan,Deposit interest,3.56589334410958826618,0.00018859561643835618,0.01
2026-04-01,Media_Publishing,business,persona_x_initial_plan,Interchange,78.03298799999963400000,0.00000000000000000000,0.0
2026-04-01,Media_Publishing,business,persona_x_initial_plan,Subscription,240.00000000000000000000,80.00000000000000000000,33.33
2026-04-01,Media_Publishing,business,persona_x_initial_plan,Total revenue,321.59888134410922226618,80.00018859561643835618,24.88
2026-04-01,Media_Publishing,free,persona_x_initial_plan,Banking fees,685.48000000000000200000,0.00000000000000000000,0.0
2026-04-01,Media_Publishing,free,persona_x_initial_plan,Deposit interest,1055.85853892273980586411,10.28468231068493104600,0.97
2026-04-01,Media_Publishing,free,persona_x_initial_plan,Interchange,1419.20781299999310748100,19.12233599999990664100,1.35
2026-04-01,Media_Publishing,free,persona_x_initial_plan,Subscription,54.50000000000000000000,0.00000000000000000000,0.0
2026-04-01,Media_Publishing,free,persona_x_initial_plan,Total revenue,3215.04635192273291534511,29.40701831068483768700,0.91
2026-04-01,Media_Publishing,plus,persona_x_initial_plan,Banking fees,169.60000000000000000000,,
2026-04-01,Media_Publishing,plus,persona_x_initial_plan,Deposit interest,1287.04396662246585666202,,
2026-04-01,Media_Publishing,plus,persona_x_initial_plan,Interchange,1332.95823719999360307000,,
2026-04-01,Media_Publishing,plus,persona_x_initial_plan,Subscription,625.00000000000000000000,,
2026-04-01,Media_Publishing,plus,persona_x_initial_plan,Total revenue,3414.60220382245945973202,,
2026-04-01,Media_Publishing,start,persona_x_initial_plan,Banking fees,1033.56000000000000000000,22.12000000000000000000,2.14
2026-04-01,Media_Publishing,start,persona_x_initial_plan,Deposit interest,3774.62633865643852078089,1.31785412383561667665,0.03
2026-04-01,Media_Publishing,start,persona_x_initial_plan,Interchange,3109.99570919998479655600,18.99236699999990640000,0.61
2026-04-01,Media_Publishing,start,persona_x_initial_plan,Subscription,2365.21875000000000000000,55.00000000000000000000,2.33
2026-04-01,Media_Publishing,start,persona_x_initial_plan,Total revenue,10283.40079785642331733689,97.43022112383552307665,0.95
2026-04-01,Medical_Professionals,free,persona_x_initial_plan,Banking fees,434.50000000000000000000,6.00000000000000000000,1.38
2026-04-01,Medical_Professionals,free,persona_x_initial_plan,Deposit interest,858.38750238849322286920,2.72473931780821982120,0.32
2026-04-01,Medical_Professionals,free,persona_x_initial_plan,Interchange,384.53713199999811302000,0.51299999999999757000,0.13
2026-04-01,Medical_Professionals,free,persona_x_initial_plan,Subscription,26.59125000000000000000,0.00000000000000000000,0.0
2026-04-01,Medical_Professionals,free,persona_x_initial_plan,Total revenue,1704.01588438849133588920,9.23773931780821739120,0.54
2026-04-01,Medical_Professionals,plus,persona_x_initial_plan,Banking fees,66.40000000000000000000,,
2026-04-01,Medical_Professionals,plus,persona_x_initial_plan,Deposit interest,548.73990186191788100000,,
2026-04-01,Medical_Professionals,plus,persona_x_initial_plan,Interchange,919.20736799999536482000,,
2026-04-01,Medical_Professionals,plus,persona_x_initial_plan,Subscription,200.00000000000000000000,,
2026-04-01,Medical_Professionals,plus,persona_x_initial_plan,Total revenue,1734.34726986191324582000,,
2026-04-01,Medical_Professionals,start,persona_x_initial_plan,Banking fees,45.80000000000000000000,0.00000000000000000000,0.0
2026-04-01,Medical_Professionals,start,persona_x_initial_plan,Deposit interest,766.75770217369869964704,0.00055205479452054794,0.0
2026-04-01,Medical_Professionals,start,persona_x_initial_plan,Interchange,835.84023299999596492000,0.00000000000000000000,0.0
2026-04-01,Medical_Professionals,start,persona_x_initial_plan,Subscription,822.46740384600000000000,0.00000000000000000000,0.0
2026-04-01,Medical_Professionals,start,persona_x_initial_plan,Total revenue,2470.86533901969466456704,0.00055205479452054794,0.0
2026-04-01,Others,business,persona_x_initial_plan,Banking fees,319.93999999999999910000,12.73999999999999910000,3.98
2026-04-01,Others,business,persona_x_initial_plan,Deposit interest,259.59636737369864206315,12.32161309589041237523,4.75
2026-04-01,Others,business,persona_x_initial_plan,Interchange,913.55280479999553414100,21.18799799999989700000,2.32
2026-04-01,Others,business,persona_x_initial_plan,Subscription,1901.00000000000000000000,491.00000000000000000000,25.83
2026-04-01,Others,business,persona_x_initial_plan,Total revenue,3394.08917217369417530415,537.24961109589030847523,15.83
2026-04-01,Others,free,persona_x_initial_plan,Banking fees,3561.22000000000000000000,160.28000000000000000000,4.5
2026-04-01,Others,free,persona_x_initial_plan,Deposit interest,4454.45913587123330019792,24.14392334520548537472,0.54
2026-04-01,Others,free,persona_x_initial_plan,Interchange,5338.66722479997392295700,49.93610399999976246000,0.94
2026-04-01,Others,free,persona_x_initial_plan,Subscription,489.51478260900000000000,0.00000000000000000000,0.0
2026-04-01,Others,free,persona_x_initial_plan,Total revenue,13843.86114328020722315492,234.36002734520524783472,1.69
2026-04-01,Others,plus,persona_x_initial_plan,Banking fees,1679.30000000000000000000,0.00000000000000000000,0.0
2026-04-01,Others,plus,persona_x_initial_plan,Deposit interest,3185.72710884931508829754,3.06352013534246576987,0.1
2026-04-01,Others,plus,persona_x_initial_plan,Interchange,8132.29840079996021070000,39.16794599999980720000,0.48
2026-04-01,Others,plus,persona_x_initial_plan,Subscription,6164.08562499900000000000,111.00000000000000000000,1.8
2026-04-01,Others,plus,persona_x_initial_plan,Total revenue,19161.41113464827529899754,153.23146613534227296987,0.8
2026-04-01,Others,start,persona_x_initial_plan,Banking fees,5291.25999999999999600000,16.60000000000000000000,0.31
2026-04-01,Others,start,persona_x_initial_plan,Deposit interest,7235.58552329698691227243,14.36665026849315172894,0.2
2026-04-01,Others,start,persona_x_initial_plan,Interchange,11286.50933699994544099900,187.30810619999912332000,1.66
2026-04-01,Others,start,persona_x_initial_plan,Subscription,9679.59944444500000000000,227.00000000000000000000,2.35
2026-04-01,Others,start,persona_x_initial_plan,Total revenue,33492.95430474193234927143,445.27475646849227504894,1.33
2026-04-01,Professeur,business,persona_x_initial_plan,Banking fees,287.50000000000000000000,,
2026-04-01,Professeur,business,persona_x_initial_plan,Deposit interest,109.48554874958905400000,,
2026-04-01,Professeur,business,persona_x_initial_plan,Interchange,227.44889999999887000000,,
2026-04-01,Professeur,business,persona_x_initial_plan,Subscription,160.00000000000000000000,,
2026-04-01,Professeur,business,persona_x_initial_plan,Total revenue,784.43444874958792400000,,
2026-04-01,Professeur,free,persona_x_initial_plan,Banking fees,233.02000000000000000000,0.00000000000000000000,0.0
2026-04-01,Professeur,free,persona_x_initial_plan,Deposit interest,851.71362206630145717599,4.61975906958904072200,0.54
2026-04-01,Professeur,free,persona_x_initial_plan,Interchange,652.06374659999683704900,0.00000000000000000000,0.0
2026-04-01,Professeur,free,persona_x_initial_plan,Subscription,159.59000000000000000000,0.00000000000000000000,0.0
2026-04-01,Professeur,free,persona_x_initial_plan,Total revenue,1896.38736866629829422499,4.61975906958904072200,0.24
2026-04-01,Professeur,plus,persona_x_initial_plan,Banking fees,88.28000000000000000000,,
2026-04-01,Professeur,plus,persona_x_initial_plan,Deposit interest,569.71327250082202534280,,
2026-04-01,Professeur,plus,persona_x_initial_plan,Interchange,848.13882659999600042000,,
2026-04-01,Professeur,plus,persona_x_initial_plan,Subscription,495.00000000000000000000,,
2026-04-01,Professeur,plus,persona_x_initial_plan,Total revenue,2001.13209910081802576280,,
2026-04-01,Professeur,start,persona_x_initial_plan,Banking fees,220.94000000000000000000,0.00000000000000000000,0.0
2026-04-01,Professeur,start,persona_x_initial_plan,Deposit interest,1611.81408346301366508876,1.85699439342465789930,0.12
2026-04-01,Professeur,start,persona_x_initial_plan,Interchange,2134.69120799998973578400,6.83999999999996610000,0.32
2026-04-01,Professeur,start,persona_x_initial_plan,Subscription,2085.01041666700000000000,33.00000000000000000000,1.58
2026-04-01,Professeur,start,persona_x_initial_plan,Total revenue,6052.45570813000340087276,41.69699439342462399930,0.69
2026-04-01,Repair,business,persona_x_initial_plan,Banking fees,,,
2026-04-01,Repair,business,persona_x_initial_plan,Deposit interest,,,
2026-04-01,Repair,business,persona_x_initial_plan,Interchange,,,
2026-04-01,Repair,business,persona_x_initial_plan,Subscription,,,
2026-04-01,Repair,business,persona_x_initial_plan,Total revenue,,,
2026-04-01,Repair,free,persona_x_initial_plan,Banking fees,155.60000000000000000000,8.00000000000000000000,5.14
2026-04-01,Repair,free,persona_x_initial_plan,Deposit interest,70.40041228986301436704,4.19023302684931481400,5.95
2026-04-01,Repair,free,persona_x_initial_plan,Interchange,190.30685399999905899000,0.92339999999999545000,0.49
2026-04-01,Repair,free,persona_x_initial_plan,Subscription,47.00000000000000000000,0.00000000000000000000,0.0
2026-04-01,Repair,free,persona_x_initial_plan,Total revenue,463.30726628986207335704,13.11363302684931026400,2.83
2026-04-01,Repair,plus,persona_x_initial_plan,Banking fees,0.38000000000000000000,,
2026-04-01,Repair,plus,persona_x_initial_plan,Deposit interest,12.49420020438355986850,,
2026-04-01,Repair,plus,persona_x_initial_plan,Interchange,46.02423239999976262500,,
2026-04-01,Repair,plus,persona_x_initial_plan,Subscription,176.00000000000000000000,,
2026-04-01,Repair,plus,persona_x_initial_plan,Total revenue,234.89843260438332249350,,
2026-04-01,Repair,start,persona_x_initial_plan,Banking fees,75.76000000000000000000,,
2026-04-01,Repair,start,persona_x_initial_plan,Deposit interest,234.26382066136987286700,,
2026-04-01,Repair,start,persona_x_initial_plan,Interchange,294.21878399999857623000,,
2026-04-01,Repair,start,persona_x_initial_plan,Subscription,310.73958333300000000000,,
2026-04-01,Repair,start,persona_x_initial_plan,Total revenue,914.98218799436844909700,,
2026-04-01,Repair_Installation,business,persona_x_initial_plan,Banking fees,0.00000000000000000000,,
2026-04-01,Repair_Installation,business,persona_x_initial_plan,Deposit interest,0.36394432876712329000,,
2026-04-01,Repair_Installation,business,persona_x_initial_plan,Interchange,0.00000000000000000000,,
2026-04-01,Repair_Installation,business,persona_x_initial_plan,Subscription,80.00000000000000000000,,
2026-04-01,Repair_Installation,business,persona_x_initial_plan,Total revenue,80.36394432876712329000,,
2026-04-01,Repair_Installation,free,persona_x_initial_plan,Banking fees,18.80000000000000000000,,
2026-04-01,Repair_Installation,free,persona_x_initial_plan,Deposit interest,71.27670536109589371370,,
2026-04-01,Repair_Installation,free,persona_x_initial_plan,Interchange,193.87852199999905170000,,
2026-04-01,Repair_Installation,free,persona_x_initial_plan,Subscription,11.00000000000000000000,,
2026-04-01,Repair_Installation,free,persona_x_initial_plan,Total revenue,294.95522736109494541370,,
2026-04-01,Repair_Installation,plus,persona_x_initial_plan,Banking fees,0.00000000000000000000,,
2026-04-01,Repair_Installation,plus,persona_x_initial_plan,Deposit interest,62.57988206246575460000,,
2026-04-01,Repair_Installation,plus,persona_x_initial_plan,Interchange,459.66718799999779000000,,
2026-04-01,Repair_Installation,plus,persona_x_initial_plan,Subscription,95.00000000000000000000,,
2026-04-01,Repair_Installation,plus,persona_x_initial_plan,Total revenue,617.24707006246354460000,,
2026-04-01,Repair_Installation,start,persona_x_initial_plan,Banking fees,42.19999999999999600000,0.00000000000000000000,0.0
2026-04-01,Repair_Installation,start,persona_x_initial_plan,Deposit interest,306.64522510027399147800,0.01212328767123287800,0.0
2026-04-01,Repair_Installation,start,persona_x_initial_plan,Interchange,313.55960399999846065000,0.00000000000000000000,0.0
2026-04-01,Repair_Installation,start,persona_x_initial_plan,Subscription,174.00000000000000000000,11.00000000000000000000,6.32
2026-04-01,Repair_Installation,start,persona_x_initial_plan,Total revenue,836.40482910027244812800,11.01212328767123287800,1.32
2026-04-01,Restauration,business,persona_x_initial_plan,Banking fees,0.00000000000000000000,,
2026-04-01,Restauration,business,persona_x_initial_plan,Deposit interest,0.39043118027397270000,,
2026-04-01,Restauration,business,persona_x_initial_plan,Interchange,13.51101599999993190000,,
2026-04-01,Restauration,business,persona_x_initial_plan,Subscription,80.00000000000000000000,,
2026-04-01,Restauration,business,persona_x_initial_plan,Total revenue,93.90144718027390460000,,
2026-04-01,Restauration,free,persona_x_initial_plan,Banking fees,281.67999999999999600000,36.51999999999999600000,12.97
2026-04-01,Restauration,free,persona_x_initial_plan,Deposit interest,502.70127679890417556760,0.51633929150684922280,0.1
2026-04-01,Restauration,free,persona_x_initial_plan,Interchange,1833.01833779999115412000,0.99044999999999506000,0.05
2026-04-01,Restauration,free,persona_x_initial_plan,Subscription,174.32000000000000000000,0.00000000000000000000,0.0
2026-04-01,Restauration,free,persona_x_initial_plan,Total revenue,2791.71961459889532568760,38.02678929150684028280,1.36
2026-04-01,Restauration,plus,persona_x_initial_plan,Banking fees,1234.90000000000000000000,0.00000000000000000000,0.0
2026-04-01,Restauration,plus,persona_x_initial_plan,Deposit interest,623.66996144931516926996,0.67456719506849321600,0.11
2026-04-01,Restauration,plus,persona_x_initial_plan,Interchange,4611.91618619997779724000,31.28641199999984600000,0.68
2026-04-01,Restauration,plus,persona_x_initial_plan,Subscription,1518.56666666600000000000,50.00000000000000000000,3.29
2026-04-01,Restauration,plus,persona_x_initial_plan,Total revenue,7989.05281431529296650996,81.96097919506833921600,1.03
2026-04-01,Restauration,start,persona_x_initial_plan,Banking fees,865.00000000000000000000,0.00000000000000000000,0.0
2026-04-01,Restauration,start,persona_x_initial_plan,Deposit interest,1299.70017943616442449210,2.01335685150684948750,0.15
2026-04-01,Restauration,start,persona_x_initial_plan,Interchange,3960.12311999998088476800,0.00000000000000000000,0.0
2026-04-01,Restauration,start,persona_x_initial_plan,Subscription,1613.37500000000000000000,53.00000000000000000000,3.29
2026-04-01,Restauration,start,persona_x_initial_plan,Total revenue,7738.19829943614530926010,55.01335685150684948750,0.71
2026-04-01,Retail,business,persona_x_initial_plan,Banking fees,177.50000000000000000000,0.00000000000000000000,0.0
2026-04-01,Retail,business,persona_x_initial_plan,Deposit interest,75.97952710575342345872,0.74252428767123275130,0.98
2026-04-01,Retail,business,persona_x_initial_plan,Interchange,1061.73077219999477243000,17.14377599999991869000,1.61
2026-04-01,Retail,business,persona_x_initial_plan,Subscription,1040.00000000000000000000,0.00000000000000000000,0.0
2026-04-01,Retail,business,persona_x_initial_plan,Total revenue,2355.21029930574819588872,17.88630028767115144130,0.76
2026-04-01,Retail,free,persona_x_initial_plan,Banking fees,2282.38000000000000090000,185.20000000000000000000,8.11
2026-04-01,Retail,free,persona_x_initial_plan,Deposit interest,2962.17870316821941419422,16.28237367013698797116,0.55
2026-04-01,Retail,free,persona_x_initial_plan,Interchange,6456.80556359996888345300,0.06749999999999967100,0.0
2026-04-01,Retail,free,persona_x_initial_plan,Subscription,307.96125000000000000000,0.00000000000000000000,0.0
2026-04-01,Retail,free,persona_x_initial_plan,Total revenue,12009.32551676818829854722,201.54987367013698764216,1.68
2026-04-01,Retail,plus,persona_x_initial_plan,Banking fees,3765.28000000000000000000,4.10000000000000000000,0.11
2026-04-01,Retail,plus,persona_x_initial_plan,Deposit interest,3123.27496465698636117460,1.03379768219178095605,0.03
2026-04-01,Retail,plus,persona_x_initial_plan,Interchange,9278.27273339995388336700,45.08175599999978500000,0.49
2026-04-01,Retail,plus,persona_x_initial_plan,Subscription,4302.70833333100000000000,125.00000000000000000000,2.91
2026-04-01,Retail,plus,persona_x_initial_plan,Total revenue,20469.53603138794024454160,175.21555368219156595605,0.86
2026-04-01,Retail,start,persona_x_initial_plan,Banking fees,4145.41999999999999950000,10.74000000000000000000,0.26
2026-04-01,Retail,start,persona_x_initial_plan,Deposit interest,8690.65071708602635724905,11.13513213260273921250,0.13
2026-04-01,Retail,start,persona_x_initial_plan,Interchange,11928.15671759994179243939,143.04724019999929548000,1.2
2026-04-01,Retail,start,persona_x_initial_plan,Subscription,8030.23189814700000000000,228.31250000000000000000,2.84
2026-04-01,Retail,start,persona_x_initial_plan,Total revenue,32794.45933283296814918844,393.23487233260203469250,1.2
2026-04-01,Wholesale,business,persona_x_initial_plan,Banking fees,0.00000000000000000000,0.00000000000000000000,
2026-04-01,Wholesale,business,persona_x_initial_plan,Deposit interest,137.80098375068493027140,0.01182281972602739300,0.01
2026-04-01,Wholesale,business,persona_x_initial_plan,Interchange,70.96118399999966600000,0.00000000000000000000,0.0
2026-04-01,Wholesale,business,persona_x_initial_plan,Subscription,960.00000000000000000000,80.00000000000000000000,8.33
2026-04-01,Wholesale,business,persona_x_initial_plan,Total revenue,1168.76216775068459627140,80.01182281972602739300,6.85
2026-04-01,Wholesale,free,persona_x_initial_plan,Banking fees,391.14000000000000000000,22.40000000000000000000,5.73
2026-04-01,Wholesale,free,persona_x_initial_plan,Deposit interest,1187.52828916328774988220,77.12172681808220433000,6.49
2026-04-01,Wholesale,free,persona_x_initial_plan,Interchange,395.15508719999809506000,41.38084799999979960000,10.47
2026-04-01,Wholesale,free,persona_x_initial_plan,Subscription,60.93000000000000000000,0.00000000000000000000,0.0
2026-04-01,Wholesale,free,persona_x_initial_plan,Total revenue,2034.75337636328584494220,140.90257481808200393000,6.92
2026-04-01,Wholesale,plus,persona_x_initial_plan,Banking fees,485.71999999999999900000,,
2026-04-01,Wholesale,plus,persona_x_initial_plan,Deposit interest,1042.52486587452064040194,,
2026-04-01,Wholesale,plus,persona_x_initial_plan,Interchange,3093.82614359998490519000,,
2026-04-01,Wholesale,plus,persona_x_initial_plan,Subscription,1531.00000000000000000000,,
2026-04-01,Wholesale,plus,persona_x_initial_plan,Total revenue,6153.07100947450554459194,,
2026-04-01,Wholesale,start,persona_x_initial_plan,Banking fees,861.64000000000000000000,0.00000000000000000000,0.0
2026-04-01,Wholesale,start,persona_x_initial_plan,Deposit interest,1579.53953861479453166579,31.19874423890411257130,1.98
2026-04-01,Wholesale,start,persona_x_initial_plan,Interchange,2149.15748759998954848000,0.00000000000000000000,0.0
2026-04-01,Wholesale,start,persona_x_initial_plan,Subscription,1512.62500000000000000000,16.90625000000000000000,1.12
2026-04-01,Wholesale,start,persona_x_initial_plan,Total revenue,6102.96202621478408014579,48.10499423890411257130,0.79
