company_profile_id,expected_month,first_observed_month,last_observed_month,gap_type
127d3fe4-7010-4e15-a476-4ef3705ef08f,2025-10-01,,,no revenue ever
511c23d1-0283-40b4-9f0f-d04c4fc94468,2025-10-01,2025-11-01,2025-12-01,before first observed
8dbd8ec0-d865-4930-86e7-3091c7d602fc,2025-10-01,,,no revenue ever
0120a00a-347a-4c06-a192-824a2f84e711,2025-11-01,2025-10-01,2026-02-01,internal gap
048f6a91-7909-49f4-899a-6a491de36c1b,2025-11-01,2025-10-01,2026-05-01,internal gap
04efc4a8-86c7-49b6-826f-1f8c3c8da5e1,2025-11-01,2025-10-01,2025-10-01,after last observed
072bf771-5438-4d5b-a90c-3466991b6c5b,2025-11-01,2026-01-01,2026-02-01,before first observed
123251b7-c779-4114-b9b8-ba4833d6ce07,2025-11-01,2025-10-01,2025-10-01,after last observed
127d3fe4-7010-4e15-a476-4ef3705ef08f,2025-11-01,,,no revenue ever
19ef6857-fffa-45d7-9807-a8a3efbed527,2025-11-01,,,no revenue ever
23a26ac0-5d44-4c90-a9c3-e83db6221154,2025-11-01,2025-10-01,2025-10-01,after last observed
2b17fe21-19ea-46d9-bdef-2c6ca051a159,2025-11-01,2025-10-01,2025-10-01,after last observed
2bdcbbd9-25cb-491f-8724-d76796a3b3e0,2025-11-01,2025-10-01,2026-05-01,internal gap
2c2c1bc9-64aa-400c-8acc-2d3c929ef62a,2025-11-01,,,no revenue ever
2d0d01d2-dadc-4a0c-bf04-af36e64a6d54,2025-11-01,,,no revenue ever
3ca675b1-61e7-4a06-9f2c-a6d5f16ee4e1,2025-11-01,2025-10-01,2025-10-01,after last observed
3cb0441a-a5fa-4fad-a93d-a1468b0a6c81,2025-11-01,2025-10-01,2026-05-01,internal gap
3cf0b571-57ce-4c71-a8b5-a6d25409ff32,2025-11-01,2025-10-01,2025-10-01,after last observed
3f6e90ee-d0dc-4abc-8c57-43c9a8c1a4bb,2025-11-01,2026-01-01,2026-05-01,before first observed
4c840a35-e25a-4471-a60c-3496891f7332,2025-11-01,2025-10-01,2025-10-01,after last observed
50de7ce7-d968-492a-b9f4-a2f5a91e8256,2025-11-01,2025-10-01,2026-01-01,internal gap
5a0686f1-3d94-49b9-9b94-a066ab0a0920,2025-11-01,,,no revenue ever
5cb6a8f0-a5f1-48d1-a744-478b1f6e7547,2025-11-01,,,no revenue ever
6187150f-b030-4319-834d-f988f70a2694,2025-11-01,2025-10-01,2025-10-01,after last observed
6f745be7-4837-45e5-b0ff-270b3838aa17,2025-11-01,2025-10-01,2025-10-01,after last observed
751dd969-8936-4174-ba02-a05fbcbde7b1,2025-11-01,2025-10-01,2026-04-01,internal gap
85eea126-8d98-4432-88ce-ceecf04f16db,2025-11-01,2025-10-01,2025-10-01,after last observed
86d51ac8-efd3-4662-bb07-c79ec3c96284,2025-11-01,2025-10-01,2026-05-01,internal gap
87047ae8-1e35-4d74-accd-a1eaf7449ed7,2025-11-01,,,no revenue ever
8dbd8ec0-d865-4930-86e7-3091c7d602fc,2025-11-01,,,no revenue ever
8eee0373-4d15-4c9b-a1be-f1e8335e0a78,2025-11-01,2025-10-01,2026-01-01,internal gap
95000cd5-b8b6-4eb5-b214-2679ad344476,2025-11-01,2025-10-01,2026-05-01,internal gap
9974d278-215d-46b1-a593-60a88fb23d94,2025-11-01,2025-10-01,2025-10-01,after last observed
9ad688f6-dc3c-451c-926b-94e3c6c19f83,2025-11-01,2025-10-01,2025-10-01,after last observed
a1b75f68-13a2-4ee0-bd43-0b1a4c6220f0,2025-11-01,2025-10-01,2025-10-01,after last observed
a5d0dea0-00dd-498c-9384-2d6a0e366e8e,2025-11-01,2025-10-01,2025-10-01,after last observed
ab2a4fd8-8d3b-4e5a-8fe1-911a7612d47c,2025-11-01,2025-10-01,2025-10-01,after last observed
ac18b497-68cb-4ce5-b867-9c2c33ccbee5,2025-11-01,2026-04-01,2026-05-01,before first observed
af61d2c6-9429-4177-bd6b-6239c34bedcd,2025-11-01,2025-10-01,2025-10-01,after last observed
b18c06e6-9c76-4b05-8e72-634d64a22592,2025-11-01,2025-10-01,2026-05-01,internal gap
b7ebad8f-b35d-4719-ab88-da008aaa8d2b,2025-11-01,2025-10-01,2026-05-01,internal gap
bd3ffe42-1f90-472a-8907-8bd76b390bab,2025-11-01,2025-10-01,2025-10-01,after last observed
c250f902-2ee2-4b9a-bc0a-025d51855ecb,2025-11-01,2025-10-01,2025-10-01,after last observed
ded139f2-b579-4211-8404-e10c742e29c2,2025-11-01,2025-10-01,2025-10-01,after last observed
e4b4343d-746d-4eaf-8dd5-bc569130249c,2025-11-01,2025-12-01,2026-01-01,before first observed
e62c7964-47df-4187-a4a9-b672ecd806c3,2025-11-01,2025-10-01,2025-10-01,after last observed
fd1aba41-7ab7-4593-adcc-7160fcef4d52,2025-11-01,2025-10-01,2026-05-01,internal gap
00dcfdc4-14e1-4790-a0cd-a74913018017,2025-12-01,2025-10-01,2025-11-01,after last observed
0120a00a-347a-4c06-a192-824a2f84e711,2025-12-01,2025-10-01,2026-02-01,internal gap
04a5ce74-1603-4c52-a4e1-e983694901b2,2025-12-01,2025-11-01,2026-02-01,internal gap
04c1eeb9-5e56-43d1-9216-d6cf7f325e31,2025-12-01,2025-10-01,2025-11-01,after last observed
072bf771-5438-4d5b-a90c-3466991b6c5b,2025-12-01,2026-01-01,2026-02-01,before first observed
08c4a206-983c-4f5d-816d-979b467b615c,2025-12-01,2025-11-01,2025-11-01,after last observed
0973019e-1c10-4ecb-ba88-c3580fd1be69,2025-12-01,2025-11-01,2025-11-01,after last observed
0a54cd96-b17f-41be-8670-39bb27f10081,2025-12-01,2025-11-01,2026-05-01,internal gap
0baf383d-d899-42c2-a487-5c328a65e480,2025-12-01,2025-10-01,2025-11-01,after last observed
0bb5b361-b4ad-4afa-9b57-20598a8300ae,2025-12-01,2025-10-01,2026-01-01,internal gap
0d5e4ce7-3200-4612-aa85-7b281a79ca43,2025-12-01,2025-10-01,2025-11-01,after last observed
0f32df49-df72-424e-a1fc-ebc8eefd539f,2025-12-01,2025-11-01,2025-11-01,after last observed
115e1da1-647e-48c6-a00a-31f720ceabab,2025-12-01,2025-11-01,2025-11-01,after last observed
123251b7-c779-4114-b9b8-ba4833d6ce07,2025-12-01,2025-10-01,2025-10-01,after last observed
127d3fe4-7010-4e15-a476-4ef3705ef08f,2025-12-01,,,no revenue ever
12c6364a-8e26-4efd-ab21-07f769ae0e19,2025-12-01,2025-11-01,2025-11-01,after last observed
14271e11-0b79-40a0-95be-dab0a268e485,2025-12-01,2025-10-01,2026-05-01,internal gap
15449607-bf85-4d43-8f18-2e0f7e8cb15e,2025-12-01,2025-11-01,2025-11-01,after last observed
17749968-d613-404b-a530-7893f775df89,2025-12-01,2025-10-01,2025-11-01,after last observed
19ef6857-fffa-45d7-9807-a8a3efbed527,2025-12-01,,,no revenue ever
1ac0f2f6-b4c8-4d88-80c9-0e95399c383c,2025-12-01,2025-10-01,2026-05-01,internal gap
1b2c7941-0870-4288-be7c-e3f60b284859,2025-12-01,2025-10-01,2025-11-01,after last observed
1b8b19a1-8b8c-40f5-81db-5c962e954d20,2025-12-01,2025-11-01,2025-11-01,after last observed
1cd14493-c236-427a-8b94-32d17e7fdfbe,2025-12-01,2025-11-01,2026-05-01,internal gap
1d9db493-f74a-4686-961e-1324a62a0a25,2025-12-01,2025-10-01,2025-11-01,after last observed
23a26ac0-5d44-4c90-a9c3-e83db6221154,2025-12-01,2025-10-01,2025-10-01,after last observed
253f9331-903a-48ca-9df7-5deb9504df77,2025-12-01,2025-11-01,2025-11-01,after last observed
263a1fad-1473-4f84-a814-9e9e894ae4b0,2025-12-01,2025-10-01,2025-11-01,after last observed
264d0dfc-50ce-4e4e-a3bd-eb2c508da77e,2025-12-01,2025-10-01,2026-02-01,internal gap
2b17fe21-19ea-46d9-bdef-2c6ca051a159,2025-12-01,2025-10-01,2025-10-01,after last observed
2c2c1bc9-64aa-400c-8acc-2d3c929ef62a,2025-12-01,,,no revenue ever
2d0d01d2-dadc-4a0c-bf04-af36e64a6d54,2025-12-01,,,no revenue ever
2dc345ea-7021-493c-a1c2-c2f8fb6308e9,2025-12-01,2025-11-01,2026-05-01,internal gap
2e10ca7d-919f-4720-b410-07c599a7c51f,2025-12-01,2025-11-01,2025-11-01,after last observed
2e923831-3491-42b8-8272-6ebf5b08e415,2025-12-01,2025-11-01,2025-11-01,after last observed
31346232-42c6-484f-81ac-dbd7f1e8c282,2025-12-01,2025-11-01,2026-01-01,internal gap
315802eb-3539-4f94-bc98-368fd3eb093e,2025-12-01,2025-11-01,2025-11-01,after last observed
35d1cd80-3a4d-4313-b63d-7bceeb8f852d,2025-12-01,2025-11-01,2025-11-01,after last observed
37219858-5dc9-4c5c-ad0d-375dfac438db,2025-12-01,,,no revenue ever
3a5fed16-24b8-4d1b-aa53-080ed7b75ee1,2025-12-01,2025-11-01,2025-11-01,after last observed
3b729a39-e2f4-4375-b110-ac5640974eac,2025-12-01,2025-11-01,2026-05-01,internal gap
3cb0441a-a5fa-4fad-a93d-a1468b0a6c81,2025-12-01,2025-10-01,2026-05-01,internal gap
3cf0b571-57ce-4c71-a8b5-a6d25409ff32,2025-12-01,2025-10-01,2025-10-01,after last observed
3f6e90ee-d0dc-4abc-8c57-43c9a8c1a4bb,2025-12-01,2026-01-01,2026-05-01,before first observed
48c5004b-ff51-43ed-a9b4-aae0646d33d8,2025-12-01,2025-11-01,2026-05-01,internal gap
4c840a35-e25a-4471-a60c-3496891f7332,2025-12-01,2025-10-01,2025-10-01,after last observed
4d741ea0-e9fe-4d1d-9795-29386788ea57,2025-12-01,2025-11-01,2026-03-01,internal gap
530e5eb0-e5be-493d-aa4f-c9dc2ab4d656,2025-12-01,2025-11-01,2025-11-01,after last observed
57755a21-741e-4224-93b5-fd396732d4b1,2025-12-01,2025-10-01,2025-11-01,after last observed
5c41dbc9-40fa-4bb9-b48e-d62534192837,2025-12-01,,,no revenue ever
5cb6a8f0-a5f1-48d1-a744-478b1f6e7547,2025-12-01,,,no revenue ever
6714cb0e-27ee-45ba-afa5-f6a22714af65,2025-12-01,2025-11-01,2026-05-01,internal gap
6a809286-20e0-48f0-b53f-10c2a8a80f00,2025-12-01,2025-10-01,2025-11-01,after last observed
6f745be7-4837-45e5-b0ff-270b3838aa17,2025-12-01,2025-10-01,2025-10-01,after last observed
6ff41549-e7b5-4d17-9523-bfe39e86727c,2025-12-01,2025-11-01,2025-11-01,after last observed
722e877f-1fca-43e2-9818-1d4291b31ef6,2025-12-01,2025-10-01,2026-02-01,internal gap
75e429f7-8097-467e-bfac-4dcdac86eeab,2025-12-01,2025-10-01,2025-11-01,after last observed
818e594c-d56e-445e-8fd2-96b96d00aaa6,2025-12-01,,,no revenue ever
84810212-2918-42e6-8e39-3d2df4c69e5c,2025-12-01,2025-11-01,2025-11-01,after last observed
85eea126-8d98-4432-88ce-ceecf04f16db,2025-12-01,2025-10-01,2025-10-01,after last observed
86d51ac8-efd3-4662-bb07-c79ec3c96284,2025-12-01,2025-10-01,2026-05-01,internal gap
87047ae8-1e35-4d74-accd-a1eaf7449ed7,2025-12-01,,,no revenue ever
88783f26-b5f3-4e96-b607-c1c1ca879bbd,2025-12-01,2025-10-01,2025-11-01,after last observed
8dbd8ec0-d865-4930-86e7-3091c7d602fc,2025-12-01,,,no revenue ever
8eee0373-4d15-4c9b-a1be-f1e8335e0a78,2025-12-01,2025-10-01,2026-01-01,internal gap
8fc106d1-799c-4bcd-b8cc-69dee78e80b3,2025-12-01,2025-11-01,2026-02-01,internal gap
91890fbe-5765-4c94-8a58-4499114ce627,2025-12-01,2026-02-01,2026-02-01,before first observed
924b0590-258e-4f7d-8374-26a60fb4d0ec,2025-12-01,2025-11-01,2025-11-01,after last observed
930aa5b1-ab57-44b1-a2cd-89127ed0e869,2025-12-01,2025-10-01,2026-05-01,internal gap
98529d6c-ffd3-43b0-9798-96379251be2d,2025-12-01,2025-11-01,2025-11-01,after last observed
98c745c0-8f39-413b-9660-9e35129e8d3e,2025-12-01,2025-11-01,2025-11-01,after last observed
9903267e-dd68-423b-8af5-9fe97a466ba5,2025-12-01,2025-11-01,2025-11-01,after last observed
9974d278-215d-46b1-a593-60a88fb23d94,2025-12-01,2025-10-01,2025-10-01,after last observed
9ad688f6-dc3c-451c-926b-94e3c6c19f83,2025-12-01,2025-10-01,2025-10-01,after last observed
9d619f28-2d54-4687-9d62-618276daa393,2025-12-01,2025-11-01,2025-11-01,after last observed
9f2ded62-7c55-4330-aa41-dc8a334ef97d,2025-12-01,2025-11-01,2026-05-01,internal gap
a1b21a97-ee3a-4f59-8008-da1970a6d434,2025-12-01,2025-10-01,2025-11-01,after last observed
a3df1006-33e4-4bce-96b3-8cb6301e64c5,2025-12-01,2025-11-01,2025-11-01,after last observed
a4d864c4-4cca-464d-99bd-da87a4a7b2a7,2025-12-01,2025-10-01,2025-11-01,after last observed
a5a3155a-affc-4cce-b5aa-d7af13e55df8,2025-12-01,2025-10-01,2025-11-01,after last observed
a5d0dea0-00dd-498c-9384-2d6a0e366e8e,2025-12-01,2025-10-01,2025-10-01,after last observed
ab2a4fd8-8d3b-4e5a-8fe1-911a7612d47c,2025-12-01,2025-10-01,2025-10-01,after last observed
ac18b497-68cb-4ce5-b867-9c2c33ccbee5,2025-12-01,2026-04-01,2026-05-01,before first observed
ae2596fa-f156-4e7f-8612-42e28a33c7b5,2025-12-01,2025-11-01,2026-05-01,internal gap
ae2b7cc2-1984-48eb-afb6-55105af06899,2025-12-01,,,no revenue ever
af61d2c6-9429-4177-bd6b-6239c34bedcd,2025-12-01,2025-10-01,2025-10-01,after last observed
b18c06e6-9c76-4b05-8e72-634d64a22592,2025-12-01,2025-10-01,2026-05-01,internal gap
b2bdfade-e30d-4f72-9454-99573a3f0075,2025-12-01,,,no revenue ever
b3abb812-1106-4c53-b779-c015d9c9e63b,2025-12-01,2025-10-01,2025-11-01,after last observed
b7481569-b1a0-45ba-8872-b47bb73ae404,2025-12-01,2025-11-01,2026-05-01,internal gap
b798b54a-0775-4da0-a362-b71d1f51d905,2025-12-01,2025-10-01,2025-11-01,after last observed
b7b9d870-014e-431f-9eab-41ddaca84699,2025-12-01,,,no revenue ever
b7ebad8f-b35d-4719-ab88-da008aaa8d2b,2025-12-01,2025-10-01,2026-05-01,internal gap
b87bc623-2c88-4cbf-9029-5b04a6d6d1eb,2025-12-01,,,no revenue ever
bb48c235-6fec-49eb-844e-dd9d57734206,2025-12-01,2025-11-01,2025-11-01,after last observed
bb6ebab7-a180-4015-957a-838c335d0fb1,2025-12-01,2025-11-01,2025-11-01,after last observed
bbb6ca29-2686-4dd9-a602-e80c2f906277,2025-12-01,2025-11-01,2025-11-01,after last observed
bd3ffe42-1f90-472a-8907-8bd76b390bab,2025-12-01,2025-10-01,2025-10-01,after last observed
c250f902-2ee2-4b9a-bc0a-025d51855ecb,2025-12-01,2025-10-01,2025-10-01,after last observed
c6ac7eab-befc-4a1f-a92b-3caf6722ff0f,2025-12-01,2025-11-01,2025-11-01,after last observed
c807794d-0750-4dfc-b150-29a3c2a039d3,2025-12-01,2025-11-01,2026-05-01,internal gap
c83add23-8bd0-4516-aa0a-39bf3478d20b,2025-12-01,,,no revenue ever
c8493592-f45a-40f1-a1a0-43429479315f,2025-12-01,2025-11-01,2025-11-01,after last observed
c87b9cf3-29f1-4cf9-b660-ed471502b09d,2025-12-01,2025-11-01,2026-02-01,internal gap
c8d1179b-086f-43e5-8aef-ecf4b0a02bdd,2025-12-01,2025-10-01,2025-11-01,after last observed
ca38727f-7714-4d5e-ae25-1d5e470b4519,2025-12-01,2025-11-01,2025-11-01,after last observed
ccfac881-cd6a-4106-ac64-f459e972c8fc,2025-12-01,2025-11-01,2025-11-01,after last observed
d0430a4f-ce81-4929-bc93-80808a3469c8,2025-12-01,2025-11-01,2025-11-01,after last observed
d1963998-dad0-4a77-abfe-d50e2f6aa301,2025-12-01,2025-10-01,2025-11-01,after last observed
d42011c0-cb43-4465-997d-0246ca16f1fe,2025-12-01,2025-11-01,2025-11-01,after last observed
d4d57bed-c763-4f5a-a0bc-49c4fe1fd80e,2025-12-01,2025-11-01,2025-11-01,after last observed
d89a2bdd-363c-4ca1-91fd-57c707843c25,2025-12-01,2026-01-01,2026-05-01,before first observed
ded139f2-b579-4211-8404-e10c742e29c2,2025-12-01,2025-10-01,2025-10-01,after last observed
deeb22cf-afaf-41c0-8f95-6e10f7e4aaea,2025-12-01,2025-11-01,2025-11-01,after last observed
e0d8a1c5-323f-4b45-9710-7e865eb5a30c,2025-12-01,2025-11-01,2026-05-01,internal gap
e1a549e7-6a2c-4fd5-9acf-d42bbc6b46f5,2025-12-01,,,no revenue ever
e258628e-0408-41e1-86db-7e5a8b64fbfc,2025-12-01,2025-10-01,2026-05-01,internal gap
e3f21ae6-3b7b-47d2-b046-b75b8951f29e,2025-12-01,2026-01-01,2026-05-01,before first observed
e891fe08-198c-4760-b77a-f23289e2e7ef,2025-12-01,2025-10-01,2025-11-01,after last observed
ec1b6f07-bbe1-469b-ad30-a2546ad3f5d4,2025-12-01,2025-11-01,2026-05-01,internal gap
ece7bfec-ae96-4988-8495-67850abfe11a,2025-12-01,2025-10-01,2025-11-01,after last observed
f36f3941-dd47-4ac1-901a-2aefa46c2244,2025-12-01,2025-11-01,2025-11-01,after last observed
f5183a1c-b087-4a40-8e7a-ee067e0c6226,2025-12-01,2025-10-01,2026-02-01,internal gap
f6233808-306f-46bf-817a-7fa37fc70ab0,2025-12-01,2025-11-01,2025-11-01,after last observed
f766d409-5066-4d1c-b4d1-f9869a500a77,2025-12-01,2025-11-01,2025-11-01,after last observed
fa0168c3-c87a-4c4b-ad4b-ce673fea65ad,2025-12-01,2025-11-01,2025-11-01,after last observed
fad92b38-92b3-4b57-95cc-07e68c9c257c,2025-12-01,2025-11-01,2026-03-01,internal gap
ffb56399-5ad1-4fbe-9fb9-c9088394bfae,2025-12-01,2025-11-01,2025-11-01,after last observed
02abd8b7-8ef0-4fb4-a48d-7ffdf66180a1,2026-01-01,2025-12-01,2026-05-01,internal gap
02e1775d-ba2e-4f0f-bae2-de53488431a7,2026-01-01,2025-10-01,2026-05-01,internal gap
037b3650-dea2-4bc6-bf7f-e8c4b6db54ac,2026-01-01,2025-11-01,2025-12-01,after last observed
04a5ce74-1603-4c52-a4e1-e983694901b2,2026-01-01,2025-11-01,2026-02-01,internal gap
055bd6af-4f65-4139-8163-3aba0255a538,2026-01-01,2025-11-01,2026-05-01,internal gap
08c4a206-983c-4f5d-816d-979b467b615c,2026-01-01,2025-11-01,2025-11-01,after last observed
0973019e-1c10-4ecb-ba88-c3580fd1be69,2026-01-01,2025-11-01,2025-11-01,after last observed
09d0979b-9ef2-4553-8608-5fb3fac9dce5,2026-01-01,2025-12-01,2026-04-01,internal gap
0b712e8c-1dc1-4146-83e7-8e60633d277e,2026-01-01,2025-12-01,2026-05-01,internal gap
0baf383d-d899-42c2-a487-5c328a65e480,2026-01-01,2025-10-01,2025-11-01,after last observed
0d5e4ce7-3200-4612-aa85-7b281a79ca43,2026-01-01,2025-10-01,2025-11-01,after last observed
0ed6f62f-da55-44e9-be40-f0bb1ae47a41,2026-01-01,2025-11-01,2025-12-01,after last observed
0f072a9c-0f60-4fbf-b6ee-b617b45041e9,2026-01-01,2025-12-01,2026-05-01,internal gap
0f32df49-df72-424e-a1fc-ebc8eefd539f,2026-01-01,2025-11-01,2025-11-01,after last observed
115e1da1-647e-48c6-a00a-31f720ceabab,2026-01-01,2025-11-01,2025-11-01,after last observed
1265014a-664a-4847-931d-7c51510cf865,2026-01-01,2025-11-01,2026-05-01,internal gap
127d3fe4-7010-4e15-a476-4ef3705ef08f,2026-01-01,,,no revenue ever
12c6364a-8e26-4efd-ab21-07f769ae0e19,2026-01-01,2025-11-01,2025-11-01,after last observed
12eee038-5961-4308-81eb-8726473f127e,2026-01-01,2025-11-01,2026-05-01,internal gap
1334af32-1084-47aa-9c5f-859263cb495c,2026-01-01,2025-11-01,2025-12-01,after last observed
1374d0e5-ee08-413f-acd6-907901705439,2026-01-01,2025-12-01,2025-12-01,after last observed
14271e11-0b79-40a0-95be-dab0a268e485,2026-01-01,2025-10-01,2026-05-01,internal gap
150a3d22-499e-4afc-8bd3-0c357b82c6cf,2026-01-01,2025-11-01,2026-05-01,internal gap
150a9ff8-d84c-4dd5-860b-92b165055834,2026-01-01,2025-11-01,2025-12-01,after last observed
170287d3-9484-4cab-94ef-6ad36ae4a210,2026-01-01,,,no revenue ever
17355561-365d-486f-accc-9b9a7edef342,2026-01-01,2025-11-01,2025-12-01,after last observed
17749968-d613-404b-a530-7893f775df89,2026-01-01,2025-10-01,2025-11-01,after last observed
19178a81-75ff-4e44-be20-95b950a03c6c,2026-01-01,2025-11-01,2026-04-01,internal gap
19ef6857-fffa-45d7-9807-a8a3efbed527,2026-01-01,,,no revenue ever
1b2c7941-0870-4288-be7c-e3f60b284859,2026-01-01,2025-10-01,2025-11-01,after last observed
1ccd89cb-0379-4e7f-843d-349484f35665,2026-01-01,2025-11-01,2025-12-01,after last observed
1cd14493-c236-427a-8b94-32d17e7fdfbe,2026-01-01,2025-11-01,2026-05-01,internal gap
1d6b6cca-2aaa-4030-8264-6eefc56b56cd,2026-01-01,2025-11-01,2025-12-01,after last observed
1d9db493-f74a-4686-961e-1324a62a0a25,2026-01-01,2025-10-01,2025-11-01,after last observed
1e80fc27-f0b1-4550-bb72-92f2acedd43a,2026-01-01,2025-12-01,2026-05-01,internal gap
1e9b643b-9ebe-4e5e-8402-b3efa4f938d9,2026-01-01,2025-12-01,2026-05-01,internal gap
1ed1f990-b418-4a1b-a9b2-e97d8071e2a9,2026-01-01,2025-11-01,2026-03-01,internal gap
1f2a9145-89e3-4986-93d5-eafdbee433f6,2026-01-01,2025-12-01,2025-12-01,after last observed
20963c33-c8b7-41af-80f8-0aec033c30ab,2026-01-01,2025-11-01,2026-04-01,internal gap
21ce0627-6294-4f4c-a68f-85b8a30a48e0,2026-01-01,2025-12-01,2025-12-01,after last observed
2365ddb7-76d2-4f24-b117-ee52d1092acf,2026-01-01,2025-11-01,2026-05-01,internal gap
23a26ac0-5d44-4c90-a9c3-e83db6221154,2026-01-01,2025-10-01,2025-10-01,after last observed
253f9331-903a-48ca-9df7-5deb9504df77,2026-01-01,2025-11-01,2025-11-01,after last observed
261937cc-b630-49cc-93a7-dd5b5a320e14,2026-01-01,2026-02-01,2026-05-01,before first observed
263a1fad-1473-4f84-a814-9e9e894ae4b0,2026-01-01,2025-10-01,2025-11-01,after last observed
264d0dfc-50ce-4e4e-a3bd-eb2c508da77e,2026-01-01,2025-10-01,2026-02-01,internal gap
28de662b-5530-40dc-86ad-303fe9759045,2026-01-01,2025-11-01,2025-12-01,after last observed
29447611-07ad-4023-9621-a0c2db95666a,2026-01-01,2025-11-01,2025-12-01,after last observed
294f78c5-ab43-4a0a-8dfe-8addc293e535,2026-01-01,2025-12-01,2025-12-01,after last observed
29ceda4c-7bbe-4f34-82d3-10e65dc5d185,2026-01-01,2025-11-01,2026-03-01,internal gap
2ac223bb-4468-40fd-8ef2-c6a7eb5ab578,2026-01-01,2026-02-01,2026-02-01,before first observed
2b17fe21-19ea-46d9-bdef-2c6ca051a159,2026-01-01,2025-10-01,2025-10-01,after last observed
2c2c1bc9-64aa-400c-8acc-2d3c929ef62a,2026-01-01,,,no revenue ever
2d0d01d2-dadc-4a0c-bf04-af36e64a6d54,2026-01-01,,,no revenue ever
2dc345ea-7021-493c-a1c2-c2f8fb6308e9,2026-01-01,2025-11-01,2026-05-01,internal gap
2e10ca7d-919f-4720-b410-07c599a7c51f,2026-01-01,2025-11-01,2025-11-01,after last observed
319dae6a-a7f6-4cce-967c-9021c5255879,2026-01-01,2025-12-01,2025-12-01,after last observed
31e06a81-87a5-4733-a109-52893f6d19da,2026-01-01,2025-12-01,2026-05-01,internal gap
35d1cd80-3a4d-4313-b63d-7bceeb8f852d,2026-01-01,2025-11-01,2025-11-01,after last observed
37219858-5dc9-4c5c-ad0d-375dfac438db,2026-01-01,,,no revenue ever
38d23300-0236-4599-8b0d-35de18abbc2c,2026-01-01,2025-12-01,2025-12-01,after last observed
3b729a39-e2f4-4375-b110-ac5640974eac,2026-01-01,2025-11-01,2026-05-01,internal gap
3c583185-1af3-48d8-86e5-bb7d32a24e43,2026-01-01,2025-12-01,2025-12-01,after last observed
3cb0441a-a5fa-4fad-a93d-a1468b0a6c81,2026-01-01,2025-10-01,2026-05-01,internal gap
3cf0b571-57ce-4c71-a8b5-a6d25409ff32,2026-01-01,2025-10-01,2025-10-01,after last observed
3d0535e0-e791-4666-8cc1-887c87be169b,2026-01-01,2025-10-01,2025-12-01,after last observed
3dc130de-d2e2-46bf-8484-d6d83ad7a40a,2026-01-01,,,no revenue ever
3dc66445-841b-4d16-8863-0368e24ad38d,2026-01-01,2025-12-01,2026-03-01,internal gap
3e2aba45-7c00-40d4-a1a0-6d0241dd8269,2026-01-01,2025-11-01,2025-12-01,after last observed
3fdd51db-da57-416c-bb95-8fd37d0de858,2026-01-01,2025-11-01,2026-03-01,internal gap
41c764ed-bbd2-4ed4-bcde-14a2a76d85c7,2026-01-01,2026-04-01,2026-05-01,before first observed
42de87d5-c543-4ad9-8c4a-79c68aed4910,2026-01-01,2025-10-01,2026-05-01,internal gap
434462b5-4ccd-4491-bcc7-90b39cbca810,2026-01-01,2025-12-01,2026-05-01,internal gap
469d1dbd-2e4b-4e1c-aca0-c93fb2f594ab,2026-01-01,,,no revenue ever
480ef99f-4e43-45cb-b794-8efb9a556273,2026-01-01,2025-12-01,2025-12-01,after last observed
48808f76-9481-494a-b29a-1cfa05b0a110,2026-01-01,2025-12-01,2026-05-01,internal gap
48abfd66-f5d1-4282-bc82-da8cca6b99b6,2026-01-01,2025-11-01,2025-12-01,after last observed
49a860e7-6408-46be-8fac-9baa3ba1cb05,2026-01-01,2025-10-01,2025-12-01,after last observed
4a5ace95-54a2-4837-be87-77adfcce6c32,2026-01-01,2025-12-01,2025-12-01,after last observed
4b3cf633-8228-418d-859a-c7d952ad28f5,2026-01-01,2025-11-01,2026-05-01,internal gap
4c840a35-e25a-4471-a60c-3496891f7332,2026-01-01,2025-10-01,2025-10-01,after last observed
4d741ea0-e9fe-4d1d-9795-29386788ea57,2026-01-01,2025-11-01,2026-03-01,internal gap
4f82f20b-da33-468b-92ed-27070b05752f,2026-01-01,2025-12-01,2025-12-01,after last observed
511c23d1-0283-40b4-9f0f-d04c4fc94468,2026-01-01,2025-11-01,2025-12-01,after last observed
527ea897-e896-4235-90be-863cbc67ca3d,2026-01-01,2025-12-01,2025-12-01,after last observed
530e5eb0-e5be-493d-aa4f-c9dc2ab4d656,2026-01-01,2025-11-01,2025-11-01,after last observed
53414591-6808-45cc-be15-ad8e92f3bfdf,2026-01-01,2025-12-01,2026-05-01,internal gap
54645b12-5dce-4f7a-9cca-98cf8898b56e,2026-01-01,2025-10-01,2025-12-01,after last observed
55daa107-2e41-43f5-97c8-80a4cf80de69,2026-01-01,2025-12-01,2025-12-01,after last observed
57755a21-741e-4224-93b5-fd396732d4b1,2026-01-01,2025-10-01,2025-11-01,after last observed
58846565-c129-4b0f-b2f4-0dfee4b56f3a,2026-01-01,2025-10-01,2025-12-01,after last observed
588642ac-0197-4aaf-9f51-c47d5e2aefb9,2026-01-01,2025-11-01,2025-12-01,after last observed
595e204c-51f1-4009-8e3d-34a2be1d30e1,2026-01-01,2025-11-01,2025-12-01,after last observed
5b83bf5e-b19c-4197-98ed-b68cbba34bad,2026-01-01,2025-11-01,2025-12-01,after last observed
5c41dbc9-40fa-4bb9-b48e-d62534192837,2026-01-01,,,no revenue ever
5c4979fe-2cec-4cc6-a642-ce20b36cf562,2026-01-01,2025-12-01,2026-05-01,internal gap
5c6b4173-93a6-4822-98a3-d2c599f669a1,2026-01-01,2025-12-01,2026-03-01,internal gap
60da20be-eebe-4d1f-977b-3ab995a81773,2026-01-01,2025-12-01,2025-12-01,after last observed
61858684-02f1-4861-a529-c38366033db3,2026-01-01,2025-10-01,2026-04-01,internal gap
64573e00-6fcb-4fae-afbc-956ba664aae9,2026-01-01,2025-11-01,2026-04-01,internal gap
660e103c-8e88-4b1b-a3d9-0aff6bfc9a47,2026-01-01,2025-12-01,2025-12-01,after last observed
6926ddf2-f8b5-479a-b54f-13ee120b52aa,2026-01-01,2025-11-01,2025-12-01,after last observed
69934e2a-ba0a-4a0a-93fe-3873cd1f8319,2026-01-01,2025-11-01,2025-12-01,after last observed
6a809286-20e0-48f0-b53f-10c2a8a80f00,2026-01-01,2025-10-01,2025-11-01,after last observed
6ac92d7c-6cf5-4732-9a4e-491fb72d4bae,2026-01-01,2025-12-01,2025-12-01,after last observed
6b4a6a1e-638b-46bf-be8f-b40de993f235,2026-01-01,2025-12-01,2026-05-01,internal gap
6c275f48-ec78-4928-8105-2b562c5115eb,2026-01-01,,,no revenue ever
6c2770ac-7b59-4d4f-9a15-83f990aa000b,2026-01-01,2025-12-01,2025-12-01,after last observed
6f745be7-4837-45e5-b0ff-270b3838aa17,2026-01-01,2025-10-01,2025-10-01,after last observed
6ff41549-e7b5-4d17-9523-bfe39e86727c,2026-01-01,2025-11-01,2025-11-01,after last observed
705b42d7-f93d-49c4-946b-ea23f0523fab,2026-01-01,2025-11-01,2026-05-01,internal gap
723684fa-2fb3-4790-a8ac-69e54f63e168,2026-01-01,2025-11-01,2026-05-01,internal gap
72d47c2a-02bc-4715-a612-a657593a81f9,2026-01-01,2025-11-01,2026-05-01,internal gap
738f5607-0736-4f6a-92c6-53b169370ccf,2026-01-01,2025-12-01,2025-12-01,after last observed
75846dcd-cb43-4e71-973a-66cea136f3ad,2026-01-01,2025-12-01,2026-05-01,internal gap
75be09e4-badc-401e-9311-0d5d53441a77,2026-01-01,2025-11-01,2025-12-01,after last observed
75e429f7-8097-467e-bfac-4dcdac86eeab,2026-01-01,2025-10-01,2025-11-01,after last observed
77b5fdd4-2013-44e8-8ff5-f30c23910139,2026-01-01,2025-12-01,2026-05-01,internal gap
7a2d3c8a-14eb-4143-bad8-b03abdc0e80d,2026-01-01,2025-12-01,2026-05-01,internal gap
7a55408d-360e-4c1b-b3e2-080404a10686,2026-01-01,2025-11-01,2026-05-01,internal gap
7b20b042-afe9-4193-9223-589a81df5ed5,2026-01-01,2025-12-01,2025-12-01,after last observed
7ce35946-aa5e-40b6-aff5-73284b64c27b,2026-01-01,2025-11-01,2025-12-01,after last observed
7e0a527e-28e9-45d8-9edd-6cd4b3896fec,2026-01-01,2025-11-01,2025-12-01,after last observed
7f98c919-58f2-47ef-a961-18f275610438,2026-01-01,2025-12-01,2025-12-01,after last observed
80fc2d33-8fee-4ca2-bc5c-e117ee6bdd8e,2026-01-01,2025-12-01,2026-05-01,internal gap
824a523d-da38-4755-8ed0-594a42ec8723,2026-01-01,2025-11-01,2025-12-01,after last observed
82601ce8-c535-47a0-bc61-e778bbafcd55,2026-01-01,2025-12-01,2026-05-01,internal gap
83292beb-38a3-4fb1-a1ea-b08d5e52dd93,2026-01-01,2025-12-01,2025-12-01,after last observed
8361baa1-8b34-40ae-96a3-43d476edf9c1,2026-01-01,2025-12-01,2026-04-01,internal gap
84810212-2918-42e6-8e39-3d2df4c69e5c,2026-01-01,2025-11-01,2025-11-01,after last observed
86f8c25c-77ac-46c8-bd7b-48195c41c5d3,2026-01-01,2025-11-01,2026-05-01,internal gap
87047ae8-1e35-4d74-accd-a1eaf7449ed7,2026-01-01,,,no revenue ever
88783f26-b5f3-4e96-b607-c1c1ca879bbd,2026-01-01,2025-10-01,2025-11-01,after last observed
8c13f465-a84f-43ea-be1a-45ed0e8447ed,2026-01-01,2025-11-01,2026-05-01,internal gap
8ca182c7-a928-474a-8477-0dc14c532365,2026-01-01,2025-11-01,2026-05-01,internal gap
8dbd8ec0-d865-4930-86e7-3091c7d602fc,2026-01-01,,,no revenue ever
8e4e79af-5ea8-4d17-abe4-600411c133df,2026-01-01,2025-10-01,2025-12-01,after last observed
8fb9e8a5-62f9-4630-8f74-a869df3390f5,2026-01-01,2025-12-01,2026-05-01,internal gap
8fcf9d6d-8136-4fe4-8ba5-ce3cfdcbdc44,2026-01-01,2025-11-01,2025-12-01,after last observed
91176fc7-8692-4439-84a4-139a53e97114,2026-01-01,2025-11-01,2026-03-01,internal gap
91890fbe-5765-4c94-8a58-4499114ce627,2026-01-01,2026-02-01,2026-02-01,before first observed
91f9f448-3d31-4bc4-918f-7a1bff8045c4,2026-01-01,,,no revenue ever
924b0590-258e-4f7d-8374-26a60fb4d0ec,2026-01-01,2025-11-01,2025-11-01,after last observed
925bfaf7-ffe1-4001-8356-a4c8fa4d7394,2026-01-01,2026-02-01,2026-05-01,before first observed
930aa5b1-ab57-44b1-a2cd-89127ed0e869,2026-01-01,2025-10-01,2026-05-01,internal gap
937e511d-4435-4ca1-bed0-1a648601f143,2026-01-01,2025-10-01,2025-12-01,after last observed
9664eade-c0d2-4d7b-aac3-a2f000a3bd70,2026-01-01,2025-11-01,2025-12-01,after last observed
98529d6c-ffd3-43b0-9798-96379251be2d,2026-01-01,2025-11-01,2025-11-01,after last observed
9866c8b3-ee55-4770-baa2-d051e4b83832,2026-01-01,2025-12-01,2025-12-01,after last observed
9903267e-dd68-423b-8af5-9fe97a466ba5,2026-01-01,2025-11-01,2025-11-01,after last observed
9974d278-215d-46b1-a593-60a88fb23d94,2026-01-01,2025-10-01,2025-10-01,after last observed
9ad688f6-dc3c-451c-926b-94e3c6c19f83,2026-01-01,2025-10-01,2025-10-01,after last observed
9e798bdf-f4af-474f-a253-0bb47dbc4930,2026-01-01,2025-11-01,2025-12-01,after last observed
a057f0a5-9b54-4527-85f2-6f6393935880,2026-01-01,2025-11-01,2025-12-01,after last observed
a1082160-5ec3-4128-a694-495cb67e3d3a,2026-01-01,2025-10-01,2025-12-01,after last observed
a1b21a97-ee3a-4f59-8008-da1970a6d434,2026-01-01,2025-10-01,2025-11-01,after last observed
a275145e-bfc7-43f2-b240-3dc2776ef57a,2026-01-01,2025-12-01,2026-05-01,internal gap
a5d0dea0-00dd-498c-9384-2d6a0e366e8e,2026-01-01,2025-10-01,2025-10-01,after last observed
a7f693c5-3a56-4280-a436-d4cb3310093d,2026-01-01,2025-12-01,2025-12-01,after last observed
a8d9d1bf-f978-45ee-b143-6cde877cd3b1,2026-01-01,2025-11-01,2025-12-01,after last observed
ab2a4fd8-8d3b-4e5a-8fe1-911a7612d47c,2026-01-01,2025-10-01,2025-10-01,after last observed
ab6db975-c413-4fa3-8138-83fe986f6985,2026-01-01,2025-12-01,2025-12-01,after last observed
ab7ac4fe-589d-4f1a-ab30-0e929cffc64c,2026-01-01,2025-12-01,2025-12-01,after last observed
aba520ee-7d15-4420-bf32-79ac5b39ad9d,2026-01-01,2025-12-01,2025-12-01,after last observed
abb849df-cf14-4737-9706-f48354c54206,2026-01-01,2025-11-01,2025-12-01,after last observed
ac18b497-68cb-4ce5-b867-9c2c33ccbee5,2026-01-01,2026-04-01,2026-05-01,before first observed
accdf01c-0a8a-40ba-b62a-71f5087e075f,2026-01-01,2025-12-01,2025-12-01,after last observed
ae2596fa-f156-4e7f-8612-42e28a33c7b5,2026-01-01,2025-11-01,2026-05-01,internal gap
ae2b7cc2-1984-48eb-afb6-55105af06899,2026-01-01,,,no revenue ever
af07b1e2-184f-4327-893e-6b4f280a057d,2026-01-01,2025-11-01,2025-12-01,after last observed
af61d2c6-9429-4177-bd6b-6239c34bedcd,2026-01-01,2025-10-01,2025-10-01,after last observed
af7e42ab-c3ef-4050-b68a-1a45cf7bb5ab,2026-01-01,2025-12-01,2025-12-01,after last observed
b06e9890-2f09-4238-84bb-c87cfcb8e535,2026-01-01,2025-11-01,2025-12-01,after last observed
b10f8129-533a-4ccc-b81c-35dd0cd9b094,2026-01-01,2025-11-01,2026-02-01,internal gap
b3abb812-1106-4c53-b779-c015d9c9e63b,2026-01-01,2025-10-01,2025-11-01,after last observed
b56e4f08-66b3-4392-b8be-c0d45d9d81c5,2026-01-01,2025-12-01,2025-12-01,after last observed
b76a9c13-d7ae-413a-a74c-30615867a0d7,2026-01-01,2025-12-01,2025-12-01,after last observed
b798b54a-0775-4da0-a362-b71d1f51d905,2026-01-01,2025-10-01,2025-11-01,after last observed
b7b9d870-014e-431f-9eab-41ddaca84699,2026-01-01,,,no revenue ever
b7d37b00-e9b5-4628-bb8b-3861d5091294,2026-01-01,2025-11-01,2025-12-01,after last observed
b87bc623-2c88-4cbf-9029-5b04a6d6d1eb,2026-01-01,,,no revenue ever
bb48c235-6fec-49eb-844e-dd9d57734206,2026-01-01,2025-11-01,2025-11-01,after last observed
bb6ebab7-a180-4015-957a-838c335d0fb1,2026-01-01,2025-11-01,2025-11-01,after last observed
bbb6ca29-2686-4dd9-a602-e80c2f906277,2026-01-01,2025-11-01,2025-11-01,after last observed
bc093f17-29d2-4e31-a0ef-0cee091abc96,2026-01-01,2025-11-01,2026-05-01,internal gap
bd3ffe42-1f90-472a-8907-8bd76b390bab,2026-01-01,2025-10-01,2025-10-01,after last observed
bdade3f4-8d54-44bd-ac13-03651d3d215c,2026-01-01,2025-10-01,2025-12-01,after last observed
be3201ed-7169-4f7d-9f39-05ae0003d02b,2026-01-01,2025-11-01,2025-12-01,after last observed
c21e44dc-f55a-4809-b6f0-206ca287e162,2026-01-01,2025-11-01,2025-12-01,after last observed
c250f902-2ee2-4b9a-bc0a-025d51855ecb,2026-01-01,2025-10-01,2025-10-01,after last observed
c53bb0c8-d82f-44dc-81ea-4c0510758a91,2026-01-01,2025-12-01,2025-12-01,after last observed
c6898d6c-9921-4538-9db5-78f02d32550c,2026-01-01,2025-12-01,2025-12-01,after last observed
c6ac7eab-befc-4a1f-a92b-3caf6722ff0f,2026-01-01,2025-11-01,2025-11-01,after last observed
c7e50402-a00f-459a-ada9-c07a5bee0476,2026-01-01,2025-12-01,2025-12-01,after last observed
c807794d-0750-4dfc-b150-29a3c2a039d3,2026-01-01,2025-11-01,2026-05-01,internal gap
c8493592-f45a-40f1-a1a0-43429479315f,2026-01-01,2025-11-01,2025-11-01,after last observed
c87b9cf3-29f1-4cf9-b660-ed471502b09d,2026-01-01,2025-11-01,2026-02-01,internal gap
ca38727f-7714-4d5e-ae25-1d5e470b4519,2026-01-01,2025-11-01,2025-11-01,after last observed
ca6a8b7d-dfaf-4cfa-a1a3-0039e76f02ff,2026-01-01,2025-12-01,2025-12-01,after last observed
cadd4926-5caa-4e6f-8c89-e629fbbabbe2,2026-01-01,2025-12-01,2025-12-01,after last observed
cae23a98-c194-41ff-8e49-3fd475d1c655,2026-01-01,,,no revenue ever
cbd890f3-e80e-4eea-83ad-8423e8be9148,2026-01-01,,,no revenue ever
ccfac881-cd6a-4106-ac64-f459e972c8fc,2026-01-01,2025-11-01,2025-11-01,after last observed
d0430a4f-ce81-4929-bc93-80808a3469c8,2026-01-01,2025-11-01,2025-11-01,after last observed
d0d113e3-388c-4017-88c2-f1c442e51077,2026-01-01,2025-12-01,2025-12-01,after last observed
d13839f6-0ec7-4986-bcec-50a79509d3a0,2026-01-01,,,no revenue ever
d1963998-dad0-4a77-abfe-d50e2f6aa301,2026-01-01,2025-10-01,2025-11-01,after last observed
d1bed3f5-06f2-477f-8aab-d2f2201464fb,2026-01-01,2025-12-01,2025-12-01,after last observed
d296444a-edcc-4e2b-a9c8-986554ad18f7,2026-01-01,2025-11-01,2025-12-01,after last observed
d2aec463-1882-4b7b-8bc5-f6ad21735522,2026-01-01,2025-10-01,2025-12-01,after last observed
d42011c0-cb43-4465-997d-0246ca16f1fe,2026-01-01,2025-11-01,2025-11-01,after last observed
d4d57bed-c763-4f5a-a0bc-49c4fe1fd80e,2026-01-01,2025-11-01,2025-11-01,after last observed
d53f9927-80fa-4c17-a0ad-2df99fa55ba8,2026-01-01,,,no revenue ever
d7928465-e534-45de-b755-efb60d8451b1,2026-01-01,2025-12-01,2025-12-01,after last observed
d8286bac-d0cc-4502-871d-f03cf4f016ed,2026-01-01,2025-11-01,2025-12-01,after last observed
d8619486-8463-4e7d-a2f1-2faba4dc4f5b,2026-01-01,2025-11-01,2025-12-01,after last observed
d9d35e74-a210-4337-a927-dbccce43f708,2026-01-01,2025-11-01,2025-12-01,after last observed
dd03cb10-a3a1-46e5-a77a-f47b67a03406,2026-01-01,2025-11-01,2026-05-01,internal gap
ddb22ebb-4751-46fe-b454-2c3d5b5382f7,2026-01-01,2025-10-01,2025-12-01,after last observed
de166f26-738a-4c4c-a5c1-c4ec27a038e5,2026-01-01,2025-10-01,2025-12-01,after last observed
ded139f2-b579-4211-8404-e10c742e29c2,2026-01-01,2025-10-01,2025-10-01,after last observed
deeb22cf-afaf-41c0-8f95-6e10f7e4aaea,2026-01-01,2025-11-01,2025-11-01,after last observed
e0d8a1c5-323f-4b45-9710-7e865eb5a30c,2026-01-01,2025-11-01,2026-05-01,internal gap
e1a549e7-6a2c-4fd5-9acf-d42bbc6b46f5,2026-01-01,,,no revenue ever
e222cec4-2215-4570-a4e1-493632f54735,2026-01-01,2025-12-01,2026-05-01,internal gap
e4c19fb8-fbcf-4aae-84bd-6f6b9b8dc3f2,2026-01-01,2025-12-01,2025-12-01,after last observed
e891fe08-198c-4760-b77a-f23289e2e7ef,2026-01-01,2025-10-01,2025-11-01,after last observed
e8ab24b2-a487-4416-af3a-ed3258942ba5,2026-01-01,2025-11-01,2026-05-01,internal gap
e9c24260-fc10-4529-b090-fde7c5a071f0,2026-01-01,2025-11-01,2025-12-01,after last observed
ea9b0d1c-663b-4c71-833d-64faea734fad,2026-01-01,2025-12-01,2025-12-01,after last observed
eb732698-7a59-4ffb-851b-ea8fea8221cf,2026-01-01,2025-11-01,2025-12-01,after last observed
ebda20be-0554-40b9-9943-81e622587408,2026-01-01,2025-12-01,2025-12-01,after last observed
ece7bfec-ae96-4988-8495-67850abfe11a,2026-01-01,2025-10-01,2025-11-01,after last observed
eda24dc9-2216-405f-9847-303dbda2ea26,2026-01-01,2025-12-01,2025-12-01,after last observed
ef6fd0b7-01c4-4c57-b2e1-e6bb083c1baa,2026-01-01,2025-12-01,2026-03-01,internal gap
f1002e12-3d13-4d80-8b82-ee78136e4199,2026-01-01,2025-11-01,2025-12-01,after last observed
f21be6c3-f02a-451a-8a3f-ff710f2bef2a,2026-01-01,2025-12-01,2026-05-01,internal gap
f36f3941-dd47-4ac1-901a-2aefa46c2244,2026-01-01,2025-11-01,2025-11-01,after last observed
f5183a1c-b087-4a40-8e7a-ee067e0c6226,2026-01-01,2025-10-01,2026-02-01,internal gap
f546619d-1a77-4019-8ced-c107d6dcdbf2,2026-01-01,,,no revenue ever
f6233808-306f-46bf-817a-7fa37fc70ab0,2026-01-01,2025-11-01,2025-11-01,after last observed
f66e1118-3253-4355-948e-29a2912908c1,2026-01-01,2025-11-01,2025-12-01,after last observed
f766d409-5066-4d1c-b4d1-f9869a500a77,2026-01-01,2025-11-01,2025-11-01,after last observed
f9226188-909a-40e1-8259-6884b1508992,2026-01-01,2025-11-01,2025-12-01,after last observed
fa31f137-ae40-4263-a5e0-dee9eca33d69,2026-01-01,2025-12-01,2025-12-01,after last observed
fca5d246-0c24-4b02-a9a2-1403c48c69ce,2026-01-01,2025-12-01,2025-12-01,after last observed
fcbd3683-e412-4b75-8383-d69315a2c4c4,2026-01-01,2025-12-01,2025-12-01,after last observed
ffb56399-5ad1-4fbe-9fb9-c9088394bfae,2026-01-01,2025-11-01,2025-11-01,after last observed
004badbc-7957-4cbe-8a45-863514f1710b,2026-02-01,2026-01-01,2026-05-01,internal gap
0067f4d4-e7fd-47bc-bfc3-25ab8172345b,2026-02-01,2025-12-01,2026-01-01,after last observed
0080d52a-07f3-461c-a1de-bee5beb011a7,2026-02-01,2026-01-01,2026-01-01,after last observed
014b03ef-e7d3-44ad-9729-79ed9072eb1f,2026-02-01,2025-11-01,2026-01-01,after last observed
01715e69-5802-4ddd-9e3b-77f2315d2839,2026-02-01,,,no revenue ever
037b3650-dea2-4bc6-bf7f-e8c4b6db54ac,2026-02-01,2025-11-01,2025-12-01,after last observed
06b9b294-4912-427e-b5f3-74ef7fb2af5f,2026-02-01,2025-10-01,2026-01-01,after last observed
072f7f18-983b-4adc-b58c-0151ae5acb5a,2026-02-01,2026-01-01,2026-01-01,after last observed
075c2fa7-530e-4202-ac9c-02f16c492baf,2026-02-01,2025-12-01,2026-01-01,after last observed
079da507-fc8b-437f-82c2-6d1b933ec555,2026-02-01,2025-11-01,2026-01-01,after last observed
08c4a206-983c-4f5d-816d-979b467b615c,2026-02-01,2025-11-01,2025-11-01,after last observed
0973019e-1c10-4ecb-ba88-c3580fd1be69,2026-02-01,2025-11-01,2025-11-01,after last observed
09d0979b-9ef2-4553-8608-5fb3fac9dce5,2026-02-01,2025-12-01,2026-04-01,internal gap
09fa5a67-6a4b-47e2-89bf-b4a5a8c3fd4c,2026-02-01,2025-12-01,2026-01-01,after last observed
0b712e8c-1dc1-4146-83e7-8e60633d277e,2026-02-01,2025-12-01,2026-05-01,internal gap
0baf383d-d899-42c2-a487-5c328a65e480,2026-02-01,2025-10-01,2025-11-01,after last observed
0bb5b361-b4ad-4afa-9b57-20598a8300ae,2026-02-01,2025-10-01,2026-01-01,after last observed
0cd0db51-cc2a-49ea-a605-1545e46d3d6a,2026-02-01,2025-11-01,2026-01-01,after last observed
0cd4a03c-c308-4b33-8a2a-8fd209b3501d,2026-02-01,2026-01-01,2026-01-01,after last observed
0cdc140f-701b-45e8-afc8-ed7f2cff9324,2026-02-01,2025-11-01,2026-01-01,after last observed
0d5e4ce7-3200-4612-aa85-7b281a79ca43,2026-02-01,2025-10-01,2025-11-01,after last observed
0d6b9ba4-4715-4d27-8b86-881d63425f6a,2026-02-01,2026-01-01,2026-01-01,after last observed
0ed6f62f-da55-44e9-be40-f0bb1ae47a41,2026-02-01,2025-11-01,2025-12-01,after last observed
0f072a9c-0f60-4fbf-b6ee-b617b45041e9,2026-02-01,2025-12-01,2026-05-01,internal gap
0f32df49-df72-424e-a1fc-ebc8eefd539f,2026-02-01,2025-11-01,2025-11-01,after last observed
0f8709a0-2f8a-4f38-9d99-db489faa9c9e,2026-02-01,2025-11-01,2026-01-01,after last observed
0f92749f-4399-4a47-a785-134f08352180,2026-02-01,2025-11-01,2026-01-01,after last observed
0f9fc6f4-2c19-4100-bbdc-5bc830c75a95,2026-02-01,2025-11-01,2026-01-01,after last observed
10f9034b-dbb3-4538-9699-0f1e56be7735,2026-02-01,2026-01-01,2026-01-01,after last observed
115e1da1-647e-48c6-a00a-31f720ceabab,2026-02-01,2025-11-01,2025-11-01,after last observed
11e67fb8-7dff-41b2-8556-51a57657443d,2026-02-01,2025-12-01,2026-05-01,internal gap
127d3fe4-7010-4e15-a476-4ef3705ef08f,2026-02-01,,,no revenue ever
12bce3f1-2a32-4b8a-ae0e-90d72217353b,2026-02-01,2025-12-01,2026-05-01,internal gap
12c6364a-8e26-4efd-ab21-07f769ae0e19,2026-02-01,2025-11-01,2025-11-01,after last observed
12eee038-5961-4308-81eb-8726473f127e,2026-02-01,2025-11-01,2026-05-01,internal gap
1334af32-1084-47aa-9c5f-859263cb495c,2026-02-01,2025-11-01,2025-12-01,after last observed
133c6c88-fcf9-4875-9d81-54b3c2276bbd,2026-02-01,2025-10-01,2026-01-01,after last observed
14271e11-0b79-40a0-95be-dab0a268e485,2026-02-01,2025-10-01,2026-05-01,internal gap
150a3d22-499e-4afc-8bd3-0c357b82c6cf,2026-02-01,2025-11-01,2026-05-01,internal gap
150a9ff8-d84c-4dd5-860b-92b165055834,2026-02-01,2025-11-01,2025-12-01,after last observed
170287d3-9484-4cab-94ef-6ad36ae4a210,2026-02-01,,,no revenue ever
17355561-365d-486f-accc-9b9a7edef342,2026-02-01,2025-11-01,2025-12-01,after last observed
17491bff-d387-46ae-8077-8cb0a9b5ac80,2026-02-01,2025-12-01,2026-04-01,internal gap
17749968-d613-404b-a530-7893f775df89,2026-02-01,2025-10-01,2025-11-01,after last observed
17d16007-0d34-43f2-ac4c-38842c9f71fe,2026-02-01,2025-10-01,2026-01-01,after last observed
1842e0c6-5261-4932-b098-131835224051,2026-02-01,2025-12-01,2026-01-01,after last observed
19178a81-75ff-4e44-be20-95b950a03c6c,2026-02-01,2025-11-01,2026-04-01,internal gap
19ef6857-fffa-45d7-9807-a8a3efbed527,2026-02-01,,,no revenue ever
1b2c7941-0870-4288-be7c-e3f60b284859,2026-02-01,2025-10-01,2025-11-01,after last observed
1ccd89cb-0379-4e7f-843d-349484f35665,2026-02-01,2025-11-01,2025-12-01,after last observed
1cd14493-c236-427a-8b94-32d17e7fdfbe,2026-02-01,2025-11-01,2026-05-01,internal gap
1d06591d-2011-4a97-adf5-a580a5f160ef,2026-02-01,2026-01-01,2026-01-01,after last observed
1d6b6cca-2aaa-4030-8264-6eefc56b56cd,2026-02-01,2025-11-01,2025-12-01,after last observed
1d861ce6-8d26-49d8-8558-48ffe0375d96,2026-02-01,2025-11-01,2026-01-01,after last observed
1d9db493-f74a-4686-961e-1324a62a0a25,2026-02-01,2025-10-01,2025-11-01,after last observed
1dcc3732-050c-4d22-b848-81eff10802de,2026-02-01,2026-01-01,2026-01-01,after last observed
1dd17933-4261-4eae-bf2c-3e68b0da1245,2026-02-01,2026-01-01,2026-01-01,after last observed
1e9b643b-9ebe-4e5e-8402-b3efa4f938d9,2026-02-01,2025-12-01,2026-05-01,internal gap
1f8ef04c-ac55-4039-990c-40a8d05287c3,2026-02-01,2025-12-01,2026-01-01,after last observed
20963c33-c8b7-41af-80f8-0aec033c30ab,2026-02-01,2025-11-01,2026-04-01,internal gap
2298d9c0-c679-4caf-9fd9-db2011a6a0ba,2026-02-01,2025-12-01,2026-04-01,internal gap
2365316e-5e7c-4729-ab5a-6a265bdb9ebf,2026-02-01,2026-01-01,2026-01-01,after last observed
23a26ac0-5d44-4c90-a9c3-e83db6221154,2026-02-01,2025-10-01,2025-10-01,after last observed
253f9331-903a-48ca-9df7-5deb9504df77,2026-02-01,2025-11-01,2025-11-01,after last observed
263a1fad-1473-4f84-a814-9e9e894ae4b0,2026-02-01,2025-10-01,2025-11-01,after last observed
264ba785-60b3-4273-8141-bfacf22e0229,2026-02-01,2025-10-01,2026-01-01,after last observed
281997eb-e340-46c0-a0a0-7f79523c866d,2026-02-01,2025-11-01,2026-01-01,after last observed
28de662b-5530-40dc-86ad-303fe9759045,2026-02-01,2025-11-01,2025-12-01,after last observed
29447611-07ad-4023-9621-a0c2db95666a,2026-02-01,2025-11-01,2025-12-01,after last observed
294edcb1-8f97-4cb7-971f-f3259f13c584,2026-02-01,2026-01-01,2026-01-01,after last observed
294f78c5-ab43-4a0a-8dfe-8addc293e535,2026-02-01,2025-12-01,2025-12-01,after last observed
29ceda4c-7bbe-4f34-82d3-10e65dc5d185,2026-02-01,2025-11-01,2026-03-01,internal gap
29e24dbd-5586-4f18-8ede-4d5a4390b329,2026-02-01,2025-12-01,2026-01-01,after last observed
2a7f8785-0aa8-4eb2-8c32-300d693fa439,2026-02-01,2025-11-01,2026-01-01,after last observed
2aa12c29-81ef-43a9-9eda-0bfc13eae551,2026-02-01,2026-01-01,2026-01-01,after last observed
2abc66ff-9985-4116-890e-08034dbcb522,2026-02-01,2026-01-01,2026-01-01,after last observed
2b17fe21-19ea-46d9-bdef-2c6ca051a159,2026-02-01,2025-10-01,2025-10-01,after last observed
2c2c1bc9-64aa-400c-8acc-2d3c929ef62a,2026-02-01,,,no revenue ever
2c7e20e4-05da-4aa6-b41b-7c8ec41a15e6,2026-02-01,2025-11-01,2026-01-01,after last observed
2c8e3fb8-324f-46b9-b6d6-9051b943e02b,2026-02-01,2025-11-01,2026-01-01,after last observed
2d0d01d2-dadc-4a0c-bf04-af36e64a6d54,2026-02-01,,,no revenue ever
2dc345ea-7021-493c-a1c2-c2f8fb6308e9,2026-02-01,2025-11-01,2026-05-01,internal gap
2e008ce0-4369-48d6-b77c-552902637780,2026-02-01,2026-01-01,2026-01-01,after last observed
2e10ca7d-919f-4720-b410-07c599a7c51f,2026-02-01,2025-11-01,2025-11-01,after last observed
31346232-42c6-484f-81ac-dbd7f1e8c282,2026-02-01,2025-11-01,2026-01-01,after last observed
319dae6a-a7f6-4cce-967c-9021c5255879,2026-02-01,2025-12-01,2025-12-01,after last observed
32bd4832-8184-40be-a61c-a4f5dc0d4f1f,2026-02-01,2025-11-01,2026-05-01,internal gap
32e6b4dc-ab83-4626-ad7e-9064c619a44f,2026-02-01,2025-12-01,2026-01-01,after last observed
35d1cd80-3a4d-4313-b63d-7bceeb8f852d,2026-02-01,2025-11-01,2025-11-01,after last observed
37219858-5dc9-4c5c-ad0d-375dfac438db,2026-02-01,,,no revenue ever
388e2493-7cee-42a7-ae89-cd3a71ae5d5d,2026-02-01,2026-01-01,2026-01-01,after last observed
38ba213f-2279-406c-ae32-cb2337bec637,2026-02-01,2026-01-01,2026-05-01,internal gap
38bf3cb8-f8be-4fce-b42e-1e9d63112257,2026-02-01,2025-11-01,2026-01-01,after last observed
38d23300-0236-4599-8b0d-35de18abbc2c,2026-02-01,2025-12-01,2025-12-01,after last observed
390b5c72-11b4-461a-8862-314c387887b6,2026-02-01,2025-11-01,2026-01-01,after last observed
3a8f4ce7-3331-4718-bf1d-549ac70c01d2,2026-02-01,2026-01-01,2026-01-01,after last observed
3bf338fb-9537-4ffc-ba03-f25141aa1aeb,2026-02-01,2026-01-01,2026-01-01,after last observed
3c583185-1af3-48d8-86e5-bb7d32a24e43,2026-02-01,2025-12-01,2025-12-01,after last observed
3caa5b26-a4f2-4d3f-91e2-864e39aa5ba5,2026-02-01,2025-11-01,2026-01-01,after last observed
3cb0441a-a5fa-4fad-a93d-a1468b0a6c81,2026-02-01,2025-10-01,2026-05-01,internal gap
3cd4495c-1480-4f1f-8080-5dde7c1f1ebc,2026-02-01,2026-01-01,2026-01-01,after last observed
3cf0b571-57ce-4c71-a8b5-a6d25409ff32,2026-02-01,2025-10-01,2025-10-01,after last observed
3d0535e0-e791-4666-8cc1-887c87be169b,2026-02-01,2025-10-01,2025-12-01,after last observed
3d9b1871-2767-4485-ba2d-33adf4a3cc25,2026-02-01,2026-01-01,2026-01-01,after last observed
3dc75a5b-25a0-4510-a374-a2f578f55885,2026-02-01,2026-01-01,2026-05-01,internal gap
3e05bf0b-eb72-4185-8682-5576ec2eee68,2026-02-01,2026-01-01,2026-01-01,after last observed
3fdd51db-da57-416c-bb95-8fd37d0de858,2026-02-01,2025-11-01,2026-03-01,internal gap
40229b03-a3de-43e2-8951-46f785310de5,2026-02-01,2026-01-01,2026-01-01,after last observed
4074b78f-bf4d-4b1e-a0d6-06e891263ae9,2026-02-01,2026-01-01,2026-01-01,after last observed
40e9a600-7f55-47ff-9c70-989dc49f1486,2026-02-01,2025-10-01,2026-01-01,after last observed
41a07c5a-f012-45cd-85c3-c59577a44669,2026-02-01,2025-12-01,2026-01-01,after last observed
41c764ed-bbd2-4ed4-bcde-14a2a76d85c7,2026-02-01,2026-04-01,2026-05-01,before first observed
42cf2e61-a43d-45d0-ada8-e3ea2f818741,2026-02-01,2026-01-01,2026-01-01,after last observed
4322a602-957c-4d12-9e3d-bed17f567df0,2026-02-01,2025-11-01,2026-03-01,internal gap
44900783-9ee3-4f2b-a630-73f37858bf84,2026-02-01,2025-12-01,2026-01-01,after last observed
469d1dbd-2e4b-4e1c-aca0-c93fb2f594ab,2026-02-01,,,no revenue ever
480ef99f-4e43-45cb-b794-8efb9a556273,2026-02-01,2025-12-01,2025-12-01,after last observed
48abfd66-f5d1-4282-bc82-da8cca6b99b6,2026-02-01,2025-11-01,2025-12-01,after last observed
49a860e7-6408-46be-8fac-9baa3ba1cb05,2026-02-01,2025-10-01,2025-12-01,after last observed
4a5ace95-54a2-4837-be87-77adfcce6c32,2026-02-01,2025-12-01,2025-12-01,after last observed
4b3cf633-8228-418d-859a-c7d952ad28f5,2026-02-01,2025-11-01,2026-05-01,internal gap
4b8e4512-c18d-467a-957a-c42b4e07a266,2026-02-01,2025-11-01,2026-01-01,after last observed
4c840a35-e25a-4471-a60c-3496891f7332,2026-02-01,2025-10-01,2025-10-01,after last observed
4d741ea0-e9fe-4d1d-9795-29386788ea57,2026-02-01,2025-11-01,2026-03-01,internal gap
4e4c3578-e873-42f9-9a07-fc0b9ae9211e,2026-02-01,2025-12-01,2026-01-01,after last observed
50de7ce7-d968-492a-b9f4-a2f5a91e8256,2026-02-01,2025-10-01,2026-01-01,after last observed
511c23d1-0283-40b4-9f0f-d04c4fc94468,2026-02-01,2025-11-01,2025-12-01,after last observed
518b31e0-6286-4bc7-876a-31bf43805c09,2026-02-01,2025-12-01,2026-01-01,after last observed
51a46cfd-f201-4b6f-b002-2140344f61b6,2026-02-01,2026-01-01,2026-01-01,after last observed
527ea897-e896-4235-90be-863cbc67ca3d,2026-02-01,2025-12-01,2025-12-01,after last observed
52823b6f-e77a-42e2-8b3a-885a1db9d61c,2026-02-01,2025-11-01,2026-01-01,after last observed
528c2c5c-7b62-448e-b7ad-81556a402ed9,2026-02-01,2025-12-01,2026-01-01,after last observed
530e5eb0-e5be-493d-aa4f-c9dc2ab4d656,2026-02-01,2025-11-01,2025-11-01,after last observed
53847e67-c0da-4c5f-8216-ecfd7236b552,2026-02-01,2025-10-01,2026-01-01,after last observed
54645b12-5dce-4f7a-9cca-98cf8898b56e,2026-02-01,2025-10-01,2025-12-01,after last observed
55854910-e0d8-4377-87d8-45ffd0c38715,2026-02-01,2026-01-01,2026-04-01,internal gap
55b7edc7-1481-41dd-8702-28b5c001ba51,2026-02-01,2025-12-01,2026-01-01,after last observed
55daa107-2e41-43f5-97c8-80a4cf80de69,2026-02-01,2025-12-01,2025-12-01,after last observed
56a51052-8c46-4a16-8375-d13107daea4d,2026-02-01,2025-10-01,2026-05-01,internal gap
57755a21-741e-4224-93b5-fd396732d4b1,2026-02-01,2025-10-01,2025-11-01,after last observed
58846565-c129-4b0f-b2f4-0dfee4b56f3a,2026-02-01,2025-10-01,2025-12-01,after last observed
588642ac-0197-4aaf-9f51-c47d5e2aefb9,2026-02-01,2025-11-01,2025-12-01,after last observed
5a388e27-3064-4666-87a1-50ed1db9b9be,2026-02-01,2026-01-01,2026-01-01,after last observed
5b83bf5e-b19c-4197-98ed-b68cbba34bad,2026-02-01,2025-11-01,2025-12-01,after last observed
5c41dbc9-40fa-4bb9-b48e-d62534192837,2026-02-01,,,no revenue ever
5c93ac8e-ceeb-42a4-aa62-7b6e43bb3497,2026-02-01,2026-01-01,2026-01-01,after last observed
5d8117bb-44f3-41be-b79e-8ca85484a4ca,2026-02-01,2026-01-01,2026-01-01,after last observed
5ddecdf6-f66a-4ca2-8d41-387ae909bc79,2026-02-01,2026-01-01,2026-01-01,after last observed
6047bc70-f356-47a3-84ed-c6d8cda19577,2026-02-01,2025-10-01,2026-05-01,internal gap
60da20be-eebe-4d1f-977b-3ab995a81773,2026-02-01,2025-12-01,2025-12-01,after last observed
612f4e04-cebd-4e46-bf60-d947ee025bf8,2026-02-01,2025-11-01,2026-01-01,after last observed
61858684-02f1-4861-a529-c38366033db3,2026-02-01,2025-10-01,2026-04-01,internal gap
636cfd4a-7dc5-4077-a941-58ab4de70375,2026-02-01,2026-01-01,2026-05-01,internal gap
658530de-4b6f-41f8-b8ca-2db8adae188c,2026-02-01,2025-12-01,2026-05-01,internal gap
660e103c-8e88-4b1b-a3d9-0aff6bfc9a47,2026-02-01,2025-12-01,2025-12-01,after last observed
6622fbe8-56a5-4bfc-b84f-563385600f0e,2026-02-01,2025-11-01,2026-04-01,internal gap
664506b6-4095-4290-8e97-7790d8bc5273,2026-02-01,2025-12-01,2026-04-01,internal gap
6698e42d-b18f-4bd6-98d5-fd8137715014,2026-02-01,2026-01-01,2026-01-01,after last observed
66e13b89-9d0b-4a21-b02f-1478838a45b7,2026-02-01,,,no revenue ever
67fcf97e-434e-42fd-8068-760f9c2908c7,2026-02-01,2026-01-01,2026-01-01,after last observed
6854685e-226b-4908-bc14-ab5aab579b0d,2026-02-01,2025-12-01,2026-01-01,after last observed
689122e7-dabd-4033-8da2-423005f9d8f4,2026-02-01,2026-01-01,2026-01-01,after last observed
69295627-ec2f-4bfd-ae6e-5bd54d8cd49b,2026-02-01,2026-01-01,2026-01-01,after last observed
6956238a-609e-4984-9fa3-e60cd8ed4438,2026-02-01,2026-03-01,2026-05-01,before first observed
69934e2a-ba0a-4a0a-93fe-3873cd1f8319,2026-02-01,2025-11-01,2025-12-01,after last observed
6a809286-20e0-48f0-b53f-10c2a8a80f00,2026-02-01,2025-10-01,2025-11-01,after last observed
6ac92d7c-6cf5-4732-9a4e-491fb72d4bae,2026-02-01,2025-12-01,2025-12-01,after last observed
6bba9240-c680-4019-802f-cb854428e233,2026-02-01,2025-11-01,2026-01-01,after last observed
6c1980c6-99d5-44ed-8ebf-c26854506106,2026-02-01,2025-11-01,2026-01-01,after last observed
6c275f48-ec78-4928-8105-2b562c5115eb,2026-02-01,,,no revenue ever
6c2770ac-7b59-4d4f-9a15-83f990aa000b,2026-02-01,2025-12-01,2025-12-01,after last observed
6c343dcd-3a3a-46c7-9b4a-6294de25a029,2026-02-01,2025-12-01,2026-01-01,after last observed
6f6cf829-a92d-4090-b6b3-f009a3009f6e,2026-02-01,2025-10-01,2026-01-01,after last observed
6f745be7-4837-45e5-b0ff-270b3838aa17,2026-02-01,2025-10-01,2025-10-01,after last observed
6ff41549-e7b5-4d17-9523-bfe39e86727c,2026-02-01,2025-11-01,2025-11-01,after last observed
723684fa-2fb3-4790-a8ac-69e54f63e168,2026-02-01,2025-11-01,2026-05-01,internal gap
738f5607-0736-4f6a-92c6-53b169370ccf,2026-02-01,2025-12-01,2025-12-01,after last observed
751dd969-8936-4174-ba02-a05fbcbde7b1,2026-02-01,2025-10-01,2026-04-01,internal gap
75be09e4-badc-401e-9311-0d5d53441a77,2026-02-01,2025-11-01,2025-12-01,after last observed
75e429f7-8097-467e-bfac-4dcdac86eeab,2026-02-01,2025-10-01,2025-11-01,after last observed
775f7bfd-1ca0-46fb-9c07-f47a2ca7da5f,2026-02-01,2025-12-01,2026-01-01,after last observed
77b5fdd4-2013-44e8-8ff5-f30c23910139,2026-02-01,2025-12-01,2026-05-01,internal gap
789e7ae5-7efd-4df8-b184-b418b4187c62,2026-02-01,2026-01-01,2026-01-01,after last observed
79d56826-6003-41ba-8065-0872d55bb496,2026-02-01,2025-12-01,2026-01-01,after last observed
7a305d03-6e44-4e89-95ec-52f7d82f2198,2026-02-01,2025-12-01,2026-01-01,after last observed
7a55408d-360e-4c1b-b3e2-080404a10686,2026-02-01,2025-11-01,2026-05-01,internal gap
7b0cd1c8-2be9-4339-a964-7036cda06b65,2026-02-01,,,no revenue ever
7b20b042-afe9-4193-9223-589a81df5ed5,2026-02-01,2025-12-01,2025-12-01,after last observed
7b2c1f41-6965-48dc-ac65-a2c2b50ccbda,2026-02-01,2026-01-01,2026-05-01,internal gap
7c338aaf-cd47-4331-a727-e4c6764c2481,2026-02-01,2025-12-01,2026-01-01,after last observed
7e0a527e-28e9-45d8-9edd-6cd4b3896fec,2026-02-01,2025-11-01,2025-12-01,after last observed
7f98c919-58f2-47ef-a961-18f275610438,2026-02-01,2025-12-01,2025-12-01,after last observed
81ac7c52-9c31-401d-a0a8-415982c33916,2026-02-01,2025-10-01,2026-01-01,after last observed
81fb072d-1b8c-4047-a066-bb1399fccd81,2026-02-01,2026-01-01,2026-01-01,after last observed
824a523d-da38-4755-8ed0-594a42ec8723,2026-02-01,2025-11-01,2025-12-01,after last observed
83292beb-38a3-4fb1-a1ea-b08d5e52dd93,2026-02-01,2025-12-01,2025-12-01,after last observed
8361baa1-8b34-40ae-96a3-43d476edf9c1,2026-02-01,2025-12-01,2026-04-01,internal gap
8373f22c-4128-4551-a1ff-436fcce9f92c,2026-02-01,2026-01-01,2026-01-01,after last observed
84810212-2918-42e6-8e39-3d2df4c69e5c,2026-02-01,2025-11-01,2025-11-01,after last observed
8541d08b-6749-4e26-8455-c0e04ba6b5cc,2026-02-01,2026-01-01,2026-01-01,after last observed
87047ae8-1e35-4d74-accd-a1eaf7449ed7,2026-02-01,,,no revenue ever
870537ff-df8e-4983-b838-224108d60d58,2026-02-01,2025-11-01,2026-05-01,internal gap
877fdba2-700a-4a96-a968-f61a62f981b0,2026-02-01,2025-11-01,2026-01-01,after last observed
88783f26-b5f3-4e96-b607-c1c1ca879bbd,2026-02-01,2025-10-01,2025-11-01,after last observed
8895106d-bc66-4970-98cd-c0e5bb6130e2,2026-02-01,2026-01-01,2026-01-01,after last observed
88ffb385-d02d-422d-a45d-f1ceca45f0b0,2026-02-01,2026-01-01,2026-01-01,after last observed
8a502bfa-ea92-400a-89f7-8c75e031c8a4,2026-02-01,2025-12-01,2026-01-01,after last observed
8b57d179-3a6d-414a-9c17-e8a1f2bc2403,2026-02-01,2026-01-01,2026-01-01,after last observed
8ca182c7-a928-474a-8477-0dc14c532365,2026-02-01,2025-11-01,2026-05-01,internal gap
8dbd8ec0-d865-4930-86e7-3091c7d602fc,2026-02-01,,,no revenue ever
8e4e79af-5ea8-4d17-abe4-600411c133df,2026-02-01,2025-10-01,2025-12-01,after last observed
8eee0373-4d15-4c9b-a1be-f1e8335e0a78,2026-02-01,2025-10-01,2026-01-01,after last observed
91176fc7-8692-4439-84a4-139a53e97114,2026-02-01,2025-11-01,2026-03-01,internal gap
919b2d05-d4ba-4a72-90c7-b9d877a8aed5,2026-02-01,2026-01-01,2026-01-01,after last observed
91f9f448-3d31-4bc4-918f-7a1bff8045c4,2026-02-01,,,no revenue ever
92357290-1b70-41af-a4d2-f53fa3354226,2026-02-01,2026-01-01,2026-01-01,after last observed
924b0590-258e-4f7d-8374-26a60fb4d0ec,2026-02-01,2025-11-01,2025-11-01,after last observed
92dabcb5-6092-455e-a26b-1b11cdb5dbe9,2026-02-01,2025-12-01,2026-01-01,after last observed
930aa5b1-ab57-44b1-a2cd-89127ed0e869,2026-02-01,2025-10-01,2026-05-01,internal gap
933ba4e7-8e95-4c31-849c-b6dcdb91e0a4,2026-02-01,2026-01-01,2026-01-01,after last observed
9346eb7e-602b-4076-8072-807e247f31de,2026-02-01,2026-01-01,2026-01-01,after last observed
937e511d-4435-4ca1-bed0-1a648601f143,2026-02-01,2025-10-01,2025-12-01,after last observed
94fc0afb-22c2-46b9-8452-0c1c4eabfc06,2026-02-01,2025-11-01,2026-01-01,after last observed
950b9fdf-f0ec-4fe8-b79f-d2ef0b0db001,2026-02-01,2026-01-01,2026-01-01,after last observed
954b34d9-964d-4d1e-8447-1588aea489b5,2026-02-01,2025-12-01,2026-01-01,after last observed
9592beba-3033-427e-9aa9-c07d55b97639,2026-02-01,2026-01-01,2026-05-01,internal gap
9664eade-c0d2-4d7b-aac3-a2f000a3bd70,2026-02-01,2025-11-01,2025-12-01,after last observed
98529d6c-ffd3-43b0-9798-96379251be2d,2026-02-01,2025-11-01,2025-11-01,after last observed
9866c8b3-ee55-4770-baa2-d051e4b83832,2026-02-01,2025-12-01,2025-12-01,after last observed
9903267e-dd68-423b-8af5-9fe97a466ba5,2026-02-01,2025-11-01,2025-11-01,after last observed
9974d278-215d-46b1-a593-60a88fb23d94,2026-02-01,2025-10-01,2025-10-01,after last observed
9a803310-4e15-4a05-bb3a-65ad05769267,2026-02-01,2025-11-01,2026-01-01,after last observed
9ad688f6-dc3c-451c-926b-94e3c6c19f83,2026-02-01,2025-10-01,2025-10-01,after last observed
9d3c155a-744e-42a9-a222-733b0d5ea055,2026-02-01,2026-01-01,2026-01-01,after last observed
9d815779-8d04-4c5e-a738-3a2253b9117e,2026-02-01,2026-01-01,2026-01-01,after last observed
9e798bdf-f4af-474f-a253-0bb47dbc4930,2026-02-01,2025-11-01,2025-12-01,after last observed
a057f0a5-9b54-4527-85f2-6f6393935880,2026-02-01,2025-11-01,2025-12-01,after last observed
a0f042d4-5d3b-41eb-907f-2e94a86cd94e,2026-02-01,2026-01-01,2026-01-01,after last observed
a1082160-5ec3-4128-a694-495cb67e3d3a,2026-02-01,2025-10-01,2025-12-01,after last observed
a18efc46-f326-47bf-b86a-37875fd480ad,2026-02-01,2025-11-01,2026-01-01,after last observed
a1b21a97-ee3a-4f59-8008-da1970a6d434,2026-02-01,2025-10-01,2025-11-01,after last observed
a25a261e-3475-43f8-b12d-bd2f50759947,2026-02-01,2025-11-01,2026-05-01,internal gap
a4c6a16e-8893-416d-80fa-caae05343617,2026-02-01,2026-01-01,2026-01-01,after last observed
a5d0dea0-00dd-498c-9384-2d6a0e366e8e,2026-02-01,2025-10-01,2025-10-01,after last observed
a6b95837-728f-4114-b564-90801c188f82,2026-02-01,2026-01-01,2026-05-01,internal gap
a6f413e9-ffe3-4024-960f-339b0f8407a5,2026-02-01,2025-10-01,2026-01-01,after last observed
a7e9aa2e-f16d-47a6-8416-ce87bb1f474d,2026-02-01,2025-12-01,2026-05-01,internal gap
a7f693c5-3a56-4280-a436-d4cb3310093d,2026-02-01,2025-12-01,2025-12-01,after last observed
a8320396-ab44-4b4d-88bf-5e22799c1bfb,2026-02-01,2025-12-01,2026-05-01,internal gap
a9e4a273-1aa6-4d3c-8d2d-20fd74c13c03,2026-02-01,2026-03-01,2026-03-01,before first observed
aa480a60-5fe0-4ffa-9f90-8ef273f7ac75,2026-02-01,2025-11-01,2026-04-01,internal gap
ab2a4fd8-8d3b-4e5a-8fe1-911a7612d47c,2026-02-01,2025-10-01,2025-10-01,after last observed
ab6db975-c413-4fa3-8138-83fe986f6985,2026-02-01,2025-12-01,2025-12-01,after last observed
ab7ac4fe-589d-4f1a-ab30-0e929cffc64c,2026-02-01,2025-12-01,2025-12-01,after last observed
abb849df-cf14-4737-9706-f48354c54206,2026-02-01,2025-11-01,2025-12-01,after last observed
ac18b497-68cb-4ce5-b867-9c2c33ccbee5,2026-02-01,2026-04-01,2026-05-01,before first observed
accdf01c-0a8a-40ba-b62a-71f5087e075f,2026-02-01,2025-12-01,2025-12-01,after last observed
ae2596fa-f156-4e7f-8612-42e28a33c7b5,2026-02-01,2025-11-01,2026-05-01,internal gap
ae2b7cc2-1984-48eb-afb6-55105af06899,2026-02-01,,,no revenue ever
af61d2c6-9429-4177-bd6b-6239c34bedcd,2026-02-01,2025-10-01,2025-10-01,after last observed
af7e42ab-c3ef-4050-b68a-1a45cf7bb5ab,2026-02-01,2025-12-01,2025-12-01,after last observed
b06e9890-2f09-4238-84bb-c87cfcb8e535,2026-02-01,2025-11-01,2025-12-01,after last observed
b17038f4-3878-4263-822b-11d47be20842,2026-02-01,2025-11-01,2026-05-01,internal gap
b18d33c6-6378-41ee-ba53-182e24860740,2026-02-01,2026-01-01,2026-04-01,internal gap
b2218ad0-2c5a-4336-965d-83a3abeea605,2026-02-01,2026-01-01,2026-01-01,after last observed
b2358461-0fc2-4773-bb72-c45e666df2ae,2026-02-01,2026-01-01,2026-01-01,after last observed
b2c7cc56-7489-4e5c-9213-4f7f24230e29,2026-02-01,2025-12-01,2026-01-01,after last observed
b2f9718b-c44d-435f-bcd4-0fe81438fcd8,2026-02-01,2025-11-01,2026-01-01,after last observed
b3abb812-1106-4c53-b779-c015d9c9e63b,2026-02-01,2025-10-01,2025-11-01,after last observed
b56e4f08-66b3-4392-b8be-c0d45d9d81c5,2026-02-01,2025-12-01,2025-12-01,after last observed
b76a9c13-d7ae-413a-a74c-30615867a0d7,2026-02-01,2025-12-01,2025-12-01,after last observed
b770b9c3-80a1-40b0-bbcf-f8cc1db56315,2026-02-01,,,no revenue ever
b798b54a-0775-4da0-a362-b71d1f51d905,2026-02-01,2025-10-01,2025-11-01,after last observed
b7b9d870-014e-431f-9eab-41ddaca84699,2026-02-01,,,no revenue ever
b7d37b00-e9b5-4628-bb8b-3861d5091294,2026-02-01,2025-11-01,2025-12-01,after last observed
b86486be-9657-419f-a02e-3d79cf6b8c33,2026-02-01,2026-03-01,2026-05-01,before first observed
b87bc623-2c88-4cbf-9029-5b04a6d6d1eb,2026-02-01,,,no revenue ever
bb48c235-6fec-49eb-844e-dd9d57734206,2026-02-01,2025-11-01,2025-11-01,after last observed
bb6ebab7-a180-4015-957a-838c335d0fb1,2026-02-01,2025-11-01,2025-11-01,after last observed
bbb6ca29-2686-4dd9-a602-e80c2f906277,2026-02-01,2025-11-01,2025-11-01,after last observed
bc5e6f87-bdf3-473d-bd87-8b140372a4d8,2026-02-01,2026-01-01,2026-01-01,after last observed
bcb1f246-b42a-418a-8c26-1f2bb9aaf7a3,2026-02-01,2025-11-01,2026-01-01,after last observed
bd14636a-256f-4084-b1c1-e760fcd44de4,2026-02-01,2025-10-01,2026-01-01,after last observed
bdade3f4-8d54-44bd-ac13-03651d3d215c,2026-02-01,2025-10-01,2025-12-01,after last observed
be1e280f-c715-42b7-b1fa-d19224cc8144,2026-02-01,2026-01-01,2026-01-01,after last observed
be3201ed-7169-4f7d-9f39-05ae0003d02b,2026-02-01,2025-11-01,2025-12-01,after last observed
bebca25b-7be1-4b09-bf3e-7272d52cab8c,2026-02-01,2025-12-01,2026-01-01,after last observed
c1278363-d226-480c-b2e1-69a75f2ffc43,2026-02-01,,,no revenue ever
c250f902-2ee2-4b9a-bc0a-025d51855ecb,2026-02-01,2025-10-01,2025-10-01,after last observed
c3405521-4c28-404b-8183-9bab3d5eb057,2026-02-01,2026-01-01,2026-05-01,internal gap
c351264c-fd12-4544-b6f0-7eda1064ef8e,2026-02-01,2026-03-01,2026-05-01,before first observed
c53bb0c8-d82f-44dc-81ea-4c0510758a91,2026-02-01,2025-12-01,2025-12-01,after last observed
c6622f62-4dd2-4af5-99b9-a0bd91cf24f8,2026-02-01,2026-01-01,2026-01-01,after last observed
c6898d6c-9921-4538-9db5-78f02d32550c,2026-02-01,2025-12-01,2025-12-01,after last observed
c6a08724-571a-4bbb-a84f-29ba606ce786,2026-02-01,2025-12-01,2026-01-01,after last observed
c7247712-869d-40c7-8382-ba423fafb5c5,2026-02-01,2026-01-01,2026-01-01,after last observed
c7694d13-21f8-4d16-a615-e2646eba5fe2,2026-02-01,2026-01-01,2026-01-01,after last observed
c7e50402-a00f-459a-ada9-c07a5bee0476,2026-02-01,2025-12-01,2025-12-01,after last observed
c807794d-0750-4dfc-b150-29a3c2a039d3,2026-02-01,2025-11-01,2026-05-01,internal gap
c8493592-f45a-40f1-a1a0-43429479315f,2026-02-01,2025-11-01,2025-11-01,after last observed
ca38727f-7714-4d5e-ae25-1d5e470b4519,2026-02-01,2025-11-01,2025-11-01,after last observed
cadd4926-5caa-4e6f-8c89-e629fbbabbe2,2026-02-01,2025-12-01,2025-12-01,after last observed
cae23a98-c194-41ff-8e49-3fd475d1c655,2026-02-01,,,no revenue ever
ccfac881-cd6a-4106-ac64-f459e972c8fc,2026-02-01,2025-11-01,2025-11-01,after last observed
cdf8fa07-ce40-4889-86c4-22a719c31fbb,2026-02-01,2025-12-01,2026-01-01,after last observed
ce94d145-34b0-4f9a-a6fb-356060214de3,2026-02-01,2026-01-01,2026-01-01,after last observed
cf9213d0-60cf-4d5f-a3d2-3f51cde306ed,2026-02-01,2026-01-01,2026-01-01,after last observed
cfe24812-a250-4499-bd21-93f4b92b1f62,2026-02-01,2025-11-01,2026-01-01,after last observed
d00e98c3-64d5-4091-8835-1da03bd1dc3c,2026-02-01,2026-01-01,2026-01-01,after last observed
d0173586-bc56-43cf-be34-9764ecdf29b1,2026-02-01,2025-12-01,2026-01-01,after last observed
d0430a4f-ce81-4929-bc93-80808a3469c8,2026-02-01,2025-11-01,2025-11-01,after last observed
d13839f6-0ec7-4986-bcec-50a79509d3a0,2026-02-01,,,no revenue ever
d1963998-dad0-4a77-abfe-d50e2f6aa301,2026-02-01,2025-10-01,2025-11-01,after last observed
d296444a-edcc-4e2b-a9c8-986554ad18f7,2026-02-01,2025-11-01,2025-12-01,after last observed
d299e58b-d896-4046-a1f0-d60c75161d9a,2026-02-01,2025-10-01,2026-05-01,internal gap
d2aec463-1882-4b7b-8bc5-f6ad21735522,2026-02-01,2025-10-01,2025-12-01,after last observed
d3d9334c-91ed-4b27-ae68-dc22f4962377,2026-02-01,2026-01-01,2026-01-01,after last observed
d42011c0-cb43-4465-997d-0246ca16f1fe,2026-02-01,2025-11-01,2025-11-01,after last observed
d4898db6-ba01-4776-934b-fa7e44d45106,2026-02-01,2026-01-01,2026-04-01,internal gap
d4d57bed-c763-4f5a-a0bc-49c4fe1fd80e,2026-02-01,2025-11-01,2025-11-01,after last observed
d51659ca-2e49-4774-b060-a06c54dfe32b,2026-02-01,2026-01-01,2026-01-01,after last observed
d53d152e-9808-492a-90e4-ef513dace44b,2026-02-01,2026-01-01,2026-01-01,after last observed
d53f9927-80fa-4c17-a0ad-2df99fa55ba8,2026-02-01,,,no revenue ever
d5c39456-b1f4-4181-83c6-3cfaaf306007,2026-02-01,2026-01-01,2026-01-01,after last observed
d6e8cc6e-18dd-4dcb-88e7-f2631a8420b1,2026-02-01,2026-01-01,2026-01-01,after last observed
d7ea4410-c2b0-4480-970d-bc5809b4af26,2026-02-01,2025-12-01,2026-01-01,after last observed
d8286bac-d0cc-4502-871d-f03cf4f016ed,2026-02-01,2025-11-01,2025-12-01,after last observed
d8619486-8463-4e7d-a2f1-2faba4dc4f5b,2026-02-01,2025-11-01,2025-12-01,after last observed
d870dd29-896d-4cb0-a46e-60986a9c037d,2026-02-01,2025-12-01,2026-01-01,after last observed
d9b35e1a-3786-4260-a9ad-0abfdf376913,2026-02-01,2026-01-01,2026-01-01,after last observed
dbeb1ef1-5348-4524-80a3-f7cf083891aa,2026-02-01,2025-12-01,2026-01-01,after last observed
dd2b7e48-38e4-44e4-89e6-112a6e2fea95,2026-02-01,2026-01-01,2026-01-01,after last observed
de166f26-738a-4c4c-a5c1-c4ec27a038e5,2026-02-01,2025-10-01,2025-12-01,after last observed
deb3a4d5-83b8-4b27-a429-82f64da5fba6,2026-02-01,2026-01-01,2026-01-01,after last observed
ded139f2-b579-4211-8404-e10c742e29c2,2026-02-01,2025-10-01,2025-10-01,after last observed
deeb22cf-afaf-41c0-8f95-6e10f7e4aaea,2026-02-01,2025-11-01,2025-11-01,after last observed
df32cea9-17a7-436b-96e5-79b3659fb1ff,2026-02-01,2025-12-01,2026-01-01,after last observed
e0d8a1c5-323f-4b45-9710-7e865eb5a30c,2026-02-01,2025-11-01,2026-05-01,internal gap
e18f0f5b-8fa1-47ae-96d6-f5c2bb2afd36,2026-02-01,2025-12-01,2026-01-01,after last observed
e1a549e7-6a2c-4fd5-9acf-d42bbc6b46f5,2026-02-01,,,no revenue ever
e2cbb86d-60b8-4967-b0b2-b78e22ee0dc0,2026-02-01,2026-01-01,2026-01-01,after last observed
e413ca81-ad7a-4f8d-80c4-a9db5c69eec9,2026-02-01,2025-12-01,2026-01-01,after last observed
e4b4343d-746d-4eaf-8dd5-bc569130249c,2026-02-01,2025-12-01,2026-01-01,after last observed
e4c19fb8-fbcf-4aae-84bd-6f6b9b8dc3f2,2026-02-01,2025-12-01,2025-12-01,after last observed
e6576d82-1806-4627-a1db-c0d1167bf7de,2026-02-01,2025-12-01,2026-01-01,after last observed
e7a3a686-a092-414b-b38e-a453bfa070e9,2026-02-01,2025-12-01,2026-04-01,internal gap
e7c860dc-ec07-4a96-a0c4-d0e8feaaecea,2026-02-01,2026-01-01,2026-01-01,after last observed
e8317331-6214-4d13-ac4a-6d18006b6db5,2026-02-01,2025-12-01,2026-01-01,after last observed
e891fe08-198c-4760-b77a-f23289e2e7ef,2026-02-01,2025-10-01,2025-11-01,after last observed
e9bb5720-333e-4c97-90df-4d520ff5b0d7,2026-02-01,2025-10-01,2026-01-01,after last observed
e9c24260-fc10-4529-b090-fde7c5a071f0,2026-02-01,2025-11-01,2025-12-01,after last observed
ea9b0d1c-663b-4c71-833d-64faea734fad,2026-02-01,2025-12-01,2025-12-01,after last observed
eb690f5c-f655-4e85-874a-b47bbb1126ff,2026-02-01,2026-01-01,2026-05-01,internal gap
eb6f452f-a475-4981-abb2-b9a633a30ddb,2026-02-01,2026-01-01,2026-01-01,after last observed
eb732698-7a59-4ffb-851b-ea8fea8221cf,2026-02-01,2025-11-01,2025-12-01,after last observed
ebda20be-0554-40b9-9943-81e622587408,2026-02-01,2025-12-01,2025-12-01,after last observed
ec619087-b3ff-4cfe-84b5-30c7cca4eb55,2026-02-01,2025-12-01,2026-01-01,after last observed
ece7bfec-ae96-4988-8495-67850abfe11a,2026-02-01,2025-10-01,2025-11-01,after last observed
eda24dc9-2216-405f-9847-303dbda2ea26,2026-02-01,2025-12-01,2025-12-01,after last observed
ef6fd0b7-01c4-4c57-b2e1-e6bb083c1baa,2026-02-01,2025-12-01,2026-03-01,internal gap
f0016110-80cf-4ca5-b419-e93de297d6f4,2026-02-01,2025-10-01,2026-01-01,after last observed
f04aeaea-3d28-47c4-9bf6-13487f9f1039,2026-02-01,2026-01-01,2026-01-01,after last observed
f0d02c40-d64d-48f8-ac34-5a899cd3159b,2026-02-01,2026-01-01,2026-01-01,after last observed
f1002e12-3d13-4d80-8b82-ee78136e4199,2026-02-01,2025-11-01,2025-12-01,after last observed
f2cadcb5-c2d4-424d-8733-1a19e322226e,2026-02-01,2025-10-01,2026-05-01,internal gap
f2e4f9c5-3c09-494e-a6ba-ac6471fbf337,2026-02-01,2026-01-01,2026-01-01,after last observed
f36f3941-dd47-4ac1-901a-2aefa46c2244,2026-02-01,2025-11-01,2025-11-01,after last observed
f4081d63-c57a-4030-8fcf-3a619be06fa8,2026-02-01,2025-12-01,2026-01-01,after last observed
f546619d-1a77-4019-8ced-c107d6dcdbf2,2026-02-01,,,no revenue ever
f5d8d078-269c-4d25-af28-3cea42b2b661,2026-02-01,2025-12-01,2026-01-01,after last observed
f6233808-306f-46bf-817a-7fa37fc70ab0,2026-02-01,2025-11-01,2025-11-01,after last observed
f66e1118-3253-4355-948e-29a2912908c1,2026-02-01,2025-11-01,2025-12-01,after last observed
f766d409-5066-4d1c-b4d1-f9869a500a77,2026-02-01,2025-11-01,2025-11-01,after last observed
f7e456ae-e341-4493-8977-aa0cae35c7c8,2026-02-01,2026-01-01,2026-01-01,after last observed
f83529c5-63b2-4915-a868-bd8eacd74824,2026-02-01,2026-01-01,2026-05-01,internal gap
f88575a1-b5b6-49ef-a95b-a7bd051490fa,2026-02-01,2025-10-01,2026-03-01,internal gap
fa31f137-ae40-4263-a5e0-dee9eca33d69,2026-02-01,2025-12-01,2025-12-01,after last observed
fb3061eb-cb75-42c4-a9cc-fabead99a9e0,2026-02-01,2025-10-01,2026-01-01,after last observed
fb3b4a89-bfc2-4fa2-9085-b180aed53d7d,2026-02-01,2025-12-01,2026-01-01,after last observed
fbc37d4c-68be-4424-9502-3e3b237766b1,2026-02-01,,,no revenue ever
fc49b5ea-1b54-43ca-9ba6-b484afdbcbff,2026-02-01,2025-12-01,2026-01-01,after last observed
fca5d246-0c24-4b02-a9a2-1403c48c69ce,2026-02-01,2025-12-01,2025-12-01,after last observed
fdbf1cad-cd96-4396-97ff-e68eab518577,2026-02-01,2026-01-01,2026-01-01,after last observed
fe5eaf06-ab49-4edc-860c-4062361c2193,2026-02-01,2026-01-01,2026-01-01,after last observed
ffb56399-5ad1-4fbe-9fb9-c9088394bfae,2026-02-01,2025-11-01,2025-11-01,after last observed
0080d52a-07f3-461c-a1de-bee5beb011a7,2026-03-01,2026-01-01,2026-01-01,after last observed
0090514b-9745-4e82-bd01-0b5715d7c0f4,2026-03-01,2026-02-01,2026-02-01,after last observed
00fb6553-1194-433a-afd7-860dd12e9312,2026-03-01,2026-02-01,2026-02-01,after last observed
0120a00a-347a-4c06-a192-824a2f84e711,2026-03-01,2025-10-01,2026-02-01,after last observed
014b03ef-e7d3-44ad-9729-79ed9072eb1f,2026-03-01,2025-11-01,2026-01-01,after last observed
015268c0-b0ac-4e84-9edb-f06bdab7eca9,2026-03-01,2025-11-01,2026-05-01,internal gap
016b141c-efb4-4200-8c31-b385f09c0509,2026-03-01,2026-02-01,2026-02-01,after last observed
01715e69-5802-4ddd-9e3b-77f2315d2839,2026-03-01,,,no revenue ever
0264d6cd-a5b5-4c38-a910-078288e577a8,2026-03-01,2026-02-01,2026-02-01,after last observed
037b3650-dea2-4bc6-bf7f-e8c4b6db54ac,2026-03-01,2025-11-01,2025-12-01,after last observed
03e39b00-4496-4d21-b161-2126bcb7999a,2026-03-01,2025-11-01,2026-02-01,after last observed
03ff1716-2e84-472d-b42b-20c149c32e18,2026-03-01,2025-12-01,2026-05-01,internal gap
0439cfd7-1daf-4226-8d45-e19ba3e21d62,2026-03-01,2026-02-01,2026-02-01,after last observed
045f4e70-8a5f-48a7-ae5a-346b0ff043c9,2026-03-01,2025-11-01,2026-02-01,after last observed
0522969c-fe71-40b0-b7fa-8d1eafc7e6d1,2026-03-01,2026-01-01,2026-02-01,after last observed
0539b7b3-3077-4a5b-956a-92ff28a47078,2026-03-01,2025-11-01,2026-02-01,after last observed
05720d60-2476-4b54-8e90-c50efd13fdf4,2026-03-01,2026-02-01,2026-02-01,after last observed
06d5ac1a-75be-49fd-aa38-d2e64c92770d,2026-03-01,2026-02-01,2026-02-01,after last observed
06e217ee-d40f-4684-88e3-d0a463b303d7,2026-03-01,2025-11-01,2026-02-01,after last observed
0712f0e3-cd5f-42b1-ae1a-86c4e9cf664c,2026-03-01,2025-11-01,2026-05-01,internal gap
071b0c64-c366-4e4d-90cd-f97897b2f6dd,2026-03-01,2026-04-01,2026-05-01,before first observed
072bf771-5438-4d5b-a90c-3466991b6c5b,2026-03-01,2026-01-01,2026-02-01,after last observed
072d5e6a-41af-4cb7-b04d-1ebe7eeb4d81,2026-03-01,2026-02-01,2026-05-01,internal gap
072f7f18-983b-4adc-b58c-0151ae5acb5a,2026-03-01,2026-01-01,2026-01-01,after last observed
075c2fa7-530e-4202-ac9c-02f16c492baf,2026-03-01,2025-12-01,2026-01-01,after last observed
079da507-fc8b-437f-82c2-6d1b933ec555,2026-03-01,2025-11-01,2026-01-01,after last observed
08c4a206-983c-4f5d-816d-979b467b615c,2026-03-01,2025-11-01,2025-11-01,after last observed
093e8c1b-7ce8-4714-bcd1-c9b3eb977916,2026-03-01,2025-12-01,2026-02-01,after last observed
0973019e-1c10-4ecb-ba88-c3580fd1be69,2026-03-01,2025-11-01,2025-11-01,after last observed
09d0979b-9ef2-4553-8608-5fb3fac9dce5,2026-03-01,2025-12-01,2026-04-01,internal gap
09f36393-9dc2-4742-8a59-deef731dc3e6,2026-03-01,2026-01-01,2026-02-01,after last observed
09fa5a67-6a4b-47e2-89bf-b4a5a8c3fd4c,2026-03-01,2025-12-01,2026-01-01,after last observed
0a2a6e10-e819-4958-9595-24593bead21a,2026-03-01,2025-12-01,2026-02-01,after last observed
0aecc12f-c3db-4c85-9ccb-e8ac2257a2cf,2026-03-01,2025-11-01,2026-02-01,after last observed
0b551f54-95fb-475b-8522-9f56eea0680e,2026-03-01,2026-02-01,2026-02-01,after last observed
0b712e8c-1dc1-4146-83e7-8e60633d277e,2026-03-01,2025-12-01,2026-05-01,internal gap
0baf383d-d899-42c2-a487-5c328a65e480,2026-03-01,2025-10-01,2025-11-01,after last observed
0bb5b361-b4ad-4afa-9b57-20598a8300ae,2026-03-01,2025-10-01,2026-01-01,after last observed
0c21147b-ad3f-47e2-8d5e-d8903814e34f,2026-03-01,2026-01-01,2026-02-01,after last observed
0c410d3c-03fd-4c16-88d4-a9749c2170b1,2026-03-01,2025-11-01,2026-02-01,after last observed
0cd0db51-cc2a-49ea-a605-1545e46d3d6a,2026-03-01,2025-11-01,2026-01-01,after last observed
0cd4a03c-c308-4b33-8a2a-8fd209b3501d,2026-03-01,2026-01-01,2026-01-01,after last observed
0cd4a705-553b-4e52-b2e3-05ee53435e58,2026-03-01,2025-12-01,2026-05-01,internal gap
0cdc140f-701b-45e8-afc8-ed7f2cff9324,2026-03-01,2025-11-01,2026-01-01,after last observed
0d10efdd-6f84-49bf-a8c6-73b2488a8ab9,2026-03-01,2026-01-01,2026-02-01,after last observed
0d5e4ce7-3200-4612-aa85-7b281a79ca43,2026-03-01,2025-10-01,2025-11-01,after last observed
0ecc0ce7-f0a1-4391-90a4-5abb23795e52,2026-03-01,2026-02-01,2026-05-01,internal gap
0f072a9c-0f60-4fbf-b6ee-b617b45041e9,2026-03-01,2025-12-01,2026-05-01,internal gap
0f32df49-df72-424e-a1fc-ebc8eefd539f,2026-03-01,2025-11-01,2025-11-01,after last observed
0f8709a0-2f8a-4f38-9d99-db489faa9c9e,2026-03-01,2025-11-01,2026-01-01,after last observed
0f92749f-4399-4a47-a785-134f08352180,2026-03-01,2025-11-01,2026-01-01,after last observed
0f9fc6f4-2c19-4100-bbdc-5bc830c75a95,2026-03-01,2025-11-01,2026-01-01,after last observed
0fc6f726-1943-4dd6-9385-128a6eef4c60,2026-03-01,2026-02-01,2026-04-01,internal gap
10bc3b04-1c73-4acf-bb94-de7bd9539280,2026-03-01,2026-01-01,2026-05-01,internal gap
10bd9b54-5133-4ec7-898e-478c01560985,2026-03-01,2026-02-01,2026-05-01,internal gap
10da4b5c-dc75-40d6-a959-f04e6dba756e,2026-03-01,2026-02-01,2026-02-01,after last observed
10f9034b-dbb3-4538-9699-0f1e56be7735,2026-03-01,2026-01-01,2026-01-01,after last observed
112b1e78-698c-4a96-9d2f-4f2f50704ce4,2026-03-01,2026-01-01,2026-02-01,after last observed
115e1da1-647e-48c6-a00a-31f720ceabab,2026-03-01,2025-11-01,2025-11-01,after last observed
11e67fb8-7dff-41b2-8556-51a57657443d,2026-03-01,2025-12-01,2026-05-01,internal gap
127d3fe4-7010-4e15-a476-4ef3705ef08f,2026-03-01,,,no revenue ever
12c6364a-8e26-4efd-ab21-07f769ae0e19,2026-03-01,2025-11-01,2025-11-01,after last observed
12eee038-5961-4308-81eb-8726473f127e,2026-03-01,2025-11-01,2026-05-01,internal gap
13027f6e-90c7-4600-a1f5-47db906d1767,2026-03-01,2025-12-01,2026-02-01,after last observed
132af7fc-16c0-48ba-816e-d6d705077486,2026-03-01,2026-02-01,2026-02-01,after last observed
1334af32-1084-47aa-9c5f-859263cb495c,2026-03-01,2025-11-01,2025-12-01,after last observed
133c6c88-fcf9-4875-9d81-54b3c2276bbd,2026-03-01,2025-10-01,2026-01-01,after last observed
14271e11-0b79-40a0-95be-dab0a268e485,2026-03-01,2025-10-01,2026-05-01,internal gap
14c17806-597c-4c5c-b4a4-370345c3e04f,2026-03-01,2026-01-01,2026-02-01,after last observed
150a3d22-499e-4afc-8bd3-0c357b82c6cf,2026-03-01,2025-11-01,2026-05-01,internal gap
150a9ff8-d84c-4dd5-860b-92b165055834,2026-03-01,2025-11-01,2025-12-01,after last observed
1621736b-a35d-4b3c-9ab8-66ea873204d9,2026-03-01,2025-11-01,2026-02-01,after last observed
16ff7343-f715-44db-8319-6fa4ba3d8fd4,2026-03-01,2026-01-01,2026-02-01,after last observed
170287d3-9484-4cab-94ef-6ad36ae4a210,2026-03-01,,,no revenue ever
17355561-365d-486f-accc-9b9a7edef342,2026-03-01,2025-11-01,2025-12-01,after last observed
17481bc4-6a1d-4e23-b9cf-bdc650a2e9fb,2026-03-01,2026-02-01,2026-02-01,after last observed
17749968-d613-404b-a530-7893f775df89,2026-03-01,2025-10-01,2025-11-01,after last observed
17d16007-0d34-43f2-ac4c-38842c9f71fe,2026-03-01,2025-10-01,2026-01-01,after last observed
18415ba3-34c2-40a1-9e05-2ace37750ae7,2026-03-01,2025-12-01,2026-02-01,after last observed
1842e0c6-5261-4932-b098-131835224051,2026-03-01,2025-12-01,2026-01-01,after last observed
1848d553-ace2-4f1c-b679-7849d82747ba,2026-03-01,2026-01-01,2026-04-01,internal gap
187b504f-f493-4b79-a36b-53a4dab45b6f,2026-03-01,2025-12-01,2026-02-01,after last observed
1910b74e-8ae6-40a0-81c1-72b4f0053b7a,2026-03-01,2026-02-01,2026-02-01,after last observed
19178a81-75ff-4e44-be20-95b950a03c6c,2026-03-01,2025-11-01,2026-04-01,internal gap
19ef6857-fffa-45d7-9807-a8a3efbed527,2026-03-01,,,no revenue ever
1b2c7941-0870-4288-be7c-e3f60b284859,2026-03-01,2025-10-01,2025-11-01,after last observed
1bc593dc-1b2c-4d7b-8cc1-992676495396,2026-03-01,2026-01-01,2026-02-01,after last observed
1d6b6cca-2aaa-4030-8264-6eefc56b56cd,2026-03-01,2025-11-01,2025-12-01,after last observed
1d861ce6-8d26-49d8-8558-48ffe0375d96,2026-03-01,2025-11-01,2026-01-01,after last observed
1d9db493-f74a-4686-961e-1324a62a0a25,2026-03-01,2025-10-01,2025-11-01,after last observed
1dd17933-4261-4eae-bf2c-3e68b0da1245,2026-03-01,2026-01-01,2026-01-01,after last observed
1e60f4a8-2dd4-463d-acd0-8ba6d2d18064,2026-03-01,2026-02-01,2026-02-01,after last observed
1e9b643b-9ebe-4e5e-8402-b3efa4f938d9,2026-03-01,2025-12-01,2026-05-01,internal gap
1ef7a60b-8df8-4972-91db-11672df959ec,2026-03-01,2026-02-01,2026-05-01,internal gap
1f8ef04c-ac55-4039-990c-40a8d05287c3,2026-03-01,2025-12-01,2026-01-01,after last observed
229db3f0-f0ae-466a-8488-62e82de34e83,2026-03-01,2025-12-01,2026-02-01,after last observed
23010c6d-4c4d-4b18-8e72-bc17071aeba1,2026-03-01,2025-11-01,2026-02-01,after last observed
2365316e-5e7c-4729-ab5a-6a265bdb9ebf,2026-03-01,2026-01-01,2026-01-01,after last observed
2377b8f6-0832-43d4-870f-422b08fbf502,2026-03-01,2026-01-01,2026-02-01,after last observed
23a26ac0-5d44-4c90-a9c3-e83db6221154,2026-03-01,2025-10-01,2025-10-01,after last observed
24b225d6-40c5-4f13-bcc3-0a02fbb17339,2026-03-01,2025-12-01,2026-02-01,after last observed
2508f73f-22f8-4eb1-a59a-69103fc30c36,2026-03-01,2026-01-01,2026-02-01,after last observed
253f9331-903a-48ca-9df7-5deb9504df77,2026-03-01,2025-11-01,2025-11-01,after last observed
263a1fad-1473-4f84-a814-9e9e894ae4b0,2026-03-01,2025-10-01,2025-11-01,after last observed
264ba785-60b3-4273-8141-bfacf22e0229,2026-03-01,2025-10-01,2026-01-01,after last observed
264d0dfc-50ce-4e4e-a3bd-eb2c508da77e,2026-03-01,2025-10-01,2026-02-01,after last observed
2670f7f5-a06f-4e93-ace8-ba547cdde399,2026-03-01,2026-01-01,2026-02-01,after last observed
268fcbbb-a989-4b30-8afa-3bdcada54cad,2026-03-01,2026-02-01,2026-02-01,after last observed
26af34c5-3da4-429e-98e9-f2338858a167,2026-03-01,2026-01-01,2026-02-01,after last observed
26f48064-3707-4656-b2ef-ca7aa90abf04,2026-03-01,2026-02-01,2026-05-01,internal gap
2761ccf9-5071-47fa-9df5-48aa4dbbf1bf,2026-03-01,2025-12-01,2026-02-01,after last observed
28077b10-fe31-4b90-922f-012516ab642e,2026-03-01,2026-02-01,2026-04-01,internal gap
281997eb-e340-46c0-a0a0-7f79523c866d,2026-03-01,2025-11-01,2026-01-01,after last observed
28c67573-b0b0-493c-a5bc-d4a6d63faeda,2026-03-01,2026-02-01,2026-02-01,after last observed
28de662b-5530-40dc-86ad-303fe9759045,2026-03-01,2025-11-01,2025-12-01,after last observed
29447611-07ad-4023-9621-a0c2db95666a,2026-03-01,2025-11-01,2025-12-01,after last observed
294edcb1-8f97-4cb7-971f-f3259f13c584,2026-03-01,2026-01-01,2026-01-01,after last observed
294f78c5-ab43-4a0a-8dfe-8addc293e535,2026-03-01,2025-12-01,2025-12-01,after last observed
29d5c5d6-55b0-4825-868d-3874b011d8b5,2026-03-01,2026-02-01,2026-02-01,after last observed
2a3a7f71-d6e6-46af-883a-b9138b493085,2026-03-01,2026-02-01,2026-04-01,internal gap
2a7f8785-0aa8-4eb2-8c32-300d693fa439,2026-03-01,2025-11-01,2026-01-01,after last observed
2a8f20e7-b919-472f-9fda-4c999d890f49,2026-03-01,2026-01-01,2026-05-01,internal gap
2aa12c29-81ef-43a9-9eda-0bfc13eae551,2026-03-01,2026-01-01,2026-01-01,after last observed
2abc66ff-9985-4116-890e-08034dbcb522,2026-03-01,2026-01-01,2026-01-01,after last observed
2ac223bb-4468-40fd-8ef2-c6a7eb5ab578,2026-03-01,2026-02-01,2026-02-01,after last observed
2b17fe21-19ea-46d9-bdef-2c6ca051a159,2026-03-01,2025-10-01,2025-10-01,after last observed
2c2c1bc9-64aa-400c-8acc-2d3c929ef62a,2026-03-01,,,no revenue ever
2c7e20e4-05da-4aa6-b41b-7c8ec41a15e6,2026-03-01,2025-11-01,2026-01-01,after last observed
2d0d01d2-dadc-4a0c-bf04-af36e64a6d54,2026-03-01,,,no revenue ever
2d50bc5e-06ca-49be-b7e1-68dc5a926864,2026-03-01,2026-02-01,2026-02-01,after last observed
2e008ce0-4369-48d6-b77c-552902637780,2026-03-01,2026-01-01,2026-01-01,after last observed
2e10ca7d-919f-4720-b410-07c599a7c51f,2026-03-01,2025-11-01,2025-11-01,after last observed
2ff12f17-4f4b-49ee-ad87-04522fc4a316,2026-03-01,2026-01-01,2026-02-01,after last observed
31346232-42c6-484f-81ac-dbd7f1e8c282,2026-03-01,2025-11-01,2026-01-01,after last observed
31363795-62ab-4447-ab39-b375c7830469,2026-03-01,2026-02-01,2026-05-01,internal gap
319dae6a-a7f6-4cce-967c-9021c5255879,2026-03-01,2025-12-01,2025-12-01,after last observed
321c2009-8cee-482d-a0e6-82e8094a2679,2026-03-01,2025-12-01,2026-02-01,after last observed
336c210b-28db-4542-b04e-795e30d5dab0,2026-03-01,2025-11-01,2026-02-01,after last observed
351d2427-7f24-4f3d-bcf4-d362677072aa,2026-03-01,2026-01-01,2026-02-01,after last observed
358bf736-5d2a-434b-862c-a726cfa459bf,2026-03-01,2026-02-01,2026-02-01,after last observed
35d1cd80-3a4d-4313-b63d-7bceeb8f852d,2026-03-01,2025-11-01,2025-11-01,after last observed
37219858-5dc9-4c5c-ad0d-375dfac438db,2026-03-01,,,no revenue ever
372f5ab0-1794-4b79-be7c-235f90532967,2026-03-01,2026-01-01,2026-02-01,after last observed
3739237a-ab58-499f-8f40-b4e7be7741f6,2026-03-01,2026-01-01,2026-02-01,after last observed
38135cb5-22d5-4f9b-914d-04312668ac4b,2026-03-01,2026-02-01,2026-05-01,internal gap
3880a978-b783-4abc-830d-ce7373dd457c,2026-03-01,2026-01-01,2026-02-01,after last observed
388e2493-7cee-42a7-ae89-cd3a71ae5d5d,2026-03-01,2026-01-01,2026-01-01,after last observed
38ba213f-2279-406c-ae32-cb2337bec637,2026-03-01,2026-01-01,2026-05-01,internal gap
38bf3cb8-f8be-4fce-b42e-1e9d63112257,2026-03-01,2025-11-01,2026-01-01,after last observed
38d23300-0236-4599-8b0d-35de18abbc2c,2026-03-01,2025-12-01,2025-12-01,after last observed
390b5c72-11b4-461a-8862-314c387887b6,2026-03-01,2025-11-01,2026-01-01,after last observed
3910c3b2-8932-41f4-8190-4c0b11a8f988,2026-03-01,2026-02-01,2026-05-01,internal gap
3a4d48be-7fa3-4656-9166-85df11246b46,2026-03-01,2026-02-01,2026-02-01,after last observed
3a7ede44-151e-43c9-9c93-7e8d193ba254,2026-03-01,2026-02-01,2026-02-01,after last observed
3a8f4ce7-3331-4718-bf1d-549ac70c01d2,2026-03-01,2026-01-01,2026-01-01,after last observed
3aca162e-8f99-4184-9ddd-8f329ce9b44e,2026-03-01,2025-12-01,2026-02-01,after last observed
3bf338fb-9537-4ffc-ba03-f25141aa1aeb,2026-03-01,2026-01-01,2026-01-01,after last observed
3c583185-1af3-48d8-86e5-bb7d32a24e43,2026-03-01,2025-12-01,2025-12-01,after last observed
3c92582e-d405-49cf-a9a1-5d05d08719c4,2026-03-01,2026-01-01,2026-02-01,after last observed
3caa5b26-a4f2-4d3f-91e2-864e39aa5ba5,2026-03-01,2025-11-01,2026-01-01,after last observed
3cb0441a-a5fa-4fad-a93d-a1468b0a6c81,2026-03-01,2025-10-01,2026-05-01,internal gap
3cd4495c-1480-4f1f-8080-5dde7c1f1ebc,2026-03-01,2026-01-01,2026-01-01,after last observed
3cf0b571-57ce-4c71-a8b5-a6d25409ff32,2026-03-01,2025-10-01,2025-10-01,after last observed
3d0535e0-e791-4666-8cc1-887c87be169b,2026-03-01,2025-10-01,2025-12-01,after last observed
3d9b1871-2767-4485-ba2d-33adf4a3cc25,2026-03-01,2026-01-01,2026-01-01,after last observed
3dc75a5b-25a0-4510-a374-a2f578f55885,2026-03-01,2026-01-01,2026-05-01,internal gap
3e257a8f-00cf-493a-a2ce-e4196362dd2e,2026-03-01,2026-02-01,2026-02-01,after last observed
3f0fb0ea-3c3f-4d6f-8ccb-a4a4e88562e3,2026-03-01,2025-12-01,2026-05-01,internal gap
3f519914-bc85-4acd-88ff-916a28efba1f,2026-03-01,2026-02-01,2026-02-01,after last observed
3f6e90ee-d0dc-4abc-8c57-43c9a8c1a4bb,2026-03-01,2026-01-01,2026-05-01,internal gap
40229b03-a3de-43e2-8951-46f785310de5,2026-03-01,2026-01-01,2026-01-01,after last observed
404e7939-5323-4a27-83e6-94f04e0f971f,2026-03-01,2026-01-01,2026-02-01,after last observed
4074b78f-bf4d-4b1e-a0d6-06e891263ae9,2026-03-01,2026-01-01,2026-01-01,after last observed
41a07c5a-f012-45cd-85c3-c59577a44669,2026-03-01,2025-12-01,2026-01-01,after last observed
41c764ed-bbd2-4ed4-bcde-14a2a76d85c7,2026-03-01,2026-04-01,2026-05-01,before first observed
41deb9e0-1305-4c19-8310-3d9e08a4827c,2026-03-01,2026-02-01,2026-02-01,after last observed
43185ddb-0e29-48bb-b8df-e4f1096b5358,2026-03-01,2026-01-01,2026-02-01,after last observed
44900783-9ee3-4f2b-a630-73f37858bf84,2026-03-01,2025-12-01,2026-01-01,after last observed
44df2da7-e082-4870-9d86-0bfd93fe571e,2026-03-01,2026-02-01,2026-02-01,after last observed
454ffc44-ddf7-480a-ab22-b3fedf154e17,2026-03-01,,,no revenue ever
45800908-be26-4c94-97cb-450e0134c2f1,2026-03-01,2026-01-01,2026-02-01,after last observed
45a2648a-49e1-41f8-bd9b-ef40263a456e,2026-03-01,2025-10-01,2026-04-01,internal gap
469d1dbd-2e4b-4e1c-aca0-c93fb2f594ab,2026-03-01,,,no revenue ever
480ef99f-4e43-45cb-b794-8efb9a556273,2026-03-01,2025-12-01,2025-12-01,after last observed
48abfd66-f5d1-4282-bc82-da8cca6b99b6,2026-03-01,2025-11-01,2025-12-01,after last observed
49a860e7-6408-46be-8fac-9baa3ba1cb05,2026-03-01,2025-10-01,2025-12-01,after last observed
4a299d61-f72e-42ce-a197-aa4d1fd91b1e,2026-03-01,2026-01-01,2026-02-01,after last observed
4a5ace95-54a2-4837-be87-77adfcce6c32,2026-03-01,2025-12-01,2025-12-01,after last observed
4a90d9b1-0aeb-4ec9-a1cd-24135f08e0bf,2026-03-01,2026-01-01,2026-02-01,after last observed
4a95699a-8a67-4aa4-81de-6c163dcc1354,2026-03-01,2025-12-01,2026-05-01,internal gap
4b8e4512-c18d-467a-957a-c42b4e07a266,2026-03-01,2025-11-01,2026-01-01,after last observed
4b927a2e-a13d-4710-90ab-9a2c2a60bb58,2026-03-01,2026-02-01,2026-02-01,after last observed
4c840a35-e25a-4471-a60c-3496891f7332,2026-03-01,2025-10-01,2025-10-01,after last observed
4d9689e4-a085-4553-8630-9d625579cba5,2026-03-01,2026-02-01,2026-05-01,internal gap
4de00753-6930-483b-9aa5-73bd86487f27,2026-03-01,2025-11-01,2026-02-01,after last observed
4e4fd7df-88a4-4d86-b1ac-27304e775b84,2026-03-01,2026-02-01,2026-02-01,after last observed
50de7ce7-d968-492a-b9f4-a2f5a91e8256,2026-03-01,2025-10-01,2026-01-01,after last observed
50defdf6-b62c-439d-b243-59e24bf28130,2026-03-01,2026-01-01,2026-02-01,after last observed
511c23d1-0283-40b4-9f0f-d04c4fc94468,2026-03-01,2025-11-01,2025-12-01,after last observed
516b213e-9b1a-4157-a12a-2c9351b3745d,2026-03-01,2026-01-01,2026-02-01,after last observed
518b31e0-6286-4bc7-876a-31bf43805c09,2026-03-01,2025-12-01,2026-01-01,after last observed
51a46cfd-f201-4b6f-b002-2140344f61b6,2026-03-01,2026-01-01,2026-01-01,after last observed
51e1dd09-a823-4cde-8363-976bc8e0b4be,2026-03-01,2026-02-01,2026-02-01,after last observed
51e3c6ee-7e16-47ff-9bb3-d6af30b49e10,2026-03-01,2026-01-01,2026-02-01,after last observed
52567bde-1787-4f89-ba5e-b5636e385323,2026-03-01,2026-02-01,2026-02-01,after last observed
527ea897-e896-4235-90be-863cbc67ca3d,2026-03-01,2025-12-01,2025-12-01,after last observed
52823b6f-e77a-42e2-8b3a-885a1db9d61c,2026-03-01,2025-11-01,2026-01-01,after last observed
52a62c1e-2690-4703-811a-3f0bb7b1dd5f,2026-03-01,2025-12-01,2026-02-01,after last observed
530e5eb0-e5be-493d-aa4f-c9dc2ab4d656,2026-03-01,2025-11-01,2025-11-01,after last observed
53847e67-c0da-4c5f-8216-ecfd7236b552,2026-03-01,2025-10-01,2026-01-01,after last observed
539bad2d-4cf7-4afd-8761-7de6c9f8dfd2,2026-03-01,2026-01-01,2026-02-01,after last observed
54645b12-5dce-4f7a-9cca-98cf8898b56e,2026-03-01,2025-10-01,2025-12-01,after last observed
55854910-e0d8-4377-87d8-45ffd0c38715,2026-03-01,2026-01-01,2026-04-01,internal gap
55b7edc7-1481-41dd-8702-28b5c001ba51,2026-03-01,2025-12-01,2026-01-01,after last observed
55d89637-2ce0-4e87-ab2b-878c79c24939,2026-03-01,2026-02-01,2026-02-01,after last observed
55daa107-2e41-43f5-97c8-80a4cf80de69,2026-03-01,2025-12-01,2025-12-01,after last observed
56a25c8e-f03f-4e0c-bfb9-def464c68920,2026-03-01,2026-02-01,2026-02-01,after last observed
56d933b9-ef80-4422-9d9a-9c294ea63eb1,2026-03-01,2025-11-01,2026-02-01,after last observed
57755a21-741e-4224-93b5-fd396732d4b1,2026-03-01,2025-10-01,2025-11-01,after last observed
57bc8131-a950-4b47-9eeb-6f249bde2bfb,2026-03-01,2026-02-01,2026-02-01,after last observed
58046c0f-988b-4ab9-8dbd-28856832b7f9,2026-03-01,2025-11-01,2026-02-01,after last observed
58846565-c129-4b0f-b2f4-0dfee4b56f3a,2026-03-01,2025-10-01,2025-12-01,after last observed
588642ac-0197-4aaf-9f51-c47d5e2aefb9,2026-03-01,2025-11-01,2025-12-01,after last observed
58b2d3e7-4f3b-4c74-a1e1-7966356c932a,2026-03-01,2026-01-01,2026-02-01,after last observed
58d8c410-a90f-4888-88f5-3335b31294f1,2026-03-01,2026-01-01,2026-02-01,after last observed
58d934b5-37e7-4ab0-8c82-3d5d7d0e273f,2026-03-01,,,no revenue ever
58ff1b85-84f8-40be-97f1-ac9e1fbab1ac,2026-03-01,2026-02-01,2026-05-01,internal gap
5a388e27-3064-4666-87a1-50ed1db9b9be,2026-03-01,2026-01-01,2026-01-01,after last observed
5b3100ff-1cb1-4828-aada-d152897c5094,2026-03-01,2026-02-01,2026-05-01,internal gap
5b83bf5e-b19c-4197-98ed-b68cbba34bad,2026-03-01,2025-11-01,2025-12-01,after last observed
5bf15f97-479d-4522-9824-c5547c05284d,2026-03-01,2026-01-01,2026-02-01,after last observed
5c0b7a36-ed6a-424d-9475-05114b9f004d,2026-03-01,2026-02-01,2026-04-01,internal gap
5d8542c0-5004-42b6-bf82-df4931ab51eb,2026-03-01,2026-02-01,2026-02-01,after last observed
5d91aa83-42b6-45f6-940e-d03eaa08440c,2026-03-01,2026-02-01,2026-05-01,internal gap
5f87a53b-493b-4d25-8f4c-433d7f91f87c,2026-03-01,2025-12-01,2026-05-01,internal gap
5f8bdde9-b381-47c9-9975-f72959aee1d4,2026-03-01,2025-12-01,2026-02-01,after last observed
60da20be-eebe-4d1f-977b-3ab995a81773,2026-03-01,2025-12-01,2025-12-01,after last observed
60dc0bdb-523f-44a5-af5b-ede8903e4fdf,2026-03-01,2025-12-01,2026-02-01,after last observed
60e3f3d2-833e-4b1b-9282-3e5a59b62c4d,2026-03-01,2026-02-01,2026-02-01,after last observed
61804345-8fc9-4233-8e2c-16b5c69b642d,2026-03-01,2025-11-01,2026-04-01,internal gap
61858684-02f1-4861-a529-c38366033db3,2026-03-01,2025-10-01,2026-04-01,internal gap
630fa772-2674-45a7-976e-7ef7609f7ff3,2026-03-01,2026-02-01,2026-02-01,after last observed
6390cd0a-8441-45cf-8d86-74c926cc9bf8,2026-03-01,2025-11-01,2026-02-01,after last observed
63b2617e-5d85-40d7-885b-781479028def,2026-03-01,2026-02-01,2026-02-01,after last observed
6543a977-c271-43b9-868c-e50e3b61210f,2026-03-01,2025-11-01,2026-02-01,after last observed
660e103c-8e88-4b1b-a3d9-0aff6bfc9a47,2026-03-01,2025-12-01,2025-12-01,after last observed
662706af-070c-4429-af6c-90ba81ba4f4a,2026-03-01,2026-01-01,2026-02-01,after last observed
664506b6-4095-4290-8e97-7790d8bc5273,2026-03-01,2025-12-01,2026-04-01,internal gap
667548a3-9fb7-4399-a45a-624d27252e2c,2026-03-01,2026-01-01,2026-02-01,after last observed
6698e42d-b18f-4bd6-98d5-fd8137715014,2026-03-01,2026-01-01,2026-01-01,after last observed
66e13b89-9d0b-4a21-b02f-1478838a45b7,2026-03-01,,,no revenue ever
67000736-2cbb-42ab-bc4b-09dedae70431,2026-03-01,2026-01-01,2026-05-01,internal gap
6736e5d9-08f3-4c96-9b2b-67a90b8b2182,2026-03-01,2026-04-01,2026-04-01,before first observed
67a312aa-a683-4cdd-a98b-8049d37b69b9,2026-03-01,2026-02-01,2026-04-01,internal gap
67b7b98e-2815-4b7c-89c3-e95bf2c6c5fe,2026-03-01,2025-12-01,2026-02-01,after last observed
6854685e-226b-4908-bc14-ab5aab579b0d,2026-03-01,2025-12-01,2026-01-01,after last observed
689122e7-dabd-4033-8da2-423005f9d8f4,2026-03-01,2026-01-01,2026-01-01,after last observed
69295627-ec2f-4bfd-ae6e-5bd54d8cd49b,2026-03-01,2026-01-01,2026-01-01,after last observed
6a809286-20e0-48f0-b53f-10c2a8a80f00,2026-03-01,2025-10-01,2025-11-01,after last observed
6ac92d7c-6cf5-4732-9a4e-491fb72d4bae,2026-03-01,2025-12-01,2025-12-01,after last observed
6bba9240-c680-4019-802f-cb854428e233,2026-03-01,2025-11-01,2026-01-01,after last observed
6bc767ab-ba39-4fba-9dc3-56c48c6244ba,2026-03-01,2026-02-01,2026-05-01,internal gap
6be0f7c9-a84c-4e99-9b49-c5d57528b850,2026-03-01,2025-11-01,2026-02-01,after last observed
6be9cb30-3ace-4f93-925e-513d6b36a323,2026-03-01,2026-01-01,2026-02-01,after last observed
6c1980c6-99d5-44ed-8ebf-c26854506106,2026-03-01,2025-11-01,2026-01-01,after last observed
6c275f48-ec78-4928-8105-2b562c5115eb,2026-03-01,,,no revenue ever
6c2770ac-7b59-4d4f-9a15-83f990aa000b,2026-03-01,2025-12-01,2025-12-01,after last observed
6cdbb365-9fc5-4350-b0c4-eaf583888289,2026-03-01,2026-02-01,2026-02-01,after last observed
6d794c73-240e-40ad-b9dd-551ed5ab8f98,2026-03-01,2026-02-01,2026-02-01,after last observed
6db27e2d-90d9-4c31-b2ff-e253e4f5d123,2026-03-01,2026-02-01,2026-02-01,after last observed
6f2443df-f3e8-4f71-9044-15d0b6a8f880,2026-03-01,2026-02-01,2026-04-01,internal gap
6f6cf829-a92d-4090-b6b3-f009a3009f6e,2026-03-01,2025-10-01,2026-01-01,after last observed
6f73000c-6dc3-4338-b7c9-d8975113fa6a,2026-03-01,2026-02-01,2026-02-01,after last observed
6f745be7-4837-45e5-b0ff-270b3838aa17,2026-03-01,2025-10-01,2025-10-01,after last observed
6f894d48-90b1-4980-8a20-37829aa4659f,2026-03-01,,,no revenue ever
6fedd694-57b2-4faf-8243-cd4adb475b42,2026-03-01,2026-02-01,2026-02-01,after last observed
6ff41549-e7b5-4d17-9523-bfe39e86727c,2026-03-01,2025-11-01,2025-11-01,after last observed
722e877f-1fca-43e2-9818-1d4291b31ef6,2026-03-01,2025-10-01,2026-02-01,after last observed
723684fa-2fb3-4790-a8ac-69e54f63e168,2026-03-01,2025-11-01,2026-05-01,internal gap
73216f6d-f4e9-4877-aa0c-a0c9d4b4b53e,2026-03-01,2026-01-01,2026-02-01,after last observed
738f5607-0736-4f6a-92c6-53b169370ccf,2026-03-01,2025-12-01,2025-12-01,after last observed
739f1996-7360-41ad-a600-c373a37593b3,2026-03-01,2026-02-01,2026-02-01,after last observed
73b729a8-a844-4507-81da-334d2ca8ac34,2026-03-01,2026-01-01,2026-05-01,internal gap
751dd969-8936-4174-ba02-a05fbcbde7b1,2026-03-01,2025-10-01,2026-04-01,internal gap
75aff8ce-be62-4acb-bd29-f87520654d71,2026-03-01,2026-02-01,2026-02-01,after last observed
75ba40be-641e-41a2-bfe4-ec2f0f1ce0ec,2026-03-01,2026-04-01,2026-04-01,before first observed
75be09e4-badc-401e-9311-0d5d53441a77,2026-03-01,2025-11-01,2025-12-01,after last observed
75e429f7-8097-467e-bfac-4dcdac86eeab,2026-03-01,2025-10-01,2025-11-01,after last observed
771421d3-b0d6-4a42-bb89-d1fcab204fab,2026-03-01,2026-02-01,2026-05-01,internal gap
7714a5ff-9e14-44a0-98fc-7c00c25fdc41,2026-03-01,2026-01-01,2026-02-01,after last observed
775f7bfd-1ca0-46fb-9c07-f47a2ca7da5f,2026-03-01,2025-12-01,2026-01-01,after last observed
789e7ae5-7efd-4df8-b184-b418b4187c62,2026-03-01,2026-01-01,2026-01-01,after last observed
79268836-003c-4626-a61e-e5d589783034,2026-03-01,2026-01-01,2026-02-01,after last observed
79d56826-6003-41ba-8065-0872d55bb496,2026-03-01,2025-12-01,2026-01-01,after last observed
79d9876d-84fb-4226-b907-0b7c355c70ea,2026-03-01,2026-02-01,2026-02-01,after last observed
79d9cbb4-4dfc-465e-a6b8-1e9de5e7799a,2026-03-01,2026-01-01,2026-02-01,after last observed
7a55408d-360e-4c1b-b3e2-080404a10686,2026-03-01,2025-11-01,2026-05-01,internal gap
7a9c00ad-b332-4610-8ded-85f2c3d16800,2026-03-01,2026-02-01,2026-05-01,internal gap
7b0cd1c8-2be9-4339-a964-7036cda06b65,2026-03-01,,,no revenue ever
7b20b042-afe9-4193-9223-589a81df5ed5,2026-03-01,2025-12-01,2025-12-01,after last observed
7b5536a6-a374-46d0-812f-1d4556c1f596,2026-03-01,2026-02-01,2026-02-01,after last observed
7c338aaf-cd47-4331-a727-e4c6764c2481,2026-03-01,2025-12-01,2026-01-01,after last observed
7ca1ef4e-c51a-4b00-add9-48fecad9a950,2026-03-01,2026-02-01,2026-05-01,internal gap
7e0a527e-28e9-45d8-9edd-6cd4b3896fec,2026-03-01,2025-11-01,2025-12-01,after last observed
7e0c0a63-40fc-474a-9491-d2046ae3b86d,2026-03-01,2026-01-01,2026-02-01,after last observed
7e551e7a-957c-4022-9b0e-1ffbf858a4cb,2026-03-01,2026-02-01,2026-02-01,after last observed
7edec4de-5f75-43fd-b04b-5e920f5448e1,2026-03-01,2026-02-01,2026-02-01,after last observed
7f98c919-58f2-47ef-a961-18f275610438,2026-03-01,2025-12-01,2025-12-01,after last observed
7f9fe5a3-8103-4c77-8e03-41cbd938a2f7,2026-03-01,2025-11-01,2026-05-01,internal gap
7fe1cb07-c495-46a6-888a-e5607b7d8fd4,2026-03-01,2026-02-01,2026-02-01,after last observed
803c68b7-1036-43a2-bdd8-885e34516894,2026-03-01,2026-01-01,2026-02-01,after last observed
80dfa15c-f0cb-4e43-97eb-791d92a5ebd3,2026-03-01,2026-01-01,2026-02-01,after last observed
81a261a2-701e-47f2-a794-fb14d3274d5d,2026-03-01,2026-02-01,2026-02-01,after last observed
81ac7c52-9c31-401d-a0a8-415982c33916,2026-03-01,2025-10-01,2026-01-01,after last observed
81fb072d-1b8c-4047-a066-bb1399fccd81,2026-03-01,2026-01-01,2026-01-01,after last observed
824a523d-da38-4755-8ed0-594a42ec8723,2026-03-01,2025-11-01,2025-12-01,after last observed
82a2abf5-97ba-4600-9525-67b7da15b8b0,2026-03-01,2026-01-01,2026-04-01,internal gap
82bdc47b-f1f9-4eae-a6f8-459744121055,2026-03-01,2025-11-01,2026-02-01,after last observed
83292beb-38a3-4fb1-a1ea-b08d5e52dd93,2026-03-01,2025-12-01,2025-12-01,after last observed
8373f22c-4128-4551-a1ff-436fcce9f92c,2026-03-01,2026-01-01,2026-01-01,after last observed
84810212-2918-42e6-8e39-3d2df4c69e5c,2026-03-01,2025-11-01,2025-11-01,after last observed
8541d08b-6749-4e26-8455-c0e04ba6b5cc,2026-03-01,2026-01-01,2026-01-01,after last observed
85492a31-f99a-4585-a613-17716c1029e5,2026-03-01,2026-02-01,2026-02-01,after last observed
85a6420d-b2be-4813-b5bb-b7af535e1a4c,2026-03-01,2025-12-01,2026-02-01,after last observed
86592b12-a65c-4c38-aed7-0e25dafa5522,2026-03-01,2026-02-01,2026-05-01,internal gap
877fdba2-700a-4a96-a968-f61a62f981b0,2026-03-01,2025-11-01,2026-01-01,after last observed
87e14ed7-d8d1-4c69-bc35-7b1321b37fc5,2026-03-01,2026-02-01,2026-05-01,internal gap
884fd3c2-7974-4294-8c97-17db10aa2e07,2026-03-01,2026-02-01,2026-05-01,internal gap
88783f26-b5f3-4e96-b607-c1c1ca879bbd,2026-03-01,2025-10-01,2025-11-01,after last observed
8895106d-bc66-4970-98cd-c0e5bb6130e2,2026-03-01,2026-01-01,2026-01-01,after last observed
88df7aa3-c8c1-4212-a0bd-486534806f84,2026-03-01,2026-02-01,2026-02-01,after last observed
88ffb385-d02d-422d-a45d-f1ceca45f0b0,2026-03-01,2026-01-01,2026-01-01,after last observed
89630994-696f-4c5c-83c9-3049b6d86df8,2026-03-01,2025-12-01,2026-02-01,after last observed
8a1cff5c-7c25-4eb5-9c43-fc0a46bac0ab,2026-03-01,2026-02-01,2026-02-01,after last observed
8a502bfa-ea92-400a-89f7-8c75e031c8a4,2026-03-01,2025-12-01,2026-01-01,after last observed
8accb322-29cc-4416-9150-197fa6dd7b5e,2026-03-01,2026-01-01,2026-02-01,after last observed
8c13f465-a84f-43ea-be1a-45ed0e8447ed,2026-03-01,2025-11-01,2026-05-01,internal gap
8c7f3ba7-d0aa-4802-b15c-7f2a9d464722,2026-03-01,2026-02-01,2026-05-01,internal gap
8ca182c7-a928-474a-8477-0dc14c532365,2026-03-01,2025-11-01,2026-05-01,internal gap
8d0cbfb1-a603-42b5-8142-ffef0e5a0b3a,2026-03-01,2025-12-01,2026-02-01,after last observed
8dbd8ec0-d865-4930-86e7-3091c7d602fc,2026-03-01,,,no revenue ever
8e03de94-b077-4871-a0f3-6dfba2a4ab7b,2026-03-01,2026-01-01,2026-02-01,after last observed
8eee0373-4d15-4c9b-a1be-f1e8335e0a78,2026-03-01,2025-10-01,2026-01-01,after last observed
8efcf04e-3f27-413c-8514-45a0ac8c31d5,2026-03-01,2026-02-01,2026-02-01,after last observed
8f13ed0e-3c78-41c0-b45a-830532da152b,2026-03-01,2026-01-01,2026-02-01,after last observed
8f8bdacf-e342-40a3-becc-435326958a95,2026-03-01,2026-02-01,2026-05-01,internal gap
8f92a1d8-51f8-4232-9df8-f6362164e997,2026-03-01,2025-12-01,2026-04-01,internal gap
8fc106d1-799c-4bcd-b8cc-69dee78e80b3,2026-03-01,2025-11-01,2026-02-01,after last observed
90ce61bb-3a1a-4c95-a758-1c3c2ade6636,2026-03-01,2026-01-01,2026-05-01,internal gap
910e6f9e-b0d3-4475-897a-ed8cad61ac94,2026-03-01,2026-01-01,2026-02-01,after last observed
917912df-77ed-4af9-b9ab-e6c87565112e,2026-03-01,2026-01-01,2026-02-01,after last observed
91890fbe-5765-4c94-8a58-4499114ce627,2026-03-01,2026-02-01,2026-02-01,after last observed
919b2d05-d4ba-4a72-90c7-b9d877a8aed5,2026-03-01,2026-01-01,2026-01-01,after last observed
91f9f448-3d31-4bc4-918f-7a1bff8045c4,2026-03-01,,,no revenue ever
92357290-1b70-41af-a4d2-f53fa3354226,2026-03-01,2026-01-01,2026-01-01,after last observed
924b0590-258e-4f7d-8374-26a60fb4d0ec,2026-03-01,2025-11-01,2025-11-01,after last observed
92dabcb5-6092-455e-a26b-1b11cdb5dbe9,2026-03-01,2025-12-01,2026-01-01,after last observed
9346eb7e-602b-4076-8072-807e247f31de,2026-03-01,2026-01-01,2026-01-01,after last observed
937e511d-4435-4ca1-bed0-1a648601f143,2026-03-01,2025-10-01,2025-12-01,after last observed
94c04f1e-6ad8-4978-928c-e8173a2b6130,2026-03-01,2026-02-01,2026-05-01,internal gap
954b34d9-964d-4d1e-8447-1588aea489b5,2026-03-01,2025-12-01,2026-01-01,after last observed
9592beba-3033-427e-9aa9-c07d55b97639,2026-03-01,2026-01-01,2026-05-01,internal gap
95d7f1e5-ba9c-4523-8f15-6a3149368010,2026-03-01,2026-02-01,2026-02-01,after last observed
961bc010-a236-46a0-bb14-4060f57c2d79,2026-03-01,2026-02-01,2026-02-01,after last observed
9651cf69-837a-419c-9ec6-8007d57f6cc1,2026-03-01,2026-02-01,2026-02-01,after last observed
9664eade-c0d2-4d7b-aac3-a2f000a3bd70,2026-03-01,2025-11-01,2025-12-01,after last observed
96889ab3-b19f-4ea1-81f5-d1c53e6eca4a,2026-03-01,2026-02-01,2026-05-01,internal gap
97b18b93-3798-4d80-ac6b-6523c0d519ac,2026-03-01,2026-01-01,2026-02-01,after last observed
98529d6c-ffd3-43b0-9798-96379251be2d,2026-03-01,2025-11-01,2025-11-01,after last observed
9866c8b3-ee55-4770-baa2-d051e4b83832,2026-03-01,2025-12-01,2025-12-01,after last observed
9903267e-dd68-423b-8af5-9fe97a466ba5,2026-03-01,2025-11-01,2025-11-01,after last observed
9928e8cb-8fca-4f1e-b6fc-728205f5c5b5,2026-03-01,2026-02-01,2026-02-01,after last observed
9974d278-215d-46b1-a593-60a88fb23d94,2026-03-01,2025-10-01,2025-10-01,after last observed
9a2acb35-77cc-46a8-a785-0930205c5d24,2026-03-01,2026-02-01,2026-02-01,after last observed
9a2d07ca-b56c-4ed4-9a9a-9dc532faa6a3,2026-03-01,2026-02-01,2026-02-01,after last observed
9a5a7fb5-9eb3-4622-9e3e-3610dcf7a344,2026-03-01,2025-11-01,2026-02-01,after last observed
9a803310-4e15-4a05-bb3a-65ad05769267,2026-03-01,2025-11-01,2026-01-01,after last observed
9a8676fc-3d33-4ee4-9467-794ff289ab59,2026-03-01,2026-01-01,2026-02-01,after last observed
9ad688f6-dc3c-451c-926b-94e3c6c19f83,2026-03-01,2025-10-01,2025-10-01,after last observed
9b1dfdd7-868b-42d1-a02a-36398232ff24,2026-03-01,2026-01-01,2026-05-01,internal gap
9b89d333-b2c6-4e62-9f1d-32cd7af7adb0,2026-03-01,2025-10-01,2026-05-01,internal gap
9bb4f04e-f282-473b-8f5d-8e1c45d1a2a0,2026-03-01,2025-12-01,2026-02-01,after last observed
9be0a5ac-8f93-45f1-b556-d85915855c98,2026-03-01,2026-02-01,2026-02-01,after last observed
9c1d2176-8b80-4ecc-985b-3b077e326302,2026-03-01,2025-12-01,2026-05-01,internal gap
9d3c155a-744e-42a9-a222-733b0d5ea055,2026-03-01,2026-01-01,2026-01-01,after last observed
9d815779-8d04-4c5e-a738-3a2253b9117e,2026-03-01,2026-01-01,2026-01-01,after last observed
9deecaa7-d71f-49c0-a3d9-2f60d53f056e,2026-03-01,2026-02-01,2026-02-01,after last observed
9e798bdf-f4af-474f-a253-0bb47dbc4930,2026-03-01,2025-11-01,2025-12-01,after last observed
9ed218fd-660f-41a6-a574-ed73e1151493,2026-03-01,2025-10-01,2026-02-01,after last observed
a010e458-7de0-4caa-a1c3-4ab1a4dcbf7e,2026-03-01,2026-01-01,2026-02-01,after last observed
a01f614a-be0d-42cd-b3b6-80143e08a8fe,2026-03-01,2026-02-01,2026-02-01,after last observed
a057f0a5-9b54-4527-85f2-6f6393935880,2026-03-01,2025-11-01,2025-12-01,after last observed
a0b35d1c-092b-443d-abb2-44c99bcead88,2026-03-01,2026-02-01,2026-02-01,after last observed
a1082160-5ec3-4128-a694-495cb67e3d3a,2026-03-01,2025-10-01,2025-12-01,after last observed
a169954d-3ef2-476c-8135-6cfa399db963,2026-03-01,2026-02-01,2026-02-01,after last observed
a1b21a97-ee3a-4f59-8008-da1970a6d434,2026-03-01,2025-10-01,2025-11-01,after last observed
a1c50f21-dc84-4323-99b1-bae5f40d6cfa,2026-03-01,2026-02-01,2026-05-01,internal gap
a3176c6a-ac26-429b-88d7-fae5bdfdeaa3,2026-03-01,2026-02-01,2026-02-01,after last observed
a4c6a16e-8893-416d-80fa-caae05343617,2026-03-01,2026-01-01,2026-01-01,after last observed
a5d0dea0-00dd-498c-9384-2d6a0e366e8e,2026-03-01,2025-10-01,2025-10-01,after last observed
a6318327-ef03-466c-b075-e3d4a7fe2bba,2026-03-01,2026-02-01,2026-05-01,internal gap
a684ec40-c96e-4fda-9049-e1357b84bd8d,2026-03-01,2026-02-01,2026-05-01,internal gap
a6f413e9-ffe3-4024-960f-339b0f8407a5,2026-03-01,2025-10-01,2026-01-01,after last observed
a742dbb3-e581-4a0d-a43a-cc83bf3b11e9,2026-03-01,2026-01-01,2026-02-01,after last observed
a7f693c5-3a56-4280-a436-d4cb3310093d,2026-03-01,2025-12-01,2025-12-01,after last observed
a8320396-ab44-4b4d-88bf-5e22799c1bfb,2026-03-01,2025-12-01,2026-05-01,internal gap
a86436b7-2f1e-4a63-90f8-b458e7d4b645,2026-03-01,2025-11-01,2026-04-01,internal gap
a86a0540-0133-4b5d-963b-f20540c1cb72,2026-03-01,2026-01-01,2026-02-01,after last observed
aa099509-9d40-4bc9-b663-96f5154468e1,2026-03-01,2025-12-01,2026-02-01,after last observed
aa480a60-5fe0-4ffa-9f90-8ef273f7ac75,2026-03-01,2025-11-01,2026-04-01,internal gap
aaaa9e5d-15f3-434a-ac0c-101b20a79862,2026-03-01,2026-02-01,2026-02-01,after last observed
ab2a4fd8-8d3b-4e5a-8fe1-911a7612d47c,2026-03-01,2025-10-01,2025-10-01,after last observed
ab4ea78a-4001-4d56-8b1d-a134fb230d84,2026-03-01,2025-11-01,2026-05-01,internal gap
ab6db975-c413-4fa3-8138-83fe986f6985,2026-03-01,2025-12-01,2025-12-01,after last observed
abb849df-cf14-4737-9706-f48354c54206,2026-03-01,2025-11-01,2025-12-01,after last observed
ac18b497-68cb-4ce5-b867-9c2c33ccbee5,2026-03-01,2026-04-01,2026-05-01,before first observed
acc66b64-feaf-4e5a-83b0-bcb64cdb9b6d,2026-03-01,2026-02-01,2026-04-01,internal gap
accdf01c-0a8a-40ba-b62a-71f5087e075f,2026-03-01,2025-12-01,2025-12-01,after last observed
acf7d30f-f3ed-44e3-8249-c62d9207e928,2026-03-01,2026-02-01,2026-05-01,internal gap
adb4b720-c201-4a0f-8cf7-89afc6ec08d7,2026-03-01,2026-01-01,2026-02-01,after last observed
ae172f4d-9182-4769-afa2-ffb4667fe6fe,2026-03-01,,,no revenue ever
ae2596fa-f156-4e7f-8612-42e28a33c7b5,2026-03-01,2025-11-01,2026-05-01,internal gap
ae2b7cc2-1984-48eb-afb6-55105af06899,2026-03-01,,,no revenue ever
af7e42ab-c3ef-4050-b68a-1a45cf7bb5ab,2026-03-01,2025-12-01,2025-12-01,after last observed
af95e5b9-f049-4c93-a75e-eec1cd918fb5,2026-03-01,2026-02-01,2026-02-01,after last observed
b06e9890-2f09-4238-84bb-c87cfcb8e535,2026-03-01,2025-11-01,2025-12-01,after last observed
b10691f2-e8d7-48da-9356-ec96da53cb31,2026-03-01,2026-02-01,2026-02-01,after last observed
b10f8129-533a-4ccc-b81c-35dd0cd9b094,2026-03-01,2025-11-01,2026-02-01,after last observed
b15d8a66-b892-47bf-aea0-408a97a28649,2026-03-01,2025-12-01,2026-05-01,internal gap
b17038f4-3878-4263-822b-11d47be20842,2026-03-01,2025-11-01,2026-05-01,internal gap
b18d33c6-6378-41ee-ba53-182e24860740,2026-03-01,2026-01-01,2026-04-01,internal gap
b2218ad0-2c5a-4336-965d-83a3abeea605,2026-03-01,2026-01-01,2026-01-01,after last observed
b2c4beb5-ab51-4837-a5dc-e2e86ac89c16,2026-03-01,2025-12-01,2026-02-01,after last observed
b2f31981-408e-4b0b-ac80-58f015e79d68,2026-03-01,2026-02-01,2026-02-01,after last observed
b2f9718b-c44d-435f-bcd4-0fe81438fcd8,2026-03-01,2025-11-01,2026-01-01,after last observed
b3abb812-1106-4c53-b779-c015d9c9e63b,2026-03-01,2025-10-01,2025-11-01,after last observed
b56e4f08-66b3-4392-b8be-c0d45d9d81c5,2026-03-01,2025-12-01,2025-12-01,after last observed
b57c0a08-1724-4bcb-9665-3cd1b0e3dbb5,2026-03-01,2026-01-01,2026-02-01,after last observed
b6639875-f918-44ec-992b-9cadc99d946d,2026-03-01,2026-02-01,2026-02-01,after last observed
b760e277-10ca-4434-9893-70e9a7c3c4fd,2026-03-01,2025-12-01,2026-02-01,after last observed
b76a9c13-d7ae-413a-a74c-30615867a0d7,2026-03-01,2025-12-01,2025-12-01,after last observed
b770b9c3-80a1-40b0-bbcf-f8cc1db56315,2026-03-01,,,no revenue ever
b7812de7-518f-4842-b526-cc646ce52111,2026-03-01,2025-12-01,2026-02-01,after last observed
b798b54a-0775-4da0-a362-b71d1f51d905,2026-03-01,2025-10-01,2025-11-01,after last observed
b7b9d870-014e-431f-9eab-41ddaca84699,2026-03-01,,,no revenue ever
b7d37b00-e9b5-4628-bb8b-3861d5091294,2026-03-01,2025-11-01,2025-12-01,after last observed
b87bc623-2c88-4cbf-9029-5b04a6d6d1eb,2026-03-01,,,no revenue ever
ba8a6b81-d38e-443c-b249-d2cef8f425d8,2026-03-01,2026-02-01,2026-02-01,after last observed
bb48c235-6fec-49eb-844e-dd9d57734206,2026-03-01,2025-11-01,2025-11-01,after last observed
bb4d55ea-d6af-4bf7-9ede-0006f972cb70,2026-03-01,2026-02-01,2026-05-01,internal gap
bb6ebab7-a180-4015-957a-838c335d0fb1,2026-03-01,2025-11-01,2025-11-01,after last observed
bbb6ca29-2686-4dd9-a602-e80c2f906277,2026-03-01,2025-11-01,2025-11-01,after last observed
bbc59fe1-a850-4b4e-9006-7b7e9a5c9814,2026-03-01,2026-01-01,2026-02-01,after last observed
bc33b3ae-aa35-47af-9a94-4bf3cec00a41,2026-03-01,2026-02-01,2026-02-01,after last observed
bcceaf58-1659-4620-bb5b-59aa0d2d14c8,2026-03-01,2026-02-01,2026-02-01,after last observed
bd14636a-256f-4084-b1c1-e760fcd44de4,2026-03-01,2025-10-01,2026-01-01,after last observed
bdade3f4-8d54-44bd-ac13-03651d3d215c,2026-03-01,2025-10-01,2025-12-01,after last observed
be1e280f-c715-42b7-b1fa-d19224cc8144,2026-03-01,2026-01-01,2026-01-01,after last observed
be3201ed-7169-4f7d-9f39-05ae0003d02b,2026-03-01,2025-11-01,2025-12-01,after last observed
bebca25b-7be1-4b09-bf3e-7272d52cab8c,2026-03-01,2025-12-01,2026-01-01,after last observed
c08e721c-495a-4463-9ba6-6484bf663add,2026-03-01,2026-01-01,2026-02-01,after last observed
c0d15eb9-bce6-4ede-bd2e-4eddf0aa0825,2026-03-01,2026-02-01,2026-02-01,after last observed
c130ff79-b2ab-4a23-8eb7-8abdb7e83e5c,2026-03-01,2026-02-01,2026-05-01,internal gap
c250f902-2ee2-4b9a-bc0a-025d51855ecb,2026-03-01,2025-10-01,2025-10-01,after last observed
c3405521-4c28-404b-8183-9bab3d5eb057,2026-03-01,2026-01-01,2026-05-01,internal gap
c3a270dd-860f-40de-901a-b70a581bc829,2026-03-01,2025-11-01,2026-02-01,after last observed
c557eb8d-20e7-4b0a-85d2-3ab10f1f9e6f,2026-03-01,2025-12-01,2026-02-01,after last observed
c5c8e2ab-d54a-4413-a227-fb102bb259ae,2026-03-01,2025-12-01,2026-02-01,after last observed
c6622f62-4dd2-4af5-99b9-a0bd91cf24f8,2026-03-01,2026-01-01,2026-01-01,after last observed
c6898d6c-9921-4538-9db5-78f02d32550c,2026-03-01,2025-12-01,2025-12-01,after last observed
c6925c42-87f0-4f72-9e15-0047518ddcfa,2026-03-01,2025-12-01,2026-05-01,internal gap
c7247712-869d-40c7-8382-ba423fafb5c5,2026-03-01,2026-01-01,2026-01-01,after last observed
c7902f02-04f0-481f-bc53-db333d08ef0b,2026-03-01,2025-10-01,2026-02-01,after last observed
c7e50402-a00f-459a-ada9-c07a5bee0476,2026-03-01,2025-12-01,2025-12-01,after last observed
c807794d-0750-4dfc-b150-29a3c2a039d3,2026-03-01,2025-11-01,2026-05-01,internal gap
c8493592-f45a-40f1-a1a0-43429479315f,2026-03-01,2025-11-01,2025-11-01,after last observed
c87b9cf3-29f1-4cf9-b660-ed471502b09d,2026-03-01,2025-11-01,2026-02-01,after last observed
c8aad09b-6520-496c-b53a-68668723c936,2026-03-01,2026-02-01,2026-02-01,after last observed
c90eed0c-563a-44b1-84b4-e9ca26ccfd2e,2026-03-01,,,no revenue ever
c947fa84-71c3-4027-8757-ce4950898969,2026-03-01,2026-02-01,2026-02-01,after last observed
ca38727f-7714-4d5e-ae25-1d5e470b4519,2026-03-01,2025-11-01,2025-11-01,after last observed
cadd4926-5caa-4e6f-8c89-e629fbbabbe2,2026-03-01,2025-12-01,2025-12-01,after last observed
cae23a98-c194-41ff-8e49-3fd475d1c655,2026-03-01,,,no revenue ever
caedc950-a042-4dd1-a9e8-32c02b4e8e01,2026-03-01,2026-02-01,2026-02-01,after last observed
caf258ec-3f38-4f3e-9524-671f5fe00c87,2026-03-01,2026-01-01,2026-02-01,after last observed
cca14136-5970-4573-a5e0-fe55eddf9024,2026-03-01,2026-01-01,2026-02-01,after last observed
ccd620b2-d8d0-4fbc-a5ff-92b4fdf39f62,2026-03-01,2025-10-01,2026-05-01,internal gap
ccfac881-cd6a-4106-ac64-f459e972c8fc,2026-03-01,2025-11-01,2025-11-01,after last observed
cdf8fa07-ce40-4889-86c4-22a719c31fbb,2026-03-01,2025-12-01,2026-01-01,after last observed
ce94d145-34b0-4f9a-a6fb-356060214de3,2026-03-01,2026-01-01,2026-01-01,after last observed
cf9213d0-60cf-4d5f-a3d2-3f51cde306ed,2026-03-01,2026-01-01,2026-01-01,after last observed
cfe24812-a250-4499-bd21-93f4b92b1f62,2026-03-01,2025-11-01,2026-01-01,after last observed
d0430a4f-ce81-4929-bc93-80808a3469c8,2026-03-01,2025-11-01,2025-11-01,after last observed
d07081dd-686f-4da2-9486-377197ee1885,2026-03-01,2026-01-01,2026-02-01,after last observed
d0d5828e-e99b-46bf-b798-c76013aef0e0,2026-03-01,2026-02-01,2026-02-01,after last observed
d182f1cf-3e8e-4d1d-a3c4-bf0eec43f02f,2026-03-01,2026-01-01,2026-02-01,after last observed
d1963998-dad0-4a77-abfe-d50e2f6aa301,2026-03-01,2025-10-01,2025-11-01,after last observed
d1ca6af9-9fb2-413a-9d29-31fa5525d316,2026-03-01,2026-02-01,2026-05-01,internal gap
d2411014-97d6-4d55-91c8-3bfca57bc82b,2026-03-01,2026-01-01,2026-05-01,internal gap
d296444a-edcc-4e2b-a9c8-986554ad18f7,2026-03-01,2025-11-01,2025-12-01,after last observed
d299e58b-d896-4046-a1f0-d60c75161d9a,2026-03-01,2025-10-01,2026-05-01,internal gap
d2aec463-1882-4b7b-8bc5-f6ad21735522,2026-03-01,2025-10-01,2025-12-01,after last observed
d3d9334c-91ed-4b27-ae68-dc22f4962377,2026-03-01,2026-01-01,2026-01-01,after last observed
d42011c0-cb43-4465-997d-0246ca16f1fe,2026-03-01,2025-11-01,2025-11-01,after last observed
d48855de-5a44-4b95-92f4-966bf1870118,2026-03-01,2025-12-01,2026-02-01,after last observed
d4898db6-ba01-4776-934b-fa7e44d45106,2026-03-01,2026-01-01,2026-04-01,internal gap
d4906be2-6127-435e-b2ce-8676b84cd018,2026-03-01,2025-12-01,2026-05-01,internal gap
d4d57bed-c763-4f5a-a0bc-49c4fe1fd80e,2026-03-01,2025-11-01,2025-11-01,after last observed
d51659ca-2e49-4774-b060-a06c54dfe32b,2026-03-01,2026-01-01,2026-01-01,after last observed
d52dba37-e756-43c7-8f37-dce2720f5837,2026-03-01,2025-11-01,2026-02-01,after last observed
d53d152e-9808-492a-90e4-ef513dace44b,2026-03-01,2026-01-01,2026-01-01,after last observed
d53f9927-80fa-4c17-a0ad-2df99fa55ba8,2026-03-01,,,no revenue ever
d5c39456-b1f4-4181-83c6-3cfaaf306007,2026-03-01,2026-01-01,2026-01-01,after last observed
d6b33d0b-51e5-4851-8955-f81fed05c783,2026-03-01,2025-12-01,2026-05-01,internal gap
d6e8cc6e-18dd-4dcb-88e7-f2631a8420b1,2026-03-01,2026-01-01,2026-01-01,after last observed
d6fd0e52-a345-4bda-83b0-3b0c0c54b25a,2026-03-01,2025-11-01,2026-02-01,after last observed
d817f509-1a79-4b4e-9cd8-5eb144d27835,2026-03-01,2026-01-01,2026-05-01,internal gap
d8286bac-d0cc-4502-871d-f03cf4f016ed,2026-03-01,2025-11-01,2025-12-01,after last observed
d8336c8b-f602-4587-a719-53bb78292631,2026-03-01,2026-02-01,2026-02-01,after last observed
d8619486-8463-4e7d-a2f1-2faba4dc4f5b,2026-03-01,2025-11-01,2025-12-01,after last observed
d870dd29-896d-4cb0-a46e-60986a9c037d,2026-03-01,2025-12-01,2026-01-01,after last observed
d9b35e1a-3786-4260-a9ad-0abfdf376913,2026-03-01,2026-01-01,2026-01-01,after last observed
db06fe17-628a-4416-9165-c34db39d15dc,2026-03-01,2026-02-01,2026-02-01,after last observed
dbeb1ef1-5348-4524-80a3-f7cf083891aa,2026-03-01,2025-12-01,2026-01-01,after last observed
dd2b7e48-38e4-44e4-89e6-112a6e2fea95,2026-03-01,2026-01-01,2026-01-01,after last observed
de166f26-738a-4c4c-a5c1-c4ec27a038e5,2026-03-01,2025-10-01,2025-12-01,after last observed
de2ca9b5-c343-4143-9e56-ff23bd01b410,2026-03-01,2026-02-01,2026-02-01,after last observed
deb3a4d5-83b8-4b27-a429-82f64da5fba6,2026-03-01,2026-01-01,2026-01-01,after last observed
ded139f2-b579-4211-8404-e10c742e29c2,2026-03-01,2025-10-01,2025-10-01,after last observed
deeb22cf-afaf-41c0-8f95-6e10f7e4aaea,2026-03-01,2025-11-01,2025-11-01,after last observed
e0d8a1c5-323f-4b45-9710-7e865eb5a30c,2026-03-01,2025-11-01,2026-05-01,internal gap
e1365471-4922-4097-82bf-bcb54f701ff4,2026-03-01,2026-02-01,2026-02-01,after last observed
e1a549e7-6a2c-4fd5-9acf-d42bbc6b46f5,2026-03-01,,,no revenue ever
e1c5ab6e-f58a-4dbc-b110-501798f52c48,2026-03-01,2026-01-01,2026-02-01,after last observed
e22c1929-d98b-499d-9cc7-1dc27f69e70c,2026-03-01,2025-10-01,2026-02-01,after last observed
e2cbb86d-60b8-4967-b0b2-b78e22ee0dc0,2026-03-01,2026-01-01,2026-01-01,after last observed
e35457c4-ffc9-4f21-8438-ed3cd299a087,2026-03-01,2026-02-01,2026-02-01,after last observed
e3a78438-260f-4129-aec8-a5e2f958e4d8,2026-03-01,2025-12-01,2026-02-01,after last observed
e413ca81-ad7a-4f8d-80c4-a9db5c69eec9,2026-03-01,2025-12-01,2026-01-01,after last observed
e4c19fb8-fbcf-4aae-84bd-6f6b9b8dc3f2,2026-03-01,2025-12-01,2025-12-01,after last observed
e744143c-1c1f-4bce-809a-a98cb5065f57,2026-03-01,2025-12-01,2026-02-01,after last observed
e7c860dc-ec07-4a96-a0c4-d0e8feaaecea,2026-03-01,2026-01-01,2026-01-01,after last observed
e7fb789a-7e13-4125-9145-2699a331dfde,2026-03-01,2026-01-01,2026-02-01,after last observed
e8252a47-ff6b-4a0d-ac74-d9af364e86ae,2026-03-01,2026-02-01,2026-05-01,internal gap
e8317331-6214-4d13-ac4a-6d18006b6db5,2026-03-01,2025-12-01,2026-01-01,after last observed
e891fe08-198c-4760-b77a-f23289e2e7ef,2026-03-01,2025-10-01,2025-11-01,after last observed
e8b0e7a4-29c5-44ba-bcb1-a4d19010036d,2026-03-01,2025-12-01,2026-02-01,after last observed
e9bb5720-333e-4c97-90df-4d520ff5b0d7,2026-03-01,2025-10-01,2026-01-01,after last observed
e9c24260-fc10-4529-b090-fde7c5a071f0,2026-03-01,2025-11-01,2025-12-01,after last observed
ea9b0d1c-663b-4c71-833d-64faea734fad,2026-03-01,2025-12-01,2025-12-01,after last observed
eab2bfc0-47d2-46b3-8f41-a46f6feb8ff0,2026-03-01,2025-12-01,2026-02-01,after last observed
eb690f5c-f655-4e85-874a-b47bbb1126ff,2026-03-01,2026-01-01,2026-05-01,internal gap
eb6f452f-a475-4981-abb2-b9a633a30ddb,2026-03-01,2026-01-01,2026-01-01,after last observed
eb732698-7a59-4ffb-851b-ea8fea8221cf,2026-03-01,2025-11-01,2025-12-01,after last observed
ebc597ac-80d9-429d-84ba-1508783b1246,2026-03-01,2026-02-01,2026-02-01,after last observed
ebda20be-0554-40b9-9943-81e622587408,2026-03-01,2025-12-01,2025-12-01,after last observed
ec014acf-dca2-4ef6-9c92-f124103a291d,2026-03-01,,,no revenue ever
ec619087-b3ff-4cfe-84b5-30c7cca4eb55,2026-03-01,2025-12-01,2026-01-01,after last observed
eccb8144-202a-4d40-8435-4631fdf01f26,2026-03-01,2026-02-01,2026-02-01,after last observed
ece7bfec-ae96-4988-8495-67850abfe11a,2026-03-01,2025-10-01,2025-11-01,after last observed
ed13eab1-7b55-4651-807d-fc4331ae524c,2026-03-01,2026-01-01,2026-05-01,internal gap
ed6bcbf1-5b20-47e3-9404-e09fc52e2fc1,2026-03-01,2026-01-01,2026-02-01,after last observed
eda24dc9-2216-405f-9847-303dbda2ea26,2026-03-01,2025-12-01,2025-12-01,after last observed
efc0a3f3-4bf3-4155-b036-3931d0b267ba,2026-03-01,2025-12-01,2026-04-01,internal gap
efc35014-19f9-45c1-b2fa-f4c4d47c5088,2026-03-01,2026-02-01,2026-02-01,after last observed
f04aeaea-3d28-47c4-9bf6-13487f9f1039,2026-03-01,2026-01-01,2026-01-01,after last observed
f0554f7a-44a9-499c-992b-897e26c13601,2026-03-01,2025-11-01,2026-02-01,after last observed
f0d02c40-d64d-48f8-ac34-5a899cd3159b,2026-03-01,2026-01-01,2026-01-01,after last observed
f0dee735-c26f-4589-9f1c-a6adcacc22ee,2026-03-01,2026-02-01,2026-02-01,after last observed
f1002e12-3d13-4d80-8b82-ee78136e4199,2026-03-01,2025-11-01,2025-12-01,after last observed
f1060f8e-7bd9-4492-bcbf-1f9bce0b44fb,2026-03-01,2026-02-01,2026-02-01,after last observed
f2e05a38-f576-4541-813f-ca6859cbc185,2026-03-01,2025-11-01,2026-05-01,internal gap
f2e4f9c5-3c09-494e-a6ba-ac6471fbf337,2026-03-01,2026-01-01,2026-01-01,after last observed
f36f3941-dd47-4ac1-901a-2aefa46c2244,2026-03-01,2025-11-01,2025-11-01,after last observed
f4081d63-c57a-4030-8fcf-3a619be06fa8,2026-03-01,2025-12-01,2026-01-01,after last observed
f448eb52-7b3a-49d1-92cb-e28551af269d,2026-03-01,,,no revenue ever
f4ebec8f-825d-4082-ac80-b7394930dafb,2026-03-01,2025-11-01,2026-02-01,after last observed
f5183a1c-b087-4a40-8e7a-ee067e0c6226,2026-03-01,2025-10-01,2026-02-01,after last observed
f546619d-1a77-4019-8ced-c107d6dcdbf2,2026-03-01,,,no revenue ever
f5bff679-496a-4d0e-a74d-b88176238467,2026-03-01,2026-05-01,2026-05-01,before first observed
f5d8d078-269c-4d25-af28-3cea42b2b661,2026-03-01,2025-12-01,2026-01-01,after last observed
f6233808-306f-46bf-817a-7fa37fc70ab0,2026-03-01,2025-11-01,2025-11-01,after last observed
f648fba3-2abc-4ad3-8b4a-e9c8d76b95b4,2026-03-01,2026-02-01,2026-02-01,after last observed
f66e1118-3253-4355-948e-29a2912908c1,2026-03-01,2025-11-01,2025-12-01,after last observed
f6aeedce-5f49-4afb-b3ca-374f9e2024ba,2026-03-01,2026-01-01,2026-02-01,after last observed
f766d409-5066-4d1c-b4d1-f9869a500a77,2026-03-01,2025-11-01,2025-11-01,after last observed
f7e456ae-e341-4493-8977-aa0cae35c7c8,2026-03-01,2026-01-01,2026-01-01,after last observed
fa31f137-ae40-4263-a5e0-dee9eca33d69,2026-03-01,2025-12-01,2025-12-01,after last observed
faf31b51-9fff-4b6d-8897-d587af1ab489,2026-03-01,2026-01-01,2026-02-01,after last observed
fb3b4a89-bfc2-4fa2-9085-b180aed53d7d,2026-03-01,2025-12-01,2026-01-01,after last observed
fbc37d4c-68be-4424-9502-3e3b237766b1,2026-03-01,,,no revenue ever
fc0a41cb-58d3-4196-9ab6-6d7580bedded,2026-03-01,2026-01-01,2026-05-01,internal gap
fc2e087d-0340-4571-8eb4-083d056ba89b,2026-03-01,,,no revenue ever
fc49b5ea-1b54-43ca-9ba6-b484afdbcbff,2026-03-01,2025-12-01,2026-01-01,after last observed
fc5607d5-0180-40c8-aeae-24389513b0de,2026-03-01,2025-12-01,2026-02-01,after last observed
fca5d246-0c24-4b02-a9a2-1403c48c69ce,2026-03-01,2025-12-01,2025-12-01,after last observed
fcf2e2e8-bd56-4f5f-816d-043fc78995a4,2026-03-01,2026-01-01,2026-02-01,after last observed
fdbf1cad-cd96-4396-97ff-e68eab518577,2026-03-01,2026-01-01,2026-01-01,after last observed
fe28e752-e4ee-4ade-8178-9dc47cb0d09d,2026-03-01,2026-02-01,2026-02-01,after last observed
fe5eaf06-ab49-4edc-860c-4062361c2193,2026-03-01,2026-01-01,2026-01-01,after last observed
fee14516-7a23-4201-bc06-4e6e02c6acd9,2026-03-01,2026-02-01,2026-02-01,after last observed
ffb56399-5ad1-4fbe-9fb9-c9088394bfae,2026-03-01,2025-11-01,2025-11-01,after last observed
ffe781f1-a696-4929-aa61-bbe28b44a20b,2026-03-01,2025-11-01,2026-05-01,internal gap
0032d1c2-bba9-418f-a83e-b01f7114ee9a,2026-04-01,2026-03-01,2026-03-01,after last observed
004badbc-7957-4cbe-8a45-863514f1710b,2026-04-01,2026-01-01,2026-05-01,internal gap
0080d52a-07f3-461c-a1de-bee5beb011a7,2026-04-01,2026-01-01,2026-01-01,after last observed
008a1f4c-adab-44a0-8fdb-5d1e66bc89a9,2026-04-01,2026-03-01,2026-03-01,after last observed
0090514b-9745-4e82-bd01-0b5715d7c0f4,2026-04-01,2026-02-01,2026-02-01,after last observed
00eb1d70-7a97-457a-b409-afbc57f117ad,2026-04-01,2025-10-01,2026-03-01,after last observed
00fb6553-1194-433a-afd7-860dd12e9312,2026-04-01,2026-02-01,2026-02-01,after last observed
0120a00a-347a-4c06-a192-824a2f84e711,2026-04-01,2025-10-01,2026-02-01,after last observed
014b03ef-e7d3-44ad-9729-79ed9072eb1f,2026-04-01,2025-11-01,2026-01-01,after last observed
016b141c-efb4-4200-8c31-b385f09c0509,2026-04-01,2026-02-01,2026-02-01,after last observed
01715e69-5802-4ddd-9e3b-77f2315d2839,2026-04-01,,,no revenue ever
0264d6cd-a5b5-4c38-a910-078288e577a8,2026-04-01,2026-02-01,2026-02-01,after last observed
037b3650-dea2-4bc6-bf7f-e8c4b6db54ac,2026-04-01,2025-11-01,2025-12-01,after last observed
03ff1716-2e84-472d-b42b-20c149c32e18,2026-04-01,2025-12-01,2026-05-01,internal gap
0430972a-ebe5-49d4-b23c-d09fd5362b18,2026-04-01,2026-03-01,2026-05-01,internal gap
0439cfd7-1daf-4226-8d45-e19ba3e21d62,2026-04-01,2026-02-01,2026-02-01,after last observed
0522969c-fe71-40b0-b7fa-8d1eafc7e6d1,2026-04-01,2026-01-01,2026-02-01,after last observed
0539b7b3-3077-4a5b-956a-92ff28a47078,2026-04-01,2025-11-01,2026-02-01,after last observed
05720d60-2476-4b54-8e90-c50efd13fdf4,2026-04-01,2026-02-01,2026-02-01,after last observed
06d5ac1a-75be-49fd-aa38-d2e64c92770d,2026-04-01,2026-02-01,2026-02-01,after last observed
06e217ee-d40f-4684-88e3-d0a463b303d7,2026-04-01,2025-11-01,2026-02-01,after last observed
0712f0e3-cd5f-42b1-ae1a-86c4e9cf664c,2026-04-01,2025-11-01,2026-05-01,internal gap
072bf771-5438-4d5b-a90c-3466991b6c5b,2026-04-01,2026-01-01,2026-02-01,after last observed
072f7f18-983b-4adc-b58c-0151ae5acb5a,2026-04-01,2026-01-01,2026-01-01,after last observed
0731368f-035f-4041-ad2e-aef8e585c5dc,2026-04-01,2026-03-01,2026-03-01,after last observed
075c2fa7-530e-4202-ac9c-02f16c492baf,2026-04-01,2025-12-01,2026-01-01,after last observed
0774cf51-55e4-4154-9d9a-1af51cb85de6,2026-04-01,2025-11-01,2026-05-01,internal gap
079da507-fc8b-437f-82c2-6d1b933ec555,2026-04-01,2025-11-01,2026-01-01,after last observed
08c4a206-983c-4f5d-816d-979b467b615c,2026-04-01,2025-11-01,2025-11-01,after last observed
091eda1f-38ea-4071-b800-d954ed64682c,2026-04-01,2026-03-01,2026-03-01,after last observed
092377f3-3514-4f2e-8a5b-fdfc2aec855d,2026-04-01,2026-02-01,2026-03-01,after last observed
093e8c1b-7ce8-4714-bcd1-c9b3eb977916,2026-04-01,2025-12-01,2026-02-01,after last observed
0973019e-1c10-4ecb-ba88-c3580fd1be69,2026-04-01,2025-11-01,2025-11-01,after last observed
09c8869c-1d32-4fb3-bef2-d0067cda60fa,2026-04-01,2026-02-01,2026-05-01,internal gap
09cb1209-d355-4649-9479-f9946a723c97,2026-04-01,,,no revenue ever
09f36393-9dc2-4742-8a59-deef731dc3e6,2026-04-01,2026-01-01,2026-02-01,after last observed
09fa5a67-6a4b-47e2-89bf-b4a5a8c3fd4c,2026-04-01,2025-12-01,2026-01-01,after last observed
0a2a6e10-e819-4958-9595-24593bead21a,2026-04-01,2025-12-01,2026-02-01,after last observed
0aae3bfb-ec27-43ae-af63-ff0ec90c25c3,2026-04-01,2026-02-01,2026-03-01,after last observed
0add4f36-aa84-42ce-816f-b7e701f25626,2026-04-01,,,no revenue ever
0aecc12f-c3db-4c85-9ccb-e8ac2257a2cf,2026-04-01,2025-11-01,2026-02-01,after last observed
0b551f54-95fb-475b-8522-9f56eea0680e,2026-04-01,2026-02-01,2026-02-01,after last observed
0b56bd7c-9378-4c83-a8fe-cac679ef2510,2026-04-01,2026-03-01,2026-03-01,after last observed
0baf383d-d899-42c2-a487-5c328a65e480,2026-04-01,2025-10-01,2025-11-01,after last observed
0bb5b361-b4ad-4afa-9b57-20598a8300ae,2026-04-01,2025-10-01,2026-01-01,after last observed
0be5c922-15ec-40cf-bd39-25be50ffd253,2026-04-01,2025-12-01,2026-03-01,after last observed
0c410d3c-03fd-4c16-88d4-a9749c2170b1,2026-04-01,2025-11-01,2026-02-01,after last observed
0cd0db51-cc2a-49ea-a605-1545e46d3d6a,2026-04-01,2025-11-01,2026-01-01,after last observed
0cd4a03c-c308-4b33-8a2a-8fd209b3501d,2026-04-01,2026-01-01,2026-01-01,after last observed
0cd4a705-553b-4e52-b2e3-05ee53435e58,2026-04-01,2025-12-01,2026-05-01,internal gap
0cdc140f-701b-45e8-afc8-ed7f2cff9324,2026-04-01,2025-11-01,2026-01-01,after last observed
0d10efdd-6f84-49bf-a8c6-73b2488a8ab9,2026-04-01,2026-01-01,2026-02-01,after last observed
0d5e4ce7-3200-4612-aa85-7b281a79ca43,2026-04-01,2025-10-01,2025-11-01,after last observed
0e7ffddd-0df4-4959-880d-a1fdc09dbf5f,2026-04-01,2025-11-01,2026-03-01,after last observed
0eaf1af9-ac49-42b4-922e-9a9219546586,2026-04-01,2026-01-01,2026-03-01,after last observed
0ecc0ce7-f0a1-4391-90a4-5abb23795e52,2026-04-01,2026-02-01,2026-05-01,internal gap
0eef2c1f-3040-455d-83cd-0838df5d2523,2026-04-01,2026-02-01,2026-03-01,after last observed
0f072a9c-0f60-4fbf-b6ee-b617b45041e9,2026-04-01,2025-12-01,2026-05-01,internal gap
0f32df49-df72-424e-a1fc-ebc8eefd539f,2026-04-01,2025-11-01,2025-11-01,after last observed
0f8709a0-2f8a-4f38-9d99-db489faa9c9e,2026-04-01,2025-11-01,2026-01-01,after last observed
0f92749f-4399-4a47-a785-134f08352180,2026-04-01,2025-11-01,2026-01-01,after last observed
0f9fc6f4-2c19-4100-bbdc-5bc830c75a95,2026-04-01,2025-11-01,2026-01-01,after last observed
0fe86999-b69b-4234-bb9b-f9f2ba73724f,2026-04-01,2026-03-01,2026-03-01,after last observed
10f9034b-dbb3-4538-9699-0f1e56be7735,2026-04-01,2026-01-01,2026-01-01,after last observed
112b1e78-698c-4a96-9d2f-4f2f50704ce4,2026-04-01,2026-01-01,2026-02-01,after last observed
115e1da1-647e-48c6-a00a-31f720ceabab,2026-04-01,2025-11-01,2025-11-01,after last observed
11aa945b-71f9-4bbd-ac81-3db4d1d18751,2026-04-01,2026-03-01,2026-03-01,after last observed
11e67fb8-7dff-41b2-8556-51a57657443d,2026-04-01,2025-12-01,2026-05-01,internal gap
12148254-eca8-47ca-8cf3-904cf1194687,2026-04-01,2025-12-01,2026-03-01,after last observed
127d3fe4-7010-4e15-a476-4ef3705ef08f,2026-04-01,,,no revenue ever
12c6364a-8e26-4efd-ab21-07f769ae0e19,2026-04-01,2025-11-01,2025-11-01,after last observed
12ed6cae-d105-406d-b092-56ef04a53908,2026-04-01,2025-11-01,2026-05-01,internal gap
12f36135-08da-4a19-a506-c170c4eca1ae,2026-04-01,2026-03-01,2026-03-01,after last observed
13027f6e-90c7-4600-a1f5-47db906d1767,2026-04-01,2025-12-01,2026-02-01,after last observed
132af7fc-16c0-48ba-816e-d6d705077486,2026-04-01,2026-02-01,2026-02-01,after last observed
1334af32-1084-47aa-9c5f-859263cb495c,2026-04-01,2025-11-01,2025-12-01,after last observed
133c6c88-fcf9-4875-9d81-54b3c2276bbd,2026-04-01,2025-10-01,2026-01-01,after last observed
14271e11-0b79-40a0-95be-dab0a268e485,2026-04-01,2025-10-01,2026-05-01,internal gap
144ce6b1-9989-4ff1-8fa4-21605449a477,2026-04-01,2026-03-01,2026-03-01,after last observed
148ebe57-f2a7-4af8-aac9-c24d998319e6,2026-04-01,2026-03-01,2026-03-01,after last observed
14a50983-b50d-42b4-bf56-56d1dee60042,2026-04-01,2025-10-01,2026-03-01,after last observed
14c17806-597c-4c5c-b4a4-370345c3e04f,2026-04-01,2026-01-01,2026-02-01,after last observed
150a3d22-499e-4afc-8bd3-0c357b82c6cf,2026-04-01,2025-11-01,2026-05-01,internal gap
150a9ff8-d84c-4dd5-860b-92b165055834,2026-04-01,2025-11-01,2025-12-01,after last observed
16ff7343-f715-44db-8319-6fa4ba3d8fd4,2026-04-01,2026-01-01,2026-02-01,after last observed
17019da4-efb6-4918-a193-45afdf3ea89c,2026-04-01,,,no revenue ever
170287d3-9484-4cab-94ef-6ad36ae4a210,2026-04-01,,,no revenue ever
17355561-365d-486f-accc-9b9a7edef342,2026-04-01,2025-11-01,2025-12-01,after last observed
17481bc4-6a1d-4e23-b9cf-bdc650a2e9fb,2026-04-01,2026-02-01,2026-02-01,after last observed
17749968-d613-404b-a530-7893f775df89,2026-04-01,2025-10-01,2025-11-01,after last observed
17d16007-0d34-43f2-ac4c-38842c9f71fe,2026-04-01,2025-10-01,2026-01-01,after last observed
181285b0-1181-4a87-a630-2916c0bf917d,2026-04-01,2026-01-01,2026-03-01,after last observed
18415ba3-34c2-40a1-9e05-2ace37750ae7,2026-04-01,2025-12-01,2026-02-01,after last observed
1842e0c6-5261-4932-b098-131835224051,2026-04-01,2025-12-01,2026-01-01,after last observed
185c999a-5b7b-4343-844d-941ac740826c,2026-04-01,2026-01-01,2026-03-01,after last observed
187b504f-f493-4b79-a36b-53a4dab45b6f,2026-04-01,2025-12-01,2026-02-01,after last observed
190910c6-ac0f-4e80-b63d-4f5aa7cc3a8f,2026-04-01,2026-03-01,2026-03-01,after last observed
194eadaa-f336-4d55-8c88-6a2b627f317d,2026-04-01,2025-11-01,2026-03-01,after last observed
1952fe5d-d9d9-4aa9-be54-8a2bfb37dd50,2026-04-01,2026-02-01,2026-03-01,after last observed
19ef6857-fffa-45d7-9807-a8a3efbed527,2026-04-01,,,no revenue ever
1adc4041-8019-4af3-9620-7fc28cc5d1e9,2026-04-01,2026-02-01,2026-03-01,after last observed
1b2c7941-0870-4288-be7c-e3f60b284859,2026-04-01,2025-10-01,2025-11-01,after last observed
1b4f369e-f19f-482e-a599-d2f97a6c8e7b,2026-04-01,,,no revenue ever
1bc15cdd-5fe5-492a-abc4-0e833bdedac9,2026-04-01,2025-12-01,2026-03-01,after last observed
1bc593dc-1b2c-4d7b-8cc1-992676495396,2026-04-01,2026-01-01,2026-02-01,after last observed
1ccce1ba-bd95-497f-9190-58942d69e18c,2026-04-01,2026-02-01,2026-03-01,after last observed
1d33e5ac-8e4b-47f3-9cb9-afe85f076cc6,2026-04-01,2026-01-01,2026-03-01,after last observed
1d6b6cca-2aaa-4030-8264-6eefc56b56cd,2026-04-01,2025-11-01,2025-12-01,after last observed
1d861ce6-8d26-49d8-8558-48ffe0375d96,2026-04-01,2025-11-01,2026-01-01,after last observed
1d9db493-f74a-4686-961e-1324a62a0a25,2026-04-01,2025-10-01,2025-11-01,after last observed
1dd17933-4261-4eae-bf2c-3e68b0da1245,2026-04-01,2026-01-01,2026-01-01,after last observed
1e60f4a8-2dd4-463d-acd0-8ba6d2d18064,2026-04-01,2026-02-01,2026-02-01,after last observed
1ed1f990-b418-4a1b-a9b2-e97d8071e2a9,2026-04-01,2025-11-01,2026-03-01,after last observed
1f8ef04c-ac55-4039-990c-40a8d05287c3,2026-04-01,2025-12-01,2026-01-01,after last observed
1fb29490-4f1e-466e-bed6-89142c1de387,2026-04-01,2026-03-01,2026-05-01,internal gap
20060096-46db-475a-ad9f-b9233faff65c,2026-04-01,2025-12-01,2026-05-01,internal gap
20eb2b3e-de6c-4fe2-909d-973575c56433,2026-04-01,2025-11-01,2026-03-01,after last observed
21569ac0-e403-41f8-a0d0-ef30ed980bce,2026-04-01,2026-01-01,2026-03-01,after last observed
215d4d8d-f29f-4182-84f7-5136211e35e3,2026-04-01,2026-03-01,2026-03-01,after last observed
21dfb4d8-1fb8-4a0c-88e3-830e57b2bf4f,2026-04-01,2026-03-01,2026-03-01,after last observed
229db3f0-f0ae-466a-8488-62e82de34e83,2026-04-01,2025-12-01,2026-02-01,after last observed
22addcdd-19dd-43a8-a9fb-327ff7667a81,2026-04-01,2026-03-01,2026-03-01,after last observed
23010c6d-4c4d-4b18-8e72-bc17071aeba1,2026-04-01,2025-11-01,2026-02-01,after last observed
23391500-66c1-48fa-b25e-42435305963f,2026-04-01,2026-03-01,2026-03-01,after last observed
2365316e-5e7c-4729-ab5a-6a265bdb9ebf,2026-04-01,2026-01-01,2026-01-01,after last observed
23a26ac0-5d44-4c90-a9c3-e83db6221154,2026-04-01,2025-10-01,2025-10-01,after last observed
23ca1c06-3f36-4fbf-936b-f346e087f6ce,2026-04-01,2026-01-01,2026-03-01,after last observed
2436c07d-57dd-4569-9e97-6bf84d71745e,2026-04-01,2026-05-01,2026-05-01,before first observed
24b225d6-40c5-4f13-bcc3-0a02fbb17339,2026-04-01,2025-12-01,2026-02-01,after last observed
24c87e8f-cc3d-49af-937d-4cb79727ef8d,2026-04-01,2026-05-01,2026-05-01,before first observed
2508f73f-22f8-4eb1-a59a-69103fc30c36,2026-04-01,2026-01-01,2026-02-01,after last observed
253f9331-903a-48ca-9df7-5deb9504df77,2026-04-01,2025-11-01,2025-11-01,after last observed
25e989d0-9a77-43c6-9740-db1b61e4c5bd,2026-04-01,2026-03-01,2026-03-01,after last observed
261e7f3f-ac2f-42b3-9e0b-6ff227cb7967,2026-04-01,2026-02-01,2026-03-01,after last observed
263a1fad-1473-4f84-a814-9e9e894ae4b0,2026-04-01,2025-10-01,2025-11-01,after last observed
264ba785-60b3-4273-8141-bfacf22e0229,2026-04-01,2025-10-01,2026-01-01,after last observed
264d0dfc-50ce-4e4e-a3bd-eb2c508da77e,2026-04-01,2025-10-01,2026-02-01,after last observed
26af34c5-3da4-429e-98e9-f2338858a167,2026-04-01,2026-01-01,2026-02-01,after last observed
26f48064-3707-4656-b2ef-ca7aa90abf04,2026-04-01,2026-02-01,2026-05-01,internal gap
2736e8be-8352-4212-a0ae-0d33416f3cf5,2026-04-01,2025-12-01,2026-03-01,after last observed
27f71ecf-db55-4cfa-9863-f18c9e115549,2026-04-01,2026-02-01,2026-03-01,after last observed
281997eb-e340-46c0-a0a0-7f79523c866d,2026-04-01,2025-11-01,2026-01-01,after last observed
28273eb0-1a87-482a-9e7e-beb58e4577ba,2026-04-01,2026-01-01,2026-03-01,after last observed
28c67573-b0b0-493c-a5bc-d4a6d63faeda,2026-04-01,2026-02-01,2026-02-01,after last observed
28de662b-5530-40dc-86ad-303fe9759045,2026-04-01,2025-11-01,2025-12-01,after last observed
29447611-07ad-4023-9621-a0c2db95666a,2026-04-01,2025-11-01,2025-12-01,after last observed
294edcb1-8f97-4cb7-971f-f3259f13c584,2026-04-01,2026-01-01,2026-01-01,after last observed
294f78c5-ab43-4a0a-8dfe-8addc293e535,2026-04-01,2025-12-01,2025-12-01,after last observed
29cae991-fbe4-4113-9dcb-75000df04a92,2026-04-01,2026-03-01,2026-03-01,after last observed
29ceda4c-7bbe-4f34-82d3-10e65dc5d185,2026-04-01,2025-11-01,2026-03-01,after last observed
29d5c5d6-55b0-4825-868d-3874b011d8b5,2026-04-01,2026-02-01,2026-02-01,after last observed
2a5abd80-0666-4b19-be8f-9fd6da54ad4c,2026-04-01,,,no revenue ever
2a7f8785-0aa8-4eb2-8c32-300d693fa439,2026-04-01,2025-11-01,2026-01-01,after last observed
2a84fa4a-113b-4093-b7a5-126ce430b140,2026-04-01,2025-12-01,2026-05-01,internal gap
2aa12c29-81ef-43a9-9eda-0bfc13eae551,2026-04-01,2026-01-01,2026-01-01,after last observed
2abc66ff-9985-4116-890e-08034dbcb522,2026-04-01,2026-01-01,2026-01-01,after last observed
2ac223bb-4468-40fd-8ef2-c6a7eb5ab578,2026-04-01,2026-02-01,2026-02-01,after last observed
2b17fe21-19ea-46d9-bdef-2c6ca051a159,2026-04-01,2025-10-01,2025-10-01,after last observed
2b76da62-330c-4238-b324-b2eb5f8286ae,2026-04-01,2025-11-01,2026-03-01,after last observed
2c2c1bc9-64aa-400c-8acc-2d3c929ef62a,2026-04-01,,,no revenue ever
2c6579a7-3df5-4852-a7e5-cb65efb1275b,2026-04-01,2026-03-01,2026-03-01,after last observed
2c7e20e4-05da-4aa6-b41b-7c8ec41a15e6,2026-04-01,2025-11-01,2026-01-01,after last observed
2d0d01d2-dadc-4a0c-bf04-af36e64a6d54,2026-04-01,,,no revenue ever
2d27ddfd-ab21-48a1-aae5-3d263314de54,2026-04-01,2026-02-01,2026-03-01,after last observed
2d50bc5e-06ca-49be-b7e1-68dc5a926864,2026-04-01,2026-02-01,2026-02-01,after last observed
2d690bdf-616c-4567-ba9a-d2089e18161d,2026-04-01,2026-05-01,2026-05-01,before first observed
2dca7666-6051-4025-bae6-e49c0b80164f,2026-04-01,2025-11-01,2026-03-01,after last observed
2e008ce0-4369-48d6-b77c-552902637780,2026-04-01,2026-01-01,2026-01-01,after last observed
2e10ca7d-919f-4720-b410-07c599a7c51f,2026-04-01,2025-11-01,2025-11-01,after last observed
2e5e1820-4420-4b17-8730-b3b35e53d200,2026-04-01,2026-03-01,2026-03-01,after last observed
2ea5e5cc-32fb-4e96-a6eb-77e9f69f57f1,2026-04-01,2025-12-01,2026-03-01,after last observed
2f3bb12a-090b-4cc0-8d14-9b3f81c35956,2026-04-01,2025-12-01,2026-03-01,after last observed
2fe00458-d729-43e3-b2c7-d810c8d275d2,2026-04-01,2025-11-01,2026-03-01,after last observed
31346232-42c6-484f-81ac-dbd7f1e8c282,2026-04-01,2025-11-01,2026-01-01,after last observed
319dae6a-a7f6-4cce-967c-9021c5255879,2026-04-01,2025-12-01,2025-12-01,after last observed
321c2009-8cee-482d-a0e6-82e8094a2679,2026-04-01,2025-12-01,2026-02-01,after last observed
336c210b-28db-4542-b04e-795e30d5dab0,2026-04-01,2025-11-01,2026-02-01,after last observed
357a6112-5aca-4e89-a062-701a851a8e1b,2026-04-01,2026-03-01,2026-05-01,internal gap
358bf736-5d2a-434b-862c-a726cfa459bf,2026-04-01,2026-02-01,2026-02-01,after last observed
35d1cd80-3a4d-4313-b63d-7bceeb8f852d,2026-04-01,2025-11-01,2025-11-01,after last observed
35d44e1f-b797-4f84-8c08-3ff1c851bb09,2026-04-01,2025-10-01,2026-03-01,after last observed
35db2c2f-0f90-453f-a45a-1393adeab3aa,2026-04-01,2026-03-01,2026-03-01,after last observed
37219858-5dc9-4c5c-ad0d-375dfac438db,2026-04-01,,,no revenue ever
3724786c-9252-4064-be6d-a09b555b5ba4,2026-04-01,2026-01-01,2026-03-01,after last observed
372f5ab0-1794-4b79-be7c-235f90532967,2026-04-01,2026-01-01,2026-02-01,after last observed
3880a978-b783-4abc-830d-ce7373dd457c,2026-04-01,2026-01-01,2026-02-01,after last observed
388e2493-7cee-42a7-ae89-cd3a71ae5d5d,2026-04-01,2026-01-01,2026-01-01,after last observed
38bf3cb8-f8be-4fce-b42e-1e9d63112257,2026-04-01,2025-11-01,2026-01-01,after last observed
38d23300-0236-4599-8b0d-35de18abbc2c,2026-04-01,2025-12-01,2025-12-01,after last observed
390b5c72-11b4-461a-8862-314c387887b6,2026-04-01,2025-11-01,2026-01-01,after last observed
3910c3b2-8932-41f4-8190-4c0b11a8f988,2026-04-01,2026-02-01,2026-05-01,internal gap
3a4d48be-7fa3-4656-9166-85df11246b46,2026-04-01,2026-02-01,2026-02-01,after last observed
3a5fe741-86a2-4a2e-b8f4-ab41441c3dd7,2026-04-01,2026-03-01,2026-03-01,after last observed
3a7ede44-151e-43c9-9c93-7e8d193ba254,2026-04-01,2026-02-01,2026-02-01,after last observed
3a8f4ce7-3331-4718-bf1d-549ac70c01d2,2026-04-01,2026-01-01,2026-01-01,after last observed
3aca162e-8f99-4184-9ddd-8f329ce9b44e,2026-04-01,2025-12-01,2026-02-01,after last observed
3b4ab6c2-f81b-45d8-91fa-8b58c1b04ec0,2026-04-01,2026-03-01,2026-03-01,after last observed
3bf338fb-9537-4ffc-ba03-f25141aa1aeb,2026-04-01,2026-01-01,2026-01-01,after last observed
3c583185-1af3-48d8-86e5-bb7d32a24e43,2026-04-01,2025-12-01,2025-12-01,after last observed
3c92582e-d405-49cf-a9a1-5d05d08719c4,2026-04-01,2026-01-01,2026-02-01,after last observed
3caa5b26-a4f2-4d3f-91e2-864e39aa5ba5,2026-04-01,2025-11-01,2026-01-01,after last observed
3cb0441a-a5fa-4fad-a93d-a1468b0a6c81,2026-04-01,2025-10-01,2026-05-01,internal gap
3cd34143-3d44-44f2-9ad4-7713f3ae901f,2026-04-01,2026-03-01,2026-05-01,internal gap
3cd4495c-1480-4f1f-8080-5dde7c1f1ebc,2026-04-01,2026-01-01,2026-01-01,after last observed
3cf0b571-57ce-4c71-a8b5-a6d25409ff32,2026-04-01,2025-10-01,2025-10-01,after last observed
3d0535e0-e791-4666-8cc1-887c87be169b,2026-04-01,2025-10-01,2025-12-01,after last observed
3d9b1871-2767-4485-ba2d-33adf4a3cc25,2026-04-01,2026-01-01,2026-01-01,after last observed
3dc66445-841b-4d16-8863-0368e24ad38d,2026-04-01,2025-12-01,2026-03-01,after last observed
3dc75952-1f31-4499-b1e0-c98be2b07942,2026-04-01,2025-12-01,2026-05-01,internal gap
3df9b495-fe3a-4671-a52f-d23eb4ec0200,2026-04-01,2026-01-01,2026-03-01,after last observed
3e257a8f-00cf-493a-a2ce-e4196362dd2e,2026-04-01,2026-02-01,2026-02-01,after last observed
3ef687bb-1f24-4140-90f4-bc5db208db7e,2026-04-01,2026-02-01,2026-03-01,after last observed
3f519914-bc85-4acd-88ff-916a28efba1f,2026-04-01,2026-02-01,2026-02-01,after last observed
3f606b90-a16f-4265-841d-553561fdb9f2,2026-04-01,2026-02-01,2026-03-01,after last observed
3fcde54a-38fb-4f01-9ec9-f66b8eb223a1,2026-04-01,2026-03-01,2026-03-01,after last observed
3fdd51db-da57-416c-bb95-8fd37d0de858,2026-04-01,2025-11-01,2026-03-01,after last observed
3ff85570-d1e9-4f61-a838-f977f7096d5d,2026-04-01,2026-03-01,2026-03-01,after last observed
40229b03-a3de-43e2-8951-46f785310de5,2026-04-01,2026-01-01,2026-01-01,after last observed
404e7939-5323-4a27-83e6-94f04e0f971f,2026-04-01,2026-01-01,2026-02-01,after last observed
4074b78f-bf4d-4b1e-a0d6-06e891263ae9,2026-04-01,2026-01-01,2026-01-01,after last observed
41a07c5a-f012-45cd-85c3-c59577a44669,2026-04-01,2025-12-01,2026-01-01,after last observed
41b1b28a-d057-4be0-ab58-2e46e00d2818,2026-04-01,2026-03-01,2026-03-01,after last observed
41deb9e0-1305-4c19-8310-3d9e08a4827c,2026-04-01,2026-02-01,2026-02-01,after last observed
426e2f6a-9e32-4079-9655-41c310c3d5c5,2026-04-01,2026-01-01,2026-03-01,after last observed
42ba2e9d-b6c9-4829-82a7-758564db9e22,2026-04-01,2025-11-01,2026-03-01,after last observed
43185ddb-0e29-48bb-b8df-e4f1096b5358,2026-04-01,2026-01-01,2026-02-01,after last observed
44900783-9ee3-4f2b-a630-73f37858bf84,2026-04-01,2025-12-01,2026-01-01,after last observed
44a49b39-708b-4b0f-a719-14b92b9076f7,2026-04-01,2026-02-01,2026-03-01,after last observed
44da8748-203d-40b5-9852-04ab2baf859d,2026-04-01,,,no revenue ever
44df2da7-e082-4870-9d86-0bfd93fe571e,2026-04-01,2026-02-01,2026-02-01,after last observed
44f60e54-d89a-4f85-ae8b-55c70702733b,2026-04-01,2026-03-01,2026-03-01,after last observed
4541b4cc-68a4-43c2-bdcc-2811d27f21cb,2026-04-01,2026-03-01,2026-03-01,after last observed
454ffc44-ddf7-480a-ab22-b3fedf154e17,2026-04-01,,,no revenue ever
4553907d-0633-49d5-af59-22ca961ed52b,2026-04-01,2026-01-01,2026-03-01,after last observed
45800908-be26-4c94-97cb-450e0134c2f1,2026-04-01,2026-01-01,2026-02-01,after last observed
45c156c2-53a8-4b9b-b40d-99484f4c59da,2026-04-01,2025-12-01,2026-03-01,after last observed
469d1dbd-2e4b-4e1c-aca0-c93fb2f594ab,2026-04-01,,,no revenue ever
47864876-1a78-41fc-8f69-9a6e81cc7757,2026-04-01,2025-11-01,2026-03-01,after last observed
480ef99f-4e43-45cb-b794-8efb9a556273,2026-04-01,2025-12-01,2025-12-01,after last observed
48596f86-b6a9-4ab7-a8ce-79f7ff8d77de,2026-04-01,2026-03-01,2026-03-01,after last observed
48abfd66-f5d1-4282-bc82-da8cca6b99b6,2026-04-01,2025-11-01,2025-12-01,after last observed
48ae06ed-bbe8-4a77-b0b2-f08cc6c00907,2026-04-01,2026-01-01,2026-03-01,after last observed
496e54ab-6afc-4536-8bbb-c2e6ebf10149,2026-04-01,2025-12-01,2026-05-01,internal gap
49a860e7-6408-46be-8fac-9baa3ba1cb05,2026-04-01,2025-10-01,2025-12-01,after last observed
4a149253-4d1b-4347-a570-f14ec2bdd551,2026-04-01,2026-03-01,2026-03-01,after last observed
4a197d5b-8367-473d-83ae-acf1a82a3656,2026-04-01,2026-02-01,2026-03-01,after last observed
4a299d61-f72e-42ce-a197-aa4d1fd91b1e,2026-04-01,2026-01-01,2026-02-01,after last observed
4a5ace95-54a2-4837-be87-77adfcce6c32,2026-04-01,2025-12-01,2025-12-01,after last observed
4a736529-434e-44ef-b48f-5c34495f7568,2026-04-01,2026-02-01,2026-05-01,internal gap
4a90d9b1-0aeb-4ec9-a1cd-24135f08e0bf,2026-04-01,2026-01-01,2026-02-01,after last observed
4a931b96-bf26-4dcb-a817-d298c2695f18,2026-04-01,2026-01-01,2026-05-01,internal gap
4adfc6ca-1622-4e27-b9ce-c7b3a4d7c147,2026-04-01,2026-02-01,2026-03-01,after last observed
4c840a35-e25a-4471-a60c-3496891f7332,2026-04-01,2025-10-01,2025-10-01,after last observed
4d741ea0-e9fe-4d1d-9795-29386788ea57,2026-04-01,2025-11-01,2026-03-01,after last observed
4dc7cd91-e2b0-4063-89c6-d1d315683e71,2026-04-01,2026-02-01,2026-03-01,after last observed
4de00753-6930-483b-9aa5-73bd86487f27,2026-04-01,2025-11-01,2026-02-01,after last observed
4e59d6ed-8b09-402c-827c-f06ee103592c,2026-04-01,2026-02-01,2026-03-01,after last observed
4ed648d2-0345-4993-b4bb-2bcf44bf743f,2026-04-01,2025-11-01,2026-03-01,after last observed
4f232716-3e21-4a8a-8af8-cadc567ed002,2026-04-01,2025-11-01,2026-03-01,after last observed
50de7ce7-d968-492a-b9f4-a2f5a91e8256,2026-04-01,2025-10-01,2026-01-01,after last observed
50defdf6-b62c-439d-b243-59e24bf28130,2026-04-01,2026-01-01,2026-02-01,after last observed
511c23d1-0283-40b4-9f0f-d04c4fc94468,2026-04-01,2025-11-01,2025-12-01,after last observed
511ef703-c744-4f6f-9ffb-8867244f84d4,2026-04-01,2025-12-01,2026-03-01,after last observed
5170da6c-f399-4461-b0e8-64d12700ff63,2026-04-01,2026-02-01,2026-05-01,internal gap
518b31e0-6286-4bc7-876a-31bf43805c09,2026-04-01,2025-12-01,2026-01-01,after last observed
51a1d4fd-d1b2-4862-bc3c-2532f2250657,2026-04-01,2025-11-01,2026-03-01,after last observed
51a46cfd-f201-4b6f-b002-2140344f61b6,2026-04-01,2026-01-01,2026-01-01,after last observed
51e1dd09-a823-4cde-8363-976bc8e0b4be,2026-04-01,2026-02-01,2026-02-01,after last observed
51e3c6ee-7e16-47ff-9bb3-d6af30b49e10,2026-04-01,2026-01-01,2026-02-01,after last observed
52567bde-1787-4f89-ba5e-b5636e385323,2026-04-01,2026-02-01,2026-02-01,after last observed
527ea897-e896-4235-90be-863cbc67ca3d,2026-04-01,2025-12-01,2025-12-01,after last observed
52823b6f-e77a-42e2-8b3a-885a1db9d61c,2026-04-01,2025-11-01,2026-01-01,after last observed
52a62c1e-2690-4703-811a-3f0bb7b1dd5f,2026-04-01,2025-12-01,2026-02-01,after last observed
530e5eb0-e5be-493d-aa4f-c9dc2ab4d656,2026-04-01,2025-11-01,2025-11-01,after last observed
535cd92b-9046-4afd-9369-9554a796ce3b,2026-04-01,2026-03-01,2026-03-01,after last observed
53847e67-c0da-4c5f-8216-ecfd7236b552,2026-04-01,2025-10-01,2026-01-01,after last observed
539bad2d-4cf7-4afd-8761-7de6c9f8dfd2,2026-04-01,2026-01-01,2026-02-01,after last observed
5463f4a8-ad4a-4176-8706-a6b1abae47bf,2026-04-01,2026-03-01,2026-05-01,internal gap
54645b12-5dce-4f7a-9cca-98cf8898b56e,2026-04-01,2025-10-01,2025-12-01,after last observed
54a07de6-af9b-4295-bb98-0230ffbff31f,2026-04-01,2025-11-01,2026-03-01,after last observed
55562b5c-ec72-4622-a997-f0c2849e1d3a,2026-04-01,2025-11-01,2026-03-01,after last observed
5574ca4b-ee26-48f4-a571-0a978e1756fd,2026-04-01,2026-01-01,2026-03-01,after last observed
559cc32f-f7fd-42cb-997e-2652a8e3e773,2026-04-01,2025-12-01,2026-03-01,after last observed
55b7edc7-1481-41dd-8702-28b5c001ba51,2026-04-01,2025-12-01,2026-01-01,after last observed
55d89637-2ce0-4e87-ab2b-878c79c24939,2026-04-01,2026-02-01,2026-02-01,after last observed
55daa107-2e41-43f5-97c8-80a4cf80de69,2026-04-01,2025-12-01,2025-12-01,after last observed
56043ba4-caeb-43a1-9975-4f741cce4f2d,2026-04-01,,,no revenue ever
56a25c8e-f03f-4e0c-bfb9-def464c68920,2026-04-01,2026-02-01,2026-02-01,after last observed
56b81adf-476b-4f16-b2b5-392a9f34b658,2026-04-01,2026-01-01,2026-05-01,internal gap
56eb675a-0149-44d6-8969-b27046a54245,2026-04-01,2026-02-01,2026-05-01,internal gap
57755a21-741e-4224-93b5-fd396732d4b1,2026-04-01,2025-10-01,2025-11-01,after last observed
57bc8131-a950-4b47-9eeb-6f249bde2bfb,2026-04-01,2026-02-01,2026-02-01,after last observed
57eb07ec-ba74-4373-ad1c-c24f077b6965,2026-04-01,2025-10-01,2026-03-01,after last observed
58046c0f-988b-4ab9-8dbd-28856832b7f9,2026-04-01,2025-11-01,2026-02-01,after last observed
586c41ce-7493-4f45-853c-7ae56090bcd4,2026-04-01,2026-03-01,2026-03-01,after last observed
5872873a-0423-48a0-9542-fbb6828828f1,2026-04-01,2025-12-01,2026-03-01,after last observed
58846565-c129-4b0f-b2f4-0dfee4b56f3a,2026-04-01,2025-10-01,2025-12-01,after last observed
588642ac-0197-4aaf-9f51-c47d5e2aefb9,2026-04-01,2025-11-01,2025-12-01,after last observed
58b2d3e7-4f3b-4c74-a1e1-7966356c932a,2026-04-01,2026-01-01,2026-02-01,after last observed
58d8c410-a90f-4888-88f5-3335b31294f1,2026-04-01,2026-01-01,2026-02-01,after last observed
58d934b5-37e7-4ab0-8c82-3d5d7d0e273f,2026-04-01,,,no revenue ever
5a0ebe3b-9c98-406a-95a8-6e888b02c819,2026-04-01,2025-12-01,2026-03-01,after last observed
5a388e27-3064-4666-87a1-50ed1db9b9be,2026-04-01,2026-01-01,2026-01-01,after last observed
5b3100ff-1cb1-4828-aada-d152897c5094,2026-04-01,2026-02-01,2026-05-01,internal gap
5b83bf5e-b19c-4197-98ed-b68cbba34bad,2026-04-01,2025-11-01,2025-12-01,after last observed
5bf15f97-479d-4522-9824-c5547c05284d,2026-04-01,2026-01-01,2026-02-01,after last observed
5c11778f-7408-46f4-bba6-0c69e5c75fe0,2026-04-01,2026-03-01,2026-03-01,after last observed
5c26dbeb-8409-4791-bc27-3e4a2ca99686,2026-04-01,2026-02-01,2026-03-01,after last observed
5c4979fe-2cec-4cc6-a642-ce20b36cf562,2026-04-01,2025-12-01,2026-05-01,internal gap
5c6b4173-93a6-4822-98a3-d2c599f669a1,2026-04-01,2025-12-01,2026-03-01,after last observed
5cc9432d-f8d9-4a02-8402-05d54c44c70e,2026-04-01,2026-02-01,2026-03-01,after last observed
5d8542c0-5004-42b6-bf82-df4931ab51eb,2026-04-01,2026-02-01,2026-02-01,after last observed
5e19360e-4278-4851-ab39-a98faf5d4582,2026-04-01,2025-12-01,2026-03-01,after last observed
5e22a14b-a9b4-431b-9d96-1a220b0a444f,2026-04-01,2026-01-01,2026-03-01,after last observed
5e3b962a-8acd-4aa4-9c37-4fdff64208a3,2026-04-01,2026-02-01,2026-03-01,after last observed
5e6a235b-12f9-49c1-b2c6-aaf1f8d0df9d,2026-04-01,2026-02-01,2026-03-01,after last observed
5f15c8ee-671d-4b04-8579-47b58dd08a9f,2026-04-01,2026-02-01,2026-03-01,after last observed
5f2a3b71-fff8-454f-a9ea-4ceefa2de125,2026-04-01,2026-03-01,2026-03-01,after last observed
5f87a53b-493b-4d25-8f4c-433d7f91f87c,2026-04-01,2025-12-01,2026-05-01,internal gap
5f8bdde9-b381-47c9-9975-f72959aee1d4,2026-04-01,2025-12-01,2026-02-01,after last observed
5fcfdd9a-9e72-41b1-94c6-8437c6dc904d,2026-04-01,2026-03-01,2026-05-01,internal gap
601dec5d-b3db-43fc-9aa0-2c3e414798c8,2026-04-01,2026-03-01,2026-03-01,after last observed
6045558d-09d1-4f28-be3a-0328a1a2979b,2026-04-01,2025-12-01,2026-03-01,after last observed
60da20be-eebe-4d1f-977b-3ab995a81773,2026-04-01,2025-12-01,2025-12-01,after last observed
60dc0bdb-523f-44a5-af5b-ede8903e4fdf,2026-04-01,2025-12-01,2026-02-01,after last observed
62a2147d-7536-4f6a-b877-1156fe4e6f7a,2026-04-01,2026-02-01,2026-03-01,after last observed
630fa772-2674-45a7-976e-7ef7609f7ff3,2026-04-01,2026-02-01,2026-02-01,after last observed
6390cd0a-8441-45cf-8d86-74c926cc9bf8,2026-04-01,2025-11-01,2026-02-01,after last observed
6543a977-c271-43b9-868c-e50e3b61210f,2026-04-01,2025-11-01,2026-02-01,after last observed
658530de-4b6f-41f8-b8ca-2db8adae188c,2026-04-01,2025-12-01,2026-05-01,internal gap
660e103c-8e88-4b1b-a3d9-0aff6bfc9a47,2026-04-01,2025-12-01,2025-12-01,after last observed
662706af-070c-4429-af6c-90ba81ba4f4a,2026-04-01,2026-01-01,2026-02-01,after last observed
6660faf6-9b7c-4314-afdb-c76c283cb9d1,2026-04-01,2026-02-01,2026-03-01,after last observed
66680028-1efc-4a53-b0d4-814448538386,2026-04-01,2026-01-01,2026-03-01,after last observed
6698e42d-b18f-4bd6-98d5-fd8137715014,2026-04-01,2026-01-01,2026-01-01,after last observed
66e13b89-9d0b-4a21-b02f-1478838a45b7,2026-04-01,,,no revenue ever
66fa0cf0-ac1d-4c3e-b4e4-4b80f71c6097,2026-04-01,2026-02-01,2026-03-01,after last observed
67000736-2cbb-42ab-bc4b-09dedae70431,2026-04-01,2026-01-01,2026-05-01,internal gap
67b7b98e-2815-4b7c-89c3-e95bf2c6c5fe,2026-04-01,2025-12-01,2026-02-01,after last observed
67d61712-b663-49ba-b0cc-fd8e1037fbe7,2026-04-01,2025-12-01,2026-03-01,after last observed
6854685e-226b-4908-bc14-ab5aab579b0d,2026-04-01,2025-12-01,2026-01-01,after last observed
689122e7-dabd-4033-8da2-423005f9d8f4,2026-04-01,2026-01-01,2026-01-01,after last observed
69295627-ec2f-4bfd-ae6e-5bd54d8cd49b,2026-04-01,2026-01-01,2026-01-01,after last observed
698bfb9c-0763-4f0a-9b02-b48c413944f3,2026-04-01,2026-03-01,2026-03-01,after last observed
6a809286-20e0-48f0-b53f-10c2a8a80f00,2026-04-01,2025-10-01,2025-11-01,after last observed
6a907b7f-7f22-48e2-9751-515b9a109511,2026-04-01,2026-02-01,2026-03-01,after last observed
6ac92d7c-6cf5-4732-9a4e-491fb72d4bae,2026-04-01,2025-12-01,2025-12-01,after last observed
6b9e39d6-69e5-49cb-9788-7828f91db42c,2026-04-01,2026-01-01,2026-03-01,after last observed
6bba9240-c680-4019-802f-cb854428e233,2026-04-01,2025-11-01,2026-01-01,after last observed
6bd359c5-f82f-403f-866d-23ce99126a02,2026-04-01,2026-01-01,2026-03-01,after last observed
6bf5f94b-a9a3-4467-bb5c-36bc06344f53,2026-04-01,2026-01-01,2026-03-01,after last observed
6c1980c6-99d5-44ed-8ebf-c26854506106,2026-04-01,2025-11-01,2026-01-01,after last observed
6c275f48-ec78-4928-8105-2b562c5115eb,2026-04-01,,,no revenue ever
6c2770ac-7b59-4d4f-9a15-83f990aa000b,2026-04-01,2025-12-01,2025-12-01,after last observed
6c2dbaf6-9d38-4546-9466-ad31eef8bef6,2026-04-01,2025-12-01,2026-05-01,internal gap
6cdbb365-9fc5-4350-b0c4-eaf583888289,2026-04-01,2026-02-01,2026-02-01,after last observed
6d373ab3-a9b6-44a3-8b52-0c60b3190b1a,2026-04-01,2025-10-01,2026-03-01,after last observed
6d794c73-240e-40ad-b9dd-551ed5ab8f98,2026-04-01,2026-02-01,2026-02-01,after last observed
6db27e2d-90d9-4c31-b2ff-e253e4f5d123,2026-04-01,2026-02-01,2026-02-01,after last observed
6f6cf829-a92d-4090-b6b3-f009a3009f6e,2026-04-01,2025-10-01,2026-01-01,after last observed
6f73000c-6dc3-4338-b7c9-d8975113fa6a,2026-04-01,2026-02-01,2026-02-01,after last observed
6f745be7-4837-45e5-b0ff-270b3838aa17,2026-04-01,2025-10-01,2025-10-01,after last observed
6f894d48-90b1-4980-8a20-37829aa4659f,2026-04-01,,,no revenue ever
6fedd694-57b2-4faf-8243-cd4adb475b42,2026-04-01,2026-02-01,2026-02-01,after last observed
6ff41549-e7b5-4d17-9523-bfe39e86727c,2026-04-01,2025-11-01,2025-11-01,after last observed
71b56de1-f33f-4b92-9ae0-878e318b05b3,2026-04-01,2026-01-01,2026-03-01,after last observed
722e877f-1fca-43e2-9818-1d4291b31ef6,2026-04-01,2025-10-01,2026-02-01,after last observed
73216f6d-f4e9-4877-aa0c-a0c9d4b4b53e,2026-04-01,2026-01-01,2026-02-01,after last observed
738f5607-0736-4f6a-92c6-53b169370ccf,2026-04-01,2025-12-01,2025-12-01,after last observed
739f1996-7360-41ad-a600-c373a37593b3,2026-04-01,2026-02-01,2026-02-01,after last observed
73b729a8-a844-4507-81da-334d2ca8ac34,2026-04-01,2026-01-01,2026-05-01,internal gap
742dc47e-1f27-4ad7-87a3-38a64f7ad645,2026-04-01,2026-02-01,2026-03-01,after last observed
746ce7ff-7f8d-479b-a361-ad9b54f79880,2026-04-01,2026-01-01,2026-03-01,after last observed
7493f09b-7d28-40e3-ba90-37133b78caf2,2026-04-01,2026-03-01,2026-05-01,internal gap
75527a5e-057e-44b3-b30e-8408484d7285,2026-04-01,2025-10-01,2026-03-01,after last observed
75be09e4-badc-401e-9311-0d5d53441a77,2026-04-01,2025-11-01,2025-12-01,after last observed
75e429f7-8097-467e-bfac-4dcdac86eeab,2026-04-01,2025-10-01,2025-11-01,after last observed
76317b0f-fca5-459b-a491-2898066c5d99,2026-04-01,2025-12-01,2026-03-01,after last observed
7714a5ff-9e14-44a0-98fc-7c00c25fdc41,2026-04-01,2026-01-01,2026-02-01,after last observed
775f7bfd-1ca0-46fb-9c07-f47a2ca7da5f,2026-04-01,2025-12-01,2026-01-01,after last observed
77a22ac2-d403-494f-9f2c-4f5fbe7d6f14,2026-04-01,2026-01-01,2026-03-01,after last observed
77b5fdd4-2013-44e8-8ff5-f30c23910139,2026-04-01,2025-12-01,2026-05-01,internal gap
78536a3d-b414-4f14-a8e0-ae2555c89ce2,2026-04-01,2026-01-01,2026-03-01,after last observed
789e7ae5-7efd-4df8-b184-b418b4187c62,2026-04-01,2026-01-01,2026-01-01,after last observed
7923438e-6b2b-4492-9e60-aca63f3755ab,2026-04-01,2026-03-01,2026-03-01,after last observed
79d56826-6003-41ba-8065-0872d55bb496,2026-04-01,2025-12-01,2026-01-01,after last observed
79d9876d-84fb-4226-b907-0b7c355c70ea,2026-04-01,2026-02-01,2026-02-01,after last observed
79d9cbb4-4dfc-465e-a6b8-1e9de5e7799a,2026-04-01,2026-01-01,2026-02-01,after last observed
79f5801e-9b46-47f8-a37f-604dd8d53adb,2026-04-01,,,no revenue ever
7a9c00ad-b332-4610-8ded-85f2c3d16800,2026-04-01,2026-02-01,2026-05-01,internal gap
7b0cd1c8-2be9-4339-a964-7036cda06b65,2026-04-01,,,no revenue ever
7b20b042-afe9-4193-9223-589a81df5ed5,2026-04-01,2025-12-01,2025-12-01,after last observed
7b2c1f41-6965-48dc-ac65-a2c2b50ccbda,2026-04-01,2026-01-01,2026-05-01,internal gap
7b5536a6-a374-46d0-812f-1d4556c1f596,2026-04-01,2026-02-01,2026-02-01,after last observed
7bbfb733-0306-4378-a09e-a1196140a8d4,2026-04-01,2026-03-01,2026-03-01,after last observed
7c193f4c-ec4f-4987-875a-9a32f9d7520e,2026-04-01,2026-03-01,2026-03-01,after last observed
7ca1ef4e-c51a-4b00-add9-48fecad9a950,2026-04-01,2026-02-01,2026-05-01,internal gap
7d226954-af12-42c9-bedc-964454614f16,2026-04-01,2025-11-01,2026-03-01,after last observed
7d238371-8d13-4cf2-985a-c02d47c6823a,2026-04-01,2025-11-01,2026-05-01,internal gap
7e0a527e-28e9-45d8-9edd-6cd4b3896fec,2026-04-01,2025-11-01,2025-12-01,after last observed
7e0c0a63-40fc-474a-9491-d2046ae3b86d,2026-04-01,2026-01-01,2026-02-01,after last observed
7e551e7a-957c-4022-9b0e-1ffbf858a4cb,2026-04-01,2026-02-01,2026-02-01,after last observed
7f70aaff-daa7-4d41-9010-af720ac0a26c,2026-04-01,2025-11-01,2026-03-01,after last observed
7f98c919-58f2-47ef-a961-18f275610438,2026-04-01,2025-12-01,2025-12-01,after last observed
7f9fe5a3-8103-4c77-8e03-41cbd938a2f7,2026-04-01,2025-11-01,2026-05-01,internal gap
7fe1cb07-c495-46a6-888a-e5607b7d8fd4,2026-04-01,2026-02-01,2026-02-01,after last observed
803c68b7-1036-43a2-bdd8-885e34516894,2026-04-01,2026-01-01,2026-02-01,after last observed
80dfa15c-f0cb-4e43-97eb-791d92a5ebd3,2026-04-01,2026-01-01,2026-02-01,after last observed
8176e44b-d9d2-45a5-ad10-74d95389d917,2026-04-01,2026-01-01,2026-03-01,after last observed
81a261a2-701e-47f2-a794-fb14d3274d5d,2026-04-01,2026-02-01,2026-02-01,after last observed
81ac7c52-9c31-401d-a0a8-415982c33916,2026-04-01,2025-10-01,2026-01-01,after last observed
81fb072d-1b8c-4047-a066-bb1399fccd81,2026-04-01,2026-01-01,2026-01-01,after last observed
824a523d-da38-4755-8ed0-594a42ec8723,2026-04-01,2025-11-01,2025-12-01,after last observed
82bdc47b-f1f9-4eae-a6f8-459744121055,2026-04-01,2025-11-01,2026-02-01,after last observed
830453ef-cd37-46ed-81f5-9f48afcb171b,2026-04-01,2026-02-01,2026-03-01,after last observed
83292beb-38a3-4fb1-a1ea-b08d5e52dd93,2026-04-01,2025-12-01,2025-12-01,after last observed
8373f22c-4128-4551-a1ff-436fcce9f92c,2026-04-01,2026-01-01,2026-01-01,after last observed
83a5dbe7-5835-4278-9361-0fffa40ce278,2026-04-01,2026-03-01,2026-03-01,after last observed
83dde50b-b6c2-4ae7-9c21-b308a1490c14,2026-04-01,2026-02-01,2026-03-01,after last observed
840673a3-6f30-49fc-9d31-76631e5403bb,2026-04-01,2025-12-01,2026-03-01,after last observed
84810212-2918-42e6-8e39-3d2df4c69e5c,2026-04-01,2025-11-01,2025-11-01,after last observed
851feb85-a439-4722-b655-1769b33b6431,2026-04-01,2026-02-01,2026-03-01,after last observed
8541d08b-6749-4e26-8455-c0e04ba6b5cc,2026-04-01,2026-01-01,2026-01-01,after last observed
856957b0-6e64-447c-ad3f-23b3c1c548de,2026-04-01,2025-10-01,2026-03-01,after last observed
859684bb-cef5-4cf6-8dbd-ff45cdae0040,2026-04-01,2026-01-01,2026-03-01,after last observed
86592b12-a65c-4c38-aed7-0e25dafa5522,2026-04-01,2026-02-01,2026-05-01,internal gap
877fdba2-700a-4a96-a968-f61a62f981b0,2026-04-01,2025-11-01,2026-01-01,after last observed
88783f26-b5f3-4e96-b607-c1c1ca879bbd,2026-04-01,2025-10-01,2025-11-01,after last observed
8895106d-bc66-4970-98cd-c0e5bb6130e2,2026-04-01,2026-01-01,2026-01-01,after last observed
88df7aa3-c8c1-4212-a0bd-486534806f84,2026-04-01,2026-02-01,2026-02-01,after last observed
88ffb385-d02d-422d-a45d-f1ceca45f0b0,2026-04-01,2026-01-01,2026-01-01,after last observed
89630994-696f-4c5c-83c9-3049b6d86df8,2026-04-01,2025-12-01,2026-02-01,after last observed
8a1cff5c-7c25-4eb5-9c43-fc0a46bac0ab,2026-04-01,2026-02-01,2026-02-01,after last observed
8a502bfa-ea92-400a-89f7-8c75e031c8a4,2026-04-01,2025-12-01,2026-01-01,after last observed
8ab4b412-d33e-4330-b28f-cd29e1bec8ca,2026-04-01,2026-03-01,2026-03-01,after last observed
8accb322-29cc-4416-9150-197fa6dd7b5e,2026-04-01,2026-01-01,2026-02-01,after last observed
8c13f465-a84f-43ea-be1a-45ed0e8447ed,2026-04-01,2025-11-01,2026-05-01,internal gap
8c7f3ba7-d0aa-4802-b15c-7f2a9d464722,2026-04-01,2026-02-01,2026-05-01,internal gap
8cf2a709-303d-4c00-99c2-7740f699f728,2026-04-01,2025-12-01,2026-03-01,after last observed
8d0cbfb1-a603-42b5-8142-ffef0e5a0b3a,2026-04-01,2025-12-01,2026-02-01,after last observed
8dbd8ec0-d865-4930-86e7-3091c7d602fc,2026-04-01,,,no revenue ever
8e03de94-b077-4871-a0f3-6dfba2a4ab7b,2026-04-01,2026-01-01,2026-02-01,after last observed
8e706377-74f9-4b3b-aa27-b061eb2d7eaf,2026-04-01,2025-12-01,2026-05-01,internal gap
8eee0373-4d15-4c9b-a1be-f1e8335e0a78,2026-04-01,2025-10-01,2026-01-01,after last observed
8efcf04e-3f27-413c-8514-45a0ac8c31d5,2026-04-01,2026-02-01,2026-02-01,after last observed
8f8af99d-3968-4d96-b2a8-d88e0c93e26c,2026-04-01,2026-02-01,2026-03-01,after last observed
8f8bdacf-e342-40a3-becc-435326958a95,2026-04-01,2026-02-01,2026-05-01,internal gap
8fc106d1-799c-4bcd-b8cc-69dee78e80b3,2026-04-01,2025-11-01,2026-02-01,after last observed
8fdcea07-c292-424a-8b63-6084fb5784c1,2026-04-01,2026-02-01,2026-03-01,after last observed
904c1ed3-afde-4a40-88ea-13c080c005b6,2026-04-01,2026-03-01,2026-05-01,internal gap
910e6f9e-b0d3-4475-897a-ed8cad61ac94,2026-04-01,2026-01-01,2026-02-01,after last observed
91176fc7-8692-4439-84a4-139a53e97114,2026-04-01,2025-11-01,2026-03-01,after last observed
916125c1-27c3-4998-99fa-98697e4ce1b1,2026-04-01,2025-10-01,2026-03-01,after last observed
917912df-77ed-4af9-b9ab-e6c87565112e,2026-04-01,2026-01-01,2026-02-01,after last observed
91890fbe-5765-4c94-8a58-4499114ce627,2026-04-01,2026-02-01,2026-02-01,after last observed
919b2d05-d4ba-4a72-90c7-b9d877a8aed5,2026-04-01,2026-01-01,2026-01-01,after last observed
91b756c7-742a-4043-9f40-1e7c4a6124b8,2026-04-01,2026-02-01,2026-03-01,after last observed
91f9f448-3d31-4bc4-918f-7a1bff8045c4,2026-04-01,,,no revenue ever
92357290-1b70-41af-a4d2-f53fa3354226,2026-04-01,2026-01-01,2026-01-01,after last observed
924b0590-258e-4f7d-8374-26a60fb4d0ec,2026-04-01,2025-11-01,2025-11-01,after last observed
92dabcb5-6092-455e-a26b-1b11cdb5dbe9,2026-04-01,2025-12-01,2026-01-01,after last observed
93239346-aef1-4bb9-84f0-c6809ce49885,2026-04-01,2026-01-01,2026-03-01,after last observed
937e511d-4435-4ca1-bed0-1a648601f143,2026-04-01,2025-10-01,2025-12-01,after last observed
93fdf9a0-f7d8-46e2-910d-a229bb7426f6,2026-04-01,2025-12-01,2026-03-01,after last observed
94c2c688-b091-4a27-b44d-97d7f5641faa,2026-04-01,2026-01-01,2026-03-01,after last observed
954b34d9-964d-4d1e-8447-1588aea489b5,2026-04-01,2025-12-01,2026-01-01,after last observed
95d7f1e5-ba9c-4523-8f15-6a3149368010,2026-04-01,2026-02-01,2026-02-01,after last observed
9651cf69-837a-419c-9ec6-8007d57f6cc1,2026-04-01,2026-02-01,2026-02-01,after last observed
9664eade-c0d2-4d7b-aac3-a2f000a3bd70,2026-04-01,2025-11-01,2025-12-01,after last observed
96889ab3-b19f-4ea1-81f5-d1c53e6eca4a,2026-04-01,2026-02-01,2026-05-01,internal gap
97b18b93-3798-4d80-ac6b-6523c0d519ac,2026-04-01,2026-01-01,2026-02-01,after last observed
98529d6c-ffd3-43b0-9798-96379251be2d,2026-04-01,2025-11-01,2025-11-01,after last observed
9866c8b3-ee55-4770-baa2-d051e4b83832,2026-04-01,2025-12-01,2025-12-01,after last observed
9903267e-dd68-423b-8af5-9fe97a466ba5,2026-04-01,2025-11-01,2025-11-01,after last observed
9928e8cb-8fca-4f1e-b6fc-728205f5c5b5,2026-04-01,2026-02-01,2026-02-01,after last observed
9974d278-215d-46b1-a593-60a88fb23d94,2026-04-01,2025-10-01,2025-10-01,after last observed
9a2acb35-77cc-46a8-a785-0930205c5d24,2026-04-01,2026-02-01,2026-02-01,after last observed
9a2d07ca-b56c-4ed4-9a9a-9dc532faa6a3,2026-04-01,2026-02-01,2026-02-01,after last observed
9a5a7fb5-9eb3-4622-9e3e-3610dcf7a344,2026-04-01,2025-11-01,2026-02-01,after last observed
9a803310-4e15-4a05-bb3a-65ad05769267,2026-04-01,2025-11-01,2026-01-01,after last observed
9a8676fc-3d33-4ee4-9467-794ff289ab59,2026-04-01,2026-01-01,2026-02-01,after last observed
9ad688f6-dc3c-451c-926b-94e3c6c19f83,2026-04-01,2025-10-01,2025-10-01,after last observed
9b051fd3-6ab9-40f5-b652-ac31eb078216,2026-04-01,2026-01-01,2026-05-01,internal gap
9bb4f04e-f282-473b-8f5d-8e1c45d1a2a0,2026-04-01,2025-12-01,2026-02-01,after last observed
9be0a5ac-8f93-45f1-b556-d85915855c98,2026-04-01,2026-02-01,2026-02-01,after last observed
9d3c155a-744e-42a9-a222-733b0d5ea055,2026-04-01,2026-01-01,2026-01-01,after last observed
9d5e6385-da78-4f07-9ded-76c787cb405e,2026-04-01,2026-03-01,2026-05-01,internal gap
9d739598-76d3-449b-8b1e-04848d6ed88c,2026-04-01,2025-12-01,2026-03-01,after last observed
9d815779-8d04-4c5e-a738-3a2253b9117e,2026-04-01,2026-01-01,2026-01-01,after last observed
9dee2ae3-58f5-4b9a-be02-f66086d06ecd,2026-04-01,2026-03-01,2026-03-01,after last observed
9deecaa7-d71f-49c0-a3d9-2f60d53f056e,2026-04-01,2026-02-01,2026-02-01,after last observed
9dfb84c2-504d-4903-a5ec-5751363d443c,2026-04-01,2026-01-01,2026-03-01,after last observed
9e798bdf-f4af-474f-a253-0bb47dbc4930,2026-04-01,2025-11-01,2025-12-01,after last observed
9ed218fd-660f-41a6-a574-ed73e1151493,2026-04-01,2025-10-01,2026-02-01,after last observed
a010e458-7de0-4caa-a1c3-4ab1a4dcbf7e,2026-04-01,2026-01-01,2026-02-01,after last observed
a057f0a5-9b54-4527-85f2-6f6393935880,2026-04-01,2025-11-01,2025-12-01,after last observed
a0b35d1c-092b-443d-abb2-44c99bcead88,2026-04-01,2026-02-01,2026-02-01,after last observed
a1082160-5ec3-4128-a694-495cb67e3d3a,2026-04-01,2025-10-01,2025-12-01,after last observed
a169954d-3ef2-476c-8135-6cfa399db963,2026-04-01,2026-02-01,2026-02-01,after last observed
a1b21a97-ee3a-4f59-8008-da1970a6d434,2026-04-01,2025-10-01,2025-11-01,after last observed
a1c50f21-dc84-4323-99b1-bae5f40d6cfa,2026-04-01,2026-02-01,2026-05-01,internal gap
a1c8cad7-56c5-43ec-9639-f8ab013a4c69,2026-04-01,2026-02-01,2026-03-01,after last observed
a3176c6a-ac26-429b-88d7-fae5bdfdeaa3,2026-04-01,2026-02-01,2026-02-01,after last observed
a4170ad5-698c-4583-90ae-28dc3fe06564,2026-04-01,2026-01-01,2026-03-01,after last observed
a4c6a16e-8893-416d-80fa-caae05343617,2026-04-01,2026-01-01,2026-01-01,after last observed
a4ec291e-b7ee-48b7-9891-2569f83ab7a3,2026-04-01,2026-02-01,2026-03-01,after last observed
a523feeb-0cd0-4a18-855f-8fc7344e2c26,2026-04-01,2026-02-01,2026-03-01,after last observed
a5d0dea0-00dd-498c-9384-2d6a0e366e8e,2026-04-01,2025-10-01,2025-10-01,after last observed
a645ead2-221e-443c-bf46-4e03cdfbebf3,2026-04-01,2026-01-01,2026-03-01,after last observed
a67d8a83-c4e5-4fee-911d-f074065f9229,2026-04-01,2025-12-01,2026-05-01,internal gap
a743c9e6-b4cb-4dfd-9f70-4feac649d95c,2026-04-01,2026-01-01,2026-03-01,after last observed
a7e9aa2e-f16d-47a6-8416-ce87bb1f474d,2026-04-01,2025-12-01,2026-05-01,internal gap
a7f693c5-3a56-4280-a436-d4cb3310093d,2026-04-01,2025-12-01,2025-12-01,after last observed
a8320396-ab44-4b4d-88bf-5e22799c1bfb,2026-04-01,2025-12-01,2026-05-01,internal gap
a86a0540-0133-4b5d-963b-f20540c1cb72,2026-04-01,2026-01-01,2026-02-01,after last observed
a88bac3e-f174-4123-bccb-efe1a8287fef,2026-04-01,2026-03-01,2026-03-01,after last observed
a8ae6eb8-fda7-496f-9d06-3c59c46a09ec,2026-04-01,2026-02-01,2026-03-01,after last observed
a9a6b9cb-726a-4678-828f-17b6350e1826,2026-04-01,,,no revenue ever
a9acf2ea-7be6-4162-aeac-c99d58670e51,2026-04-01,2026-03-01,2026-03-01,after last observed
a9e4a273-1aa6-4d3c-8d2d-20fd74c13c03,2026-04-01,2026-03-01,2026-03-01,after last observed
a9f2d6e6-8dd1-4b62-a9a6-50444988bad6,2026-04-01,2026-03-01,2026-03-01,after last observed
aa099509-9d40-4bc9-b663-96f5154468e1,2026-04-01,2025-12-01,2026-02-01,after last observed
aa0ee57d-9d50-4e79-b67d-a02c72fac34a,2026-04-01,2026-03-01,2026-03-01,after last observed
aaaa9e5d-15f3-434a-ac0c-101b20a79862,2026-04-01,2026-02-01,2026-02-01,after last observed
ab2a4fd8-8d3b-4e5a-8fe1-911a7612d47c,2026-04-01,2025-10-01,2025-10-01,after last observed
ab4ea78a-4001-4d56-8b1d-a134fb230d84,2026-04-01,2025-11-01,2026-05-01,internal gap
ab6db975-c413-4fa3-8138-83fe986f6985,2026-04-01,2025-12-01,2025-12-01,after last observed
abb849df-cf14-4737-9706-f48354c54206,2026-04-01,2025-11-01,2025-12-01,after last observed
ac8799e2-305c-4bb6-a564-f8b12ce3e689,2026-04-01,2025-12-01,2026-03-01,after last observed
ac8f3417-1ef5-4f4b-904f-c3d42af695da,2026-04-01,2026-03-01,2026-03-01,after last observed
accdf01c-0a8a-40ba-b62a-71f5087e075f,2026-04-01,2025-12-01,2025-12-01,after last observed
adb4b720-c201-4a0f-8cf7-89afc6ec08d7,2026-04-01,2026-01-01,2026-02-01,after last observed
adc95382-df64-4460-908e-826e692b4d14,2026-04-01,2025-12-01,2026-03-01,after last observed
ae2b7cc2-1984-48eb-afb6-55105af06899,2026-04-01,,,no revenue ever
ae36af5a-6c74-4e50-9c61-994e438970ec,2026-04-01,2026-03-01,2026-03-01,after last observed
aeceeeb9-2a24-47b3-b037-6fcb0f6e49d0,2026-04-01,2026-02-01,2026-03-01,after last observed
af7e42ab-c3ef-4050-b68a-1a45cf7bb5ab,2026-04-01,2025-12-01,2025-12-01,after last observed
af95e5b9-f049-4c93-a75e-eec1cd918fb5,2026-04-01,2026-02-01,2026-02-01,after last observed
afe98786-39df-4ae4-aabd-6aa0928a99fb,2026-04-01,2026-02-01,2026-03-01,after last observed
b06e9890-2f09-4238-84bb-c87cfcb8e535,2026-04-01,2025-11-01,2025-12-01,after last observed
b0c38e7b-3f48-41cc-84f8-b30ff4ab40b5,2026-04-01,2026-03-01,2026-05-01,internal gap
b0cc1afd-eded-46fa-b665-b87f2d1dd561,2026-04-01,2026-02-01,2026-03-01,after last observed
b10691f2-e8d7-48da-9356-ec96da53cb31,2026-04-01,2026-02-01,2026-02-01,after last observed
b10f8129-533a-4ccc-b81c-35dd0cd9b094,2026-04-01,2025-11-01,2026-02-01,after last observed
b17038f4-3878-4263-822b-11d47be20842,2026-04-01,2025-11-01,2026-05-01,internal gap
b179c6aa-3c69-4c95-950d-781a4d609344,2026-04-01,2026-01-01,2026-03-01,after last observed
b2218ad0-2c5a-4336-965d-83a3abeea605,2026-04-01,2026-01-01,2026-01-01,after last observed
b2c4beb5-ab51-4837-a5dc-e2e86ac89c16,2026-04-01,2025-12-01,2026-02-01,after last observed
b2f31981-408e-4b0b-ac80-58f015e79d68,2026-04-01,2026-02-01,2026-02-01,after last observed
b2f9718b-c44d-435f-bcd4-0fe81438fcd8,2026-04-01,2025-11-01,2026-01-01,after last observed
b353bb7b-9a84-4a7b-a2df-dde81ba5c115,2026-04-01,2026-03-01,2026-05-01,internal gap
b3983537-cfa5-45eb-8aef-9973cbfbdea4,2026-04-01,2026-03-01,2026-05-01,internal gap
b3abb812-1106-4c53-b779-c015d9c9e63b,2026-04-01,2025-10-01,2025-11-01,after last observed
b4d7d617-6a5a-4b65-be48-2e83a5a08514,2026-04-01,2026-01-01,2026-03-01,after last observed
b56e4f08-66b3-4392-b8be-c0d45d9d81c5,2026-04-01,2025-12-01,2025-12-01,after last observed
b57c0a08-1724-4bcb-9665-3cd1b0e3dbb5,2026-04-01,2026-01-01,2026-02-01,after last observed
b760e277-10ca-4434-9893-70e9a7c3c4fd,2026-04-01,2025-12-01,2026-02-01,after last observed
b76a9c13-d7ae-413a-a74c-30615867a0d7,2026-04-01,2025-12-01,2025-12-01,after last observed
b76f8f28-1dc9-4f69-8021-bd269521e5b6,2026-04-01,2026-02-01,2026-03-01,after last observed
b770b9c3-80a1-40b0-bbcf-f8cc1db56315,2026-04-01,,,no revenue ever
b7812de7-518f-4842-b526-cc646ce52111,2026-04-01,2025-12-01,2026-02-01,after last observed
b798b54a-0775-4da0-a362-b71d1f51d905,2026-04-01,2025-10-01,2025-11-01,after last observed
b7b9d870-014e-431f-9eab-41ddaca84699,2026-04-01,,,no revenue ever
b7d37b00-e9b5-4628-bb8b-3861d5091294,2026-04-01,2025-11-01,2025-12-01,after last observed
b87bc623-2c88-4cbf-9029-5b04a6d6d1eb,2026-04-01,,,no revenue ever
b8cc1ac6-d00e-4ee7-a59b-bfb7e7c8b898,2026-04-01,2026-02-01,2026-03-01,after last observed
b9dc153d-c1cf-457c-a998-6f789d7f5bb9,2026-04-01,2026-02-01,2026-03-01,after last observed
ba0c1d3c-8ccf-40e2-922a-7e098926fec0,2026-04-01,2025-12-01,2026-03-01,after last observed
ba7ea548-c6a2-4e31-b3f1-607ed273b75c,2026-04-01,2026-01-01,2026-03-01,after last observed
ba8a6b81-d38e-443c-b249-d2cef8f425d8,2026-04-01,2026-02-01,2026-02-01,after last observed
bb48c235-6fec-49eb-844e-dd9d57734206,2026-04-01,2025-11-01,2025-11-01,after last observed
bb4d55ea-d6af-4bf7-9ede-0006f972cb70,2026-04-01,2026-02-01,2026-05-01,internal gap
bb54fea1-b980-4afb-aa07-a69dbf270c11,2026-04-01,2025-12-01,2026-03-01,after last observed
bb6ebab7-a180-4015-957a-838c335d0fb1,2026-04-01,2025-11-01,2025-11-01,after last observed
bbb6ca29-2686-4dd9-a602-e80c2f906277,2026-04-01,2025-11-01,2025-11-01,after last observed
bbc59fe1-a850-4b4e-9006-7b7e9a5c9814,2026-04-01,2026-01-01,2026-02-01,after last observed
bc33b3ae-aa35-47af-9a94-4bf3cec00a41,2026-04-01,2026-02-01,2026-02-01,after last observed
bd14636a-256f-4084-b1c1-e760fcd44de4,2026-04-01,2025-10-01,2026-01-01,after last observed
bdade3f4-8d54-44bd-ac13-03651d3d215c,2026-04-01,2025-10-01,2025-12-01,after last observed
bded3e51-6bb2-4e61-b228-2193e3ea6403,2026-04-01,2026-01-01,2026-03-01,after last observed
be0430a5-8a72-4fe1-954c-0d6ca28586c4,2026-04-01,2026-03-01,2026-03-01,after last observed
be19c4ac-b982-4d63-bd83-8e1af499eebd,2026-04-01,2025-10-01,2026-03-01,after last observed
be3201ed-7169-4f7d-9f39-05ae0003d02b,2026-04-01,2025-11-01,2025-12-01,after last observed
bebca25b-7be1-4b09-bf3e-7272d52cab8c,2026-04-01,2025-12-01,2026-01-01,after last observed
bf1280e9-f1e8-4ea2-bc66-f237b78af99b,2026-04-01,2026-02-01,2026-05-01,internal gap
bf9e0d57-e9c4-4c86-9d29-b325fd9fa2af,2026-04-01,2025-11-01,2026-03-01,after last observed
bfa3f2f1-1ce0-43bb-b548-df6672133c24,2026-04-01,2026-02-01,2026-03-01,after last observed
c08e721c-495a-4463-9ba6-6484bf663add,2026-04-01,2026-01-01,2026-02-01,after last observed
c1c3335a-c459-4367-ac22-5f8cbeda868c,2026-04-01,2025-10-01,2026-03-01,after last observed
c1cff0bb-10c0-49c2-aab8-b93672d559ee,2026-04-01,2025-12-01,2026-03-01,after last observed
c1df4208-124b-4a14-835b-e7ea56594d4c,2026-04-01,2026-03-01,2026-03-01,after last observed
c20445fb-2441-4694-9f88-b9f503b8937e,2026-04-01,2026-03-01,2026-03-01,after last observed
c24e0d8c-fa7e-46ed-bbfc-09f92a3be719,2026-04-01,2026-01-01,2026-03-01,after last observed
c250f902-2ee2-4b9a-bc0a-025d51855ecb,2026-04-01,2025-10-01,2025-10-01,after last observed
c3405521-4c28-404b-8183-9bab3d5eb057,2026-04-01,2026-01-01,2026-05-01,internal gap
c3a270dd-860f-40de-901a-b70a581bc829,2026-04-01,2025-11-01,2026-02-01,after last observed
c4bdd222-3977-4065-95ec-ffb2149e0e93,2026-04-01,2026-03-01,2026-03-01,after last observed
c6622f62-4dd2-4af5-99b9-a0bd91cf24f8,2026-04-01,2026-01-01,2026-01-01,after last observed
c6925c42-87f0-4f72-9e15-0047518ddcfa,2026-04-01,2025-12-01,2026-05-01,internal gap
c7247712-869d-40c7-8382-ba423fafb5c5,2026-04-01,2026-01-01,2026-01-01,after last observed
c7902f02-04f0-481f-bc53-db333d08ef0b,2026-04-01,2025-10-01,2026-02-01,after last observed
c7b66436-9e93-4b52-9703-613ab177749f,2026-04-01,2026-02-01,2026-03-01,after last observed
c7d6843d-1678-4eae-b414-fb2e695a9873,2026-04-01,2026-03-01,2026-03-01,after last observed
c7e50402-a00f-459a-ada9-c07a5bee0476,2026-04-01,2025-12-01,2025-12-01,after last observed
c8493592-f45a-40f1-a1a0-43429479315f,2026-04-01,2025-11-01,2025-11-01,after last observed
c85ac67b-674f-4bf8-98b1-1179b6239c87,2026-04-01,2026-02-01,2026-03-01,after last observed
c87b9cf3-29f1-4cf9-b660-ed471502b09d,2026-04-01,2025-11-01,2026-02-01,after last observed
c8aad09b-6520-496c-b53a-68668723c936,2026-04-01,2026-02-01,2026-02-01,after last observed
c91767ff-3987-49fc-b644-d8c27b94acff,2026-04-01,2026-01-01,2026-03-01,after last observed
c947fa84-71c3-4027-8757-ce4950898969,2026-04-01,2026-02-01,2026-02-01,after last observed
ca38727f-7714-4d5e-ae25-1d5e470b4519,2026-04-01,2025-11-01,2025-11-01,after last observed
cadac1c9-d418-4469-b5f1-25c18251a0fe,2026-04-01,2026-03-01,2026-03-01,after last observed
cadd4926-5caa-4e6f-8c89-e629fbbabbe2,2026-04-01,2025-12-01,2025-12-01,after last observed
cae23a98-c194-41ff-8e49-3fd475d1c655,2026-04-01,,,no revenue ever
caedc950-a042-4dd1-a9e8-32c02b4e8e01,2026-04-01,2026-02-01,2026-02-01,after last observed
cb9cf504-32c7-4958-ae29-4ed8130d7385,2026-04-01,2026-03-01,2026-03-01,after last observed
cca14136-5970-4573-a5e0-fe55eddf9024,2026-04-01,2026-01-01,2026-02-01,after last observed
ccfac881-cd6a-4106-ac64-f459e972c8fc,2026-04-01,2025-11-01,2025-11-01,after last observed
cdf8fa07-ce40-4889-86c4-22a719c31fbb,2026-04-01,2025-12-01,2026-01-01,after last observed
ce94d145-34b0-4f9a-a6fb-356060214de3,2026-04-01,2026-01-01,2026-01-01,after last observed
cf40f3ed-848d-4942-bade-92db905fee06,2026-04-01,2026-03-01,2026-05-01,internal gap
cf64350f-92ea-410d-980c-2cb1bea93190,2026-04-01,2026-03-01,2026-03-01,after last observed
cf9213d0-60cf-4d5f-a3d2-3f51cde306ed,2026-04-01,2026-01-01,2026-01-01,after last observed
cfa6dc2f-06b1-48ab-9894-af7e43745c65,2026-04-01,2026-02-01,2026-03-01,after last observed
cfe24812-a250-4499-bd21-93f4b92b1f62,2026-04-01,2025-11-01,2026-01-01,after last observed
d0430a4f-ce81-4929-bc93-80808a3469c8,2026-04-01,2025-11-01,2025-11-01,after last observed
d07081dd-686f-4da2-9486-377197ee1885,2026-04-01,2026-01-01,2026-02-01,after last observed
d0d5828e-e99b-46bf-b798-c76013aef0e0,2026-04-01,2026-02-01,2026-02-01,after last observed
d12ec253-8f01-4080-a3e0-eb4100837eb8,2026-04-01,2026-02-01,2026-03-01,after last observed
d182f1cf-3e8e-4d1d-a3c4-bf0eec43f02f,2026-04-01,2026-01-01,2026-02-01,after last observed
d1963998-dad0-4a77-abfe-d50e2f6aa301,2026-04-01,2025-10-01,2025-11-01,after last observed
d2411014-97d6-4d55-91c8-3bfca57bc82b,2026-04-01,2026-01-01,2026-05-01,internal gap
d241d0da-ea49-4af7-90d5-aabc6971bc34,2026-04-01,2026-03-01,2026-03-01,after last observed
d296444a-edcc-4e2b-a9c8-986554ad18f7,2026-04-01,2025-11-01,2025-12-01,after last observed
d299e58b-d896-4046-a1f0-d60c75161d9a,2026-04-01,2025-10-01,2026-05-01,internal gap
d2aec463-1882-4b7b-8bc5-f6ad21735522,2026-04-01,2025-10-01,2025-12-01,after last observed
d3d9334c-91ed-4b27-ae68-dc22f4962377,2026-04-01,2026-01-01,2026-01-01,after last observed
d42011c0-cb43-4465-997d-0246ca16f1fe,2026-04-01,2025-11-01,2025-11-01,after last observed
d4447b1a-52af-44c1-a603-0097e0746303,2026-04-01,2026-02-01,2026-03-01,after last observed
d4a7423b-ada1-43a7-abbd-416d1dc00873,2026-04-01,,,no revenue ever
d4d57bed-c763-4f5a-a0bc-49c4fe1fd80e,2026-04-01,2025-11-01,2025-11-01,after last observed
d51659ca-2e49-4774-b060-a06c54dfe32b,2026-04-01,2026-01-01,2026-01-01,after last observed
d52bcf18-17f9-4445-acb2-55a267ef2ea7,2026-04-01,2026-03-01,2026-05-01,internal gap
d52dba37-e756-43c7-8f37-dce2720f5837,2026-04-01,2025-11-01,2026-02-01,after last observed
d53d152e-9808-492a-90e4-ef513dace44b,2026-04-01,2026-01-01,2026-01-01,after last observed
d5c39456-b1f4-4181-83c6-3cfaaf306007,2026-04-01,2026-01-01,2026-01-01,after last observed
d5c8cc10-0003-4de4-8b45-66018f3c8f41,2026-04-01,2026-03-01,2026-05-01,internal gap
d5e04e77-fbeb-43f8-bb60-c187068f11ef,2026-04-01,2026-01-01,2026-03-01,after last observed
d6e8cc6e-18dd-4dcb-88e7-f2631a8420b1,2026-04-01,2026-01-01,2026-01-01,after last observed
d6fd0e52-a345-4bda-83b0-3b0c0c54b25a,2026-04-01,2025-11-01,2026-02-01,after last observed
d740f127-0ee8-4913-a5e3-2b39816bb1cb,2026-04-01,2026-02-01,2026-03-01,after last observed
d80621a1-a5f7-4572-930d-dfba197b2f06,2026-04-01,2026-02-01,2026-03-01,after last observed
d827262f-be12-41c6-bef3-6c5b543a4d2f,2026-04-01,2026-01-01,2026-03-01,after last observed
d8286bac-d0cc-4502-871d-f03cf4f016ed,2026-04-01,2025-11-01,2025-12-01,after last observed
d8619486-8463-4e7d-a2f1-2faba4dc4f5b,2026-04-01,2025-11-01,2025-12-01,after last observed
d870dd29-896d-4cb0-a46e-60986a9c037d,2026-04-01,2025-12-01,2026-01-01,after last observed
d8984a8f-eb36-416b-b322-86c1056ca698,2026-04-01,2026-03-01,2026-03-01,after last observed
d8cc808b-b57c-45bb-930c-e6db07e12175,2026-04-01,,,no revenue ever
d9b35e1a-3786-4260-a9ad-0abfdf376913,2026-04-01,2026-01-01,2026-01-01,after last observed
d9eef040-97bc-46a6-a460-c7ea852a9773,2026-04-01,2025-11-01,2026-03-01,after last observed
daaff877-4e85-4118-ba35-708ffa730f43,2026-04-01,2026-03-01,2026-05-01,internal gap
db06fe17-628a-4416-9165-c34db39d15dc,2026-04-01,2026-02-01,2026-02-01,after last observed
db5a2878-38c2-4622-b5d8-24f98c7d602a,2026-04-01,2026-02-01,2026-03-01,after last observed
dbeb1ef1-5348-4524-80a3-f7cf083891aa,2026-04-01,2025-12-01,2026-01-01,after last observed
dc195a9e-71c1-41d4-923f-6cec088a837e,2026-04-01,2025-10-01,2026-03-01,after last observed
dc66284b-29bc-4f49-82d6-7caf67da3e45,2026-04-01,,,no revenue ever
dc95910e-cba2-433f-aca6-b0197e1f8bf4,2026-04-01,2025-11-01,2026-05-01,internal gap
dcb9fdc7-4d28-4741-8f9e-e790a4cdf0ea,2026-04-01,2026-02-01,2026-03-01,after last observed
dcdca128-710e-47b9-957f-d150d0b865de,2026-04-01,2026-02-01,2026-03-01,after last observed
dd2b7e48-38e4-44e4-89e6-112a6e2fea95,2026-04-01,2026-01-01,2026-01-01,after last observed
de166f26-738a-4c4c-a5c1-c4ec27a038e5,2026-04-01,2025-10-01,2025-12-01,after last observed
deb3a4d5-83b8-4b27-a429-82f64da5fba6,2026-04-01,2026-01-01,2026-01-01,after last observed
ded139f2-b579-4211-8404-e10c742e29c2,2026-04-01,2025-10-01,2025-10-01,after last observed
deeb22cf-afaf-41c0-8f95-6e10f7e4aaea,2026-04-01,2025-11-01,2025-11-01,after last observed
df443499-7f11-412c-82d2-40ddf5cc1091,2026-04-01,2026-02-01,2026-03-01,after last observed
e1365471-4922-4097-82bf-bcb54f701ff4,2026-04-01,2026-02-01,2026-02-01,after last observed
e1960c1c-9ba3-45ad-a3bd-7f44f2140b0b,2026-04-01,,,no revenue ever
e1a549e7-6a2c-4fd5-9acf-d42bbc6b46f5,2026-04-01,,,no revenue ever
e1c5ab6e-f58a-4dbc-b110-501798f52c48,2026-04-01,2026-01-01,2026-02-01,after last observed
e22c1929-d98b-499d-9cc7-1dc27f69e70c,2026-04-01,2025-10-01,2026-02-01,after last observed
e28da920-20ca-4703-8c35-5e921fe82e16,2026-04-01,2026-03-01,2026-03-01,after last observed
e2cbb86d-60b8-4967-b0b2-b78e22ee0dc0,2026-04-01,2026-01-01,2026-01-01,after last observed
e33333cf-f517-4d1e-8e30-6bcc623a6d5c,2026-04-01,2026-02-01,2026-03-01,after last observed
e35457c4-ffc9-4f21-8438-ed3cd299a087,2026-04-01,2026-02-01,2026-02-01,after last observed
e413ca81-ad7a-4f8d-80c4-a9db5c69eec9,2026-04-01,2025-12-01,2026-01-01,after last observed
e4c19fb8-fbcf-4aae-84bd-6f6b9b8dc3f2,2026-04-01,2025-12-01,2025-12-01,after last observed
e5e11cac-58ee-4659-be94-492bba1d5b57,2026-04-01,2026-03-01,2026-03-01,after last observed
e6dbcf61-0e9e-48f7-9be0-2479b88c9fb9,2026-04-01,2026-03-01,2026-05-01,internal gap
e744143c-1c1f-4bce-809a-a98cb5065f57,2026-04-01,2025-12-01,2026-02-01,after last observed
e7806e6a-e0b7-42ef-aca6-ace426fa183f,2026-04-01,2026-02-01,2026-03-01,after last observed
e7c860dc-ec07-4a96-a0c4-d0e8feaaecea,2026-04-01,2026-01-01,2026-01-01,after last observed
e7d03dbd-6916-4a55-8304-6c9c2f84f74f,2026-04-01,2026-02-01,2026-03-01,after last observed
e7fb789a-7e13-4125-9145-2699a331dfde,2026-04-01,2026-01-01,2026-02-01,after last observed
e8317331-6214-4d13-ac4a-6d18006b6db5,2026-04-01,2025-12-01,2026-01-01,after last observed
e891fe08-198c-4760-b77a-f23289e2e7ef,2026-04-01,2025-10-01,2025-11-01,after last observed
e8b01d8d-5472-4ec9-80a8-dc98e9af1601,2026-04-01,2026-03-01,2026-03-01,after last observed
e8b0e7a4-29c5-44ba-bcb1-a4d19010036d,2026-04-01,2025-12-01,2026-02-01,after last observed
e961ee4c-108e-42c0-8ff2-5faafc6c62bb,2026-04-01,2026-02-01,2026-03-01,after last observed
e9bb5720-333e-4c97-90df-4d520ff5b0d7,2026-04-01,2025-10-01,2026-01-01,after last observed
e9c24260-fc10-4529-b090-fde7c5a071f0,2026-04-01,2025-11-01,2025-12-01,after last observed
ea9b0d1c-663b-4c71-833d-64faea734fad,2026-04-01,2025-12-01,2025-12-01,after last observed
eab2bfc0-47d2-46b3-8f41-a46f6feb8ff0,2026-04-01,2025-12-01,2026-02-01,after last observed
eb6f452f-a475-4981-abb2-b9a633a30ddb,2026-04-01,2026-01-01,2026-01-01,after last observed
eb732698-7a59-4ffb-851b-ea8fea8221cf,2026-04-01,2025-11-01,2025-12-01,after last observed
eba3b507-0172-4e3f-8062-e8cce4dc8b1c,2026-04-01,2025-11-01,2026-03-01,after last observed
ebc597ac-80d9-429d-84ba-1508783b1246,2026-04-01,2026-02-01,2026-02-01,after last observed
ebda20be-0554-40b9-9943-81e622587408,2026-04-01,2025-12-01,2025-12-01,after last observed
ebf044ae-c8ec-43c0-b084-93052e8dca32,2026-04-01,2026-02-01,2026-05-01,internal gap
ec014acf-dca2-4ef6-9c92-f124103a291d,2026-04-01,,,no revenue ever
ec619087-b3ff-4cfe-84b5-30c7cca4eb55,2026-04-01,2025-12-01,2026-01-01,after last observed
ec89e4b1-3a03-42dd-a4a4-77de0e782127,2026-04-01,2026-02-01,2026-03-01,after last observed
eccb8144-202a-4d40-8435-4631fdf01f26,2026-04-01,2026-02-01,2026-02-01,after last observed
ece7bfec-ae96-4988-8495-67850abfe11a,2026-04-01,2025-10-01,2025-11-01,after last observed
ed13eab1-7b55-4651-807d-fc4331ae524c,2026-04-01,2026-01-01,2026-05-01,internal gap
ed6bcbf1-5b20-47e3-9404-e09fc52e2fc1,2026-04-01,2026-01-01,2026-02-01,after last observed
eda24dc9-2216-405f-9847-303dbda2ea26,2026-04-01,2025-12-01,2025-12-01,after last observed
ee73a8b3-72f6-444a-a981-bbedd44f5372,2026-04-01,2026-03-01,2026-03-01,after last observed
ef27830e-7421-492b-8623-4b87caef9dac,2026-04-01,2026-01-01,2026-05-01,internal gap
f045d27e-2794-4992-b069-e0afe7532915,2026-04-01,2026-02-01,2026-03-01,after last observed
f04aeaea-3d28-47c4-9bf6-13487f9f1039,2026-04-01,2026-01-01,2026-01-01,after last observed
f0554f7a-44a9-499c-992b-897e26c13601,2026-04-01,2025-11-01,2026-02-01,after last observed
f0d02c40-d64d-48f8-ac34-5a899cd3159b,2026-04-01,2026-01-01,2026-01-01,after last observed
f0dee735-c26f-4589-9f1c-a6adcacc22ee,2026-04-01,2026-02-01,2026-02-01,after last observed
f1002e12-3d13-4d80-8b82-ee78136e4199,2026-04-01,2025-11-01,2025-12-01,after last observed
f1060f8e-7bd9-4492-bcbf-1f9bce0b44fb,2026-04-01,2026-02-01,2026-02-01,after last observed
f1cf0523-f880-4b2d-9705-bb38c6471c70,2026-04-01,2025-11-01,2026-03-01,after last observed
f2e4f9c5-3c09-494e-a6ba-ac6471fbf337,2026-04-01,2026-01-01,2026-01-01,after last observed
f36f3941-dd47-4ac1-901a-2aefa46c2244,2026-04-01,2025-11-01,2025-11-01,after last observed
f4081d63-c57a-4030-8fcf-3a619be06fa8,2026-04-01,2025-12-01,2026-01-01,after last observed
f40b4dbe-3749-41e2-9353-acdaacae1d63,2026-04-01,2026-02-01,2026-03-01,after last observed
f448eb52-7b3a-49d1-92cb-e28551af269d,2026-04-01,,,no revenue ever
f4ebec8f-825d-4082-ac80-b7394930dafb,2026-04-01,2025-11-01,2026-02-01,after last observed
f5183a1c-b087-4a40-8e7a-ee067e0c6226,2026-04-01,2025-10-01,2026-02-01,after last observed
f546619d-1a77-4019-8ced-c107d6dcdbf2,2026-04-01,,,no revenue ever
f5bff679-496a-4d0e-a74d-b88176238467,2026-04-01,2026-05-01,2026-05-01,before first observed
f5d8d078-269c-4d25-af28-3cea42b2b661,2026-04-01,2025-12-01,2026-01-01,after last observed
f6233808-306f-46bf-817a-7fa37fc70ab0,2026-04-01,2025-11-01,2025-11-01,after last observed
f629715d-5e52-4c79-8c7f-a3412efd9941,2026-04-01,2026-01-01,2026-03-01,after last observed
f648fba3-2abc-4ad3-8b4a-e9c8d76b95b4,2026-04-01,2026-02-01,2026-02-01,after last observed
f65044cd-6a32-4b17-ab37-a7086e9de8ae,2026-04-01,2025-12-01,2026-03-01,after last observed
f66e1118-3253-4355-948e-29a2912908c1,2026-04-01,2025-11-01,2025-12-01,after last observed
f67386ab-4487-4a30-b945-d8cf5f3b63cc,2026-04-01,2025-12-01,2026-03-01,after last observed
f6aeedce-5f49-4afb-b3ca-374f9e2024ba,2026-04-01,2026-01-01,2026-02-01,after last observed
f6ee761e-d24e-4fa8-92e1-145511a189cf,2026-04-01,2026-01-01,2026-03-01,after last observed
f766d409-5066-4d1c-b4d1-f9869a500a77,2026-04-01,2025-11-01,2025-11-01,after last observed
f7e456ae-e341-4493-8977-aa0cae35c7c8,2026-04-01,2026-01-01,2026-01-01,after last observed
f85f6a6c-0997-4fdb-bb72-4afa866072fe,2026-04-01,2026-02-01,2026-03-01,after last observed
f9013982-68b2-4260-9b01-a55edeb69807,2026-04-01,2026-01-01,2026-03-01,after last observed
f9502b91-ea92-4125-bd29-1c5bb7737017,2026-04-01,2026-03-01,2026-03-01,after last observed
fa31f137-ae40-4263-a5e0-dee9eca33d69,2026-04-01,2025-12-01,2025-12-01,after last observed
fa5a0382-1847-4f1c-b58b-d070e65f707e,2026-04-01,2025-11-01,2026-03-01,after last observed
fab54ea1-5129-4899-93fc-b70116c8a77e,2026-04-01,2026-03-01,2026-03-01,after last observed
fad92b38-92b3-4b57-95cc-07e68c9c257c,2026-04-01,2025-11-01,2026-03-01,after last observed
faf31b51-9fff-4b6d-8897-d587af1ab489,2026-04-01,2026-01-01,2026-02-01,after last observed
faf96ae6-d074-41fa-ba57-223daa1d1ee7,2026-04-01,2025-12-01,2026-03-01,after last observed
fb3b4a89-bfc2-4fa2-9085-b180aed53d7d,2026-04-01,2025-12-01,2026-01-01,after last observed
fb441453-4d72-4b16-81ce-782a8b00c4e6,2026-04-01,2026-03-01,2026-03-01,after last observed
fb9de98a-949d-429c-b2fa-2a15595dc60b,2026-04-01,2026-02-01,2026-03-01,after last observed
fbc37d4c-68be-4424-9502-3e3b237766b1,2026-04-01,,,no revenue ever
fc2e087d-0340-4571-8eb4-083d056ba89b,2026-04-01,,,no revenue ever
fc40807f-a90e-4d3b-98b9-03169b4c96d1,2026-04-01,2026-05-01,2026-05-01,before first observed
fc49b5ea-1b54-43ca-9ba6-b484afdbcbff,2026-04-01,2025-12-01,2026-01-01,after last observed
fc5607d5-0180-40c8-aeae-24389513b0de,2026-04-01,2025-12-01,2026-02-01,after last observed
fca5d246-0c24-4b02-a9a2-1403c48c69ce,2026-04-01,2025-12-01,2025-12-01,after last observed
fcbec8f7-2b55-4769-bfa4-a4fe15789e3b,2026-04-01,2026-03-01,2026-05-01,internal gap
fcf2e174-5539-4a02-acd0-6b193646c2fe,2026-04-01,2026-03-01,2026-03-01,after last observed
fdbf1cad-cd96-4396-97ff-e68eab518577,2026-04-01,2026-01-01,2026-01-01,after last observed
fe28e752-e4ee-4ade-8178-9dc47cb0d09d,2026-04-01,2026-02-01,2026-02-01,after last observed
fe46de84-3dbc-4709-9540-816542756aa2,2026-04-01,2026-03-01,2026-03-01,after last observed
fe4fbaef-80e0-4acd-8223-6d1270a82686,2026-04-01,2026-01-01,2026-03-01,after last observed
fe5eaf06-ab49-4edc-860c-4062361c2193,2026-04-01,2026-01-01,2026-01-01,after last observed
fee6740f-6728-48b7-a22f-8adfc074a325,2026-04-01,2025-11-01,2026-03-01,after last observed
ffe781f1-a696-4929-aa61-bbe28b44a20b,2026-04-01,2025-11-01,2026-05-01,internal gap
0032d1c2-bba9-418f-a83e-b01f7114ee9a,2026-05-01,2026-03-01,2026-03-01,after last observed
0080d52a-07f3-461c-a1de-bee5beb011a7,2026-05-01,2026-01-01,2026-01-01,after last observed
008a1f4c-adab-44a0-8fdb-5d1e66bc89a9,2026-05-01,2026-03-01,2026-03-01,after last observed
0090514b-9745-4e82-bd01-0b5715d7c0f4,2026-05-01,2026-02-01,2026-02-01,after last observed
00fb6553-1194-433a-afd7-860dd12e9312,2026-05-01,2026-02-01,2026-02-01,after last observed
011ce8cf-4c49-4416-9de3-1b1bd54150c3,2026-05-01,2026-01-01,2026-04-01,after last observed
0120a00a-347a-4c06-a192-824a2f84e711,2026-05-01,2025-10-01,2026-02-01,after last observed
014b03ef-e7d3-44ad-9729-79ed9072eb1f,2026-05-01,2025-11-01,2026-01-01,after last observed
016b141c-efb4-4200-8c31-b385f09c0509,2026-05-01,2026-02-01,2026-02-01,after last observed
01715e69-5802-4ddd-9e3b-77f2315d2839,2026-05-01,,,no revenue ever
0264d6cd-a5b5-4c38-a910-078288e577a8,2026-05-01,2026-02-01,2026-02-01,after last observed
037b3650-dea2-4bc6-bf7f-e8c4b6db54ac,2026-05-01,2025-11-01,2025-12-01,after last observed
0439cfd7-1daf-4226-8d45-e19ba3e21d62,2026-05-01,2026-02-01,2026-02-01,after last observed
051c1783-5c55-4a93-a1eb-3375c65982b2,2026-05-01,2026-03-01,2026-04-01,after last observed
0522969c-fe71-40b0-b7fa-8d1eafc7e6d1,2026-05-01,2026-01-01,2026-02-01,after last observed
0539b7b3-3077-4a5b-956a-92ff28a47078,2026-05-01,2025-11-01,2026-02-01,after last observed
05609f17-ab81-4b8e-8374-83193a8a618f,2026-05-01,2026-04-01,2026-04-01,after last observed
05720d60-2476-4b54-8e90-c50efd13fdf4,2026-05-01,2026-02-01,2026-02-01,after last observed
05e250e7-b83e-4f0e-b61d-5b263ed2cfce,2026-05-01,2026-04-01,2026-04-01,after last observed
060adc75-ffa1-4552-ac09-df1a589ae067,2026-05-01,2026-04-01,2026-04-01,after last observed
06d5ac1a-75be-49fd-aa38-d2e64c92770d,2026-05-01,2026-02-01,2026-02-01,after last observed
06e217ee-d40f-4684-88e3-d0a463b303d7,2026-05-01,2025-11-01,2026-02-01,after last observed
072bf771-5438-4d5b-a90c-3466991b6c5b,2026-05-01,2026-01-01,2026-02-01,after last observed
072f7f18-983b-4adc-b58c-0151ae5acb5a,2026-05-01,2026-01-01,2026-01-01,after last observed
0731368f-035f-4041-ad2e-aef8e585c5dc,2026-05-01,2026-03-01,2026-03-01,after last observed
075c2fa7-530e-4202-ac9c-02f16c492baf,2026-05-01,2025-12-01,2026-01-01,after last observed
079da507-fc8b-437f-82c2-6d1b933ec555,2026-05-01,2025-11-01,2026-01-01,after last observed
07ed4418-faac-43f5-9189-bfac893db27b,2026-05-01,2026-03-01,2026-04-01,after last observed
08c4a206-983c-4f5d-816d-979b467b615c,2026-05-01,2025-11-01,2025-11-01,after last observed
08c75197-f556-47b0-9e0a-a40b1d2d1827,2026-05-01,2026-01-01,2026-04-01,after last observed
08cf3993-7bb3-44cc-b7e2-0ff2a0e8969b,2026-05-01,2026-01-01,2026-04-01,after last observed
0917b3be-ad34-49c7-9dc9-181466faecd9,2026-05-01,2026-01-01,2026-04-01,after last observed
091eda1f-38ea-4071-b800-d954ed64682c,2026-05-01,2026-03-01,2026-03-01,after last observed
092377f3-3514-4f2e-8a5b-fdfc2aec855d,2026-05-01,2026-02-01,2026-03-01,after last observed
09390b1d-d27d-4c0d-8280-ad0bb6e821c7,2026-05-01,2026-04-01,2026-04-01,after last observed
093e8c1b-7ce8-4714-bcd1-c9b3eb977916,2026-05-01,2025-12-01,2026-02-01,after last observed
0973019e-1c10-4ecb-ba88-c3580fd1be69,2026-05-01,2025-11-01,2025-11-01,after last observed
09cb1209-d355-4649-9479-f9946a723c97,2026-05-01,,,no revenue ever
09d0979b-9ef2-4553-8608-5fb3fac9dce5,2026-05-01,2025-12-01,2026-04-01,after last observed
09f36393-9dc2-4742-8a59-deef731dc3e6,2026-05-01,2026-01-01,2026-02-01,after last observed
09fa5a67-6a4b-47e2-89bf-b4a5a8c3fd4c,2026-05-01,2025-12-01,2026-01-01,after last observed
0aae3bfb-ec27-43ae-af63-ff0ec90c25c3,2026-05-01,2026-02-01,2026-03-01,after last observed
0aecc12f-c3db-4c85-9ccb-e8ac2257a2cf,2026-05-01,2025-11-01,2026-02-01,after last observed
0b551f54-95fb-475b-8522-9f56eea0680e,2026-05-01,2026-02-01,2026-02-01,after last observed
0b56bd7c-9378-4c83-a8fe-cac679ef2510,2026-05-01,2026-03-01,2026-03-01,after last observed
0baf383d-d899-42c2-a487-5c328a65e480,2026-05-01,2025-10-01,2025-11-01,after last observed
0bb5b361-b4ad-4afa-9b57-20598a8300ae,2026-05-01,2025-10-01,2026-01-01,after last observed
0be5c922-15ec-40cf-bd39-25be50ffd253,2026-05-01,2025-12-01,2026-03-01,after last observed
0be8b333-2037-4819-8914-383fbfeacef2,2026-05-01,2025-10-01,2026-04-01,after last observed
0c410d3c-03fd-4c16-88d4-a9749c2170b1,2026-05-01,2025-11-01,2026-02-01,after last observed
0ca171ed-0e84-45a1-b1c3-0f2d4b30c510,2026-05-01,2026-03-01,2026-04-01,after last observed
0cd0db51-cc2a-49ea-a605-1545e46d3d6a,2026-05-01,2025-11-01,2026-01-01,after last observed
0cd4a03c-c308-4b33-8a2a-8fd209b3501d,2026-05-01,2026-01-01,2026-01-01,after last observed
0cdc140f-701b-45e8-afc8-ed7f2cff9324,2026-05-01,2025-11-01,2026-01-01,after last observed
0d10efdd-6f84-49bf-a8c6-73b2488a8ab9,2026-05-01,2026-01-01,2026-02-01,after last observed
0d5e4ce7-3200-4612-aa85-7b281a79ca43,2026-05-01,2025-10-01,2025-11-01,after last observed
0e7ffddd-0df4-4959-880d-a1fdc09dbf5f,2026-05-01,2025-11-01,2026-03-01,after last observed
0eaf1af9-ac49-42b4-922e-9a9219546586,2026-05-01,2026-01-01,2026-03-01,after last observed
0eef2c1f-3040-455d-83cd-0838df5d2523,2026-05-01,2026-02-01,2026-03-01,after last observed
0f32df49-df72-424e-a1fc-ebc8eefd539f,2026-05-01,2025-11-01,2025-11-01,after last observed
0f8709a0-2f8a-4f38-9d99-db489faa9c9e,2026-05-01,2025-11-01,2026-01-01,after last observed
0f92749f-4399-4a47-a785-134f08352180,2026-05-01,2025-11-01,2026-01-01,after last observed
0f9fc6f4-2c19-4100-bbdc-5bc830c75a95,2026-05-01,2025-11-01,2026-01-01,after last observed
0fc56e35-5c62-40c4-9d84-4646f0e99f02,2026-05-01,2026-03-01,2026-04-01,after last observed
0fc6f726-1943-4dd6-9385-128a6eef4c60,2026-05-01,2026-02-01,2026-04-01,after last observed
0fe86999-b69b-4234-bb9b-f9f2ba73724f,2026-05-01,2026-03-01,2026-03-01,after last observed
10f9034b-dbb3-4538-9699-0f1e56be7735,2026-05-01,2026-01-01,2026-01-01,after last observed
11259c8c-630a-4f2d-87be-1673de9e11f9,2026-05-01,2025-12-01,2026-04-01,after last observed
115e1da1-647e-48c6-a00a-31f720ceabab,2026-05-01,2025-11-01,2025-11-01,after last observed
12148254-eca8-47ca-8cf3-904cf1194687,2026-05-01,2025-12-01,2026-03-01,after last observed
127d3fe4-7010-4e15-a476-4ef3705ef08f,2026-05-01,,,no revenue ever
12ab5193-3d75-4aa6-ab97-d076d8b6486b,2026-05-01,2026-02-01,2026-04-01,after last observed
12c6364a-8e26-4efd-ab21-07f769ae0e19,2026-05-01,2025-11-01,2025-11-01,after last observed
13027f6e-90c7-4600-a1f5-47db906d1767,2026-05-01,2025-12-01,2026-02-01,after last observed
132af7fc-16c0-48ba-816e-d6d705077486,2026-05-01,2026-02-01,2026-02-01,after last observed
1334af32-1084-47aa-9c5f-859263cb495c,2026-05-01,2025-11-01,2025-12-01,after last observed
144ce6b1-9989-4ff1-8fa4-21605449a477,2026-05-01,2026-03-01,2026-03-01,after last observed
148ebe57-f2a7-4af8-aac9-c24d998319e6,2026-05-01,2026-03-01,2026-03-01,after last observed
14a50983-b50d-42b4-bf56-56d1dee60042,2026-05-01,2025-10-01,2026-03-01,after last observed
14c17806-597c-4c5c-b4a4-370345c3e04f,2026-05-01,2026-01-01,2026-02-01,after last observed
14e3970a-b1c8-4627-8d66-d01bfaabe75e,2026-05-01,2026-03-01,2026-04-01,after last observed
150a9ff8-d84c-4dd5-860b-92b165055834,2026-05-01,2025-11-01,2025-12-01,after last observed
1530dccf-076c-42f0-8b0d-2c38c244b9db,2026-05-01,2025-12-01,2026-04-01,after last observed
16c34fbb-8443-4866-9bc6-370c88a0d972,2026-05-01,2026-04-01,2026-04-01,after last observed
16ff7343-f715-44db-8319-6fa4ba3d8fd4,2026-05-01,2026-01-01,2026-02-01,after last observed
17019da4-efb6-4918-a193-45afdf3ea89c,2026-05-01,,,no revenue ever
170287d3-9484-4cab-94ef-6ad36ae4a210,2026-05-01,,,no revenue ever
17355561-365d-486f-accc-9b9a7edef342,2026-05-01,2025-11-01,2025-12-01,after last observed
17481bc4-6a1d-4e23-b9cf-bdc650a2e9fb,2026-05-01,2026-02-01,2026-02-01,after last observed
17491bff-d387-46ae-8077-8cb0a9b5ac80,2026-05-01,2025-12-01,2026-04-01,after last observed
17749968-d613-404b-a530-7893f775df89,2026-05-01,2025-10-01,2025-11-01,after last observed
17d16007-0d34-43f2-ac4c-38842c9f71fe,2026-05-01,2025-10-01,2026-01-01,after last observed
17da50c4-c185-41fc-a3f5-31ee135e1487,2026-05-01,2026-03-01,2026-04-01,after last observed
18415ba3-34c2-40a1-9e05-2ace37750ae7,2026-05-01,2025-12-01,2026-02-01,after last observed
1842e0c6-5261-4932-b098-131835224051,2026-05-01,2025-12-01,2026-01-01,after last observed
1848d553-ace2-4f1c-b679-7849d82747ba,2026-05-01,2026-01-01,2026-04-01,after last observed
185c999a-5b7b-4343-844d-941ac740826c,2026-05-01,2026-01-01,2026-03-01,after last observed
187b504f-f493-4b79-a36b-53a4dab45b6f,2026-05-01,2025-12-01,2026-02-01,after last observed
18b87f6c-38eb-441e-a294-ee515e50046d,2026-05-01,,,no revenue ever
19178a81-75ff-4e44-be20-95b950a03c6c,2026-05-01,2025-11-01,2026-04-01,after last observed
194eadaa-f336-4d55-8c88-6a2b627f317d,2026-05-01,2025-11-01,2026-03-01,after last observed
1952fe5d-d9d9-4aa9-be54-8a2bfb37dd50,2026-05-01,2026-02-01,2026-03-01,after last observed
19679154-9302-42a9-b3e3-14e498b655d2,2026-05-01,2026-03-01,2026-04-01,after last observed
197f5510-941a-4d9b-9759-baa87432d280,2026-05-01,2026-04-01,2026-04-01,after last observed
19ef6857-fffa-45d7-9807-a8a3efbed527,2026-05-01,,,no revenue ever
1ad8727c-d762-4ec0-a2b1-643fbba79877,2026-05-01,2026-03-01,2026-04-01,after last observed
1adc4041-8019-4af3-9620-7fc28cc5d1e9,2026-05-01,2026-02-01,2026-03-01,after last observed
1b22fbe1-24bd-4d30-aba5-db626aabfc00,2026-05-01,2026-04-01,2026-04-01,after last observed
1b2c7941-0870-4288-be7c-e3f60b284859,2026-05-01,2025-10-01,2025-11-01,after last observed
1b41493a-a3f2-4925-b159-5567791da5a6,2026-05-01,2026-02-01,2026-04-01,after last observed
1b4f369e-f19f-482e-a599-d2f97a6c8e7b,2026-05-01,,,no revenue ever
1bc15cdd-5fe5-492a-abc4-0e833bdedac9,2026-05-01,2025-12-01,2026-03-01,after last observed
1bc593dc-1b2c-4d7b-8cc1-992676495396,2026-05-01,2026-01-01,2026-02-01,after last observed
1ccce1ba-bd95-497f-9190-58942d69e18c,2026-05-01,2026-02-01,2026-03-01,after last observed
1d002bd2-f304-497e-b1eb-000e418febcc,2026-05-01,2026-03-01,2026-04-01,after last observed
1d33e5ac-8e4b-47f3-9cb9-afe85f076cc6,2026-05-01,2026-01-01,2026-03-01,after last observed
1d5349a3-3859-4bae-925f-af784a371766,2026-05-01,2025-12-01,2026-04-01,after last observed
1d6b6cca-2aaa-4030-8264-6eefc56b56cd,2026-05-01,2025-11-01,2025-12-01,after last observed
1d861ce6-8d26-49d8-8558-48ffe0375d96,2026-05-01,2025-11-01,2026-01-01,after last observed
1d9db493-f74a-4686-961e-1324a62a0a25,2026-05-01,2025-10-01,2025-11-01,after last observed
1dd17933-4261-4eae-bf2c-3e68b0da1245,2026-05-01,2026-01-01,2026-01-01,after last observed
1e529c1a-bfb3-453b-9d7c-a50c04f25cb3,2026-05-01,2026-04-01,2026-04-01,after last observed
1ed1f990-b418-4a1b-a9b2-e97d8071e2a9,2026-05-01,2025-11-01,2026-03-01,after last observed
21569ac0-e403-41f8-a0d0-ef30ed980bce,2026-05-01,2026-01-01,2026-03-01,after last observed
215d4d8d-f29f-4182-84f7-5136211e35e3,2026-05-01,2026-03-01,2026-03-01,after last observed
2175b778-a2f2-4199-b92e-5da0d3357e67,2026-05-01,2026-03-01,2026-04-01,after last observed
2298d9c0-c679-4caf-9fd9-db2011a6a0ba,2026-05-01,2025-12-01,2026-04-01,after last observed
229db3f0-f0ae-466a-8488-62e82de34e83,2026-05-01,2025-12-01,2026-02-01,after last observed
22addcdd-19dd-43a8-a9fb-327ff7667a81,2026-05-01,2026-03-01,2026-03-01,after last observed
22d06b82-81c3-4aef-bf8f-eeda09bfab7f,2026-05-01,,,no revenue ever
23010c6d-4c4d-4b18-8e72-bc17071aeba1,2026-05-01,2025-11-01,2026-02-01,after last observed
23391500-66c1-48fa-b25e-42435305963f,2026-05-01,2026-03-01,2026-03-01,after last observed
2365316e-5e7c-4729-ab5a-6a265bdb9ebf,2026-05-01,2026-01-01,2026-01-01,after last observed
239f862f-6019-4f77-9254-4eec96cfe361,2026-05-01,2026-04-01,2026-04-01,after last observed
23a26ac0-5d44-4c90-a9c3-e83db6221154,2026-05-01,2025-10-01,2025-10-01,after last observed
23ca1c06-3f36-4fbf-936b-f346e087f6ce,2026-05-01,2026-01-01,2026-03-01,after last observed
23dac4d1-9d76-4495-8216-009920edce12,2026-05-01,2025-10-01,2026-04-01,after last observed
24420a44-416d-4d2a-be9a-26091cb93c12,2026-05-01,,,no revenue ever
24b225d6-40c5-4f13-bcc3-0a02fbb17339,2026-05-01,2025-12-01,2026-02-01,after last observed
2508f73f-22f8-4eb1-a59a-69103fc30c36,2026-05-01,2026-01-01,2026-02-01,after last observed
2531b4c7-903e-4af3-bf87-b8391bca55e5,2026-05-01,2025-12-01,2026-04-01,after last observed
2599dcd1-aae4-40aa-b051-79f5a9998400,2026-05-01,2026-02-01,2026-04-01,after last observed
25e989d0-9a77-43c6-9740-db1b61e4c5bd,2026-05-01,2026-03-01,2026-03-01,after last observed
261e7f3f-ac2f-42b3-9e0b-6ff227cb7967,2026-05-01,2026-02-01,2026-03-01,after last observed
263a1fad-1473-4f84-a814-9e9e894ae4b0,2026-05-01,2025-10-01,2025-11-01,after last observed
264ba785-60b3-4273-8141-bfacf22e0229,2026-05-01,2025-10-01,2026-01-01,after last observed
264d0dfc-50ce-4e4e-a3bd-eb2c508da77e,2026-05-01,2025-10-01,2026-02-01,after last observed
26af34c5-3da4-429e-98e9-f2338858a167,2026-05-01,2026-01-01,2026-02-01,after last observed
26c2acc0-a7b1-4fc2-aaad-bb6649bbfffe,2026-05-01,,,no revenue ever
2736e8be-8352-4212-a0ae-0d33416f3cf5,2026-05-01,2025-12-01,2026-03-01,after last observed
27f373f0-61cd-4f23-9164-0e54234e04af,2026-05-01,2026-03-01,2026-04-01,after last observed
27f71ecf-db55-4cfa-9863-f18c9e115549,2026-05-01,2026-02-01,2026-03-01,after last observed
28077b10-fe31-4b90-922f-012516ab642e,2026-05-01,2026-02-01,2026-04-01,after last observed
281997eb-e340-46c0-a0a0-7f79523c866d,2026-05-01,2025-11-01,2026-01-01,after last observed
28273eb0-1a87-482a-9e7e-beb58e4577ba,2026-05-01,2026-01-01,2026-03-01,after last observed
28c67573-b0b0-493c-a5bc-d4a6d63faeda,2026-05-01,2026-02-01,2026-02-01,after last observed
28de662b-5530-40dc-86ad-303fe9759045,2026-05-01,2025-11-01,2025-12-01,after last observed
28f15760-b3b5-4d48-8c1b-c678de97c4d0,2026-05-01,2026-04-01,2026-04-01,after last observed
29447611-07ad-4023-9621-a0c2db95666a,2026-05-01,2025-11-01,2025-12-01,after last observed
294edcb1-8f97-4cb7-971f-f3259f13c584,2026-05-01,2026-01-01,2026-01-01,after last observed
294f78c5-ab43-4a0a-8dfe-8addc293e535,2026-05-01,2025-12-01,2025-12-01,after last observed
29cae991-fbe4-4113-9dcb-75000df04a92,2026-05-01,2026-03-01,2026-03-01,after last observed
29ceda4c-7bbe-4f34-82d3-10e65dc5d185,2026-05-01,2025-11-01,2026-03-01,after last observed
29d5c5d6-55b0-4825-868d-3874b011d8b5,2026-05-01,2026-02-01,2026-02-01,after last observed
2a1a7ed9-f718-4f89-84a2-e857960cf538,2026-05-01,2026-02-01,2026-04-01,after last observed
2a5abd80-0666-4b19-be8f-9fd6da54ad4c,2026-05-01,,,no revenue ever
2a7f8785-0aa8-4eb2-8c32-300d693fa439,2026-05-01,2025-11-01,2026-01-01,after last observed
2a86874f-66bb-44ec-9937-1db0f47ee995,2026-05-01,2026-01-01,2026-04-01,after last observed
2aa12c29-81ef-43a9-9eda-0bfc13eae551,2026-05-01,2026-01-01,2026-01-01,after last observed
2abc66ff-9985-4116-890e-08034dbcb522,2026-05-01,2026-01-01,2026-01-01,after last observed
2ac223bb-4468-40fd-8ef2-c6a7eb5ab578,2026-05-01,2026-02-01,2026-02-01,after last observed
2b17fe21-19ea-46d9-bdef-2c6ca051a159,2026-05-01,2025-10-01,2025-10-01,after last observed
2b76da62-330c-4238-b324-b2eb5f8286ae,2026-05-01,2025-11-01,2026-03-01,after last observed
2c2c1bc9-64aa-400c-8acc-2d3c929ef62a,2026-05-01,,,no revenue ever
2c6579a7-3df5-4852-a7e5-cb65efb1275b,2026-05-01,2026-03-01,2026-03-01,after last observed
2c7e20e4-05da-4aa6-b41b-7c8ec41a15e6,2026-05-01,2025-11-01,2026-01-01,after last observed
2cde0700-9121-4c77-8096-62504425b40d,2026-05-01,2026-01-01,2026-04-01,after last observed
2cf27c6a-8014-40de-a026-cf199e9fed2b,2026-05-01,2026-04-01,2026-04-01,after last observed
2d0d01d2-dadc-4a0c-bf04-af36e64a6d54,2026-05-01,,,no revenue ever
2d27ddfd-ab21-48a1-aae5-3d263314de54,2026-05-01,2026-02-01,2026-03-01,after last observed
2d50bc5e-06ca-49be-b7e1-68dc5a926864,2026-05-01,2026-02-01,2026-02-01,after last observed
2dca7666-6051-4025-bae6-e49c0b80164f,2026-05-01,2025-11-01,2026-03-01,after last observed
2deb12c9-6283-4f79-9f07-2ce4f0b4557a,2026-05-01,2026-01-01,2026-04-01,after last observed
2e008ce0-4369-48d6-b77c-552902637780,2026-05-01,2026-01-01,2026-01-01,after last observed
2e10ca7d-919f-4720-b410-07c599a7c51f,2026-05-01,2025-11-01,2025-11-01,after last observed
2e5e1820-4420-4b17-8730-b3b35e53d200,2026-05-01,2026-03-01,2026-03-01,after last observed
2ea5e5cc-32fb-4e96-a6eb-77e9f69f57f1,2026-05-01,2025-12-01,2026-03-01,after last observed
2ec6d8fb-9f7c-4e67-9736-0800254c3783,2026-05-01,2026-03-01,2026-04-01,after last observed
2f34f6b0-f57e-4d2f-ad5d-2c62a8c4d7d0,2026-05-01,2025-10-01,2026-04-01,after last observed
2f3bb12a-090b-4cc0-8d14-9b3f81c35956,2026-05-01,2025-12-01,2026-03-01,after last observed
2fe00458-d729-43e3-b2c7-d810c8d275d2,2026-05-01,2025-11-01,2026-03-01,after last observed
3075a64c-0ecb-4174-aac9-f21b81b68611,2026-05-01,2026-02-01,2026-04-01,after last observed
31346232-42c6-484f-81ac-dbd7f1e8c282,2026-05-01,2025-11-01,2026-01-01,after last observed
319dae6a-a7f6-4cce-967c-9021c5255879,2026-05-01,2025-12-01,2025-12-01,after last observed
31c9ac72-4908-4586-959d-f140f2fc4dc6,2026-05-01,2026-04-01,2026-04-01,after last observed
321c2009-8cee-482d-a0e6-82e8094a2679,2026-05-01,2025-12-01,2026-02-01,after last observed
327f13ce-e84f-44ec-9ad7-f5f784c45f17,2026-05-01,2026-02-01,2026-04-01,after last observed
3345f209-ecfd-4644-8b03-e1aba7aeebdf,2026-05-01,2026-03-01,2026-04-01,after last observed
336c210b-28db-4542-b04e-795e30d5dab0,2026-05-01,2025-11-01,2026-02-01,after last observed
346f1824-c5ca-4fc8-aa1f-2a5cba27d0eb,2026-05-01,2026-04-01,2026-04-01,after last observed
34b878b2-83fd-4c41-9976-ba86cd82189a,2026-05-01,2026-03-01,2026-04-01,after last observed
358bf736-5d2a-434b-862c-a726cfa459bf,2026-05-01,2026-02-01,2026-02-01,after last observed
35d1cd80-3a4d-4313-b63d-7bceeb8f852d,2026-05-01,2025-11-01,2025-11-01,after last observed
35d44e1f-b797-4f84-8c08-3ff1c851bb09,2026-05-01,2025-10-01,2026-03-01,after last observed
35db2c2f-0f90-453f-a45a-1393adeab3aa,2026-05-01,2026-03-01,2026-03-01,after last observed
362188f1-ec6c-4b41-8d62-98fd41ac04c6,2026-05-01,2026-04-01,2026-04-01,after last observed
364dc089-8e8f-4fa2-86f1-58eaab68ab86,2026-05-01,2026-02-01,2026-04-01,after last observed
36b17719-77e4-4b25-b055-1241ec881969,2026-05-01,2026-04-01,2026-04-01,after last observed
37219858-5dc9-4c5c-ad0d-375dfac438db,2026-05-01,,,no revenue ever
372f5ab0-1794-4b79-be7c-235f90532967,2026-05-01,2026-01-01,2026-02-01,after last observed
387d32c4-804c-4378-b2c5-77759ad34cdd,2026-05-01,2026-02-01,2026-04-01,after last observed
3880a978-b783-4abc-830d-ce7373dd457c,2026-05-01,2026-01-01,2026-02-01,after last observed
388e2493-7cee-42a7-ae89-cd3a71ae5d5d,2026-05-01,2026-01-01,2026-01-01,after last observed
38bf3cb8-f8be-4fce-b42e-1e9d63112257,2026-05-01,2025-11-01,2026-01-01,after last observed
38d23300-0236-4599-8b0d-35de18abbc2c,2026-05-01,2025-12-01,2025-12-01,after last observed
38ef5989-2f61-4d63-936d-799a2ddd6c89,2026-05-01,2026-01-01,2026-04-01,after last observed
390b5c72-11b4-461a-8862-314c387887b6,2026-05-01,2025-11-01,2026-01-01,after last observed
397e2905-fc5a-4349-a748-c6a3b7ba9e32,2026-05-01,2026-03-01,2026-04-01,after last observed
3a4084d6-f24c-4810-887c-3cd59f388c05,2026-05-01,2026-04-01,2026-04-01,after last observed
3a4d48be-7fa3-4656-9166-85df11246b46,2026-05-01,2026-02-01,2026-02-01,after last observed
3a5fe741-86a2-4a2e-b8f4-ab41441c3dd7,2026-05-01,2026-03-01,2026-03-01,after last observed
3a7ede44-151e-43c9-9c93-7e8d193ba254,2026-05-01,2026-02-01,2026-02-01,after last observed
3a8f4ce7-3331-4718-bf1d-549ac70c01d2,2026-05-01,2026-01-01,2026-01-01,after last observed
3aca162e-8f99-4184-9ddd-8f329ce9b44e,2026-05-01,2025-12-01,2026-02-01,after last observed
3b175f68-0c5e-467f-9197-ff57f99f8c2a,2026-05-01,2026-01-01,2026-04-01,after last observed
3b4ab6c2-f81b-45d8-91fa-8b58c1b04ec0,2026-05-01,2026-03-01,2026-03-01,after last observed
3bf338fb-9537-4ffc-ba03-f25141aa1aeb,2026-05-01,2026-01-01,2026-01-01,after last observed
3c583185-1af3-48d8-86e5-bb7d32a24e43,2026-05-01,2025-12-01,2025-12-01,after last observed
3c5ff932-a382-4bda-a990-625a1cb034e4,2026-05-01,2026-01-01,2026-04-01,after last observed
3c92582e-d405-49cf-a9a1-5d05d08719c4,2026-05-01,2026-01-01,2026-02-01,after last observed
3caa5b26-a4f2-4d3f-91e2-864e39aa5ba5,2026-05-01,2025-11-01,2026-01-01,after last observed
3cd4495c-1480-4f1f-8080-5dde7c1f1ebc,2026-05-01,2026-01-01,2026-01-01,after last observed
3ceb8a06-ec3f-4ae4-a4d5-4913adfbd259,2026-05-01,2025-10-01,2026-04-01,after last observed
3cf0b571-57ce-4c71-a8b5-a6d25409ff32,2026-05-01,2025-10-01,2025-10-01,after last observed
3d0535e0-e791-4666-8cc1-887c87be169b,2026-05-01,2025-10-01,2025-12-01,after last observed
3d1ef967-7ce9-46c6-97c0-8ee38b2fcd5f,2026-05-01,2025-11-01,2026-04-01,after last observed
3d9b1871-2767-4485-ba2d-33adf4a3cc25,2026-05-01,2026-01-01,2026-01-01,after last observed
3dc5da6e-0bb1-478e-801d-cd7516c0348f,2026-05-01,,,no revenue ever
3dc66445-841b-4d16-8863-0368e24ad38d,2026-05-01,2025-12-01,2026-03-01,after last observed
3dc9c125-53a9-4783-b87b-7e35468ee629,2026-05-01,2026-03-01,2026-04-01,after last observed
3e6c60bf-4ce0-41f8-bb73-70131126dd27,2026-05-01,2026-04-01,2026-04-01,after last observed
3e7bfe2e-4108-4ba9-bd3b-78d43f500f1d,2026-05-01,2026-02-01,2026-04-01,after last observed
3e814dc3-5228-4301-a661-0f2cdd53f1f7,2026-05-01,2026-04-01,2026-04-01,after last observed
3ef687bb-1f24-4140-90f4-bc5db208db7e,2026-05-01,2026-02-01,2026-03-01,after last observed
3f519914-bc85-4acd-88ff-916a28efba1f,2026-05-01,2026-02-01,2026-02-01,after last observed
3fc2afa8-d7b2-411f-94ab-825fd7e12b57,2026-05-01,2026-03-01,2026-04-01,after last observed
3fc3f4a5-9115-4846-a209-7441f040781a,2026-05-01,2025-10-01,2026-04-01,after last observed
3fcde54a-38fb-4f01-9ec9-f66b8eb223a1,2026-05-01,2026-03-01,2026-03-01,after last observed
3fdd51db-da57-416c-bb95-8fd37d0de858,2026-05-01,2025-11-01,2026-03-01,after last observed
40229b03-a3de-43e2-8951-46f785310de5,2026-05-01,2026-01-01,2026-01-01,after last observed
404e7939-5323-4a27-83e6-94f04e0f971f,2026-05-01,2026-01-01,2026-02-01,after last observed
4074b78f-bf4d-4b1e-a0d6-06e891263ae9,2026-05-01,2026-01-01,2026-01-01,after last observed
40c9e9a9-0f70-4347-a319-8291e90125de,2026-05-01,2025-11-01,2026-04-01,after last observed
40e49820-ef6f-4cc3-ba56-1f6644f6cbc2,2026-05-01,2026-03-01,2026-04-01,after last observed
41a07c5a-f012-45cd-85c3-c59577a44669,2026-05-01,2025-12-01,2026-01-01,after last observed
41b1b28a-d057-4be0-ab58-2e46e00d2818,2026-05-01,2026-03-01,2026-03-01,after last observed
41d12dcb-0b48-4899-a47a-4e20dd729198,2026-05-01,2026-02-01,2026-04-01,after last observed
41deb9e0-1305-4c19-8310-3d9e08a4827c,2026-05-01,2026-02-01,2026-02-01,after last observed
426e2f6a-9e32-4079-9655-41c310c3d5c5,2026-05-01,2026-01-01,2026-03-01,after last observed
42ba2e9d-b6c9-4829-82a7-758564db9e22,2026-05-01,2025-11-01,2026-03-01,after last observed
42f7df30-a361-429c-933d-5613c77c761c,2026-05-01,2026-01-01,2026-04-01,after last observed
43185ddb-0e29-48bb-b8df-e4f1096b5358,2026-05-01,2026-01-01,2026-02-01,after last observed
43b500e2-d9a9-4471-b27f-4c9a916303b1,2026-05-01,2026-02-01,2026-04-01,after last observed
4468677f-a737-4111-a7db-7c497d743776,2026-05-01,2026-04-01,2026-04-01,after last observed
448a5ba2-c8ba-4651-8b03-13a82dd86a00,2026-05-01,2026-02-01,2026-04-01,after last observed
44900783-9ee3-4f2b-a630-73f37858bf84,2026-05-01,2025-12-01,2026-01-01,after last observed
44a49b39-708b-4b0f-a719-14b92b9076f7,2026-05-01,2026-02-01,2026-03-01,after last observed
44da8748-203d-40b5-9852-04ab2baf859d,2026-05-01,,,no revenue ever
44df2da7-e082-4870-9d86-0bfd93fe571e,2026-05-01,2026-02-01,2026-02-01,after last observed
44f60e54-d89a-4f85-ae8b-55c70702733b,2026-05-01,2026-03-01,2026-03-01,after last observed
4541b4cc-68a4-43c2-bdcc-2811d27f21cb,2026-05-01,2026-03-01,2026-03-01,after last observed
4553907d-0633-49d5-af59-22ca961ed52b,2026-05-01,2026-01-01,2026-03-01,after last observed
45800908-be26-4c94-97cb-450e0134c2f1,2026-05-01,2026-01-01,2026-02-01,after last observed
45a2648a-49e1-41f8-bd9b-ef40263a456e,2026-05-01,2025-10-01,2026-04-01,after last observed
45c156c2-53a8-4b9b-b40d-99484f4c59da,2026-05-01,2025-12-01,2026-03-01,after last observed
45e11170-70ed-494e-b48e-162d97a8996c,2026-05-01,2026-03-01,2026-04-01,after last observed
45e8a37a-8b55-4fd5-9d38-1fcf0309ac78,2026-05-01,2026-03-01,2026-04-01,after last observed
46840cf2-d471-43fe-9564-0b19fd487ce3,2026-05-01,2026-03-01,2026-04-01,after last observed
469d1dbd-2e4b-4e1c-aca0-c93fb2f594ab,2026-05-01,,,no revenue ever
476c1dd2-3a88-4d72-b126-971fda60b35a,2026-05-01,2026-03-01,2026-04-01,after last observed
47cb41ef-041e-4d43-82b4-462824bd712d,2026-05-01,2026-04-01,2026-04-01,after last observed
47e9d8bb-1ac0-4fcf-a7ce-b1a7f6c85b20,2026-05-01,2026-01-01,2026-04-01,after last observed
480ef99f-4e43-45cb-b794-8efb9a556273,2026-05-01,2025-12-01,2025-12-01,after last observed
48596f86-b6a9-4ab7-a8ce-79f7ff8d77de,2026-05-01,2026-03-01,2026-03-01,after last observed
4881cad5-f36a-4f45-85bb-9904acceff69,2026-05-01,2026-01-01,2026-04-01,after last observed
48abfd66-f5d1-4282-bc82-da8cca6b99b6,2026-05-01,2025-11-01,2025-12-01,after last observed
48ae06ed-bbe8-4a77-b0b2-f08cc6c00907,2026-05-01,2026-01-01,2026-03-01,after last observed
49790bfb-83c1-4b93-8645-69064dfde234,2026-05-01,2026-04-01,2026-04-01,after last observed
49a860e7-6408-46be-8fac-9baa3ba1cb05,2026-05-01,2025-10-01,2025-12-01,after last observed
4a149253-4d1b-4347-a570-f14ec2bdd551,2026-05-01,2026-03-01,2026-03-01,after last observed
4a197d5b-8367-473d-83ae-acf1a82a3656,2026-05-01,2026-02-01,2026-03-01,after last observed
4a299d61-f72e-42ce-a197-aa4d1fd91b1e,2026-05-01,2026-01-01,2026-02-01,after last observed
4a5ace95-54a2-4837-be87-77adfcce6c32,2026-05-01,2025-12-01,2025-12-01,after last observed
4a90d9b1-0aeb-4ec9-a1cd-24135f08e0bf,2026-05-01,2026-01-01,2026-02-01,after last observed
4abf3a56-a183-4c5b-ab55-213147b5c0ae,2026-05-01,2026-03-01,2026-04-01,after last observed
4adfc6ca-1622-4e27-b9ce-c7b3a4d7c147,2026-05-01,2026-02-01,2026-03-01,after last observed
4c840a35-e25a-4471-a60c-3496891f7332,2026-05-01,2025-10-01,2025-10-01,after last observed
4cb00a80-6c12-4b6b-9f52-eb81ab4b514e,2026-05-01,2026-04-01,2026-04-01,after last observed
4cc20070-6c07-43bf-b975-b696fa5b13f7,2026-05-01,2026-04-01,2026-04-01,after last observed
4d741ea0-e9fe-4d1d-9795-29386788ea57,2026-05-01,2025-11-01,2026-03-01,after last observed
4d829fa1-964d-4125-bea6-65c9dc038c1e,2026-05-01,2025-12-01,2026-04-01,after last observed
4dc7cd91-e2b0-4063-89c6-d1d315683e71,2026-05-01,2026-02-01,2026-03-01,after last observed
4de00753-6930-483b-9aa5-73bd86487f27,2026-05-01,2025-11-01,2026-02-01,after last observed
4e59d6ed-8b09-402c-827c-f06ee103592c,2026-05-01,2026-02-01,2026-03-01,after last observed
4ed648d2-0345-4993-b4bb-2bcf44bf743f,2026-05-01,2025-11-01,2026-03-01,after last observed
4edb8b14-99d9-4637-a741-d0e080b57272,2026-05-01,2025-12-01,2026-04-01,after last observed
4f232716-3e21-4a8a-8af8-cadc567ed002,2026-05-01,2025-11-01,2026-03-01,after last observed
4f6e8815-ad5d-462f-ab43-c3774fa16f33,2026-05-01,2026-04-01,2026-04-01,after last observed
4fc6319b-a131-416b-9c93-c412e9ca06b3,2026-05-01,2026-02-01,2026-04-01,after last observed
50d58e18-f1d0-4939-8269-aaa70e8d64b2,2026-05-01,2025-12-01,2026-04-01,after last observed
50de7ce7-d968-492a-b9f4-a2f5a91e8256,2026-05-01,2025-10-01,2026-01-01,after last observed
511c23d1-0283-40b4-9f0f-d04c4fc94468,2026-05-01,2025-11-01,2025-12-01,after last observed
511ef703-c744-4f6f-9ffb-8867244f84d4,2026-05-01,2025-12-01,2026-03-01,after last observed
5191d6dc-55a9-485b-a91f-c61c1626d680,2026-05-01,2025-11-01,2026-04-01,after last observed
51a1d4fd-d1b2-4862-bc3c-2532f2250657,2026-05-01,2025-11-01,2026-03-01,after last observed
51a46cfd-f201-4b6f-b002-2140344f61b6,2026-05-01,2026-01-01,2026-01-01,after last observed
51e1dd09-a823-4cde-8363-976bc8e0b4be,2026-05-01,2026-02-01,2026-02-01,after last observed
51e3c6ee-7e16-47ff-9bb3-d6af30b49e10,2026-05-01,2026-01-01,2026-02-01,after last observed
52567bde-1787-4f89-ba5e-b5636e385323,2026-05-01,2026-02-01,2026-02-01,after last observed
527ea897-e896-4235-90be-863cbc67ca3d,2026-05-01,2025-12-01,2025-12-01,after last observed
52823b6f-e77a-42e2-8b3a-885a1db9d61c,2026-05-01,2025-11-01,2026-01-01,after last observed
52d6d078-d633-4a78-b9ff-ee604f7d3f03,2026-05-01,2025-11-01,2026-04-01,after last observed
530e5eb0-e5be-493d-aa4f-c9dc2ab4d656,2026-05-01,2025-11-01,2025-11-01,after last observed
535cd92b-9046-4afd-9369-9554a796ce3b,2026-05-01,2026-03-01,2026-03-01,after last observed
54645b12-5dce-4f7a-9cca-98cf8898b56e,2026-05-01,2025-10-01,2025-12-01,after last observed
55562b5c-ec72-4622-a997-f0c2849e1d3a,2026-05-01,2025-11-01,2026-03-01,after last observed
5574ca4b-ee26-48f4-a571-0a978e1756fd,2026-05-01,2026-01-01,2026-03-01,after last observed
55854910-e0d8-4377-87d8-45ffd0c38715,2026-05-01,2026-01-01,2026-04-01,after last observed
5595d34f-76dc-4936-a149-416d6a6d67e9,2026-05-01,2026-04-01,2026-04-01,after last observed
559cc32f-f7fd-42cb-997e-2652a8e3e773,2026-05-01,2025-12-01,2026-03-01,after last observed
55b7edc7-1481-41dd-8702-28b5c001ba51,2026-05-01,2025-12-01,2026-01-01,after last observed
55d89637-2ce0-4e87-ab2b-878c79c24939,2026-05-01,2026-02-01,2026-02-01,after last observed
55daa107-2e41-43f5-97c8-80a4cf80de69,2026-05-01,2025-12-01,2025-12-01,after last observed
5670cffb-0854-41bf-ae84-af67a3bd81cd,2026-05-01,2026-02-01,2026-04-01,after last observed
56a25c8e-f03f-4e0c-bfb9-def464c68920,2026-05-01,2026-02-01,2026-02-01,after last observed
57755a21-741e-4224-93b5-fd396732d4b1,2026-05-01,2025-10-01,2025-11-01,after last observed
57bc8131-a950-4b47-9eeb-6f249bde2bfb,2026-05-01,2026-02-01,2026-02-01,after last observed
58046c0f-988b-4ab9-8dbd-28856832b7f9,2026-05-01,2025-11-01,2026-02-01,after last observed
586c41ce-7493-4f45-853c-7ae56090bcd4,2026-05-01,2026-03-01,2026-03-01,after last observed
5872873a-0423-48a0-9542-fbb6828828f1,2026-05-01,2025-12-01,2026-03-01,after last observed
58827eef-4caf-46d5-9847-b656003f9d0a,2026-05-01,2026-02-01,2026-04-01,after last observed
58846565-c129-4b0f-b2f4-0dfee4b56f3a,2026-05-01,2025-10-01,2025-12-01,after last observed
588642ac-0197-4aaf-9f51-c47d5e2aefb9,2026-05-01,2025-11-01,2025-12-01,after last observed
58b2d3e7-4f3b-4c74-a1e1-7966356c932a,2026-05-01,2026-01-01,2026-02-01,after last observed
58d8c410-a90f-4888-88f5-3335b31294f1,2026-05-01,2026-01-01,2026-02-01,after last observed
58d934b5-37e7-4ab0-8c82-3d5d7d0e273f,2026-05-01,,,no revenue ever
59268c11-9e2e-4c4e-9b1e-9428f27d610b,2026-05-01,2026-04-01,2026-04-01,after last observed
59691f44-0c1e-4003-87d4-89a3cdd1aa2f,2026-05-01,2026-04-01,2026-04-01,after last observed
59f99654-90d4-4ebc-8caa-b0e369857003,2026-05-01,2026-02-01,2026-04-01,after last observed
5a0ebe3b-9c98-406a-95a8-6e888b02c819,2026-05-01,2025-12-01,2026-03-01,after last observed
5a388e27-3064-4666-87a1-50ed1db9b9be,2026-05-01,2026-01-01,2026-01-01,after last observed
5ab8999a-5536-46a3-af40-645cb0f2aa07,2026-05-01,2026-03-01,2026-04-01,after last observed
5afccd6e-0737-41e4-bb64-9dfa46a9f7b7,2026-05-01,2026-02-01,2026-04-01,after last observed
5b83bf5e-b19c-4197-98ed-b68cbba34bad,2026-05-01,2025-11-01,2025-12-01,after last observed
5bb9d669-42ab-4ce0-a5ef-b53c678270c0,2026-05-01,2026-04-01,2026-04-01,after last observed
5bf15f97-479d-4522-9824-c5547c05284d,2026-05-01,2026-01-01,2026-02-01,after last observed
5c0b7a36-ed6a-424d-9475-05114b9f004d,2026-05-01,2026-02-01,2026-04-01,after last observed
5c11778f-7408-46f4-bba6-0c69e5c75fe0,2026-05-01,2026-03-01,2026-03-01,after last observed
5c49324e-ac3b-4923-a14b-9f87b9594b67,2026-05-01,2026-04-01,2026-04-01,after last observed
5c6b4173-93a6-4822-98a3-d2c599f669a1,2026-05-01,2025-12-01,2026-03-01,after last observed
5d8542c0-5004-42b6-bf82-df4931ab51eb,2026-05-01,2026-02-01,2026-02-01,after last observed
5e19360e-4278-4851-ab39-a98faf5d4582,2026-05-01,2025-12-01,2026-03-01,after last observed
5e22a14b-a9b4-431b-9d96-1a220b0a444f,2026-05-01,2026-01-01,2026-03-01,after last observed
5e3b962a-8acd-4aa4-9c37-4fdff64208a3,2026-05-01,2026-02-01,2026-03-01,after last observed
5e4fa78d-c43e-4a47-ad91-8e500fc54bf1,2026-05-01,2026-01-01,2026-04-01,after last observed
5e6a235b-12f9-49c1-b2c6-aaf1f8d0df9d,2026-05-01,2026-02-01,2026-03-01,after last observed
5f15c8ee-671d-4b04-8579-47b58dd08a9f,2026-05-01,2026-02-01,2026-03-01,after last observed
5f262e9c-e94d-4d9d-91a2-44e8af52d5d7,2026-05-01,2026-03-01,2026-04-01,after last observed
5f2a3b71-fff8-454f-a9ea-4ceefa2de125,2026-05-01,2026-03-01,2026-03-01,after last observed
5f8bdde9-b381-47c9-9975-f72959aee1d4,2026-05-01,2025-12-01,2026-02-01,after last observed
5faa08de-d007-4f23-91f8-e1d6eec2d992,2026-05-01,2026-04-01,2026-04-01,after last observed
6045558d-09d1-4f28-be3a-0328a1a2979b,2026-05-01,2025-12-01,2026-03-01,after last observed
60da20be-eebe-4d1f-977b-3ab995a81773,2026-05-01,2025-12-01,2025-12-01,after last observed
60dc0bdb-523f-44a5-af5b-ede8903e4fdf,2026-05-01,2025-12-01,2026-02-01,after last observed
6163dd38-5be2-42d8-ac35-bb0b83c32eb5,2026-05-01,2026-02-01,2026-04-01,after last observed
61804345-8fc9-4233-8e2c-16b5c69b642d,2026-05-01,2025-11-01,2026-04-01,after last observed
61858684-02f1-4861-a529-c38366033db3,2026-05-01,2025-10-01,2026-04-01,after last observed
6289ca56-3fd4-46c1-b802-c79ac8c227d3,2026-05-01,2026-02-01,2026-04-01,after last observed
62aa020d-eb4a-4b8f-998c-790e0d07f7da,2026-05-01,2026-01-01,2026-04-01,after last observed
630fa772-2674-45a7-976e-7ef7609f7ff3,2026-05-01,2026-02-01,2026-02-01,after last observed
6390cd0a-8441-45cf-8d86-74c926cc9bf8,2026-05-01,2025-11-01,2026-02-01,after last observed
63955e6a-1c29-41a3-b5b9-c68295782092,2026-05-01,2026-04-01,2026-04-01,after last observed
64573e00-6fcb-4fae-afbc-956ba664aae9,2026-05-01,2025-11-01,2026-04-01,after last observed
65114c15-28f4-4173-b6e6-364c4c1269b2,2026-05-01,2026-01-01,2026-04-01,after last observed
6543a977-c271-43b9-868c-e50e3b61210f,2026-05-01,2025-11-01,2026-02-01,after last observed
65f12067-8f5d-4130-aa40-b5f4ff8322f4,2026-05-01,2026-04-01,2026-04-01,after last observed
660e103c-8e88-4b1b-a3d9-0aff6bfc9a47,2026-05-01,2025-12-01,2025-12-01,after last observed
6622fbe8-56a5-4bfc-b84f-563385600f0e,2026-05-01,2025-11-01,2026-04-01,after last observed
662706af-070c-4429-af6c-90ba81ba4f4a,2026-05-01,2026-01-01,2026-02-01,after last observed
664506b6-4095-4290-8e97-7790d8bc5273,2026-05-01,2025-12-01,2026-04-01,after last observed
6660faf6-9b7c-4314-afdb-c76c283cb9d1,2026-05-01,2026-02-01,2026-03-01,after last observed
66680028-1efc-4a53-b0d4-814448538386,2026-05-01,2026-01-01,2026-03-01,after last observed
6698e42d-b18f-4bd6-98d5-fd8137715014,2026-05-01,2026-01-01,2026-01-01,after last observed
66e13b89-9d0b-4a21-b02f-1478838a45b7,2026-05-01,,,no revenue ever
66fa0cf0-ac1d-4c3e-b4e4-4b80f71c6097,2026-05-01,2026-02-01,2026-03-01,after last observed
6736e5d9-08f3-4c96-9b2b-67a90b8b2182,2026-05-01,2026-04-01,2026-04-01,after last observed
67a312aa-a683-4cdd-a98b-8049d37b69b9,2026-05-01,2026-02-01,2026-04-01,after last observed
67b7b98e-2815-4b7c-89c3-e95bf2c6c5fe,2026-05-01,2025-12-01,2026-02-01,after last observed
67d61712-b663-49ba-b0cc-fd8e1037fbe7,2026-05-01,2025-12-01,2026-03-01,after last observed
6854685e-226b-4908-bc14-ab5aab579b0d,2026-05-01,2025-12-01,2026-01-01,after last observed
688fff75-e9c5-44b2-9f76-86758e4ede05,2026-05-01,2026-02-01,2026-04-01,after last observed
689122e7-dabd-4033-8da2-423005f9d8f4,2026-05-01,2026-01-01,2026-01-01,after last observed
68a022be-9c80-488b-8a26-bf6b65d12379,2026-05-01,2025-11-01,2026-04-01,after last observed
68f7ac82-f29b-48cb-9c86-3ca5846c7bb8,2026-05-01,2025-12-01,2026-04-01,after last observed
69295627-ec2f-4bfd-ae6e-5bd54d8cd49b,2026-05-01,2026-01-01,2026-01-01,after last observed
697e086d-ac3e-44f8-9a84-3a2421316778,2026-05-01,2025-12-01,2026-04-01,after last observed
698bfb9c-0763-4f0a-9b02-b48c413944f3,2026-05-01,2026-03-01,2026-03-01,after last observed
6a809286-20e0-48f0-b53f-10c2a8a80f00,2026-05-01,2025-10-01,2025-11-01,after last observed
6a907b7f-7f22-48e2-9751-515b9a109511,2026-05-01,2026-02-01,2026-03-01,after last observed
6ac92d7c-6cf5-4732-9a4e-491fb72d4bae,2026-05-01,2025-12-01,2025-12-01,after last observed
6b385f60-6adf-4dbd-a3dd-8571446a15c0,2026-05-01,2026-04-01,2026-04-01,after last observed
6bba9240-c680-4019-802f-cb854428e233,2026-05-01,2025-11-01,2026-01-01,after last observed
6bd359c5-f82f-403f-866d-23ce99126a02,2026-05-01,2026-01-01,2026-03-01,after last observed
6bf5f94b-a9a3-4467-bb5c-36bc06344f53,2026-05-01,2026-01-01,2026-03-01,after last observed
6c1980c6-99d5-44ed-8ebf-c26854506106,2026-05-01,2025-11-01,2026-01-01,after last observed
6c275f48-ec78-4928-8105-2b562c5115eb,2026-05-01,,,no revenue ever
6c2770ac-7b59-4d4f-9a15-83f990aa000b,2026-05-01,2025-12-01,2025-12-01,after last observed
6c8f803c-a9df-4f10-a340-8169e9dc7d5a,2026-05-01,2026-02-01,2026-04-01,after last observed
6cdbb365-9fc5-4350-b0c4-eaf583888289,2026-05-01,2026-02-01,2026-02-01,after last observed
6cf964a7-c30a-4849-8230-bb809ae52b5a,2026-05-01,2026-04-01,2026-04-01,after last observed
6d747ce5-7e0a-423e-ab1c-b116f94a5f32,2026-05-01,2026-03-01,2026-04-01,after last observed
6d794c73-240e-40ad-b9dd-551ed5ab8f98,2026-05-01,2026-02-01,2026-02-01,after last observed
6d897812-94ca-4b95-a45e-026b25255abf,2026-05-01,2026-02-01,2026-04-01,after last observed
6db27e2d-90d9-4c31-b2ff-e253e4f5d123,2026-05-01,2026-02-01,2026-02-01,after last observed
6eddea39-d5c8-401f-883b-db1b64475cbf,2026-05-01,2026-04-01,2026-04-01,after last observed
6efcb5f0-66b7-4665-a341-c519eaee986b,2026-05-01,2026-01-01,2026-04-01,after last observed
6f2443df-f3e8-4f71-9044-15d0b6a8f880,2026-05-01,2026-02-01,2026-04-01,after last observed
6f6af89a-9335-43fc-bc3e-3606b1801b3d,2026-05-01,2026-01-01,2026-04-01,after last observed
6f6cf829-a92d-4090-b6b3-f009a3009f6e,2026-05-01,2025-10-01,2026-01-01,after last observed
6f73000c-6dc3-4338-b7c9-d8975113fa6a,2026-05-01,2026-02-01,2026-02-01,after last observed
6f745be7-4837-45e5-b0ff-270b3838aa17,2026-05-01,2025-10-01,2025-10-01,after last observed
6fedd694-57b2-4faf-8243-cd4adb475b42,2026-05-01,2026-02-01,2026-02-01,after last observed
6ff41549-e7b5-4d17-9523-bfe39e86727c,2026-05-01,2025-11-01,2025-11-01,after last observed
70196c8a-c196-4ba9-a597-5c4837170e6b,2026-05-01,2026-01-01,2026-04-01,after last observed
70349506-e492-4644-8ab0-442255a8bf14,2026-05-01,2025-11-01,2026-04-01,after last observed
722e877f-1fca-43e2-9818-1d4291b31ef6,2026-05-01,2025-10-01,2026-02-01,after last observed
73216f6d-f4e9-4877-aa0c-a0c9d4b4b53e,2026-05-01,2026-01-01,2026-02-01,after last observed
738f5607-0736-4f6a-92c6-53b169370ccf,2026-05-01,2025-12-01,2025-12-01,after last observed
739f1996-7360-41ad-a600-c373a37593b3,2026-05-01,2026-02-01,2026-02-01,after last observed
742dc47e-1f27-4ad7-87a3-38a64f7ad645,2026-05-01,2026-02-01,2026-03-01,after last observed
746ce7ff-7f8d-479b-a361-ad9b54f79880,2026-05-01,2026-01-01,2026-03-01,after last observed
748560ba-171f-4ebc-8e91-572ee159b380,2026-05-01,2026-04-01,2026-04-01,after last observed
751dd969-8936-4174-ba02-a05fbcbde7b1,2026-05-01,2025-10-01,2026-04-01,after last observed
75527a5e-057e-44b3-b30e-8408484d7285,2026-05-01,2025-10-01,2026-03-01,after last observed
75ba40be-641e-41a2-bfe4-ec2f0f1ce0ec,2026-05-01,2026-04-01,2026-04-01,after last observed
75be09e4-badc-401e-9311-0d5d53441a77,2026-05-01,2025-11-01,2025-12-01,after last observed
75e429f7-8097-467e-bfac-4dcdac86eeab,2026-05-01,2025-10-01,2025-11-01,after last observed
75f0989d-5aae-4f52-92e8-8a4473d72bf8,2026-05-01,2026-01-01,2026-04-01,after last observed
76317b0f-fca5-459b-a491-2898066c5d99,2026-05-01,2025-12-01,2026-03-01,after last observed
76ad3777-05a0-4c35-8f2c-f0b8b025550f,2026-05-01,2026-03-01,2026-04-01,after last observed
76af0713-3690-484d-a730-f1f75fbc9355,2026-05-01,2026-01-01,2026-04-01,after last observed
7714a5ff-9e14-44a0-98fc-7c00c25fdc41,2026-05-01,2026-01-01,2026-02-01,after last observed
775f7bfd-1ca0-46fb-9c07-f47a2ca7da5f,2026-05-01,2025-12-01,2026-01-01,after last observed
77a22ac2-d403-494f-9f2c-4f5fbe7d6f14,2026-05-01,2026-01-01,2026-03-01,after last observed
77a34121-9328-4c37-a060-ae5600f90d10,2026-05-01,2026-04-01,2026-04-01,after last observed
78536a3d-b414-4f14-a8e0-ae2555c89ce2,2026-05-01,2026-01-01,2026-03-01,after last observed
789e7ae5-7efd-4df8-b184-b418b4187c62,2026-05-01,2026-01-01,2026-01-01,after last observed
7923438e-6b2b-4492-9e60-aca63f3755ab,2026-05-01,2026-03-01,2026-03-01,after last observed
79ce141d-b9c7-4b6f-abb0-ea774520025c,2026-05-01,2026-04-01,2026-04-01,after last observed
79d56826-6003-41ba-8065-0872d55bb496,2026-05-01,2025-12-01,2026-01-01,after last observed
79d9876d-84fb-4226-b907-0b7c355c70ea,2026-05-01,2026-02-01,2026-02-01,after last observed
79d9cbb4-4dfc-465e-a6b8-1e9de5e7799a,2026-05-01,2026-01-01,2026-02-01,after last observed
79f5801e-9b46-47f8-a37f-604dd8d53adb,2026-05-01,,,no revenue ever
7b0cd1c8-2be9-4339-a964-7036cda06b65,2026-05-01,,,no revenue ever
7b20b042-afe9-4193-9223-589a81df5ed5,2026-05-01,2025-12-01,2025-12-01,after last observed
7bbfb733-0306-4378-a09e-a1196140a8d4,2026-05-01,2026-03-01,2026-03-01,after last observed
7c193f4c-ec4f-4987-875a-9a32f9d7520e,2026-05-01,2026-03-01,2026-03-01,after last observed
7d226954-af12-42c9-bedc-964454614f16,2026-05-01,2025-11-01,2026-03-01,after last observed
7d45e79e-91ca-4341-b5de-ee43a6fd6335,2026-05-01,2025-12-01,2026-04-01,after last observed
7e0a527e-28e9-45d8-9edd-6cd4b3896fec,2026-05-01,2025-11-01,2025-12-01,after last observed
7e0c0a63-40fc-474a-9491-d2046ae3b86d,2026-05-01,2026-01-01,2026-02-01,after last observed
7e551e7a-957c-4022-9b0e-1ffbf858a4cb,2026-05-01,2026-02-01,2026-02-01,after last observed
7f70aaff-daa7-4d41-9010-af720ac0a26c,2026-05-01,2025-11-01,2026-03-01,after last observed
7f98c919-58f2-47ef-a961-18f275610438,2026-05-01,2025-12-01,2025-12-01,after last observed
7fe1cb07-c495-46a6-888a-e5607b7d8fd4,2026-05-01,2026-02-01,2026-02-01,after last observed
802e34c7-54c2-41dd-b824-a3d2407a9b71,2026-05-01,2026-04-01,2026-04-01,after last observed
803c68b7-1036-43a2-bdd8-885e34516894,2026-05-01,2026-01-01,2026-02-01,after last observed
8064cc7c-1809-4ad4-9b64-d1aed0b4561c,2026-05-01,2025-12-01,2026-04-01,after last observed
80dfa15c-f0cb-4e43-97eb-791d92a5ebd3,2026-05-01,2026-01-01,2026-02-01,after last observed
8176e44b-d9d2-45a5-ad10-74d95389d917,2026-05-01,2026-01-01,2026-03-01,after last observed
81a261a2-701e-47f2-a794-fb14d3274d5d,2026-05-01,2026-02-01,2026-02-01,after last observed
81ac7c52-9c31-401d-a0a8-415982c33916,2026-05-01,2025-10-01,2026-01-01,after last observed
81fb072d-1b8c-4047-a066-bb1399fccd81,2026-05-01,2026-01-01,2026-01-01,after last observed
824a523d-da38-4755-8ed0-594a42ec8723,2026-05-01,2025-11-01,2025-12-01,after last observed
82a2abf5-97ba-4600-9525-67b7da15b8b0,2026-05-01,2026-01-01,2026-04-01,after last observed
82bdc47b-f1f9-4eae-a6f8-459744121055,2026-05-01,2025-11-01,2026-02-01,after last observed
830453ef-cd37-46ed-81f5-9f48afcb171b,2026-05-01,2026-02-01,2026-03-01,after last observed
83292beb-38a3-4fb1-a1ea-b08d5e52dd93,2026-05-01,2025-12-01,2025-12-01,after last observed
8361baa1-8b34-40ae-96a3-43d476edf9c1,2026-05-01,2025-12-01,2026-04-01,after last observed
83a5dbe7-5835-4278-9361-0fffa40ce278,2026-05-01,2026-03-01,2026-03-01,after last observed
83dde50b-b6c2-4ae7-9c21-b308a1490c14,2026-05-01,2026-02-01,2026-03-01,after last observed
84810212-2918-42e6-8e39-3d2df4c69e5c,2026-05-01,2025-11-01,2025-11-01,after last observed
850d3aa3-aa09-4695-9b18-6a88f71e8609,2026-05-01,2026-03-01,2026-04-01,after last observed
8541d08b-6749-4e26-8455-c0e04ba6b5cc,2026-05-01,2026-01-01,2026-01-01,after last observed
859684bb-cef5-4cf6-8dbd-ff45cdae0040,2026-05-01,2026-01-01,2026-03-01,after last observed
861074c1-320d-4d2a-8f7d-0dbbd76d5c76,2026-05-01,2026-04-01,2026-04-01,after last observed
877c69c2-46f2-4f2f-8e99-3232b4ed5ead,2026-05-01,2025-11-01,2026-04-01,after last observed
877fdba2-700a-4a96-a968-f61a62f981b0,2026-05-01,2025-11-01,2026-01-01,after last observed
8783d7a6-9231-4a61-8287-47b3162bfc70,2026-05-01,2026-04-01,2026-04-01,after last observed
87a89e25-ea8b-4632-bd67-286d0b0d8110,2026-05-01,2025-11-01,2026-04-01,after last observed
88277da1-b404-4b13-98b6-cdcaed7e65f9,2026-05-01,2026-03-01,2026-04-01,after last observed
88783f26-b5f3-4e96-b607-c1c1ca879bbd,2026-05-01,2025-10-01,2025-11-01,after last observed
8895106d-bc66-4970-98cd-c0e5bb6130e2,2026-05-01,2026-01-01,2026-01-01,after last observed
88df7aa3-c8c1-4212-a0bd-486534806f84,2026-05-01,2026-02-01,2026-02-01,after last observed
88ffb385-d02d-422d-a45d-f1ceca45f0b0,2026-05-01,2026-01-01,2026-01-01,after last observed
89630994-696f-4c5c-83c9-3049b6d86df8,2026-05-01,2025-12-01,2026-02-01,after last observed
8a1cff5c-7c25-4eb5-9c43-fc0a46bac0ab,2026-05-01,2026-02-01,2026-02-01,after last observed
8a502bfa-ea92-400a-89f7-8c75e031c8a4,2026-05-01,2025-12-01,2026-01-01,after last observed
8ab4b412-d33e-4330-b28f-cd29e1bec8ca,2026-05-01,2026-03-01,2026-03-01,after last observed
8accb322-29cc-4416-9150-197fa6dd7b5e,2026-05-01,2026-01-01,2026-02-01,after last observed
8ca2aefc-799d-49a2-bbbb-6304fa66691a,2026-05-01,2026-04-01,2026-04-01,after last observed
8cf2a709-303d-4c00-99c2-7740f699f728,2026-05-01,2025-12-01,2026-03-01,after last observed
8d0cbfb1-a603-42b5-8142-ffef0e5a0b3a,2026-05-01,2025-12-01,2026-02-01,after last observed
8dbd8ec0-d865-4930-86e7-3091c7d602fc,2026-05-01,,,no revenue ever
8ddcd363-160c-4a74-8f7b-c65107cdf006,2026-05-01,2026-01-01,2026-04-01,after last observed
8e03de94-b077-4871-a0f3-6dfba2a4ab7b,2026-05-01,2026-01-01,2026-02-01,after last observed
8e31a2b2-d943-418b-84c8-22bebece2f03,2026-05-01,2026-04-01,2026-04-01,after last observed
8eee0373-4d15-4c9b-a1be-f1e8335e0a78,2026-05-01,2025-10-01,2026-01-01,after last observed
8efcf04e-3f27-413c-8514-45a0ac8c31d5,2026-05-01,2026-02-01,2026-02-01,after last observed
8f4a1663-1b14-4fda-86d6-971e7e00320b,2026-05-01,2025-10-01,2026-04-01,after last observed
8f5d1a89-b696-445f-b0dc-bb32abd69762,2026-05-01,2026-04-01,2026-04-01,after last observed
8f92a1d8-51f8-4232-9df8-f6362164e997,2026-05-01,2025-12-01,2026-04-01,after last observed
8f9e1043-64e4-49ce-9be8-0b59ead5107b,2026-05-01,2025-12-01,2026-04-01,after last observed
8fdcea07-c292-424a-8b63-6084fb5784c1,2026-05-01,2026-02-01,2026-03-01,after last observed
910e6f9e-b0d3-4475-897a-ed8cad61ac94,2026-05-01,2026-01-01,2026-02-01,after last observed
91587ef0-c12b-4602-b505-4578e42af96f,2026-05-01,2026-04-01,2026-04-01,after last observed
916125c1-27c3-4998-99fa-98697e4ce1b1,2026-05-01,2025-10-01,2026-03-01,after last observed
917398f3-05ab-4ef2-a709-3e11436840ea,2026-05-01,2026-04-01,2026-04-01,after last observed
917912df-77ed-4af9-b9ab-e6c87565112e,2026-05-01,2026-01-01,2026-02-01,after last observed
91890fbe-5765-4c94-8a58-4499114ce627,2026-05-01,2026-02-01,2026-02-01,after last observed
919b2d05-d4ba-4a72-90c7-b9d877a8aed5,2026-05-01,2026-01-01,2026-01-01,after last observed
91b756c7-742a-4043-9f40-1e7c4a6124b8,2026-05-01,2026-02-01,2026-03-01,after last observed
91f9f448-3d31-4bc4-918f-7a1bff8045c4,2026-05-01,,,no revenue ever
92357290-1b70-41af-a4d2-f53fa3354226,2026-05-01,2026-01-01,2026-01-01,after last observed
924b0590-258e-4f7d-8374-26a60fb4d0ec,2026-05-01,2025-11-01,2025-11-01,after last observed
92dabcb5-6092-455e-a26b-1b11cdb5dbe9,2026-05-01,2025-12-01,2026-01-01,after last observed
932b55c9-67aa-4a1d-9c46-0362e4a4e71b,2026-05-01,,,no revenue ever
937e511d-4435-4ca1-bed0-1a648601f143,2026-05-01,2025-10-01,2025-12-01,after last observed
9382d728-5c58-4b54-be6c-93cdfc08ae7f,2026-05-01,2026-03-01,2026-04-01,after last observed
93cec939-519b-4bb2-a36a-3c063147f66f,2026-05-01,2025-11-01,2026-04-01,after last observed
93fdf9a0-f7d8-46e2-910d-a229bb7426f6,2026-05-01,2025-12-01,2026-03-01,after last observed
94c2c688-b091-4a27-b44d-97d7f5641faa,2026-05-01,2026-01-01,2026-03-01,after last observed
94edca65-f75e-4dd3-a2c5-8a2149624bff,2026-05-01,2026-04-01,2026-04-01,after last observed
954b34d9-964d-4d1e-8447-1588aea489b5,2026-05-01,2025-12-01,2026-01-01,after last observed
95d7f1e5-ba9c-4523-8f15-6a3149368010,2026-05-01,2026-02-01,2026-02-01,after last observed
962beded-7894-4e8d-a3dc-d9a7a6c4c131,2026-05-01,,,no revenue ever
963d9607-5860-4f79-a190-7cd1356b8c18,2026-05-01,2026-02-01,2026-04-01,after last observed
9651cf69-837a-419c-9ec6-8007d57f6cc1,2026-05-01,2026-02-01,2026-02-01,after last observed
9664eade-c0d2-4d7b-aac3-a2f000a3bd70,2026-05-01,2025-11-01,2025-12-01,after last observed
971289fd-a5c0-4a61-89a8-8647f9484d5a,2026-05-01,2026-02-01,2026-04-01,after last observed
97b18b93-3798-4d80-ac6b-6523c0d519ac,2026-05-01,2026-01-01,2026-02-01,after last observed
98529d6c-ffd3-43b0-9798-96379251be2d,2026-05-01,2025-11-01,2025-11-01,after last observed
9866c8b3-ee55-4770-baa2-d051e4b83832,2026-05-01,2025-12-01,2025-12-01,after last observed
9903267e-dd68-423b-8af5-9fe97a466ba5,2026-05-01,2025-11-01,2025-11-01,after last observed
9928e8cb-8fca-4f1e-b6fc-728205f5c5b5,2026-05-01,2026-02-01,2026-02-01,after last observed
9974d278-215d-46b1-a593-60a88fb23d94,2026-05-01,2025-10-01,2025-10-01,after last observed
9a2acb35-77cc-46a8-a785-0930205c5d24,2026-05-01,2026-02-01,2026-02-01,after last observed
9a2d07ca-b56c-4ed4-9a9a-9dc532faa6a3,2026-05-01,2026-02-01,2026-02-01,after last observed
9a5a7fb5-9eb3-4622-9e3e-3610dcf7a344,2026-05-01,2025-11-01,2026-02-01,after last observed
9a803310-4e15-4a05-bb3a-65ad05769267,2026-05-01,2025-11-01,2026-01-01,after last observed
9a8676fc-3d33-4ee4-9467-794ff289ab59,2026-05-01,2026-01-01,2026-02-01,after last observed
9ad688f6-dc3c-451c-926b-94e3c6c19f83,2026-05-01,2025-10-01,2025-10-01,after last observed
9bb4f04e-f282-473b-8f5d-8e1c45d1a2a0,2026-05-01,2025-12-01,2026-02-01,after last observed
9be0a5ac-8f93-45f1-b556-d85915855c98,2026-05-01,2026-02-01,2026-02-01,after last observed
9be1bff8-d0fd-40f5-9f43-450329bec82d,2026-05-01,,,no revenue ever
9caa1bcd-73b7-47d2-8d6b-11e91051e828,2026-05-01,2025-10-01,2026-04-01,after last observed
9d3c155a-744e-42a9-a222-733b0d5ea055,2026-05-01,2026-01-01,2026-01-01,after last observed
9d739598-76d3-449b-8b1e-04848d6ed88c,2026-05-01,2025-12-01,2026-03-01,after last observed
9d815779-8d04-4c5e-a738-3a2253b9117e,2026-05-01,2026-01-01,2026-01-01,after last observed
9dee2ae3-58f5-4b9a-be02-f66086d06ecd,2026-05-01,2026-03-01,2026-03-01,after last observed
9deecaa7-d71f-49c0-a3d9-2f60d53f056e,2026-05-01,2026-02-01,2026-02-01,after last observed
9dfb84c2-504d-4903-a5ec-5751363d443c,2026-05-01,2026-01-01,2026-03-01,after last observed
9e798bdf-f4af-474f-a253-0bb47dbc4930,2026-05-01,2025-11-01,2025-12-01,after last observed
9e95ae40-b573-4f7c-ad93-3dbbebde2829,2026-05-01,2025-11-01,2026-04-01,after last observed
9ed218fd-660f-41a6-a574-ed73e1151493,2026-05-01,2025-10-01,2026-02-01,after last observed
9fd6835c-4c0b-4743-ba45-a89c432d4ca8,2026-05-01,2026-01-01,2026-04-01,after last observed
a010e458-7de0-4caa-a1c3-4ab1a4dcbf7e,2026-05-01,2026-01-01,2026-02-01,after last observed
a0157829-cca6-4963-ac74-6f5d389f178e,2026-05-01,2026-01-01,2026-04-01,after last observed
a021e7fc-8fc7-42bc-8784-0bfd8932b888,2026-05-01,2026-04-01,2026-04-01,after last observed
a048bba8-bd7b-4bf8-b747-962392b0f6ec,2026-05-01,2025-11-01,2026-04-01,after last observed
a057f0a5-9b54-4527-85f2-6f6393935880,2026-05-01,2025-11-01,2025-12-01,after last observed
a0b35d1c-092b-443d-abb2-44c99bcead88,2026-05-01,2026-02-01,2026-02-01,after last observed
a1082160-5ec3-4128-a694-495cb67e3d3a,2026-05-01,2025-10-01,2025-12-01,after last observed
a169954d-3ef2-476c-8135-6cfa399db963,2026-05-01,2026-02-01,2026-02-01,after last observed
a1b21a97-ee3a-4f59-8008-da1970a6d434,2026-05-01,2025-10-01,2025-11-01,after last observed
a1c8cad7-56c5-43ec-9639-f8ab013a4c69,2026-05-01,2026-02-01,2026-03-01,after last observed
a23b512d-47c5-40e4-af82-d4d1106b7b74,2026-05-01,2026-02-01,2026-04-01,after last observed
a3176c6a-ac26-429b-88d7-fae5bdfdeaa3,2026-05-01,2026-02-01,2026-02-01,after last observed
a31e085f-f0ab-4728-bc78-8c095bbfd980,2026-05-01,2026-02-01,2026-04-01,after last observed
a4170ad5-698c-4583-90ae-28dc3fe06564,2026-05-01,2026-01-01,2026-03-01,after last observed
a4c6a16e-8893-416d-80fa-caae05343617,2026-05-01,2026-01-01,2026-01-01,after last observed
a4e68718-cb61-484c-b071-8b457b228c3d,2026-05-01,2026-02-01,2026-04-01,after last observed
a523feeb-0cd0-4a18-855f-8fc7344e2c26,2026-05-01,2026-02-01,2026-03-01,after last observed
a54efedd-e328-4ad5-96a3-f26f5a9a8b9a,2026-05-01,2026-04-01,2026-04-01,after last observed
a5d0dea0-00dd-498c-9384-2d6a0e366e8e,2026-05-01,2025-10-01,2025-10-01,after last observed
a5e76881-fbb6-4572-a61f-ee80bbb33435,2026-05-01,2026-03-01,2026-04-01,after last observed
a645ead2-221e-443c-bf46-4e03cdfbebf3,2026-05-01,2026-01-01,2026-03-01,after last observed
a743c9e6-b4cb-4dfd-9f70-4feac649d95c,2026-05-01,2026-01-01,2026-03-01,after last observed
a7b1ca52-555f-43ec-a5c0-e35b3ece8711,2026-05-01,2026-04-01,2026-04-01,after last observed
a7b2ab2a-7298-4389-9443-0e2e7ff3c467,2026-05-01,2026-03-01,2026-04-01,after last observed
a7f693c5-3a56-4280-a436-d4cb3310093d,2026-05-01,2025-12-01,2025-12-01,after last observed
a8433484-205d-4565-8b5b-260728595951,2026-05-01,2026-01-01,2026-04-01,after last observed
a86436b7-2f1e-4a63-90f8-b458e7d4b645,2026-05-01,2025-11-01,2026-04-01,after last observed
a86a0540-0133-4b5d-963b-f20540c1cb72,2026-05-01,2026-01-01,2026-02-01,after last observed
a87fb404-7d42-4fb9-a393-29bb720c9db7,2026-05-01,2025-11-01,2026-04-01,after last observed
a88bac3e-f174-4123-bccb-efe1a8287fef,2026-05-01,2026-03-01,2026-03-01,after last observed
a91c8207-713a-44e0-b2cc-56aa687d502d,2026-05-01,2025-11-01,2026-04-01,after last observed
a96a8a9e-8758-4639-8b8d-a9c603aa83a1,2026-05-01,2026-03-01,2026-04-01,after last observed
a9a6b9cb-726a-4678-828f-17b6350e1826,2026-05-01,,,no revenue ever
a9acf2ea-7be6-4162-aeac-c99d58670e51,2026-05-01,2026-03-01,2026-03-01,after last observed
a9e4a273-1aa6-4d3c-8d2d-20fd74c13c03,2026-05-01,2026-03-01,2026-03-01,after last observed
a9f2d6e6-8dd1-4b62-a9a6-50444988bad6,2026-05-01,2026-03-01,2026-03-01,after last observed
a9f34ad1-6964-4f5d-8cb1-26b9df10e099,2026-05-01,2025-12-01,2026-04-01,after last observed
aa099509-9d40-4bc9-b663-96f5154468e1,2026-05-01,2025-12-01,2026-02-01,after last observed
aa0ee57d-9d50-4e79-b67d-a02c72fac34a,2026-05-01,2026-03-01,2026-03-01,after last observed
aa480a60-5fe0-4ffa-9f90-8ef273f7ac75,2026-05-01,2025-11-01,2026-04-01,after last observed
aaaa9e5d-15f3-434a-ac0c-101b20a79862,2026-05-01,2026-02-01,2026-02-01,after last observed
ab2a4fd8-8d3b-4e5a-8fe1-911a7612d47c,2026-05-01,2025-10-01,2025-10-01,after last observed
ab6db975-c413-4fa3-8138-83fe986f6985,2026-05-01,2025-12-01,2025-12-01,after last observed
aba1b984-ef34-4e3c-b8cd-c1c65724fa00,2026-05-01,2026-04-01,2026-04-01,after last observed
abb849df-cf14-4737-9706-f48354c54206,2026-05-01,2025-11-01,2025-12-01,after last observed
ac8799e2-305c-4bb6-a564-f8b12ce3e689,2026-05-01,2025-12-01,2026-03-01,after last observed
ac8f3417-1ef5-4f4b-904f-c3d42af695da,2026-05-01,2026-03-01,2026-03-01,after last observed
acc66b64-feaf-4e5a-83b0-bcb64cdb9b6d,2026-05-01,2026-02-01,2026-04-01,after last observed
accdf01c-0a8a-40ba-b62a-71f5087e075f,2026-05-01,2025-12-01,2025-12-01,after last observed
adb4b720-c201-4a0f-8cf7-89afc6ec08d7,2026-05-01,2026-01-01,2026-02-01,after last observed
adc95382-df64-4460-908e-826e692b4d14,2026-05-01,2025-12-01,2026-03-01,after last observed
ae2b7cc2-1984-48eb-afb6-55105af06899,2026-05-01,,,no revenue ever
ae36af5a-6c74-4e50-9c61-994e438970ec,2026-05-01,2026-03-01,2026-03-01,after last observed
ae3bafd2-4034-4f6b-a9a5-ff07619233a4,2026-05-01,2026-03-01,2026-04-01,after last observed
ae64c5da-f62f-4b5a-9c58-ad7e3d512580,2026-05-01,2026-03-01,2026-04-01,after last observed
aeceeeb9-2a24-47b3-b037-6fcb0f6e49d0,2026-05-01,2026-02-01,2026-03-01,after last observed
af14fe5d-698e-4e69-b75a-37143e2173a5,2026-05-01,2026-02-01,2026-04-01,after last observed
af735200-b12e-4a61-a86c-5954ad0fb484,2026-05-01,2026-04-01,2026-04-01,after last observed
af7e42ab-c3ef-4050-b68a-1a45cf7bb5ab,2026-05-01,2025-12-01,2025-12-01,after last observed
af95e5b9-f049-4c93-a75e-eec1cd918fb5,2026-05-01,2026-02-01,2026-02-01,after last observed
afe98786-39df-4ae4-aabd-6aa0928a99fb,2026-05-01,2026-02-01,2026-03-01,after last observed
afee969e-60fe-42f4-a15c-00bd46575a15,2026-05-01,2026-04-01,2026-04-01,after last observed
b0235447-bff0-4bc7-a9de-262adbf075a8,2026-05-01,2026-03-01,2026-04-01,after last observed
b06e9890-2f09-4238-84bb-c87cfcb8e535,2026-05-01,2025-11-01,2025-12-01,after last observed
b0cc1afd-eded-46fa-b665-b87f2d1dd561,2026-05-01,2026-02-01,2026-03-01,after last observed
b10691f2-e8d7-48da-9356-ec96da53cb31,2026-05-01,2026-02-01,2026-02-01,after last observed
b10f8129-533a-4ccc-b81c-35dd0cd9b094,2026-05-01,2025-11-01,2026-02-01,after last observed
b126c92b-6426-411a-995d-37535cbefc62,2026-05-01,2025-11-01,2026-04-01,after last observed
b133393e-6ef1-42e3-a51e-4bc615428d71,2026-05-01,2026-02-01,2026-04-01,after last observed
b179c6aa-3c69-4c95-950d-781a4d609344,2026-05-01,2026-01-01,2026-03-01,after last observed
b18d33c6-6378-41ee-ba53-182e24860740,2026-05-01,2026-01-01,2026-04-01,after last observed
b1e23b47-deb0-4019-bba0-30c17406a87b,2026-05-01,2026-04-01,2026-04-01,after last observed
b2218ad0-2c5a-4336-965d-83a3abeea605,2026-05-01,2026-01-01,2026-01-01,after last observed
b2b6d01b-3f21-471d-9b9c-004e2b8fe1f0,2026-05-01,2026-02-01,2026-04-01,after last observed
b2c03811-8ac4-47ed-b52f-3f58cab52b8a,2026-05-01,2026-03-01,2026-04-01,after last observed
b2c4beb5-ab51-4837-a5dc-e2e86ac89c16,2026-05-01,2025-12-01,2026-02-01,after last observed
b2f31981-408e-4b0b-ac80-58f015e79d68,2026-05-01,2026-02-01,2026-02-01,after last observed
b2f9718b-c44d-435f-bcd4-0fe81438fcd8,2026-05-01,2025-11-01,2026-01-01,after last observed
b3abb812-1106-4c53-b779-c015d9c9e63b,2026-05-01,2025-10-01,2025-11-01,after last observed
b3dea6e4-d68c-494d-9f27-b98f7e44a7fc,2026-05-01,2026-04-01,2026-04-01,after last observed
b56e4f08-66b3-4392-b8be-c0d45d9d81c5,2026-05-01,2025-12-01,2025-12-01,after last observed
b57c0a08-1724-4bcb-9665-3cd1b0e3dbb5,2026-05-01,2026-01-01,2026-02-01,after last observed
b760e277-10ca-4434-9893-70e9a7c3c4fd,2026-05-01,2025-12-01,2026-02-01,after last observed
b76a9c13-d7ae-413a-a74c-30615867a0d7,2026-05-01,2025-12-01,2025-12-01,after last observed
b76f8f28-1dc9-4f69-8021-bd269521e5b6,2026-05-01,2026-02-01,2026-03-01,after last observed
b770b9c3-80a1-40b0-bbcf-f8cc1db56315,2026-05-01,,,no revenue ever
b7812de7-518f-4842-b526-cc646ce52111,2026-05-01,2025-12-01,2026-02-01,after last observed
b798b54a-0775-4da0-a362-b71d1f51d905,2026-05-01,2025-10-01,2025-11-01,after last observed
b7b9d870-014e-431f-9eab-41ddaca84699,2026-05-01,,,no revenue ever
b7d37b00-e9b5-4628-bb8b-3861d5091294,2026-05-01,2025-11-01,2025-12-01,after last observed
b811f14e-ace3-48e6-9e69-89c0c62e9b80,2026-05-01,2025-10-01,2026-04-01,after last observed
b83393c5-15ec-470d-ab20-fd1dd5b2c4c0,2026-05-01,2026-01-01,2026-04-01,after last observed
b87bc623-2c88-4cbf-9029-5b04a6d6d1eb,2026-05-01,,,no revenue ever
b889e7b1-d055-4281-b194-5cc1574a7f4c,2026-05-01,2026-04-01,2026-04-01,after last observed
b8cc1ac6-d00e-4ee7-a59b-bfb7e7c8b898,2026-05-01,2026-02-01,2026-03-01,after last observed
b8e39f5b-b8c5-4812-a806-fff8167e53b8,2026-05-01,2025-11-01,2026-04-01,after last observed
b9ae4b25-f5a0-478a-b868-3729659b4a71,2026-05-01,2026-02-01,2026-04-01,after last observed
b9dc153d-c1cf-457c-a998-6f789d7f5bb9,2026-05-01,2026-02-01,2026-03-01,after last observed
ba7ea548-c6a2-4e31-b3f1-607ed273b75c,2026-05-01,2026-01-01,2026-03-01,after last observed
ba8a6b81-d38e-443c-b249-d2cef8f425d8,2026-05-01,2026-02-01,2026-02-01,after last observed
baf4e540-d646-4d06-861e-aaa53ca48c79,2026-05-01,2026-02-01,2026-04-01,after last observed
bb48c235-6fec-49eb-844e-dd9d57734206,2026-05-01,2025-11-01,2025-11-01,after last observed
bb54fea1-b980-4afb-aa07-a69dbf270c11,2026-05-01,2025-12-01,2026-03-01,after last observed
bb6ebab7-a180-4015-957a-838c335d0fb1,2026-05-01,2025-11-01,2025-11-01,after last observed
bbb6ca29-2686-4dd9-a602-e80c2f906277,2026-05-01,2025-11-01,2025-11-01,after last observed
bbc59fe1-a850-4b4e-9006-7b7e9a5c9814,2026-05-01,2026-01-01,2026-02-01,after last observed
bbe2aa65-6384-43e1-9f07-4d6f97397197,2026-05-01,2026-04-01,2026-04-01,after last observed
bc33b3ae-aa35-47af-9a94-4bf3cec00a41,2026-05-01,2026-02-01,2026-02-01,after last observed
bd05b661-a3d9-4e21-9537-688f4df2d5b6,2026-05-01,,,no revenue ever
bd14636a-256f-4084-b1c1-e760fcd44de4,2026-05-01,2025-10-01,2026-01-01,after last observed
bdade3f4-8d54-44bd-ac13-03651d3d215c,2026-05-01,2025-10-01,2025-12-01,after last observed
be0430a5-8a72-4fe1-954c-0d6ca28586c4,2026-05-01,2026-03-01,2026-03-01,after last observed
be19c4ac-b982-4d63-bd83-8e1af499eebd,2026-05-01,2025-10-01,2026-03-01,after last observed
be3201ed-7169-4f7d-9f39-05ae0003d02b,2026-05-01,2025-11-01,2025-12-01,after last observed
bf499a0a-62a0-46e9-a9a5-406ad90e7566,2026-05-01,2026-02-01,2026-04-01,after last observed
bf9e0d57-e9c4-4c86-9d29-b325fd9fa2af,2026-05-01,2025-11-01,2026-03-01,after last observed
bfa3f2f1-1ce0-43bb-b548-df6672133c24,2026-05-01,2026-02-01,2026-03-01,after last observed
bfee1d54-27a6-4c05-a76f-dbc38317982b,2026-05-01,2026-03-01,2026-04-01,after last observed
c08e721c-495a-4463-9ba6-6484bf663add,2026-05-01,2026-01-01,2026-02-01,after last observed
c0fb48ed-3d87-46e6-956a-b8e6975f1878,2026-05-01,2026-04-01,2026-04-01,after last observed
c1637364-07c7-4b14-98d7-5bc848533286,2026-05-01,2026-02-01,2026-04-01,after last observed
c20445fb-2441-4694-9f88-b9f503b8937e,2026-05-01,2026-03-01,2026-03-01,after last observed
c2107cac-2fa0-4143-9c05-28e46071b387,2026-05-01,2026-04-01,2026-04-01,after last observed
c250f902-2ee2-4b9a-bc0a-025d51855ecb,2026-05-01,2025-10-01,2025-10-01,after last observed
c284bb3e-dda0-402a-a0fc-7fc71195f9a0,2026-05-01,2026-02-01,2026-04-01,after last observed
c3374b7a-7718-4652-9f44-8fd5089194bc,2026-05-01,2025-12-01,2026-04-01,after last observed
c3a270dd-860f-40de-901a-b70a581bc829,2026-05-01,2025-11-01,2026-02-01,after last observed
c3dd3813-7a6f-4c92-bc4a-47e8aabd48e9,2026-05-01,2026-03-01,2026-04-01,after last observed
c473551c-940d-490a-90f2-6039d8be265a,2026-05-01,2026-04-01,2026-04-01,after last observed
c4bdd222-3977-4065-95ec-ffb2149e0e93,2026-05-01,2026-03-01,2026-03-01,after last observed
c502e41f-af71-49ce-a933-17f2d4178349,2026-05-01,2026-03-01,2026-04-01,after last observed
c56613d8-6450-40ef-8fec-05fb86d1fd6b,2026-05-01,2026-03-01,2026-04-01,after last observed
c6506416-56b7-4204-b790-3723a718c24f,2026-05-01,2026-04-01,2026-04-01,after last observed
c655dcc6-f85b-44c6-a747-a99cb0e89ba0,2026-05-01,2026-02-01,2026-04-01,after last observed
c6622f62-4dd2-4af5-99b9-a0bd91cf24f8,2026-05-01,2026-01-01,2026-01-01,after last observed
c7197b1e-7251-4497-b307-616794cab763,2026-05-01,2026-04-01,2026-04-01,after last observed
c7247712-869d-40c7-8382-ba423fafb5c5,2026-05-01,2026-01-01,2026-01-01,after last observed
c746a754-71c4-4fc6-8333-ec0a429f8f5f,2026-05-01,2026-04-01,2026-04-01,after last observed
c75a07ce-75b7-41af-a3f0-53d1b7777179,2026-05-01,2026-02-01,2026-04-01,after last observed
c770ac26-21ef-4e55-a1ae-f73349068e74,2026-05-01,2026-04-01,2026-04-01,after last observed
c7902f02-04f0-481f-bc53-db333d08ef0b,2026-05-01,2025-10-01,2026-02-01,after last observed
c7b66436-9e93-4b52-9703-613ab177749f,2026-05-01,2026-02-01,2026-03-01,after last observed
c7e50402-a00f-459a-ada9-c07a5bee0476,2026-05-01,2025-12-01,2025-12-01,after last observed
c8493592-f45a-40f1-a1a0-43429479315f,2026-05-01,2025-11-01,2025-11-01,after last observed
c87b9cf3-29f1-4cf9-b660-ed471502b09d,2026-05-01,2025-11-01,2026-02-01,after last observed
c8aad09b-6520-496c-b53a-68668723c936,2026-05-01,2026-02-01,2026-02-01,after last observed
c91767ff-3987-49fc-b644-d8c27b94acff,2026-05-01,2026-01-01,2026-03-01,after last observed
c947fa84-71c3-4027-8757-ce4950898969,2026-05-01,2026-02-01,2026-02-01,after last observed
c9bcbe20-8903-4ee4-8769-b3673975c752,2026-05-01,2026-04-01,2026-04-01,after last observed
ca20380e-232b-4be6-8158-c2d0ffdba582,2026-05-01,2026-01-01,2026-04-01,after last observed
ca38727f-7714-4d5e-ae25-1d5e470b4519,2026-05-01,2025-11-01,2025-11-01,after last observed
cadac1c9-d418-4469-b5f1-25c18251a0fe,2026-05-01,2026-03-01,2026-03-01,after last observed
cadd4926-5caa-4e6f-8c89-e629fbbabbe2,2026-05-01,2025-12-01,2025-12-01,after last observed
cae23a98-c194-41ff-8e49-3fd475d1c655,2026-05-01,,,no revenue ever
caedc950-a042-4dd1-a9e8-32c02b4e8e01,2026-05-01,2026-02-01,2026-02-01,after last observed
cb9cf504-32c7-4958-ae29-4ed8130d7385,2026-05-01,2026-03-01,2026-03-01,after last observed
cca14136-5970-4573-a5e0-fe55eddf9024,2026-05-01,2026-01-01,2026-02-01,after last observed
ccaf920c-71eb-42a9-a2d8-a1df350c17a0,2026-05-01,2026-01-01,2026-04-01,after last observed
ccdbdb5d-6047-49e7-83e9-38a6a4775e9b,2026-05-01,2026-03-01,2026-04-01,after last observed
ccfac881-cd6a-4106-ac64-f459e972c8fc,2026-05-01,2025-11-01,2025-11-01,after last observed
cde31c6b-555e-431a-bcba-2ec3a43ceb2b,2026-05-01,2026-04-01,2026-04-01,after last observed
cdf8fa07-ce40-4889-86c4-22a719c31fbb,2026-05-01,2025-12-01,2026-01-01,after last observed
ce7b2274-af24-432a-b938-610204eba681,2026-05-01,2026-04-01,2026-04-01,after last observed
ce87ebab-5ed1-4a12-8696-8fb0caa9b3c8,2026-05-01,2026-03-01,2026-04-01,after last observed
ce94d145-34b0-4f9a-a6fb-356060214de3,2026-05-01,2026-01-01,2026-01-01,after last observed
cea22d2e-3e15-40f1-a5fb-39cb0b8c78c0,2026-05-01,2025-12-01,2026-04-01,after last observed
ceedcb91-c2e9-4527-a61a-4dfdd8d18faf,2026-05-01,2025-12-01,2026-04-01,after last observed
cf64350f-92ea-410d-980c-2cb1bea93190,2026-05-01,2026-03-01,2026-03-01,after last observed
cfe24812-a250-4499-bd21-93f4b92b1f62,2026-05-01,2025-11-01,2026-01-01,after last observed
d0054229-eb26-49f9-b693-0c00a986ecb3,2026-05-01,2025-11-01,2026-04-01,after last observed
d0430a4f-ce81-4929-bc93-80808a3469c8,2026-05-01,2025-11-01,2025-11-01,after last observed
d07081dd-686f-4da2-9486-377197ee1885,2026-05-01,2026-01-01,2026-02-01,after last observed
d0c7db3a-13c0-4a35-aebb-9bce01f4fdfa,2026-05-01,,,no revenue ever
d0d5828e-e99b-46bf-b798-c76013aef0e0,2026-05-01,2026-02-01,2026-02-01,after last observed
d128ab0b-8828-48fe-ab5b-c2bf47a7b71f,2026-05-01,2026-03-01,2026-04-01,after last observed
d12ec253-8f01-4080-a3e0-eb4100837eb8,2026-05-01,2026-02-01,2026-03-01,after last observed
d15ef302-1ecb-497e-b4d8-9301dbdbe33b,2026-05-01,2026-01-01,2026-04-01,after last observed
d16e3158-5bfe-4323-bb9b-b05160f04658,2026-05-01,2025-12-01,2026-04-01,after last observed
d182f1cf-3e8e-4d1d-a3c4-bf0eec43f02f,2026-05-01,2026-01-01,2026-02-01,after last observed
d1963998-dad0-4a77-abfe-d50e2f6aa301,2026-05-01,2025-10-01,2025-11-01,after last observed
d241d0da-ea49-4af7-90d5-aabc6971bc34,2026-05-01,2026-03-01,2026-03-01,after last observed
d24b21a9-6906-4675-8b26-f822330a2e87,2026-05-01,2026-04-01,2026-04-01,after last observed
d296444a-edcc-4e2b-a9c8-986554ad18f7,2026-05-01,2025-11-01,2025-12-01,after last observed
d2aec463-1882-4b7b-8bc5-f6ad21735522,2026-05-01,2025-10-01,2025-12-01,after last observed
d2c5c734-a706-4815-aee7-ca8d0a329a10,2026-05-01,2026-03-01,2026-04-01,after last observed
d315e5a8-563a-4a94-8b45-e095fdb9dd0c,2026-05-01,2026-03-01,2026-04-01,after last observed
d377f309-76ba-4a84-a0a1-1920ccffdf4a,2026-05-01,2026-03-01,2026-04-01,after last observed
d3d65cee-b794-4974-9868-14905ff28080,2026-05-01,2026-02-01,2026-04-01,after last observed
d3d9334c-91ed-4b27-ae68-dc22f4962377,2026-05-01,2026-01-01,2026-01-01,after last observed
d42011c0-cb43-4465-997d-0246ca16f1fe,2026-05-01,2025-11-01,2025-11-01,after last observed
d4898db6-ba01-4776-934b-fa7e44d45106,2026-05-01,2026-01-01,2026-04-01,after last observed
d4a36691-b959-4564-81a2-fc5454702e7e,2026-05-01,2025-10-01,2026-04-01,after last observed
d4a7423b-ada1-43a7-abbd-416d1dc00873,2026-05-01,,,no revenue ever
d4d57bed-c763-4f5a-a0bc-49c4fe1fd80e,2026-05-01,2025-11-01,2025-11-01,after last observed
d4fb7ef0-eea8-411b-9698-593d82ca3421,2026-05-01,2026-03-01,2026-04-01,after last observed
d51659ca-2e49-4774-b060-a06c54dfe32b,2026-05-01,2026-01-01,2026-01-01,after last observed
d52dba37-e756-43c7-8f37-dce2720f5837,2026-05-01,2025-11-01,2026-02-01,after last observed
d53d152e-9808-492a-90e4-ef513dace44b,2026-05-01,2026-01-01,2026-01-01,after last observed
d5c39456-b1f4-4181-83c6-3cfaaf306007,2026-05-01,2026-01-01,2026-01-01,after last observed
d5e04e77-fbeb-43f8-bb60-c187068f11ef,2026-05-01,2026-01-01,2026-03-01,after last observed
d6d1f384-ee18-4a4c-abcb-99f8181e19b6,2026-05-01,2026-01-01,2026-04-01,after last observed
d6e8cc6e-18dd-4dcb-88e7-f2631a8420b1,2026-05-01,2026-01-01,2026-01-01,after last observed
d6fd0e52-a345-4bda-83b0-3b0c0c54b25a,2026-05-01,2025-11-01,2026-02-01,after last observed
d80621a1-a5f7-4572-930d-dfba197b2f06,2026-05-01,2026-02-01,2026-03-01,after last observed
d817d33f-c165-4b5a-8387-b236a85d1684,2026-05-01,2026-02-01,2026-04-01,after last observed
d827262f-be12-41c6-bef3-6c5b543a4d2f,2026-05-01,2026-01-01,2026-03-01,after last observed
d8286bac-d0cc-4502-871d-f03cf4f016ed,2026-05-01,2025-11-01,2025-12-01,after last observed
d8619486-8463-4e7d-a2f1-2faba4dc4f5b,2026-05-01,2025-11-01,2025-12-01,after last observed
d870dd29-896d-4cb0-a46e-60986a9c037d,2026-05-01,2025-12-01,2026-01-01,after last observed
d8cc808b-b57c-45bb-930c-e6db07e12175,2026-05-01,,,no revenue ever
d8e7ad66-b626-4dc0-a810-3130378233df,2026-05-01,2026-04-01,2026-04-01,after last observed
d90e80bc-da37-4654-9a06-76b5f62de201,2026-05-01,,,no revenue ever
d9b35e1a-3786-4260-a9ad-0abfdf376913,2026-05-01,2026-01-01,2026-01-01,after last observed
d9eef040-97bc-46a6-a460-c7ea852a9773,2026-05-01,2025-11-01,2026-03-01,after last observed
da4d883d-f4de-4903-b4bc-0f914a20a4c6,2026-05-01,2026-04-01,2026-04-01,after last observed
db06fe17-628a-4416-9165-c34db39d15dc,2026-05-01,2026-02-01,2026-02-01,after last observed
db18a74c-8d06-41a3-9f4c-76cdad852fcd,2026-05-01,2026-02-01,2026-04-01,after last observed
db5a2878-38c2-4622-b5d8-24f98c7d602a,2026-05-01,2026-02-01,2026-03-01,after last observed
dbaf67c0-858b-4576-8895-f68db34623a2,2026-05-01,2026-01-01,2026-04-01,after last observed
dbeb1ef1-5348-4524-80a3-f7cf083891aa,2026-05-01,2025-12-01,2026-01-01,after last observed
dc57996b-bf69-42cb-b4a3-7b4ab971a77f,2026-05-01,2026-01-01,2026-04-01,after last observed
dc66284b-29bc-4f49-82d6-7caf67da3e45,2026-05-01,,,no revenue ever
dcbf5e8e-e216-4d14-81d8-2dc90b545281,2026-05-01,2026-04-01,2026-04-01,after last observed
dcd66948-88b2-4835-9fd2-329326cb4504,2026-05-01,2026-03-01,2026-04-01,after last observed
dcdca128-710e-47b9-957f-d150d0b865de,2026-05-01,2026-02-01,2026-03-01,after last observed
dd2b7e48-38e4-44e4-89e6-112a6e2fea95,2026-05-01,2026-01-01,2026-01-01,after last observed
dd3c932a-57d6-43f8-b17d-f2a5b6858d2b,2026-05-01,2026-01-01,2026-04-01,after last observed
ddf60088-c2ee-4b0e-9a02-4b946e9a2537,2026-05-01,2026-04-01,2026-04-01,after last observed
de166f26-738a-4c4c-a5c1-c4ec27a038e5,2026-05-01,2025-10-01,2025-12-01,after last observed
deb3a4d5-83b8-4b27-a429-82f64da5fba6,2026-05-01,2026-01-01,2026-01-01,after last observed
ded139f2-b579-4211-8404-e10c742e29c2,2026-05-01,2025-10-01,2025-10-01,after last observed
dedaca9a-0458-48f9-b45c-48fcf48bdaff,2026-05-01,2026-04-01,2026-04-01,after last observed
deeb22cf-afaf-41c0-8f95-6e10f7e4aaea,2026-05-01,2025-11-01,2025-11-01,after last observed
dfa8710d-1d1d-4ac7-8307-8767483f8186,2026-05-01,2026-03-01,2026-04-01,after last observed
dff6f2b8-dafd-4b27-b8ac-fb98956659fb,2026-05-01,2026-02-01,2026-04-01,after last observed
e137eb81-5513-47ac-b3e1-b11008e5abb0,2026-05-01,2026-01-01,2026-04-01,after last observed
e16b4fb6-4817-4e2e-ab32-c4fdd479f05a,2026-05-01,2026-04-01,2026-04-01,after last observed
e185738e-8b57-490b-a5e2-1edd4496c279,2026-05-01,2025-11-01,2026-04-01,after last observed
e1960c1c-9ba3-45ad-a3bd-7f44f2140b0b,2026-05-01,,,no revenue ever
e1a549e7-6a2c-4fd5-9acf-d42bbc6b46f5,2026-05-01,,,no revenue ever
e1c5ab6e-f58a-4dbc-b110-501798f52c48,2026-05-01,2026-01-01,2026-02-01,after last observed
e22c1929-d98b-499d-9cc7-1dc27f69e70c,2026-05-01,2025-10-01,2026-02-01,after last observed
e2479ed0-2acd-4a44-9830-5bd845653ea4,2026-05-01,2026-03-01,2026-04-01,after last observed
e248ab11-c9ed-471c-b62d-59fd00662e52,2026-05-01,2026-04-01,2026-04-01,after last observed
e28da920-20ca-4703-8c35-5e921fe82e16,2026-05-01,2026-03-01,2026-03-01,after last observed
e2cb2c1c-a4a6-44d6-9719-0820cf396a19,2026-05-01,2026-03-01,2026-04-01,after last observed
e2cbb86d-60b8-4967-b0b2-b78e22ee0dc0,2026-05-01,2026-01-01,2026-01-01,after last observed
e304f3bd-6b88-4d66-971b-dfa38dabc314,2026-05-01,2026-03-01,2026-04-01,after last observed
e311304f-fd79-4093-b596-3060ca415794,2026-05-01,2026-03-01,2026-04-01,after last observed
e33333cf-f517-4d1e-8e30-6bcc623a6d5c,2026-05-01,2026-02-01,2026-03-01,after last observed
e3366f3b-3a0e-4d02-afdc-be8fcc0b4b7b,2026-05-01,2025-11-01,2026-04-01,after last observed
e34d98b3-d28c-410b-bc69-659c45ba5241,2026-05-01,2026-02-01,2026-04-01,after last observed
e35457c4-ffc9-4f21-8438-ed3cd299a087,2026-05-01,2026-02-01,2026-02-01,after last observed
e372fb12-923d-4e1c-ae5e-3d8618201045,2026-05-01,2026-04-01,2026-04-01,after last observed
e3e861ff-9039-47f4-a0b0-ab5dbbde4c23,2026-05-01,2026-04-01,2026-04-01,after last observed
e413ca81-ad7a-4f8d-80c4-a9db5c69eec9,2026-05-01,2025-12-01,2026-01-01,after last observed
e41930eb-a236-4e5b-b7d5-05109995de04,2026-05-01,2026-04-01,2026-04-01,after last observed
e4a901ec-32ab-4146-b6f7-a657af94c60b,2026-05-01,2026-01-01,2026-04-01,after last observed
e4c19fb8-fbcf-4aae-84bd-6f6b9b8dc3f2,2026-05-01,2025-12-01,2025-12-01,after last observed
e52387cb-c477-4ce1-b395-a2396795c567,2026-05-01,2025-12-01,2026-04-01,after last observed
e58dc8c5-81e6-46b8-b524-a29c6a5f2e9c,2026-05-01,2026-02-01,2026-04-01,after last observed
e5e11cac-58ee-4659-be94-492bba1d5b57,2026-05-01,2026-03-01,2026-03-01,after last observed
e5eb773f-198f-48b7-8315-1ed71e4cd069,2026-05-01,2026-01-01,2026-04-01,after last observed
e744143c-1c1f-4bce-809a-a98cb5065f57,2026-05-01,2025-12-01,2026-02-01,after last observed
e7542774-479b-4674-9738-09008c53b9c8,2026-05-01,2026-04-01,2026-04-01,after last observed
e7806e6a-e0b7-42ef-aca6-ace426fa183f,2026-05-01,2026-02-01,2026-03-01,after last observed
e7a3a686-a092-414b-b38e-a453bfa070e9,2026-05-01,2025-12-01,2026-04-01,after last observed
e7c860dc-ec07-4a96-a0c4-d0e8feaaecea,2026-05-01,2026-01-01,2026-01-01,after last observed
e7d03dbd-6916-4a55-8304-6c9c2f84f74f,2026-05-01,2026-02-01,2026-03-01,after last observed
e7fb789a-7e13-4125-9145-2699a331dfde,2026-05-01,2026-01-01,2026-02-01,after last observed
e8317331-6214-4d13-ac4a-6d18006b6db5,2026-05-01,2025-12-01,2026-01-01,after last observed
e891fe08-198c-4760-b77a-f23289e2e7ef,2026-05-01,2025-10-01,2025-11-01,after last observed
e8b01d8d-5472-4ec9-80a8-dc98e9af1601,2026-05-01,2026-03-01,2026-03-01,after last observed
e8b0e7a4-29c5-44ba-bcb1-a4d19010036d,2026-05-01,2025-12-01,2026-02-01,after last observed
e8bc860c-dcec-4aab-9d1f-bfce35f52e4c,2026-05-01,2026-04-01,2026-04-01,after last observed
e91bcaaa-7c99-4076-9601-aa30fac6b301,2026-05-01,2026-03-01,2026-04-01,after last observed
e94d67a9-4ff0-4743-9f83-e90a5094655c,2026-05-01,2026-04-01,2026-04-01,after last observed
e961ee4c-108e-42c0-8ff2-5faafc6c62bb,2026-05-01,2026-02-01,2026-03-01,after last observed
e96aefca-6a71-48ad-ba68-5ac22acd30bd,2026-05-01,2026-01-01,2026-04-01,after last observed
e989821c-7307-4beb-8c1b-de282d02d42f,2026-05-01,2026-02-01,2026-04-01,after last observed
e9bb5720-333e-4c97-90df-4d520ff5b0d7,2026-05-01,2025-10-01,2026-01-01,after last observed
e9c24260-fc10-4529-b090-fde7c5a071f0,2026-05-01,2025-11-01,2025-12-01,after last observed
ea5f631f-2cbb-4198-8ca3-7ddd9fd052be,2026-05-01,2026-02-01,2026-04-01,after last observed
ea9b0d1c-663b-4c71-833d-64faea734fad,2026-05-01,2025-12-01,2025-12-01,after last observed
eab2bfc0-47d2-46b3-8f41-a46f6feb8ff0,2026-05-01,2025-12-01,2026-02-01,after last observed
eae3e481-de06-4c63-86fe-43648e41d9ca,2026-05-01,2025-12-01,2026-04-01,after last observed
eb6f452f-a475-4981-abb2-b9a633a30ddb,2026-05-01,2026-01-01,2026-01-01,after last observed
eb732698-7a59-4ffb-851b-ea8fea8221cf,2026-05-01,2025-11-01,2025-12-01,after last observed
eb7dcd63-bff5-45c8-ac5e-7d370211c616,2026-05-01,2026-02-01,2026-04-01,after last observed
eba3b507-0172-4e3f-8062-e8cce4dc8b1c,2026-05-01,2025-11-01,2026-03-01,after last observed
ebb2842b-44a7-478c-a715-8026826a7433,2026-05-01,2025-12-01,2026-04-01,after last observed
ebc597ac-80d9-429d-84ba-1508783b1246,2026-05-01,2026-02-01,2026-02-01,after last observed
ebda20be-0554-40b9-9943-81e622587408,2026-05-01,2025-12-01,2025-12-01,after last observed
ec014acf-dca2-4ef6-9c92-f124103a291d,2026-05-01,,,no revenue ever
ec619087-b3ff-4cfe-84b5-30c7cca4eb55,2026-05-01,2025-12-01,2026-01-01,after last observed
ec89e4b1-3a03-42dd-a4a4-77de0e782127,2026-05-01,2026-02-01,2026-03-01,after last observed
eccb8144-202a-4d40-8435-4631fdf01f26,2026-05-01,2026-02-01,2026-02-01,after last observed
ece32de7-b6d3-45dc-b3e0-8cd9f779a8c9,2026-05-01,2026-04-01,2026-04-01,after last observed
ece7bfec-ae96-4988-8495-67850abfe11a,2026-05-01,2025-10-01,2025-11-01,after last observed
ed6bcbf1-5b20-47e3-9404-e09fc52e2fc1,2026-05-01,2026-01-01,2026-02-01,after last observed
eda24dc9-2216-405f-9847-303dbda2ea26,2026-05-01,2025-12-01,2025-12-01,after last observed
ee1c9988-6449-4b20-9782-35b0a7f14537,2026-05-01,2026-01-01,2026-04-01,after last observed
ee73a8b3-72f6-444a-a981-bbedd44f5372,2026-05-01,2026-03-01,2026-03-01,after last observed
eeb2bff2-0400-4a00-a300-6521bbf0e9c7,2026-05-01,2025-11-01,2026-04-01,after last observed
eefc9ce6-bf10-4dde-bd42-0942f4d7db23,2026-05-01,2026-02-01,2026-04-01,after last observed
ef652624-a56e-45e7-bca0-c29427229c93,2026-05-01,2025-12-01,2026-04-01,after last observed
efc0a3f3-4bf3-4155-b036-3931d0b267ba,2026-05-01,2025-12-01,2026-04-01,after last observed
efce4ba3-8768-49b9-99d4-9ea88d3e8e82,2026-05-01,2025-12-01,2026-04-01,after last observed
f01124ab-03de-4c30-98fc-ca4548b50dfb,2026-05-01,2026-01-01,2026-04-01,after last observed
f045d27e-2794-4992-b069-e0afe7532915,2026-05-01,2026-02-01,2026-03-01,after last observed
f04aeaea-3d28-47c4-9bf6-13487f9f1039,2026-05-01,2026-01-01,2026-01-01,after last observed
f0554f7a-44a9-499c-992b-897e26c13601,2026-05-01,2025-11-01,2026-02-01,after last observed
f0d02c40-d64d-48f8-ac34-5a899cd3159b,2026-05-01,2026-01-01,2026-01-01,after last observed
f0dee735-c26f-4589-9f1c-a6adcacc22ee,2026-05-01,2026-02-01,2026-02-01,after last observed
f0f7d2f1-9577-46a9-b479-26a3a0f2f1f2,2026-05-01,2025-12-01,2026-04-01,after last observed
f1002e12-3d13-4d80-8b82-ee78136e4199,2026-05-01,2025-11-01,2025-12-01,after last observed
f1060f8e-7bd9-4492-bcbf-1f9bce0b44fb,2026-05-01,2026-02-01,2026-02-01,after last observed
f1bdae97-1e1c-4f3a-a376-4ca05414c7ea,2026-05-01,2026-03-01,2026-04-01,after last observed
f1cf0523-f880-4b2d-9705-bb38c6471c70,2026-05-01,2025-11-01,2026-03-01,after last observed
f2a0a0bc-1e3e-4351-b052-9f7b9b37b4af,2026-05-01,2026-01-01,2026-04-01,after last observed
f2e4f9c5-3c09-494e-a6ba-ac6471fbf337,2026-05-01,2026-01-01,2026-01-01,after last observed
f2f17ac6-ec66-46bb-8f72-aded6d081560,2026-05-01,2025-12-01,2026-04-01,after last observed
f3066de9-f5ab-40bc-8d54-5a1ec502ddcc,2026-05-01,2025-12-01,2026-04-01,after last observed
f36f3941-dd47-4ac1-901a-2aefa46c2244,2026-05-01,2025-11-01,2025-11-01,after last observed
f3d0d547-cb1b-41ec-bb0a-96c578f44cb2,2026-05-01,2026-04-01,2026-04-01,after last observed
f4081d63-c57a-4030-8fcf-3a619be06fa8,2026-05-01,2025-12-01,2026-01-01,after last observed
f40b4dbe-3749-41e2-9353-acdaacae1d63,2026-05-01,2026-02-01,2026-03-01,after last observed
f448eb52-7b3a-49d1-92cb-e28551af269d,2026-05-01,,,no revenue ever
f494ef11-394b-41d6-9353-c5e6a9cbf70d,2026-05-01,2025-12-01,2026-04-01,after last observed
f5183a1c-b087-4a40-8e7a-ee067e0c6226,2026-05-01,2025-10-01,2026-02-01,after last observed
f51a173b-4078-4f57-98b1-ba9ccff3b4e5,2026-05-01,2026-03-01,2026-04-01,after last observed
f546619d-1a77-4019-8ced-c107d6dcdbf2,2026-05-01,,,no revenue ever
f5d8d078-269c-4d25-af28-3cea42b2b661,2026-05-01,2025-12-01,2026-01-01,after last observed
f6233808-306f-46bf-817a-7fa37fc70ab0,2026-05-01,2025-11-01,2025-11-01,after last observed
f629715d-5e52-4c79-8c7f-a3412efd9941,2026-05-01,2026-01-01,2026-03-01,after last observed
f648fba3-2abc-4ad3-8b4a-e9c8d76b95b4,2026-05-01,2026-02-01,2026-02-01,after last observed
f65044cd-6a32-4b17-ab37-a7086e9de8ae,2026-05-01,2025-12-01,2026-03-01,after last observed
f66e1118-3253-4355-948e-29a2912908c1,2026-05-01,2025-11-01,2025-12-01,after last observed
f67386ab-4487-4a30-b945-d8cf5f3b63cc,2026-05-01,2025-12-01,2026-03-01,after last observed
f6767aba-4283-4c92-b899-324a3c4655e1,2026-05-01,2026-03-01,2026-04-01,after last observed
f6aeedce-5f49-4afb-b3ca-374f9e2024ba,2026-05-01,2026-01-01,2026-02-01,after last observed
f72171a0-732f-43cb-ba90-bce006d42788,2026-05-01,2026-01-01,2026-04-01,after last observed
f766d409-5066-4d1c-b4d1-f9869a500a77,2026-05-01,2025-11-01,2025-11-01,after last observed
f7e456ae-e341-4493-8977-aa0cae35c7c8,2026-05-01,2026-01-01,2026-01-01,after last observed
f87e7faf-056e-408a-9a44-530e802ab110,2026-05-01,2026-01-01,2026-04-01,after last observed
f9013982-68b2-4260-9b01-a55edeb69807,2026-05-01,2026-01-01,2026-03-01,after last observed
f9502b91-ea92-4125-bd29-1c5bb7737017,2026-05-01,2026-03-01,2026-03-01,after last observed
f95abbea-cfb2-4247-8f4f-e8e52547be8d,2026-05-01,2025-10-01,2026-04-01,after last observed
f9769573-7ea8-4409-899a-90e77e3cddc8,2026-05-01,2026-02-01,2026-04-01,after last observed
fa31f137-ae40-4263-a5e0-dee9eca33d69,2026-05-01,2025-12-01,2025-12-01,after last observed
fa37f995-7d71-4cf8-b493-90c327ac1c67,2026-05-01,2025-11-01,2026-04-01,after last observed
fa8b8a3e-b883-47fc-a255-62cd5ecd464b,2026-05-01,2026-02-01,2026-04-01,after last observed
fab54ea1-5129-4899-93fc-b70116c8a77e,2026-05-01,2026-03-01,2026-03-01,after last observed
fad92b38-92b3-4b57-95cc-07e68c9c257c,2026-05-01,2025-11-01,2026-03-01,after last observed
faf31b51-9fff-4b6d-8897-d587af1ab489,2026-05-01,2026-01-01,2026-02-01,after last observed
faf96ae6-d074-41fa-ba57-223daa1d1ee7,2026-05-01,2025-12-01,2026-03-01,after last observed
fb1f006c-340b-41e0-9b1e-f0406e6eb061,2026-05-01,2025-11-01,2026-04-01,after last observed
fb3b4a89-bfc2-4fa2-9085-b180aed53d7d,2026-05-01,2025-12-01,2026-01-01,after last observed
fb441453-4d72-4b16-81ce-782a8b00c4e6,2026-05-01,2026-03-01,2026-03-01,after last observed
fb9de98a-949d-429c-b2fa-2a15595dc60b,2026-05-01,2026-02-01,2026-03-01,after last observed
fbc37d4c-68be-4424-9502-3e3b237766b1,2026-05-01,,,no revenue ever
fc49b5ea-1b54-43ca-9ba6-b484afdbcbff,2026-05-01,2025-12-01,2026-01-01,after last observed
fc5607d5-0180-40c8-aeae-24389513b0de,2026-05-01,2025-12-01,2026-02-01,after last observed
fca438de-1ec0-48b7-89a3-37dd0fd6db62,2026-05-01,2026-04-01,2026-04-01,after last observed
fca5d246-0c24-4b02-a9a2-1403c48c69ce,2026-05-01,2025-12-01,2025-12-01,after last observed
fcf2e174-5539-4a02-acd0-6b193646c2fe,2026-05-01,2026-03-01,2026-03-01,after last observed
fe28e752-e4ee-4ade-8178-9dc47cb0d09d,2026-05-01,2026-02-01,2026-02-01,after last observed
fe46de84-3dbc-4709-9540-816542756aa2,2026-05-01,2026-03-01,2026-03-01,after last observed
fe4fbaef-80e0-4acd-8223-6d1270a82686,2026-05-01,2026-01-01,2026-03-01,after last observed
fe5eaf06-ab49-4edc-860c-4062361c2193,2026-05-01,2026-01-01,2026-01-01,after last observed
fec5467b-94e0-4cd2-b021-a0f9d5818a8a,2026-05-01,2026-04-01,2026-04-01,after last observed
fee6740f-6728-48b7-a22f-8adfc074a325,2026-05-01,2025-11-01,2026-03-01,after last observed
