activation_month,observation_month,months_since_activation,revenue_lifecycle_state,persona,initial_subscription_group,segment_level,companies,subscription_revenue,interchange_revenue,banking_fees,deposit_interest_revenue,total_revenue,activated_cohort_size,cohort_state_share_pct
2025-10-01,2025-10-01,0,Active,ALL,business,initial_plan,28,0.00000000000000000000,1219.45155582925844833000,398.00000000000000000000,185.02885769369861670951,1802.48041352295706503951,28,100.0
2025-10-01,2025-10-01,0,Active,ALL,free,initial_plan,408,0.00000000000000000000,2284.29594601270553887600,7688.00000000000000000000,1159.89368328273968996608,11132.18962929544522884208,409,99.76
2025-10-01,2025-10-01,0,Never monetized,ALL,free,initial_plan,1,0.00000000000000000000,0.00000000000000000000,0.00000000000000000000,0.00000000000000000000,0.00000000000000000000,409,0.24
2025-10-01,2025-10-01,0,Active,ALL,plus,initial_plan,210,146.30208333200000000000,3487.93497582367831999000,4306.68000000000000000000,665.78803301863010842483,8606.70509217430842841483,211,99.53
2025-10-01,2025-10-01,0,Never monetized,ALL,plus,initial_plan,1,0.00000000000000000000,0.00000000000000000000,0.00000000000000000000,0.00000000000000000000,0.00000000000000000000,211,0.47
2025-10-01,2025-10-01,0,Active,ALL,start,initial_plan,547,444.70900537700000000000,4839.88583439878039110400,6779.06000000000000000000,1999.85228985534244199101,14063.50712963112283309501,548,99.82
2025-10-01,2025-10-01,0,Never monetized,ALL,start,initial_plan,1,0.00000000000000000000,0.00000000000000000000,0.00000000000000000000,0.00000000000000000000,0.00000000000000000000,548,0.18
2025-10-01,2025-10-01,0,Active,ALL,ALL,overall,1193,591.01108870900000000000,11831.56831206442269830000,19171.74000000000000000000,4010.56286385041085709143,35604.88226462383355539143,1196,99.75
2025-10-01,2025-10-01,0,Never monetized,ALL,ALL,overall,3,0.00000000000000000000,0.00000000000000000000,0.00000000000000000000,0.00000000000000000000,0.00000000000000000000,1196,0.25
2025-10-01,2025-10-01,0,Active,Automobile_Trade_Repair,ALL,persona,53,16.87500000000000000000,2482.76418829728949583000,840.00000000000000000000,146.87505948438355842006,3486.51424778167305425006,53,100.0
2025-10-01,2025-10-01,0,Active,BTP,ALL,persona,239,72.03125000000000000000,3541.44714571629516714300,1590.00000000000000000000,1872.14339214904106296468,7075.62178786533623010768,240,99.58
2025-10-01,2025-10-01,0,Never monetized,BTP,ALL,persona,1,0.00000000000000000000,0.00000000000000000000,0.00000000000000000000,0.00000000000000000000,0.00000000000000000000,240,0.42
2025-10-01,2025-10-01,0,Active,Bankers_Insurance,ALL,persona,15,20.46875000000000000000,252.53642193246836006000,419.06000000000000000000,27.94756988657533891220,720.01274181904369897220,15,100.0
2025-10-01,2025-10-01,0,Active,Bikers_Drivers,ALL,persona,99,30.46875000000000000000,1167.39876211141362225300,1666.00000000000000000000,124.13683208493150411050,2988.00434419634512636350,100,99.0
2025-10-01,2025-10-01,0,Never monetized,Bikers_Drivers,ALL,persona,1,0.00000000000000000000,0.00000000000000000000,0.00000000000000000000,0.00000000000000000000,0.00000000000000000000,100,1.0
2025-10-01,2025-10-01,0,Active,Cleaning_CallCenters,ALL,persona,6,0.00000000000000000000,0.00000000000000000000,138.00000000000000000000,11.24100030520547723484,149.24100030520547723484,6,100.0
2025-10-01,2025-10-01,0,Active,Consultant,ALL,persona,202,168.32358871000000000000,807.83394392028917436100,3388.00000000000000000000,695.37149882191778081683,5059.52903145220695517783,202,100.0
2025-10-01,2025-10-01,0,Active,Developer_IT,ALL,persona,90,103.79166666600000000000,403.73032400499453243000,2618.00000000000000000000,158.77933978410959184440,3284.30133045510412427440,91,98.9
2025-10-01,2025-10-01,0,Never monetized,Developer_IT,ALL,persona,1,0.00000000000000000000,0.00000000000000000000,0.00000000000000000000,0.00000000000000000000,0.00000000000000000000,91,1.1
2025-10-01,2025-10-01,0,Active,Media_Publishing,ALL,persona,34,26.37500000000000000000,194.73845406206524177000,256.00000000000000000000,233.77246200821916928265,710.88591607028441105265,34,100.0
2025-10-01,2025-10-01,0,Active,Medical_Professionals,ALL,persona,14,0.00000000000000000000,7.02409007870888260000,4.00000000000000000000,14.73797814027397225943,25.76206821898285485943,14,100.0
2025-10-01,2025-10-01,0,Active,Others,ALL,persona,191,38.37500000000000000000,1564.47165264189053427300,3090.00000000000000000000,278.09799848767121263556,4970.94465112956174690856,191,100.0
2025-10-01,2025-10-01,0,Active,Professeur,ALL,persona,34,17.15625000000000000000,32.95733241993773031000,122.00000000000000000000,35.11840073863013507550,207.23198315856786538550,34,100.0
2025-10-01,2025-10-01,0,Active,Repair,ALL,persona,8,7.21875000000000000000,160.49577944514755671000,4.00000000000000000000,5.39412137863013733280,177.10865082377769404280,8,100.0
2025-10-01,2025-10-01,0,Active,Restauration,ALL,persona,28,8.75000000000000000000,224.73137415774967698000,897.34000000000000000000,86.57598201369863055890,1217.39735617144830753890,28,100.0
2025-10-01,2025-10-01,0,Active,Retail,ALL,persona,157,64.86458333300000000000,896.90945574952166740000,3863.34000000000000000000,251.35046619780821480562,5076.46450528032988220562,157,100.0
2025-10-01,2025-10-01,0,Active,Wholesale,ALL,persona,23,16.31250000000000000000,94.52938752665105618000,276.00000000000000000000,69.02076236931507083746,455.86264989596612701746,23,100.0
2025-10-01,2025-10-01,0,Active,Automobile_Trade_Repair,business,persona_x_initial_plan,5,0.00000000000000000000,115.10495104322153423000,0.00000000000000000000,14.43951172602739678680,129.54446276924893101680,5,100.0
2025-10-01,2025-10-01,0,Active,Automobile_Trade_Repair,free,persona_x_initial_plan,15,0.00000000000000000000,155.92155986880653430000,264.00000000000000000000,36.85969401753424962486,456.78125388634078392486,15,100.0
2025-10-01,2025-10-01,0,Active,Automobile_Trade_Repair,plus,persona_x_initial_plan,11,16.87500000000000000000,302.65077066863400030000,138.00000000000000000000,71.67619202958903548200,529.20196269822303578200,11,100.0
2025-10-01,2025-10-01,0,Active,Automobile_Trade_Repair,start,persona_x_initial_plan,22,0.00000000000000000000,1909.08690671662742700000,438.00000000000000000000,23.89966171123287652640,2370.98656842786030352640,22,100.0
2025-10-01,2025-10-01,0,Active,BTP,business,persona_x_initial_plan,8,0.00000000000000000000,669.85667136297194200000,0.00000000000000000000,74.03988364493149735000,743.89655500790343935000,8,100.0
2025-10-01,2025-10-01,0,Active,BTP,free,persona_x_initial_plan,73,0.00000000000000000000,863.72852959903144439300,540.00000000000000000000,654.23399662904107805090,2057.96252622807252244390,73,100.0
2025-10-01,2025-10-01,0,Active,BTP,plus,persona_x_initial_plan,67,5.62500000000000000000,1436.89313033541545307000,378.00000000000000000000,293.75983710739724207613,2114.27796744281269514613,68,98.53
2025-10-01,2025-10-01,0,Never monetized,BTP,plus,persona_x_initial_plan,1,0.00000000000000000000,0.00000000000000000000,0.00000000000000000000,0.00000000000000000000,0.00000000000000000000,68,1.47
2025-10-01,2025-10-01,0,Active,BTP,start,persona_x_initial_plan,91,66.40625000000000000000,570.96881441887632768000,672.00000000000000000000,850.10967476767124548765,2159.48473918654757316765,91,100.0
2025-10-01,2025-10-01,0,Active,Bankers_Insurance,free,persona_x_initial_plan,8,0.00000000000000000000,0.00000000000000000000,276.00000000000000000000,23.11712315013698272220,299.11712315013698272220,8,100.0
2025-10-01,2025-10-01,0,Active,Bankers_Insurance,start,persona_x_initial_plan,7,20.46875000000000000000,252.53642193246836006000,143.06000000000000000000,4.83044673643835619000,420.89561866890671625000,7,100.0
2025-10-01,2025-10-01,0,Active,Bikers_Drivers,business,persona_x_initial_plan,5,0.00000000000000000000,87.70934475144056100000,138.00000000000000000000,71.47720615506849267970,297.18655090650905367970,5,100.0
2025-10-01,2025-10-01,0,Active,Bikers_Drivers,free,persona_x_initial_plan,35,0.00000000000000000000,222.78137949479908834000,760.00000000000000000000,18.06228800602739666702,1000.84366750082648500702,36,97.22
2025-10-01,2025-10-01,0,Never monetized,Bikers_Drivers,free,persona_x_initial_plan,1,0.00000000000000000000,0.00000000000000000000,0.00000000000000000000,0.00000000000000000000,0.00000000000000000000,36,2.78
2025-10-01,2025-10-01,0,Active,Bikers_Drivers,plus,persona_x_initial_plan,26,16.25000000000000000000,617.12767549788502549000,118.00000000000000000000,23.78432826739725852490,775.16200376528228401490,26,100.0
2025-10-01,2025-10-01,0,Active,Bikers_Drivers,start,persona_x_initial_plan,33,14.21875000000000000000,239.78036236728894742300,650.00000000000000000000,10.81300965643835623888,914.81212202372730366188,33,100.0
2025-10-01,2025-10-01,0,Active,Cleaning_CallCenters,free,persona_x_initial_plan,4,0.00000000000000000000,0.00000000000000000000,138.00000000000000000000,1.62245045698630113484,139.62245045698630113484,4,100.0
2025-10-01,2025-10-01,0,Active,Cleaning_CallCenters,start,persona_x_initial_plan,2,0.00000000000000000000,0.00000000000000000000,0.00000000000000000000,9.61854984821917610000,9.61854984821917610000,2,100.0
2025-10-01,2025-10-01,0,Active,Consultant,business,persona_x_initial_plan,2,0.00000000000000000000,0.00000000000000000000,0.00000000000000000000,4.81070023616438436301,4.81070023616438436301,2,100.0
2025-10-01,2025-10-01,0,Active,Consultant,free,persona_x_initial_plan,80,0.00000000000000000000,260.70444103746833117300,2062.00000000000000000000,160.75720237369861890528,2483.46164341116695007828,80,100.0
2025-10-01,2025-10-01,0,Active,Consultant,plus,persona_x_initial_plan,15,17.50000000000000000000,123.16442603235815640000,142.00000000000000000000,48.40949322410959713040,331.07391925646775353040,15,100.0
2025-10-01,2025-10-01,0,Active,Consultant,start,persona_x_initial_plan,105,150.82358871000000000000,423.96507685046268678800,1184.00000000000000000000,481.39410298794518041814,2240.18276854840786720614,105,100.0
2025-10-01,2025-10-01,0,Active,Developer_IT,free,persona_x_initial_plan,35,0.00000000000000000000,22.08577237391380847000,816.00000000000000000000,67.86026224273973093470,905.94603461665353940470,35,100.0
2025-10-01,2025-10-01,0,Active,Developer_IT,plus,persona_x_initial_plan,13,48.38541666600000000000,168.05071470680476960000,276.00000000000000000000,16.68922552547945126180,509.12535689828422086180,13,100.0
2025-10-01,2025-10-01,0,Active,Developer_IT,start,persona_x_initial_plan,42,55.40625000000000000000,213.59383692427595436000,1526.00000000000000000000,74.22985201589040964790,1869.22993894016636400790,43,97.67
2025-10-01,2025-10-01,0,Never monetized,Developer_IT,start,persona_x_initial_plan,1,0.00000000000000000000,0.00000000000000000000,0.00000000000000000000,0.00000000000000000000,0.00000000000000000000,43,2.33
2025-10-01,2025-10-01,0,Active,Media_Publishing,free,persona_x_initial_plan,15,0.00000000000000000000,0.80083658888885267000,256.00000000000000000000,8.37711434958903961299,265.17795093847789228299,15,100.0
2025-10-01,2025-10-01,0,Active,Media_Publishing,plus,persona_x_initial_plan,1,0.00000000000000000000,26.91862734335986900000,0.00000000000000000000,59.69368183780821400000,86.61230918116808300000,1,100.0
2025-10-01,2025-10-01,0,Active,Media_Publishing,start,persona_x_initial_plan,18,26.37500000000000000000,167.01899012981652010000,0.00000000000000000000,165.70166582082191566966,359.09565595063843576966,18,100.0
2025-10-01,2025-10-01,0,Active,Medical_Professionals,free,persona_x_initial_plan,5,0.00000000000000000000,1.28789509909026000000,4.00000000000000000000,3.37116048712328764900,8.65905558621354764900,5,100.0
2025-10-01,2025-10-01,0,Active,Medical_Professionals,plus,persona_x_initial_plan,1,0.00000000000000000000,0.00000000000000000000,0.00000000000000000000,0.02746849315068492600,0.02746849315068492600,1,100.0
2025-10-01,2025-10-01,0,Active,Medical_Professionals,start,persona_x_initial_plan,8,0.00000000000000000000,5.73619497961862260000,0.00000000000000000000,11.33934915999999968443,17.07554413961862228443,8,100.0
2025-10-01,2025-10-01,0,Active,Others,business,persona_x_initial_plan,6,0.00000000000000000000,199.81001418193461110000,260.00000000000000000000,18.14254948328766763000,477.95256366522227873000,6,100.0
2025-10-01,2025-10-01,0,Active,Others,free,persona_x_initial_plan,59,0.00000000000000000000,466.25487569216967860000,1146.00000000000000000000,94.97696213369862428093,1707.23183782586830288093,59,100.0
2025-10-01,2025-10-01,0,Active,Others,plus,persona_x_initial_plan,34,0.00000000000000000000,304.64676862761222875000,778.00000000000000000000,35.64808926136985607427,1118.29485788898208482427,34,100.0
2025-10-01,2025-10-01,0,Active,Others,start,persona_x_initial_plan,92,38.37500000000000000000,593.75999414017401582300,906.00000000000000000000,129.33039760931506465036,1667.46539174948908047336,92,100.0
2025-10-01,2025-10-01,0,Active,Professeur,free,persona_x_initial_plan,12,0.00000000000000000000,1.09287098408516360000,122.00000000000000000000,5.17652300876712264650,128.26939399285228624650,12,100.0
2025-10-01,2025-10-01,0,Active,Professeur,plus,persona_x_initial_plan,1,0.00000000000000000000,0.00000000000000000000,0.00000000000000000000,0.54936986301369872000,0.54936986301369872000,1,100.0
2025-10-01,2025-10-01,0,Active,Professeur,start,persona_x_initial_plan,21,17.15625000000000000000,31.86446143585256671000,0.00000000000000000000,29.39250786684931370900,78.41321930270188041900,21,100.0
2025-10-01,2025-10-01,0,Active,Repair,free,persona_x_initial_plan,3,0.00000000000000000000,133.81062820444026381000,4.00000000000000000000,0.73355484657534239280,138.54418305101560620280,3,100.0
2025-10-01,2025-10-01,0,Active,Repair,plus,persona_x_initial_plan,1,0.00000000000000000000,17.63248993271501100000,0.00000000000000000000,0.16855051123287673000,17.80104044394788773000,1,100.0
2025-10-01,2025-10-01,0,Active,Repair,start,persona_x_initial_plan,4,7.21875000000000000000,9.05266130799228190000,0.00000000000000000000,4.49201602082191821000,20.76342732881420011000,4,100.0
2025-10-01,2025-10-01,0,Active,Restauration,free,persona_x_initial_plan,9,0.00000000000000000000,22.73887515861309645000,118.00000000000000000000,24.43874903890410470930,165.17762419751720115930,9,100.0
2025-10-01,2025-10-01,0,Active,Restauration,plus,persona_x_initial_plan,12,8.75000000000000000000,199.16391867337249293000,543.34000000000000000000,55.03192305315069157260,806.28584172652318450260,12,100.0
2025-10-01,2025-10-01,0,Active,Restauration,start,persona_x_initial_plan,7,0.00000000000000000000,2.82858032576408760000,236.00000000000000000000,7.10530992164383427700,245.93389024740792187700,7,100.0
2025-10-01,2025-10-01,0,Active,Retail,business,persona_x_initial_plan,1,0.00000000000000000000,146.97057448968980000000,0.00000000000000000000,0.60717479452054790000,147.57774928421034790000,1,100.0
2025-10-01,2025-10-01,0,Active,Retail,free,persona_x_initial_plan,49,0.00000000000000000000,115.74830174185948007000,906.00000000000000000000,54.33829257041096083500,1076.08659431227044090500,49,100.0
2025-10-01,2025-10-01,0,Active,Retail,plus,persona_x_initial_plan,25,32.91666666600000000000,260.77697162735507035000,1933.34000000000000000000,57.69995055068492676673,2284.73358884403999711673,25,100.0
2025-10-01,2025-10-01,0,Active,Retail,start,persona_x_initial_plan,82,31.94791666700000000000,373.41360789061731698000,1024.00000000000000000000,138.70504828219177930389,1568.06657283980909628389,82,100.0
2025-10-01,2025-10-01,0,Active,Wholesale,business,persona_x_initial_plan,1,0.00000000000000000000,0.00000000000000000000,0.00000000000000000000,1.51183165369863000000,1.51183165369863000000,1,100.0
2025-10-01,2025-10-01,0,Active,Wholesale,free,persona_x_initial_plan,6,0.00000000000000000000,17.33998016953953700000,276.00000000000000000000,5.96830997150684979976,299.30829014104638679976,6,100.0
2025-10-01,2025-10-01,0,Active,Wholesale,plus,persona_x_initial_plan,3,0.00000000000000000000,30.90948237816624310000,0.00000000000000000000,2.64992329424657516000,33.55940567241281826000,3,100.0
2025-10-01,2025-10-01,0,Active,Wholesale,start,persona_x_initial_plan,13,16.31250000000000000000,46.27992497894527608000,0.00000000000000000000,58.89069744986301587770,121.48312242880829195770,13,100.0
2025-10-01,2025-11-01,1,Active,ALL,business,initial_plan,25,1859.00000000000000000000,1686.55161889122239666000,2.40000000000000000000,348.58890037643838100575,3896.54051926766077766575,28,89.29
2025-10-01,2025-11-01,1,At-risk,ALL,business,initial_plan,3,0.00000000000000000000,0.00000000000000000000,0.00000000000000000000,0.00000000000000000000,0.00000000000000000000,28,10.71
2025-10-01,2025-11-01,1,Active,ALL,free,initial_plan,391,55.47115384600000000000,4157.28553648790596313500,138.46000000000000020000,5363.92822691835607613949,9715.14491725226203947449,409,95.6
2025-10-01,2025-11-01,1,At-risk,ALL,free,initial_plan,17,0.00000000000000000000,0.00000000000000000000,0.00000000000000000000,0.00000000000000000000,0.00000000000000000000,409,4.16
2025-10-01,2025-11-01,1,Never monetized,ALL,free,initial_plan,1,0.00000000000000000000,0.00000000000000000000,0.00000000000000000000,0.00000000000000000000,0.00000000000000000000,409,0.24
2025-10-01,2025-11-01,1,Active,ALL,plus,initial_plan,200,4047.36111750999999800000,7677.57832649287840496230,13.83999999999999994000,2340.35586585698663474066,14079.13530985986503764296,211,94.79
2025-10-01,2025-11-01,1,At-risk,ALL,plus,initial_plan,11,0.00000000000000000000,0.00000000000000000000,0.00000000000000000000,0.00000000000000000000,0.00000000000000000000,211,5.21
2025-10-01,2025-11-01,1,Active,ALL,start,initial_plan,537,5266.34153355600000000000,7717.59646865659982745900,276.88000000000000000000,8597.33589551561718132451,21858.15389772821700878351,548,97.99
2025-10-01,2025-11-01,1,At-risk,ALL,start,initial_plan,10,0.00000000000000000000,0.00000000000000000000,0.00000000000000000000,0.00000000000000000000,0.00000000000000000000,548,1.82
2025-10-01,2025-11-01,1,Never monetized,ALL,start,initial_plan,1,0.00000000000000000000,0.00000000000000000000,0.00000000000000000000,0.00000000000000000000,0.00000000000000000000,548,0.18
2025-10-01,2025-11-01,1,Active,ALL,ALL,overall,1153,11228.17380491199999800000,21239.01195052860659221630,431.58000000000000014000,16650.20888866739827321041,49548.97464410800486356671,1196,96.4
2025-10-01,2025-11-01,1,At-risk,ALL,ALL,overall,41,0.00000000000000000000,0.00000000000000000000,0.00000000000000000000,0.00000000000000000000,0.00000000000000000000,1196,3.43
2025-10-01,2025-11-01,1,Never monetized,ALL,ALL,overall,2,0.00000000000000000000,0.00000000000000000000,0.00000000000000000000,0.00000000000000000000,0.00000000000000000000,1196,0.17
2025-10-01,2025-11-01,1,Active,Automobile_Trade_Repair,ALL,persona,53,793.00000000000000000000,1835.32457669688661170000,5.54000000000000000000,413.86883157698633411555,3047.73340827387294581555,53,100.0
2025-10-01,2025-11-01,1,Active,BTP,ALL,persona,229,2855.02008008800000000000,7977.39505281176132839600,54.70000000000000000000,9530.45997881424716344660,20417.57511171400849184260,240,95.42
2025-10-01,2025-11-01,1,At-risk,BTP,ALL,persona,11,0.00000000000000000000,0.00000000000000000000,0.00000000000000000000,0.00000000000000000000,0.00000000000000000000,240,4.58
2025-10-01,2025-11-01,1,Active,Bankers_Insurance,ALL,persona,14,62.00000000000000000000,83.69889317798391430000,206.36000000000000000000,86.34224987835617524730,438.40114305634008954730,15,93.33
2025-10-01,2025-11-01,1,At-risk,Bankers_Insurance,ALL,persona,1,0.00000000000000000000,0.00000000000000000000,0.00000000000000000000,0.00000000000000000000,0.00000000000000000000,15,6.67
2025-10-01,2025-11-01,1,Active,Bikers_Drivers,ALL,persona,92,1215.32000000000000000000,1984.62761201683851212000,17.12000000000000000000,265.81945331287673401253,3482.88706532971524613253,100,92.0
2025-10-01,2025-11-01,1,At-risk,Bikers_Drivers,ALL,persona,7,0.00000000000000000000,0.00000000000000000000,0.00000000000000000000,0.00000000000000000000,0.00000000000000000000,100,7.0
2025-10-01,2025-11-01,1,Never monetized,Bikers_Drivers,ALL,persona,1,0.00000000000000000000,0.00000000000000000000,0.00000000000000000000,0.00000000000000000000,0.00000000000000000000,100,1.0
2025-10-01,2025-11-01,1,Active,Cleaning_CallCenters,ALL,persona,6,22.00000000000000000000,11.14929716700051100000,0.00000000000000000000,23.62791795726027949518,56.77721512426079049518,6,100.0
2025-10-01,2025-11-01,1,Active,Consultant,ALL,persona,197,1379.12536667799999800000,2661.22837459641861168700,41.70000000000000000000,2420.80956450246580901031,6502.86330577688441869731,202,97.52
2025-10-01,2025-11-01,1,At-risk,Consultant,ALL,persona,5,0.00000000000000000000,0.00000000000000000000,0.00000000000000000000,0.00000000000000000000,0.00000000000000000000,202,2.48
2025-10-01,2025-11-01,1,Active,Developer_IT,ALL,persona,84,664.76526881700000000000,495.67145278570988425000,4.00000000000000040000,672.64761605808225504640,1837.08433766079213969640,91,92.31
2025-10-01,2025-11-01,1,At-risk,Developer_IT,ALL,persona,6,0.00000000000000000000,0.00000000000000000000,0.00000000000000000000,0.00000000000000000000,0.00000000000000000000,91,6.59
2025-10-01,2025-11-01,1,Never monetized,Developer_IT,ALL,persona,1,0.00000000000000000000,0.00000000000000000000,0.00000000000000000000,0.00000000000000000000,0.00000000000000000000,91,1.1
2025-10-01,2025-11-01,1,Active,Media_Publishing,ALL,persona,32,183.00000000000000000000,623.90428172279058851200,12.66000000000000000000,772.26872854684946741219,1591.83301026964005592419,34,94.12
2025-10-01,2025-11-01,1,At-risk,Media_Publishing,ALL,persona,2,0.00000000000000000000,0.00000000000000000000,0.00000000000000000000,0.00000000000000000000,0.00000000000000000000,34,5.88
2025-10-01,2025-11-01,1,Active,Medical_Professionals,ALL,persona,14,113.00000000000000000000,62.11894687597317200000,4.00000000000000000000,134.62602711945206161300,313.74497399542523361300,14,100.0
2025-10-01,2025-11-01,1,Active,Others,ALL,persona,185,1812.10483871000000000000,2742.99701873832076920230,7.11999999999999994000,957.70621807726030536135,5519.92807552558107450365,191,96.86
2025-10-01,2025-11-01,1,At-risk,Others,ALL,persona,6,0.00000000000000000000,0.00000000000000000000,0.00000000000000000000,0.00000000000000000000,0.00000000000000000000,191,3.14
2025-10-01,2025-11-01,1,Active,Professeur,ALL,persona,34,244.38384615400000000000,372.04167916443350530000,4.00000000000000000000,141.45958588493150632632,761.88511120336501162632,34,100.0
2025-10-01,2025-11-01,1,Active,Repair,ALL,persona,8,58.00000000000000000000,38.48025372260762580000,0.00000000000000000000,30.27790857589041650860,126.75816229849804230860,8,100.0
2025-10-01,2025-11-01,1,Active,Restauration,ALL,persona,27,262.71462365600000000000,274.76212486376801590000,6.81999999999999940000,158.68748703452056331420,702.98423555428857861420,28,96.43
2025-10-01,2025-11-01,1,At-risk,Restauration,ALL,persona,1,0.00000000000000000000,0.00000000000000000000,0.00000000000000000000,0.00000000000000000000,0.00000000000000000000,28,3.57
2025-10-01,2025-11-01,1,Active,Retail,ALL,persona,155,1282.73978080900000000000,1761.51113343257121197900,61.56000000000000040000,699.91804355068499073168,3805.72895779225620311068,157,98.73
2025-10-01,2025-11-01,1,At-risk,Retail,ALL,persona,2,0.00000000000000000000,0.00000000000000000000,0.00000000000000000000,0.00000000000000000000,0.00000000000000000000,157,1.27
2025-10-01,2025-11-01,1,Active,Wholesale,ALL,persona,23,281.00000000000000000000,314.10125275554233007000,6.00000000000000000000,341.68927777753421156920,942.79053053307654163920,23,100.0
2025-10-01,2025-11-01,1,Active,Automobile_Trade_Repair,business,persona_x_initial_plan,5,339.00000000000000000000,236.35437810143625000000,1.54000000000000000000,28.77512929205479517375,605.66950739349104517375,5,100.0
2025-10-01,2025-11-01,1,Active,Automobile_Trade_Repair,free,persona_x_initial_plan,15,0.00000000000000000000,282.68400346800967190000,4.00000000000000000000,116.63462561917809128700,403.31862908718776318700,15,100.0
2025-10-01,2025-11-01,1,Active,Automobile_Trade_Repair,plus,persona_x_initial_plan,11,245.00000000000000000000,963.14706390693384970000,0.00000000000000000000,216.76395588383563916290,1424.91101979076948886290,11,100.0
2025-10-01,2025-11-01,1,Active,Automobile_Trade_Repair,start,persona_x_initial_plan,22,209.00000000000000000000,353.13913122050684010000,0.00000000000000000000,51.69512078191780849190,613.83425200242464859190,22,100.0
2025-10-01,2025-11-01,1,Active,BTP,business,persona_x_initial_plan,7,560.00000000000000000000,914.15417812216303000000,0.00000000000000000000,120.89737300602741221000,1595.05155112819044221000,8,87.5
2025-10-01,2025-11-01,1,At-risk,BTP,business,persona_x_initial_plan,1,0.00000000000000000000,0.00000000000000000000,0.00000000000000000000,0.00000000000000000000,0.00000000000000000000,8,12.5
2025-10-01,2025-11-01,1,Active,BTP,free,persona_x_initial_plan,69,0.00000000000000000000,1483.53893611026554447600,48.00000000000000000000,3468.37902423232863376050,4999.91796034259417823650,73,94.52
2025-10-01,2025-11-01,1,At-risk,BTP,free,persona_x_initial_plan,4,0.00000000000000000000,0.00000000000000000000,0.00000000000000000000,0.00000000000000000000,0.00000000000000000000,73,5.48
2025-10-01,2025-11-01,1,Active,BTP,plus,persona_x_initial_plan,64,1375.15483870900000000000,3086.94542488656914100000,3.08000000000000000000,1323.83972152273998047097,5789.01998511830912147097,68,94.12
2025-10-01,2025-11-01,1,At-risk,BTP,plus,persona_x_initial_plan,4,0.00000000000000000000,0.00000000000000000000,0.00000000000000000000,0.00000000000000000000,0.00000000000000000000,68,5.88
2025-10-01,2025-11-01,1,Active,BTP,start,persona_x_initial_plan,89,919.86524137900000000000,2492.75651369276361292000,3.62000000000000000000,4617.34386005315113700513,8033.58561512491474992513,91,97.8
2025-10-01,2025-11-01,1,At-risk,BTP,start,persona_x_initial_plan,2,0.00000000000000000000,0.00000000000000000000,0.00000000000000000000,0.00000000000000000000,0.00000000000000000000,91,2.2
2025-10-01,2025-11-01,1,Active,Bankers_Insurance,free,persona_x_initial_plan,7,0.00000000000000000000,35.74141447436281370000,0.00000000000000000000,50.67411570465754134730,86.41553017902035504730,8,87.5
2025-10-01,2025-11-01,1,At-risk,Bankers_Insurance,free,persona_x_initial_plan,1,0.00000000000000000000,0.00000000000000000000,0.00000000000000000000,0.00000000000000000000,0.00000000000000000000,8,12.5
2025-10-01,2025-11-01,1,Active,Bankers_Insurance,start,persona_x_initial_plan,7,62.00000000000000000000,47.95747870362110060000,206.36000000000000000000,35.66813417369863390000,351.98561287731973450000,7,100.0
2025-10-01,2025-11-01,1,Active,Bikers_Drivers,business,persona_x_initial_plan,5,400.00000000000000000000,181.72856557581781666000,0.86000000000000000000,39.65921613479451903800,622.24778171061233569800,5,100.0
2025-10-01,2025-11-01,1,Active,Bikers_Drivers,free,persona_x_initial_plan,33,0.00000000000000000000,335.28743882226317338000,16.00000000000000000000,74.28003884328767277734,425.56747766555084615734,36,91.67
2025-10-01,2025-11-01,1,At-risk,Bikers_Drivers,free,persona_x_initial_plan,2,0.00000000000000000000,0.00000000000000000000,0.00000000000000000000,0.00000000000000000000,0.00000000000000000000,36,5.56
2025-10-01,2025-11-01,1,Never monetized,Bikers_Drivers,free,persona_x_initial_plan,1,0.00000000000000000000,0.00000000000000000000,0.00000000000000000000,0.00000000000000000000,0.00000000000000000000,36,2.78
2025-10-01,2025-11-01,1,Active,Bikers_Drivers,plus,persona_x_initial_plan,23,509.90000000000000000000,1138.10209897369616830000,0.26000000000000000000,102.96408483452056611019,1751.22618380821673441019,26,88.46
2025-10-01,2025-11-01,1,At-risk,Bikers_Drivers,plus,persona_x_initial_plan,3,0.00000000000000000000,0.00000000000000000000,0.00000000000000000000,0.00000000000000000000,0.00000000000000000000,26,11.54
2025-10-01,2025-11-01,1,Active,Bikers_Drivers,start,persona_x_initial_plan,31,305.42000000000000000000,329.50950864506135378000,0.00000000000000000000,48.91611350027397608700,683.84562214533532986700,33,93.94
2025-10-01,2025-11-01,1,At-risk,Bikers_Drivers,start,persona_x_initial_plan,2,0.00000000000000000000,0.00000000000000000000,0.00000000000000000000,0.00000000000000000000,0.00000000000000000000,33,6.06
2025-10-01,2025-11-01,1,Active,Cleaning_CallCenters,free,persona_x_initial_plan,4,0.00000000000000000000,0.00000000000000000000,0.00000000000000000000,1.68629771835616449518,1.68629771835616449518,4,100.0
2025-10-01,2025-11-01,1,Active,Cleaning_CallCenters,start,persona_x_initial_plan,2,22.00000000000000000000,11.14929716700051100000,0.00000000000000000000,21.94162023890411500000,55.09091740590462600000,2,100.0
2025-10-01,2025-11-01,1,Active,Consultant,business,persona_x_initial_plan,2,80.00000000000000000000,52.80054874528553900000,0.00000000000000000000,4.62610742356164370000,137.42665616884718270000,2,100.0
2025-10-01,2025-11-01,1,Active,Consultant,free,persona_x_initial_plan,77,0.00000000000000000000,657.52455089896281915700,16.80000000000000000000,575.93237561643840094120,1250.25692651540122009820,80,96.25
2025-10-01,2025-11-01,1,At-risk,Consultant,free,persona_x_initial_plan,3,0.00000000000000000000,0.00000000000000000000,0.00000000000000000000,0.00000000000000000000,0.00000000000000000000,80,3.75
2025-10-01,2025-11-01,1,Active,Consultant,plus,persona_x_initial_plan,15,325.44821428599999800000,919.36757272370543754000,0.00000000000000000000,158.66971067561643783900,1403.48549768532187337900,15,100.0
2025-10-01,2025-11-01,1,Active,Consultant,start,persona_x_initial_plan,103,973.67715239200000000000,1031.53570222846481599000,24.90000000000000000000,1681.58137078684932653011,3711.69422540731414252011,105,98.1
2025-10-01,2025-11-01,1,At-risk,Consultant,start,persona_x_initial_plan,2,0.00000000000000000000,0.00000000000000000000,0.00000000000000000000,0.00000000000000000000,0.00000000000000000000,105,1.9
2025-10-01,2025-11-01,1,Active,Developer_IT,free,persona_x_initial_plan,31,10.19000000000000000000,145.52694551922093404300,2.40000000000000040000,314.22124880328769379140,472.33819432250862823440,35,88.57
2025-10-01,2025-11-01,1,At-risk,Developer_IT,free,persona_x_initial_plan,4,0.00000000000000000000,0.00000000000000000000,0.00000000000000000000,0.00000000000000000000,0.00000000000000000000,35,11.43
2025-10-01,2025-11-01,1,Active,Developer_IT,plus,persona_x_initial_plan,12,253.33333333300000000000,24.72914576440121600000,0.00000000000000000000,132.29699200712330770000,410.35947110452452370000,13,92.31
2025-10-01,2025-11-01,1,At-risk,Developer_IT,plus,persona_x_initial_plan,1,0.00000000000000000000,0.00000000000000000000,0.00000000000000000000,0.00000000000000000000,0.00000000000000000000,13,7.69
2025-10-01,2025-11-01,1,Active,Developer_IT,start,persona_x_initial_plan,41,401.24193548400000000000,325.41536150208773420700,1.60000000000000000000,226.12937524767125355500,954.38667223375898776200,43,95.35
2025-10-01,2025-11-01,1,At-risk,Developer_IT,start,persona_x_initial_plan,1,0.00000000000000000000,0.00000000000000000000,0.00000000000000000000,0.00000000000000000000,0.00000000000000000000,43,2.33
2025-10-01,2025-11-01,1,Never monetized,Developer_IT,start,persona_x_initial_plan,1,0.00000000000000000000,0.00000000000000000000,0.00000000000000000000,0.00000000000000000000,0.00000000000000000000,43,2.33
2025-10-01,2025-11-01,1,Active,Media_Publishing,free,persona_x_initial_plan,14,0.00000000000000000000,60.02531385852831400000,8.00000000000000000000,15.81153318136986288219,83.83684703989817688219,15,93.33
2025-10-01,2025-11-01,1,At-risk,Media_Publishing,free,persona_x_initial_plan,1,0.00000000000000000000,0.00000000000000000000,0.00000000000000000000,0.00000000000000000000,0.00000000000000000000,15,6.67
2025-10-01,2025-11-01,1,Active,Media_Publishing,plus,persona_x_initial_plan,1,25.00000000000000000000,219.60826701074754000000,0.00000000000000000000,51.93147547287672700000,296.53974248362426700000,1,100.0
2025-10-01,2025-11-01,1,Active,Media_Publishing,start,persona_x_initial_plan,17,158.00000000000000000000,344.27070085351473451200,4.66000000000000000000,704.52571989260287753000,1211.45642074611761204200,18,94.44
2025-10-01,2025-11-01,1,At-risk,Media_Publishing,start,persona_x_initial_plan,1,0.00000000000000000000,0.00000000000000000000,0.00000000000000000000,0.00000000000000000000,0.00000000000000000000,18,5.56
2025-10-01,2025-11-01,1,Active,Medical_Professionals,free,persona_x_initial_plan,5,0.00000000000000000000,8.50881716189164190000,4.00000000000000000000,63.17862675726027170000,75.68744391915191360000,5,100.0
2025-10-01,2025-11-01,1,Active,Medical_Professionals,plus,persona_x_initial_plan,1,25.00000000000000000000,5.08483562845228220000,0.00000000000000000000,5.52047244712328760000,35.60530807557556980000,1,100.0
2025-10-01,2025-11-01,1,Active,Medical_Professionals,start,persona_x_initial_plan,8,88.00000000000000000000,48.52529408562924790000,0.00000000000000000000,65.92692791506850231300,202.45222200069775021300,8,100.0
2025-10-01,2025-11-01,1,Active,Others,business,persona_x_initial_plan,5,400.00000000000000000000,301.51394834651976100000,0.00000000000000000000,146.36460928054795608400,847.87855762706771708400,6,83.33
2025-10-01,2025-11-01,1,At-risk,Others,business,persona_x_initial_plan,1,0.00000000000000000000,0.00000000000000000000,0.00000000000000000000,0.00000000000000000000,0.00000000000000000000,6,16.67
2025-10-01,2025-11-01,1,Active,Others,free,persona_x_initial_plan,58,17.85000000000000000000,411.95533232440605748000,4.80000000000000000000,309.91302803123288130076,744.51836035563893878076,59,98.31
2025-10-01,2025-11-01,1,At-risk,Others,free,persona_x_initial_plan,1,0.00000000000000000000,0.00000000000000000000,0.00000000000000000000,0.00000000000000000000,0.00000000000000000000,59,1.69
2025-10-01,2025-11-01,1,Active,Others,plus,persona_x_initial_plan,32,514.90000000000000000000,470.22665222761100179230,0.49999999999999994000,87.24558450630136950421,1072.87223673391237123651,34,94.12
2025-10-01,2025-11-01,1,At-risk,Others,plus,persona_x_initial_plan,2,0.00000000000000000000,0.00000000000000000000,0.00000000000000000000,0.00000000000000000000,0.00000000000000000000,34,5.88
2025-10-01,2025-11-01,1,Active,Others,start,persona_x_initial_plan,90,879.35483871000000000000,1559.30108583978394893000,1.82000000000000000000,414.18299625917809847238,2854.65892080896204740238,92,97.83
2025-10-01,2025-11-01,1,At-risk,Others,start,persona_x_initial_plan,2,0.00000000000000000000,0.00000000000000000000,0.00000000000000000000,0.00000000000000000000,0.00000000000000000000,92,2.17
2025-10-01,2025-11-01,1,Active,Professeur,free,persona_x_initial_plan,12,12.38384615400000000000,40.32414442658287751000,4.00000000000000000000,38.65865886082191976932,95.36664944140479727932,12,100.0
2025-10-01,2025-11-01,1,Active,Professeur,plus,persona_x_initial_plan,1,25.00000000000000000000,0.00000000000000000000,0.00000000000000000000,3.99907945205479590000,28.99907945205479590000,1,100.0
2025-10-01,2025-11-01,1,Active,Professeur,start,persona_x_initial_plan,21,207.00000000000000000000,331.71753473785062779000,0.00000000000000000000,98.80184757205479065700,637.51938230990541844700,21,100.0
2025-10-01,2025-11-01,1,Active,Repair,free,persona_x_initial_plan,3,0.00000000000000000000,4.83234121322501320000,0.00000000000000000000,0.33930434246575342860,5.17164555569076662860,3,100.0
2025-10-01,2025-11-01,1,Active,Repair,plus,persona_x_initial_plan,1,25.00000000000000000000,12.57056988296976000000,0.00000000000000000000,0.15667021698630137000,37.72724009995606137000,1,100.0
2025-10-01,2025-11-01,1,Active,Repair,start,persona_x_initial_plan,4,33.00000000000000000000,21.07734262641285260000,0.00000000000000000000,29.78193401643836171000,83.85927664285121431000,4,100.0
2025-10-01,2025-11-01,1,Active,Restauration,free,persona_x_initial_plan,9,0.00000000000000000000,77.32859013426455790000,4.81999999999999940000,26.83309693589041440820,108.98168707015497170820,9,100.0
2025-10-01,2025-11-01,1,Active,Restauration,plus,persona_x_initial_plan,11,178.23333333300000000000,141.31304263404937620000,2.00000000000000000000,110.19953470027398456300,431.74591066732336076300,12,91.67
2025-10-01,2025-11-01,1,At-risk,Restauration,plus,persona_x_initial_plan,1,0.00000000000000000000,0.00000000000000000000,0.00000000000000000000,0.00000000000000000000,0.00000000000000000000,12,8.33
2025-10-01,2025-11-01,1,Active,Restauration,start,persona_x_initial_plan,7,84.48129032300000000000,56.12049209545408180000,0.00000000000000000000,21.65485539835616434300,162.25663781681024614300,7,100.0
2025-10-01,2025-11-01,1,At-risk,Retail,business,persona_x_initial_plan,1,0.00000000000000000000,0.00000000000000000000,0.00000000000000000000,0.00000000000000000000,0.00000000000000000000,1,100.0
2025-10-01,2025-11-01,1,Active,Retail,free,persona_x_initial_plan,48,15.04730769200000000000,613.50970871024938268900,25.64000000000000040000,134.03299994958903836720,788.23001635183842145620,49,97.96
2025-10-01,2025-11-01,1,At-risk,Retail,free,persona_x_initial_plan,1,0.00000000000000000000,0.00000000000000000000,0.00000000000000000000,0.00000000000000000000,0.00000000000000000000,49,2.04
2025-10-01,2025-11-01,1,Active,Retail,plus,persona_x_initial_plan,25,470.39139784900000000000,480.24079566156653223000,8.00000000000000000000,140.31516559068492191739,1098.94735910125145414739,25,100.0
2025-10-01,2025-11-01,1,Active,Retail,start,persona_x_initial_plan,82,797.30107526800000000000,667.76062906075529706000,27.92000000000000000000,425.56987801041103044709,1918.55158233916632750709,82,100.0
2025-10-01,2025-11-01,1,Active,Wholesale,business,persona_x_initial_plan,1,80.00000000000000000000,0.00000000000000000000,0.00000000000000000000,8.26646523945205480000,88.26646523945205480000,1,100.0
2025-10-01,2025-11-01,1,Active,Wholesale,free,persona_x_initial_plan,6,0.00000000000000000000,0.49799936567316180000,0.00000000000000000000,173.35325232219173588330,173.85125168786489768330,6,100.0
2025-10-01,2025-11-01,1,Active,Wholesale,plus,persona_x_initial_plan,3,75.00000000000000000000,216.24285719217610000000,0.00000000000000000000,6.45341854684931560300,297.69627573902541560300,3,100.0
2025-10-01,2025-11-01,1,Active,Wholesale,start,persona_x_initial_plan,13,126.00000000000000000000,97.36039619769306827000,6.00000000000000000000,153.61614166904110528290,382.97653786673417355290,13,100.0
2025-10-01,2025-12-01,2,Active,ALL,business,initial_plan,22,1644.00000000000000000000,1127.90574528473600968000,2.00000000000000000000,271.36560949808227338069,3045.27135478281828306069,28,78.57
2025-10-01,2025-12-01,2,At-risk,ALL,business,initial_plan,6,0.00000000000000000000,0.00000000000000000000,0.00000000000000000000,0.00000000000000000000,0.00000000000000000000,28,21.43
2025-10-01,2025-12-01,2,Active,ALL,free,initial_plan,377,139.62000000000000000000,3788.86069546143230997500,931.62000000000000220000,5670.66183174082430678225,10530.76252720225661895725,409,92.18
2025-10-01,2025-12-01,2,At-risk,ALL,free,initial_plan,31,0.00000000000000000000,0.00000000000000000000,0.00000000000000000000,0.00000000000000000000,0.00000000000000000000,409,7.58
2025-10-01,2025-12-01,2,Never monetized,ALL,free,initial_plan,1,0.00000000000000000000,0.00000000000000000000,0.00000000000000000000,0.00000000000000000000,0.00000000000000000000,409,0.24
2025-10-01,2025-12-01,2,Active,ALL,plus,initial_plan,184,3777.47999999900000000000,6184.83772426280959102500,359.45999999999999800000,2357.55643451013817604363,12679.33415877194776506863,211,87.2
2025-10-01,2025-12-01,2,At-risk,ALL,plus,initial_plan,27,0.00000000000000000000,0.00000000000000000000,0.00000000000000000000,0.00000000000000000000,0.00000000000000000000,211,12.8
2025-10-01,2025-12-01,2,Active,ALL,start,initial_plan,518,5347.49994971199999600000,9326.80534078137000986200,744.98000000000000000000,8649.71759708383973436024,24069.00288757720974022224,548,94.53
2025-10-01,2025-12-01,2,At-risk,ALL,start,initial_plan,29,0.00000000000000000000,0.00000000000000000000,0.00000000000000000000,0.00000000000000000000,0.00000000000000000000,548,5.29
2025-10-01,2025-12-01,2,Never monetized,ALL,start,initial_plan,1,0.00000000000000000000,0.00000000000000000000,0.00000000000000000000,0.00000000000000000000,0.00000000000000000000,548,0.18
2025-10-01,2025-12-01,2,Active,ALL,ALL,overall,1101,10908.59994971099999600000,20428.40950579034792054200,2038.06000000000000020000,16949.30147283288449056681,50324.37092833423240730881,1196,92.06
2025-10-01,2025-12-01,2,At-risk,ALL,ALL,overall,93,0.00000000000000000000,0.00000000000000000000,0.00000000000000000000,0.00000000000000000000,0.00000000000000000000,1196,7.78
2025-10-01,2025-12-01,2,Never monetized,ALL,ALL,overall,2,0.00000000000000000000,0.00000000000000000000,0.00000000000000000000,0.00000000000000000000,0.00000000000000000000,1196,0.17
2025-10-01,2025-12-01,2,Active,Automobile_Trade_Repair,ALL,persona,49,873.00000000000000000000,1837.08661673017853342000,195.80000000000000050000,586.27013771780845509429,3492.15675444798698901429,53,92.45
2025-10-01,2025-12-01,2,At-risk,Automobile_Trade_Repair,ALL,persona,4,0.00000000000000000000,0.00000000000000000000,0.00000000000000000000,0.00000000000000000000,0.00000000000000000000,53,7.55
2025-10-01,2025-12-01,2,Active,BTP,ALL,persona,218,2761.54249999999999600000,4686.78682829942420691800,334.65999999999999340000,8262.92741076055155172702,16045.91673905997574804502,240,90.83
2025-10-01,2025-12-01,2,At-risk,BTP,ALL,persona,22,0.00000000000000000000,0.00000000000000000000,0.00000000000000000000,0.00000000000000000000,0.00000000000000000000,240,9.17
2025-10-01,2025-12-01,2,Active,Bankers_Insurance,ALL,persona,14,42.00000000000000000000,561.11359397697409840000,246.64000000000000000000,198.60919470082214805610,1048.36278867779624645610,15,93.33
2025-10-01,2025-12-01,2,At-risk,Bankers_Insurance,ALL,persona,1,0.00000000000000000000,0.00000000000000000000,0.00000000000000000000,0.00000000000000000000,0.00000000000000000000,15,6.67
2025-10-01,2025-12-01,2,Active,Bikers_Drivers,ALL,persona,83,929.18000000000000000000,2016.94058471811684884000,327.78000000000000000000,301.46994846246587942093,3575.37053318058272826093,100,83.0
2025-10-01,2025-12-01,2,At-risk,Bikers_Drivers,ALL,persona,16,0.00000000000000000000,0.00000000000000000000,0.00000000000000000000,0.00000000000000000000,0.00000000000000000000,100,16.0
2025-10-01,2025-12-01,2,Never monetized,Bikers_Drivers,ALL,persona,1,0.00000000000000000000,0.00000000000000000000,0.00000000000000000000,0.00000000000000000000,0.00000000000000000000,100,1.0
2025-10-01,2025-12-01,2,Active,Cleaning_CallCenters,ALL,persona,6,22.00000000000000000000,3.58554622705177110000,4.00000000000000000000,24.89172982136987094200,54.47727604842164204200,6,100.0
2025-10-01,2025-12-01,2,Active,Consultant,ALL,persona,194,1442.90161637900000000000,3344.05068544610186585200,245.24000000000000130000,3324.46729085479606592020,8356.65959267989793307220,202,96.04
2025-10-01,2025-12-01,2,At-risk,Consultant,ALL,persona,8,0.00000000000000000000,0.00000000000000000000,0.00000000000000000000,0.00000000000000000000,0.00000000000000000000,202,3.96
2025-10-01,2025-12-01,2,Active,Developer_IT,ALL,persona,79,666.46833333300000000000,628.83477202895956628300,76.02000000000000100000,963.56390517863057040244,2334.88701054059013768544,91,86.81
2025-10-01,2025-12-01,2,At-risk,Developer_IT,ALL,persona,11,0.00000000000000000000,0.00000000000000000000,0.00000000000000000000,0.00000000000000000000,0.00000000000000000000,91,12.09
2025-10-01,2025-12-01,2,Never monetized,Developer_IT,ALL,persona,1,0.00000000000000000000,0.00000000000000000000,0.00000000000000000000,0.00000000000000000000,0.00000000000000000000,91,1.1
2025-10-01,2025-12-01,2,Active,Media_Publishing,ALL,persona,33,201.42750000000000000000,364.23536584860953730000,49.20000000000000000000,585.63240897863039579031,1200.49527482723993309031,34,97.06
2025-10-01,2025-12-01,2,At-risk,Media_Publishing,ALL,persona,1,0.00000000000000000000,0.00000000000000000000,0.00000000000000000000,0.00000000000000000000,0.00000000000000000000,34,2.94
2025-10-01,2025-12-01,2,Active,Medical_Professionals,ALL,persona,14,113.00000000000000000000,137.87515496651041058000,12.32000000000000000000,356.93875346465776046200,620.13390843116817104200,14,100.0
2025-10-01,2025-12-01,2,Active,Others,ALL,persona,176,1743.38000000000000000000,2248.55354566343135563100,237.70000000000000200000,962.91491867123332043982,5192.54846433466467807082,191,92.15
2025-10-01,2025-12-01,2,At-risk,Others,ALL,persona,15,0.00000000000000000000,0.00000000000000000000,0.00000000000000000000,0.00000000000000000000,0.00000000000000000000,191,7.85
2025-10-01,2025-12-01,2,Active,Professeur,ALL,persona,32,302.00000000000000000000,236.67312605951609807000,40.30000000000000000000,224.40370890904117829330,803.37683496855727636330,34,94.12
2025-10-01,2025-12-01,2,At-risk,Professeur,ALL,persona,2,0.00000000000000000000,0.00000000000000000000,0.00000000000000000000,0.00000000000000000000,0.00000000000000000000,34,5.88
2025-10-01,2025-12-01,2,Active,Repair,ALL,persona,7,69.00000000000000000000,43.74608675589156640000,1.60000000000000000000,16.00279461589041851090,130.34888137178198491090,8,87.5
2025-10-01,2025-12-01,2,At-risk,Repair,ALL,persona,1,0.00000000000000000000,0.00000000000000000000,0.00000000000000000000,0.00000000000000000000,0.00000000000000000000,8,12.5
2025-10-01,2025-12-01,2,Active,Restauration,ALL,persona,27,278.23333333300000000000,369.87637176702506424500,49.44000000000000200000,119.27229083506855576330,816.82199593509362200830,28,96.43
2025-10-01,2025-12-01,2,At-risk,Restauration,ALL,persona,1,0.00000000000000000000,0.00000000000000000000,0.00000000000000000000,0.00000000000000000000,0.00000000000000000000,28,3.57
2025-10-01,2025-12-01,2,Active,Retail,ALL,persona,149,1219.46666666600000000000,3360.64641135852127262300,177.36000000000000000000,720.47384073369901998640,5477.94691875822029260940,157,94.9
2025-10-01,2025-12-01,2,At-risk,Retail,ALL,persona,8,0.00000000000000000000,0.00000000000000000000,0.00000000000000000000,0.00000000000000000000,0.00000000000000000000,157,5.1
2025-10-01,2025-12-01,2,Active,Wholesale,ALL,persona,20,245.00000000000000000000,588.40481594403572488000,40.00000000000000000000,301.46313912821929975780,1174.86795507225502463780,23,86.96
2025-10-01,2025-12-01,2,At-risk,Wholesale,ALL,persona,3,0.00000000000000000000,0.00000000000000000000,0.00000000000000000000,0.00000000000000000000,0.00000000000000000000,23,13.04
2025-10-01,2025-12-01,2,Active,Automobile_Trade_Repair,business,persona_x_initial_plan,5,419.00000000000000000000,298.82182766378620700000,1.56000000000000000000,14.74033973041096009669,734.12216739419716709669,5,100.0
2025-10-01,2025-12-01,2,Active,Automobile_Trade_Repair,free,persona_x_initial_plan,14,0.00000000000000000000,350.11265881246199927000,54.86000000000000050000,90.02322193808223724900,494.99588075054423701900,15,93.33
2025-10-01,2025-12-01,2,At-risk,Automobile_Trade_Repair,free,persona_x_initial_plan,1,0.00000000000000000000,0.00000000000000000000,0.00000000000000000000,0.00000000000000000000,0.00000000000000000000,15,6.67
2025-10-01,2025-12-01,2,Active,Automobile_Trade_Repair,plus,persona_x_initial_plan,10,245.00000000000000000000,861.70925811852797840000,117.96000000000000000000,452.46004300931524151000,1677.12930112784321991000,11,90.91
2025-10-01,2025-12-01,2,At-risk,Automobile_Trade_Repair,plus,persona_x_initial_plan,1,0.00000000000000000000,0.00000000000000000000,0.00000000000000000000,0.00000000000000000000,0.00000000000000000000,11,9.09
2025-10-01,2025-12-01,2,Active,Automobile_Trade_Repair,start,persona_x_initial_plan,20,209.00000000000000000000,326.44287213540234875000,21.42000000000000000000,29.04653304000001623860,585.90940517540236498860,22,90.91
2025-10-01,2025-12-01,2,At-risk,Automobile_Trade_Repair,start,persona_x_initial_plan,2,0.00000000000000000000,0.00000000000000000000,0.00000000000000000000,0.00000000000000000000,0.00000000000000000000,22,9.09
2025-10-01,2025-12-01,2,Active,BTP,business,persona_x_initial_plan,6,480.00000000000000000000,186.26612896100911560000,0.00000000000000000000,189.92256329643840808200,856.18869225744752368200,8,75.0
2025-10-01,2025-12-01,2,At-risk,BTP,business,persona_x_initial_plan,2,0.00000000000000000000,0.00000000000000000000,0.00000000000000000000,0.00000000000000000000,0.00000000000000000000,8,25.0
2025-10-01,2025-12-01,2,Active,BTP,free,persona_x_initial_plan,68,11.03000000000000000000,546.28496318487907247000,127.07999999999999740000,3172.71088363726129786372,3857.10584682214036773372,73,93.15
2025-10-01,2025-12-01,2,At-risk,BTP,free,persona_x_initial_plan,5,0.00000000000000000000,0.00000000000000000000,0.00000000000000000000,0.00000000000000000000,0.00000000000000000000,73,6.85
2025-10-01,2025-12-01,2,Active,BTP,plus,persona_x_initial_plan,58,1355.90000000000000000000,2124.48662366535990908800,131.39999999999999600000,975.37286449589097172170,4587.15948816125087680970,68,85.29
2025-10-01,2025-12-01,2,At-risk,BTP,plus,persona_x_initial_plan,10,0.00000000000000000000,0.00000000000000000000,0.00000000000000000000,0.00000000000000000000,0.00000000000000000000,68,14.71
2025-10-01,2025-12-01,2,Active,BTP,start,persona_x_initial_plan,86,914.61249999999999600000,1829.74911248817610976000,76.18000000000000000000,3924.92109933096087405960,6745.46271181913697981960,91,94.51
2025-10-01,2025-12-01,2,At-risk,BTP,start,persona_x_initial_plan,5,0.00000000000000000000,0.00000000000000000000,0.00000000000000000000,0.00000000000000000000,0.00000000000000000000,91,5.49
2025-10-01,2025-12-01,2,Active,Bankers_Insurance,free,persona_x_initial_plan,8,0.00000000000000000000,30.25472411416875850000,8.00000000000000000000,155.66316788712349495610,193.91789200129225345610,8,100.0
2025-10-01,2025-12-01,2,Active,Bankers_Insurance,start,persona_x_initial_plan,6,42.00000000000000000000,530.85886986280533990000,238.64000000000000000000,42.94602681369865310000,854.44489667650399300000,7,85.71
2025-10-01,2025-12-01,2,At-risk,Bankers_Insurance,start,persona_x_initial_plan,1,0.00000000000000000000,0.00000000000000000000,0.00000000000000000000,0.00000000000000000000,0.00000000000000000000,7,14.29
2025-10-01,2025-12-01,2,Active,Bikers_Drivers,business,persona_x_initial_plan,4,185.00000000000000000000,70.62327053559836590000,0.44000000000000000000,32.35580367561644864900,288.41907421121481454900,5,80.0
2025-10-01,2025-12-01,2,At-risk,Bikers_Drivers,business,persona_x_initial_plan,1,0.00000000000000000000,0.00000000000000000000,0.00000000000000000000,0.00000000000000000000,0.00000000000000000000,5,20.0
2025-10-01,2025-12-01,2,Active,Bikers_Drivers,free,persona_x_initial_plan,31,0.00000000000000000000,194.58514442938717290000,184.84000000000000000000,103.64813726136991482430,483.07328169075708772430,36,86.11
2025-10-01,2025-12-01,2,At-risk,Bikers_Drivers,free,persona_x_initial_plan,4,0.00000000000000000000,0.00000000000000000000,0.00000000000000000000,0.00000000000000000000,0.00000000000000000000,36,11.11
2025-10-01,2025-12-01,2,Never monetized,Bikers_Drivers,free,persona_x_initial_plan,1,0.00000000000000000000,0.00000000000000000000,0.00000000000000000000,0.00000000000000000000,0.00000000000000000000,36,2.78
2025-10-01,2025-12-01,2,Active,Bikers_Drivers,plus,persona_x_initial_plan,19,457.18000000000000000000,489.76363800221961710000,44.66000000000000000000,91.59432499616442103333,1083.19796299838403813333,26,73.08
2025-10-01,2025-12-01,2,At-risk,Bikers_Drivers,plus,persona_x_initial_plan,7,0.00000000000000000000,0.00000000000000000000,0.00000000000000000000,0.00000000000000000000,0.00000000000000000000,26,26.92
2025-10-01,2025-12-01,2,Active,Bikers_Drivers,start,persona_x_initial_plan,29,287.00000000000000000000,1261.96853175091169294000,97.84000000000000000000,73.87168252931509491430,1720.68021428022678785430,33,87.88
2025-10-01,2025-12-01,2,At-risk,Bikers_Drivers,start,persona_x_initial_plan,4,0.00000000000000000000,0.00000000000000000000,0.00000000000000000000,0.00000000000000000000,0.00000000000000000000,33,12.12
2025-10-01,2025-12-01,2,Active,Cleaning_CallCenters,free,persona_x_initial_plan,4,0.00000000000000000000,0.00000000000000000000,4.00000000000000000000,8.15224837808219654200,12.15224837808219654200,4,100.0
2025-10-01,2025-12-01,2,Active,Cleaning_CallCenters,start,persona_x_initial_plan,2,22.00000000000000000000,3.58554622705177110000,0.00000000000000000000,16.73948144328767440000,42.32502767033944550000,2,100.0
2025-10-01,2025-12-01,2,Active,Consultant,business,persona_x_initial_plan,1,80.00000000000000000000,398.46542176018983000000,0.00000000000000000000,3.87017103397260390000,482.33559279416243390000,2,50.0
2025-10-01,2025-12-01,2,At-risk,Consultant,business,persona_x_initial_plan,1,0.00000000000000000000,0.00000000000000000000,0.00000000000000000000,0.00000000000000000000,0.00000000000000000000,2,50.0
2025-10-01,2025-12-01,2,Active,Consultant,free,persona_x_initial_plan,76,8.08000000000000000000,1056.90396839645290247200,133.48000000000000130000,716.05427844164419798890,1914.51824683809710176090,80,95.0
2025-10-01,2025-12-01,2,At-risk,Consultant,free,persona_x_initial_plan,4,0.00000000000000000000,0.00000000000000000000,0.00000000000000000000,0.00000000000000000000,0.00000000000000000000,80,5.0
2025-10-01,2025-12-01,2,Active,Consultant,plus,persona_x_initial_plan,15,319.80000000000000000000,804.41192523566581510000,25.66000000000000000000,211.91715610301381937500,1361.78908133867963447500,15,100.0
2025-10-01,2025-12-01,2,Active,Consultant,start,persona_x_initial_plan,102,1035.02161637900000000000,1084.26937005379331828000,86.10000000000000000000,2392.62568527616544465630,4598.01667170895876293630,105,97.14
2025-10-01,2025-12-01,2,At-risk,Consultant,start,persona_x_initial_plan,3,0.00000000000000000000,0.00000000000000000000,0.00000000000000000000,0.00000000000000000000,0.00000000000000000000,105,2.86
2025-10-01,2025-12-01,2,Active,Developer_IT,free,persona_x_initial_plan,28,19.51000000000000000000,162.52824431671634005000,59.62000000000000100000,440.43677738575362000950,682.09502170246996105950,35,80.0
2025-10-01,2025-12-01,2,At-risk,Developer_IT,free,persona_x_initial_plan,7,0.00000000000000000000,0.00000000000000000000,0.00000000000000000000,0.00000000000000000000,0.00000000000000000000,35,20.0
2025-10-01,2025-12-01,2,Active,Developer_IT,plus,persona_x_initial_plan,12,253.33333333300000000000,99.17146210211465393000,1.90000000000000000000,145.43510663123297667000,499.83990206634763060000,13,92.31
2025-10-01,2025-12-01,2,At-risk,Developer_IT,plus,persona_x_initial_plan,1,0.00000000000000000000,0.00000000000000000000,0.00000000000000000000,0.00000000000000000000,0.00000000000000000000,13,7.69
2025-10-01,2025-12-01,2,Active,Developer_IT,start,persona_x_initial_plan,39,393.62500000000000000000,367.13506561012857230300,14.50000000000000000000,377.69202116164397372294,1152.95208677177254602594,43,90.7
2025-10-01,2025-12-01,2,At-risk,Developer_IT,start,persona_x_initial_plan,3,0.00000000000000000000,0.00000000000000000000,0.00000000000000000000,0.00000000000000000000,0.00000000000000000000,43,6.98
2025-10-01,2025-12-01,2,Never monetized,Developer_IT,start,persona_x_initial_plan,1,0.00000000000000000000,0.00000000000000000000,0.00000000000000000000,0.00000000000000000000,0.00000000000000000000,43,2.33
2025-10-01,2025-12-01,2,Active,Media_Publishing,free,persona_x_initial_plan,14,0.00000000000000000000,101.05593677621147510000,38.62000000000000000000,13.63193111616439063031,153.30786789237586573031,15,93.33
2025-10-01,2025-12-01,2,At-risk,Media_Publishing,free,persona_x_initial_plan,1,0.00000000000000000000,0.00000000000000000000,0.00000000000000000000,0.00000000000000000000,0.00000000000000000000,15,6.67
2025-10-01,2025-12-01,2,Active,Media_Publishing,plus,persona_x_initial_plan,1,25.00000000000000000000,132.68496406372989000000,0.00000000000000000000,46.65115133260276500000,204.33611539633265500000,1,100.0
2025-10-01,2025-12-01,2,Active,Media_Publishing,start,persona_x_initial_plan,18,176.42750000000000000000,130.49446500866817220000,10.58000000000000000000,525.34932652986324016000,842.85129153853141236000,18,100.0
2025-10-01,2025-12-01,2,Active,Medical_Professionals,free,persona_x_initial_plan,5,0.00000000000000000000,2.28484622705345908000,6.32000000000000000000,257.06320475397276937000,265.66805098102622845000,5,100.0
2025-10-01,2025-12-01,2,Active,Medical_Professionals,plus,persona_x_initial_plan,1,25.00000000000000000000,9.01944816586185110000,0.00000000000000000000,17.56769327616439100000,51.58714144202624210000,1,100.0
2025-10-01,2025-12-01,2,Active,Medical_Professionals,start,persona_x_initial_plan,8,88.00000000000000000000,126.57086057359510040000,6.00000000000000000000,82.30785543452060009200,302.87871600811570049200,8,100.0
2025-10-01,2025-12-01,2,Active,Others,business,persona_x_initial_plan,5,400.00000000000000000000,173.45321709834727480000,0.00000000000000000000,20.20538217095891265300,593.65859926930618745300,6,83.33
2025-10-01,2025-12-01,2,At-risk,Others,business,persona_x_initial_plan,1,0.00000000000000000000,0.00000000000000000000,0.00000000000000000000,0.00000000000000000000,0.00000000000000000000,6,16.67
2025-10-01,2025-12-01,2,Active,Others,free,persona_x_initial_plan,57,11.00000000000000000000,661.91236529757746789000,143.96000000000000200000,368.15733854356180669172,1185.02970384113927658172,59,96.61
2025-10-01,2025-12-01,2,At-risk,Others,free,persona_x_initial_plan,2,0.00000000000000000000,0.00000000000000000000,0.00000000000000000000,0.00000000000000000000,0.00000000000000000000,59,3.39
2025-10-01,2025-12-01,2,Active,Others,plus,persona_x_initial_plan,27,414.90000000000000000000,597.91516650500248601100,8.58000000000000000000,115.56321593589045090870,1136.95838244089293691970,34,79.41
2025-10-01,2025-12-01,2,At-risk,Others,plus,persona_x_initial_plan,7,0.00000000000000000000,0.00000000000000000000,0.00000000000000000000,0.00000000000000000000,0.00000000000000000000,34,20.59
2025-10-01,2025-12-01,2,Active,Others,start,persona_x_initial_plan,87,917.48000000000000000000,815.27279676250412693000,85.16000000000000000000,458.98898202082215018640,2276.90177878332627711640,92,94.57
2025-10-01,2025-12-01,2,At-risk,Others,start,persona_x_initial_plan,5,0.00000000000000000000,0.00000000000000000000,0.00000000000000000000,0.00000000000000000000,0.00000000000000000000,92,5.43
2025-10-01,2025-12-01,2,Active,Professeur,free,persona_x_initial_plan,11,70.00000000000000000000,25.23577288643903520000,8.00000000000000000000,38.03423448219179869500,141.27000736863083389500,12,91.67
2025-10-01,2025-12-01,2,At-risk,Professeur,free,persona_x_initial_plan,1,0.00000000000000000000,0.00000000000000000000,0.00000000000000000000,0.00000000000000000000,0.00000000000000000000,12,8.33
2025-10-01,2025-12-01,2,Active,Professeur,plus,persona_x_initial_plan,1,25.00000000000000000000,0.00000000000000000000,0.00000000000000000000,36.74488630684932400000,61.74488630684932400000,1,100.0
2025-10-01,2025-12-01,2,Active,Professeur,start,persona_x_initial_plan,20,207.00000000000000000000,211.43735317307706287000,32.30000000000000000000,149.62458812000005559830,600.36194129307711846830,21,95.24
2025-10-01,2025-12-01,2,At-risk,Professeur,start,persona_x_initial_plan,1,0.00000000000000000000,0.00000000000000000000,0.00000000000000000000,0.00000000000000000000,0.00000000000000000000,21,4.76
2025-10-01,2025-12-01,2,Active,Repair,free,persona_x_initial_plan,2,0.00000000000000000000,5.05469174030615240000,0.00000000000000000000,0.22164235178082200090,5.27633409208697440090,3,66.67
2025-10-01,2025-12-01,2,At-risk,Repair,free,persona_x_initial_plan,1,0.00000000000000000000,0.00000000000000000000,0.00000000000000000000,0.00000000000000000000,0.00000000000000000000,3,33.33
2025-10-01,2025-12-01,2,Active,Repair,plus,persona_x_initial_plan,1,25.00000000000000000000,8.75324235892813720000,0.00000000000000000000,0.11787383013698641000,33.87111618906512361000,1,100.0
2025-10-01,2025-12-01,2,Active,Repair,start,persona_x_initial_plan,4,44.00000000000000000000,29.93815265665727680000,1.60000000000000000000,15.66327843397261010000,91.20143109062988690000,4,100.0
2025-10-01,2025-12-01,2,Active,Restauration,free,persona_x_initial_plan,8,0.00000000000000000000,179.11528533763292980000,29.20000000000000000000,15.99253772986302024090,224.30782306749595004090,9,88.89
2025-10-01,2025-12-01,2,At-risk,Restauration,free,persona_x_initial_plan,1,0.00000000000000000000,0.00000000000000000000,0.00000000000000000000,0.00000000000000000000,0.00000000000000000000,9,11.11
2025-10-01,2025-12-01,2,Active,Restauration,plus,persona_x_initial_plan,12,203.23333333300000000000,117.59507560691740018600,20.24000000000000200000,92.00333537589046308510,433.07174431580786527110,12,100.0
2025-10-01,2025-12-01,2,Active,Restauration,start,persona_x_initial_plan,7,75.00000000000000000000,73.16601082247473425900,0.00000000000000000000,11.27641772931507243730,159.44242855178980669630,7,100.0
2025-10-01,2025-12-01,2,At-risk,Retail,business,persona_x_initial_plan,1,0.00000000000000000000,0.00000000000000000000,0.00000000000000000000,0.00000000000000000000,0.00000000000000000000,1,100.0
2025-10-01,2025-12-01,2,Active,Retail,free,persona_x_initial_plan,46,20.00000000000000000000,472.68502080414528444300,101.64000000000000000000,162.68563612931516547390,757.01065693346044991690,49,93.88
2025-10-01,2025-12-01,2,At-risk,Retail,free,persona_x_initial_plan,3,0.00000000000000000000,0.00000000000000000000,0.00000000000000000000,0.00000000000000000000,0.00000000000000000000,49,6.12
2025-10-01,2025-12-01,2,Active,Retail,plus,persona_x_initial_plan,24,378.13333333300000000000,930.16346683278334510000,9.06000000000000000000,169.05181102575348786630,1486.40861119153683296630,25,96.0
2025-10-01,2025-12-01,2,At-risk,Retail,plus,persona_x_initial_plan,1,0.00000000000000000000,0.00000000000000000000,0.00000000000000000000,0.00000000000000000000,0.00000000000000000000,25,4.0
2025-10-01,2025-12-01,2,Active,Retail,start,persona_x_initial_plan,79,821.33333333300000000000,1957.79792372159264308000,66.66000000000000000000,388.73639357863036664620,3234.52765063322300972620,82,96.34
2025-10-01,2025-12-01,2,At-risk,Retail,start,persona_x_initial_plan,3,0.00000000000000000000,0.00000000000000000000,0.00000000000000000000,0.00000000000000000000,0.00000000000000000000,82,3.66
2025-10-01,2025-12-01,2,Active,Wholesale,business,persona_x_initial_plan,1,80.00000000000000000000,0.27587926580521638000,0.00000000000000000000,10.27134959068494000000,90.54722885649015638000,1,100.0
2025-10-01,2025-12-01,2,Active,Wholesale,free,persona_x_initial_plan,5,0.00000000000000000000,0.84707313800026040000,32.00000000000000000000,128.18659170465757424600,161.03366484265783464600,6,83.33
2025-10-01,2025-12-01,2,At-risk,Wholesale,free,persona_x_initial_plan,1,0.00000000000000000000,0.00000000000000000000,0.00000000000000000000,0.00000000000000000000,0.00000000000000000000,6,16.67
2025-10-01,2025-12-01,2,Active,Wholesale,plus,persona_x_initial_plan,3,50.00000000000000000000,9.16345360569850781000,0.00000000000000000000,3.07697219123287746350,62.24042579693138527350,3,100.0
2025-10-01,2025-12-01,2,Active,Wholesale,start,persona_x_initial_plan,11,115.00000000000000000000,578.11840993453174029000,8.00000000000000000000,159.92822564164390804830,861.04663557617564833830,13,84.62
2025-10-01,2025-12-01,2,At-risk,Wholesale,start,persona_x_initial_plan,2,0.00000000000000000000,0.00000000000000000000,0.00000000000000000000,0.00000000000000000000,0.00000000000000000000,13,15.38
2025-10-01,2026-01-01,3,Active,ALL,business,initial_plan,22,1575.00000000000000000000,1086.57922139999415805000,69.30000000000000000000,224.56475488547945411607,2955.44397628547361216607,28,78.57
2025-10-01,2026-01-01,3,At-risk,ALL,business,initial_plan,3,0.00000000000000000000,0.00000000000000000000,0.00000000000000000000,0.00000000000000000000,0.00000000000000000000,28,10.71
2025-10-01,2026-01-01,3,Churned proxy,ALL,business,initial_plan,3,0.00000000000000000000,0.00000000000000000000,0.00000000000000000000,0.00000000000000000000,0.00000000000000000000,28,10.71
2025-10-01,2026-01-01,3,Active,ALL,free,initial_plan,370,193.23000000000000000000,3289.23207179998273420800,962.39999999999999500000,5975.48065693424703647654,10420.34272873422976568454,409,90.46
2025-10-01,2026-01-01,3,At-risk,ALL,free,initial_plan,27,0.00000000000000000000,0.00000000000000000000,0.00000000000000000000,0.00000000000000000000,0.00000000000000000000,409,6.6
2025-10-01,2026-01-01,3,Churned proxy,ALL,free,initial_plan,11,0.00000000000000000000,0.00000000000000000000,0.00000000000000000000,0.00000000000000000000,0.00000000000000000000,409,2.69
2025-10-01,2026-01-01,3,Never monetized,ALL,free,initial_plan,1,0.00000000000000000000,0.00000000000000000000,0.00000000000000000000,0.00000000000000000000,0.00000000000000000000,409,0.24
2025-10-01,2026-01-01,3,Active,ALL,plus,initial_plan,172,3711.73999999900000000000,7861.03394939995919951300,293.84000000000000000000,2540.07335980493168910606,14406.68730920389088861906,211,81.52
2025-10-01,2026-01-01,3,At-risk,ALL,plus,initial_plan,30,0.00000000000000000000,0.00000000000000000000,0.00000000000000000000,0.00000000000000000000,0.00000000000000000000,211,14.22
2025-10-01,2026-01-01,3,Churned proxy,ALL,plus,initial_plan,9,0.00000000000000000000,0.00000000000000000000,0.00000000000000000000,0.00000000000000000000,0.00000000000000000000,211,4.27
2025-10-01,2026-01-01,3,Active,ALL,start,initial_plan,503,5211.46623655900000000000,8505.58841999995578500200,780.58000000000000320000,8927.15855868164480753918,23424.79321524060059574118,548,91.79
2025-10-01,2026-01-01,3,At-risk,ALL,start,initial_plan,37,0.00000000000000000000,0.00000000000000000000,0.00000000000000000000,0.00000000000000000000,0.00000000000000000000,548,6.75
2025-10-01,2026-01-01,3,Churned proxy,ALL,start,initial_plan,7,0.00000000000000000000,0.00000000000000000000,0.00000000000000000000,0.00000000000000000000,0.00000000000000000000,548,1.28
2025-10-01,2026-01-01,3,Never monetized,ALL,start,initial_plan,1,0.00000000000000000000,0.00000000000000000000,0.00000000000000000000,0.00000000000000000000,0.00000000000000000000,548,0.18
2025-10-01,2026-01-01,3,Active,ALL,ALL,overall,1067,10691.43623655800000000000,20742.43366259989187677300,2106.11999999999999820000,17667.27733030630298723785,51207.26722946419486221085,1196,89.21
2025-10-01,2026-01-01,3,At-risk,ALL,ALL,overall,97,0.00000000000000000000,0.00000000000000000000,0.00000000000000000000,0.00000000000000000000,0.00000000000000000000,1196,8.11
2025-10-01,2026-01-01,3,Churned proxy,ALL,ALL,overall,30,0.00000000000000000000,0.00000000000000000000,0.00000000000000000000,0.00000000000000000000,0.00000000000000000000,1196,2.51
2025-10-01,2026-01-01,3,Never monetized,ALL,ALL,overall,2,0.00000000000000000000,0.00000000000000000000,0.00000000000000000000,0.00000000000000000000,0.00000000000000000000,1196,0.17
2025-10-01,2026-01-01,3,Active,Automobile_Trade_Repair,ALL,persona,46,735.00000000000000000000,1961.50621319998998870000,218.94000000000000000000,688.88848791342469298437,3604.33470111341468168437,53,86.79
2025-10-01,2026-01-01,3,At-risk,Automobile_Trade_Repair,ALL,persona,7,0.00000000000000000000,0.00000000000000000000,0.00000000000000000000,0.00000000000000000000,0.00000000000000000000,53,13.21
2025-10-01,2026-01-01,3,Active,BTP,ALL,persona,211,2586.00000000000000000000,7052.59257119996310369800,331.16000000000000000000,7022.94051885479493315732,16992.69309005475803685532,240,87.92
2025-10-01,2026-01-01,3,At-risk,BTP,ALL,persona,19,0.00000000000000000000,0.00000000000000000000,0.00000000000000000000,0.00000000000000000000,0.00000000000000000000,240,7.92
2025-10-01,2026-01-01,3,Churned proxy,BTP,ALL,persona,10,0.00000000000000000000,0.00000000000000000000,0.00000000000000000000,0.00000000000000000000,0.00000000000000000000,240,4.17
2025-10-01,2026-01-01,3,Active,Bankers_Insurance,ALL,persona,14,53.00000000000000000000,145.53278999999923240000,183.06000000000000000000,187.28918173260275294518,568.88197173260198534518,15,93.33
2025-10-01,2026-01-01,3,At-risk,Bankers_Insurance,ALL,persona,1,0.00000000000000000000,0.00000000000000000000,0.00000000000000000000,0.00000000000000000000,0.00000000000000000000,15,6.67
2025-10-01,2026-01-01,3,Active,Bikers_Drivers,ALL,persona,77,984.18000000000000000000,1390.92208199999279652000,210.00000000000000000000,329.95533300054800964577,2915.05741500054080616577,100,77.0
2025-10-01,2026-01-01,3,At-risk,Bikers_Drivers,ALL,persona,16,0.00000000000000000000,0.00000000000000000000,0.00000000000000000000,0.00000000000000000000,0.00000000000000000000,100,16.0
2025-10-01,2026-01-01,3,Churned proxy,Bikers_Drivers,ALL,persona,6,0.00000000000000000000,0.00000000000000000000,0.00000000000000000000,0.00000000000000000000,0.00000000000000000000,100,6.0
2025-10-01,2026-01-01,3,Never monetized,Bikers_Drivers,ALL,persona,1,0.00000000000000000000,0.00000000000000000000,0.00000000000000000000,0.00000000000000000000,0.00000000000000000000,100,1.0
2025-10-01,2026-01-01,3,Active,Cleaning_CallCenters,ALL,persona,6,22.00000000000000000000,24.14033999999987140000,5.60000000000000000000,30.89668136931507304000,82.63702136931494444000,6,100.0
2025-10-01,2026-01-01,3,Active,Consultant,ALL,persona,187,1440.74000000000000000000,2313.21133799998786502900,292.28000000000000000000,4676.90002969917881687765,8723.13136769916668190665,202,92.57
2025-10-01,2026-01-01,3,At-risk,Consultant,ALL,persona,12,0.00000000000000000000,0.00000000000000000000,0.00000000000000000000,0.00000000000000000000,0.00000000000000000000,202,5.94
2025-10-01,2026-01-01,3,Churned proxy,Consultant,ALL,persona,3,0.00000000000000000000,0.00000000000000000000,0.00000000000000000000,0.00000000000000000000,0.00000000000000000000,202,1.49
2025-10-01,2026-01-01,3,Active,Developer_IT,ALL,persona,78,647.33333333300000000000,856.58522579999549554000,89.64000000000000220000,1145.01432868109606980580,2738.57288781409156754580,91,85.71
2025-10-01,2026-01-01,3,At-risk,Developer_IT,ALL,persona,8,0.00000000000000000000,0.00000000000000000000,0.00000000000000000000,0.00000000000000000000,0.00000000000000000000,91,8.79
2025-10-01,2026-01-01,3,Churned proxy,Developer_IT,ALL,persona,4,0.00000000000000000000,0.00000000000000000000,0.00000000000000000000,0.00000000000000000000,0.00000000000000000000,91,4.4
2025-10-01,2026-01-01,3,Never monetized,Developer_IT,ALL,persona,1,0.00000000000000000000,0.00000000000000000000,0.00000000000000000000,0.00000000000000000000,0.00000000000000000000,91,1.1
2025-10-01,2026-01-01,3,Active,Media_Publishing,ALL,persona,34,212.00000000000000000000,325.50191999999829182000,53.64000000000000000000,648.64092501205478410597,1239.78284501205307592597,34,100.0
2025-10-01,2026-01-01,3,Active,Medical_Professionals,ALL,persona,14,113.00000000000000000000,217.83464999999886778000,22.62000000000000000000,337.86228364109594340700,691.31693364109481118700,14,100.0
2025-10-01,2026-01-01,3,Active,Others,ALL,persona,173,1781.04290322600000000000,2876.61267359998500777800,303.94000000000000000000,1054.18065326410958961309,6015.77623009009459739109,191,90.58
2025-10-01,2026-01-01,3,At-risk,Others,ALL,persona,13,0.00000000000000000000,0.00000000000000000000,0.00000000000000000000,0.00000000000000000000,0.00000000000000000000,191,6.81
2025-10-01,2026-01-01,3,Churned proxy,Others,ALL,persona,5,0.00000000000000000000,0.00000000000000000000,0.00000000000000000000,0.00000000000000000000,0.00000000000000000000,191,2.62
2025-10-01,2026-01-01,3,Active,Professeur,ALL,persona,31,291.00000000000000000000,269.29772999999862670000,28.88000000000000100000,346.41014809150688061100,935.58787809150550831100,34,91.18
2025-10-01,2026-01-01,3,At-risk,Professeur,ALL,persona,3,0.00000000000000000000,0.00000000000000000000,0.00000000000000000000,0.00000000000000000000,0.00000000000000000000,34,8.82
2025-10-01,2026-01-01,3,Active,Repair,ALL,persona,7,55.00000000000000000000,59.17798799999968755100,11.78000000000000000000,12.43864461972602876890,138.39663261972571631990,8,87.5
2025-10-01,2026-01-01,3,At-risk,Repair,ALL,persona,1,0.00000000000000000000,0.00000000000000000000,0.00000000000000000000,0.00000000000000000000,0.00000000000000000000,8,12.5
2025-10-01,2026-01-01,3,Active,Restauration,ALL,persona,26,303.23333333300000000000,530.94981959999721504200,41.70000000000000000000,93.29723234684933682170,969.18038527984655186370,28,92.86
2025-10-01,2026-01-01,3,At-risk,Restauration,ALL,persona,2,0.00000000000000000000,0.00000000000000000000,0.00000000000000000000,0.00000000000000000000,0.00000000000000000000,28,7.14
2025-10-01,2026-01-01,3,Active,Retail,ALL,persona,143,1211.90666666600000000000,2620.10040659998634480500,256.53999999999999500000,694.80257795452062887940,4783.34965122050696868440,157,91.08
2025-10-01,2026-01-01,3,At-risk,Retail,ALL,persona,12,0.00000000000000000000,0.00000000000000000000,0.00000000000000000000,0.00000000000000000000,0.00000000000000000000,157,7.64
2025-10-01,2026-01-01,3,Churned proxy,Retail,ALL,persona,2,0.00000000000000000000,0.00000000000000000000,0.00000000000000000000,0.00000000000000000000,0.00000000000000000000,157,1.27
2025-10-01,2026-01-01,3,Active,Wholesale,ALL,persona,20,256.00000000000000000000,98.46791459999948201000,56.34000000000000000000,397.76030412547944657470,808.56821872547892858470,23,86.96
2025-10-01,2026-01-01,3,At-risk,Wholesale,ALL,persona,3,0.00000000000000000000,0.00000000000000000000,0.00000000000000000000,0.00000000000000000000,0.00000000000000000000,23,13.04
2025-10-01,2026-01-01,3,Active,Automobile_Trade_Repair,business,persona_x_initial_plan,5,339.00000000000000000000,245.32119539999866700000,59.86000000000000000000,36.63174398027397034477,680.81293938027263734477,5,100.0
2025-10-01,2026-01-01,3,Active,Automobile_Trade_Repair,free,persona_x_initial_plan,14,0.00000000000000000000,124.26073379999939300000,57.58000000000000000000,76.71828257369863117580,258.55901637369802417580,15,93.33
2025-10-01,2026-01-01,3,At-risk,Automobile_Trade_Repair,free,persona_x_initial_plan,1,0.00000000000000000000,0.00000000000000000000,0.00000000000000000000,0.00000000000000000000,0.00000000000000000000,15,6.67
2025-10-01,2026-01-01,3,Active,Automobile_Trade_Repair,plus,persona_x_initial_plan,10,220.00000000000000000000,1131.07447799999421320000,62.32000000000000000000,545.61226819013702487200,1959.00674619013123807200,11,90.91
2025-10-01,2026-01-01,3,At-risk,Automobile_Trade_Repair,plus,persona_x_initial_plan,1,0.00000000000000000000,0.00000000000000000000,0.00000000000000000000,0.00000000000000000000,0.00000000000000000000,11,9.09
2025-10-01,2026-01-01,3,Active,Automobile_Trade_Repair,start,persona_x_initial_plan,17,176.00000000000000000000,460.84980599999771550000,39.18000000000000000000,29.92619316931506659180,705.95599916931278209180,22,77.27
2025-10-01,2026-01-01,3,At-risk,Automobile_Trade_Repair,start,persona_x_initial_plan,5,0.00000000000000000000,0.00000000000000000000,0.00000000000000000000,0.00000000000000000000,0.00000000000000000000,22,22.73
2025-10-01,2026-01-01,3,Active,BTP,business,persona_x_initial_plan,6,411.00000000000000000000,563.34477599999695080000,0.00000000000000000000,111.98491143506848095390,1086.32968743506543175390,8,75.0
2025-10-01,2026-01-01,3,At-risk,BTP,business,persona_x_initial_plan,1,0.00000000000000000000,0.00000000000000000000,0.00000000000000000000,0.00000000000000000000,0.00000000000000000000,8,12.5
2025-10-01,2026-01-01,3,Churned proxy,BTP,business,persona_x_initial_plan,1,0.00000000000000000000,0.00000000000000000000,0.00000000000000000000,0.00000000000000000000,0.00000000000000000000,8,12.5
2025-10-01,2026-01-01,3,Active,BTP,free,persona_x_initial_plan,68,11.00000000000000000000,560.22940799999700884800,103.60000000000000000000,2935.42018591342481693604,3610.24959391342182578404,73,93.15
2025-10-01,2026-01-01,3,At-risk,BTP,free,persona_x_initial_plan,2,0.00000000000000000000,0.00000000000000000000,0.00000000000000000000,0.00000000000000000000,0.00000000000000000000,73,2.74
2025-10-01,2026-01-01,3,Churned proxy,BTP,free,persona_x_initial_plan,3,0.00000000000000000000,0.00000000000000000000,0.00000000000000000000,0.00000000000000000000,0.00000000000000000000,73,4.11
2025-10-01,2026-01-01,3,Active,BTP,plus,persona_x_initial_plan,55,1291.00000000000000000000,3731.23294919998061744000,95.74000000000000000000,882.75946334958908711460,6000.73241254956970455460,68,80.88
2025-10-01,2026-01-01,3,At-risk,BTP,plus,persona_x_initial_plan,9,0.00000000000000000000,0.00000000000000000000,0.00000000000000000000,0.00000000000000000000,0.00000000000000000000,68,13.24
2025-10-01,2026-01-01,3,Churned proxy,BTP,plus,persona_x_initial_plan,4,0.00000000000000000000,0.00000000000000000000,0.00000000000000000000,0.00000000000000000000,0.00000000000000000000,68,5.88
2025-10-01,2026-01-01,3,Active,BTP,start,persona_x_initial_plan,82,873.00000000000000000000,2197.78543799998852661000,131.82000000000000000000,3092.77595815671254815278,6295.38139615670107476278,91,90.11
2025-10-01,2026-01-01,3,At-risk,BTP,start,persona_x_initial_plan,7,0.00000000000000000000,0.00000000000000000000,0.00000000000000000000,0.00000000000000000000,0.00000000000000000000,91,7.69
2025-10-01,2026-01-01,3,Churned proxy,BTP,start,persona_x_initial_plan,2,0.00000000000000000000,0.00000000000000000000,0.00000000000000000000,0.00000000000000000000,0.00000000000000000000,91,2.2
2025-10-01,2026-01-01,3,Active,Bankers_Insurance,free,persona_x_initial_plan,8,0.00000000000000000000,3.24215999999998280000,5.60000000000000000000,149.84055813698630484518,158.68271813698628764518,8,100.0
2025-10-01,2026-01-01,3,Active,Bankers_Insurance,start,persona_x_initial_plan,6,53.00000000000000000000,142.29062999999924960000,177.46000000000000000000,37.44862359561644810000,410.19925359561569770000,7,85.71
2025-10-01,2026-01-01,3,At-risk,Bankers_Insurance,start,persona_x_initial_plan,1,0.00000000000000000000,0.00000000000000000000,0.00000000000000000000,0.00000000000000000000,0.00000000000000000000,7,14.29
2025-10-01,2026-01-01,3,Active,Bikers_Drivers,business,persona_x_initial_plan,4,265.00000000000000000000,39.14166599999979825000,0.64000000000000000000,43.83901235890411962060,348.62067835890391787060,5,80.0
2025-10-01,2026-01-01,3,At-risk,Bikers_Drivers,business,persona_x_initial_plan,1,0.00000000000000000000,0.00000000000000000000,0.00000000000000000000,0.00000000000000000000,0.00000000000000000000,5,20.0
2025-10-01,2026-01-01,3,Active,Bikers_Drivers,free,persona_x_initial_plan,28,0.00000000000000000000,114.89920199999939620000,162.40000000000000000000,123.79274657479455699500,401.09194857479395319500,36,77.78
2025-10-01,2026-01-01,3,At-risk,Bikers_Drivers,free,persona_x_initial_plan,6,0.00000000000000000000,0.00000000000000000000,0.00000000000000000000,0.00000000000000000000,0.00000000000000000000,36,16.67
2025-10-01,2026-01-01,3,Churned proxy,Bikers_Drivers,free,persona_x_initial_plan,1,0.00000000000000000000,0.00000000000000000000,0.00000000000000000000,0.00000000000000000000,0.00000000000000000000,36,2.78
2025-10-01,2026-01-01,3,Never monetized,Bikers_Drivers,free,persona_x_initial_plan,1,0.00000000000000000000,0.00000000000000000000,0.00000000000000000000,0.00000000000000000000,0.00000000000000000000,36,2.78
2025-10-01,2026-01-01,3,Active,Bikers_Drivers,plus,persona_x_initial_plan,18,439.90000000000000000000,524.49533999999724853000,12.60000000000000000000,91.58072707890411954757,1068.57606707890136807757,26,69.23
2025-10-01,2026-01-01,3,At-risk,Bikers_Drivers,plus,persona_x_initial_plan,5,0.00000000000000000000,0.00000000000000000000,0.00000000000000000000,0.00000000000000000000,0.00000000000000000000,26,19.23
2025-10-01,2026-01-01,3,Churned proxy,Bikers_Drivers,plus,persona_x_initial_plan,3,0.00000000000000000000,0.00000000000000000000,0.00000000000000000000,0.00000000000000000000,0.00000000000000000000,26,11.54
2025-10-01,2026-01-01,3,Active,Bikers_Drivers,start,persona_x_initial_plan,27,279.28000000000000000000,712.38587399999635354000,34.36000000000000000000,70.74284698794521348260,1096.76872098794156702260,33,81.82
2025-10-01,2026-01-01,3,At-risk,Bikers_Drivers,start,persona_x_initial_plan,4,0.00000000000000000000,0.00000000000000000000,0.00000000000000000000,0.00000000000000000000,0.00000000000000000000,33,12.12
2025-10-01,2026-01-01,3,Churned proxy,Bikers_Drivers,start,persona_x_initial_plan,2,0.00000000000000000000,0.00000000000000000000,0.00000000000000000000,0.00000000000000000000,0.00000000000000000000,33,6.06
2025-10-01,2026-01-01,3,Active,Cleaning_CallCenters,free,persona_x_initial_plan,4,0.00000000000000000000,18.77579999999990000000,5.60000000000000000000,18.16187924164383837000,42.53767924164373837000,4,100.0
2025-10-01,2026-01-01,3,Active,Cleaning_CallCenters,start,persona_x_initial_plan,2,22.00000000000000000000,5.36453999999997140000,0.00000000000000000000,12.73480212767123467000,40.09934212767120607000,2,100.0
2025-10-01,2026-01-01,3,Active,Consultant,business,persona_x_initial_plan,1,80.00000000000000000000,24.21017999999987300000,0.00000000000000000000,4.23834315945205460000,108.44852315945192760000,2,50.0
2025-10-01,2026-01-01,3,At-risk,Consultant,business,persona_x_initial_plan,1,0.00000000000000000000,0.00000000000000000000,0.00000000000000000000,0.00000000000000000000,0.00000000000000000000,2,50.0
2025-10-01,2026-01-01,3,Active,Consultant,free,persona_x_initial_plan,74,11.00000000000000000000,735.46894799999612849900,153.04000000000000000000,1235.17477452493162434385,2134.68372252492775284285,80,92.5
2025-10-01,2026-01-01,3,At-risk,Consultant,free,persona_x_initial_plan,4,0.00000000000000000000,0.00000000000000000000,0.00000000000000000000,0.00000000000000000000,0.00000000000000000000,80,5.0
2025-10-01,2026-01-01,3,Churned proxy,Consultant,free,persona_x_initial_plan,2,0.00000000000000000000,0.00000000000000000000,0.00000000000000000000,0.00000000000000000000,0.00000000000000000000,80,2.5
2025-10-01,2026-01-01,3,Active,Consultant,plus,persona_x_initial_plan,12,344.04000000000000000000,345.32245259999815478000,8.36000000000000000000,239.05198690904113787300,936.77443950903929265300,15,80.0
2025-10-01,2026-01-01,3,At-risk,Consultant,plus,persona_x_initial_plan,3,0.00000000000000000000,0.00000000000000000000,0.00000000000000000000,0.00000000000000000000,0.00000000000000000000,15,20.0
2025-10-01,2026-01-01,3,Active,Consultant,start,persona_x_initial_plan,100,1005.70000000000000000000,1208.20975739999370875000,130.88000000000000000000,3198.43492510575400006080,5543.22468250574770881080,105,95.24
2025-10-01,2026-01-01,3,At-risk,Consultant,start,persona_x_initial_plan,4,0.00000000000000000000,0.00000000000000000000,0.00000000000000000000,0.00000000000000000000,0.00000000000000000000,105,3.81
2025-10-01,2026-01-01,3,Churned proxy,Consultant,start,persona_x_initial_plan,1,0.00000000000000000000,0.00000000000000000000,0.00000000000000000000,0.00000000000000000000,0.00000000000000000000,105,0.95
2025-10-01,2026-01-01,3,Active,Developer_IT,free,persona_x_initial_plan,26,22.00000000000000000000,189.64095299999898898000,37.54000000000000000000,463.14773971506858309480,712.32869271506757207480,35,74.29
2025-10-01,2026-01-01,3,At-risk,Developer_IT,free,persona_x_initial_plan,6,0.00000000000000000000,0.00000000000000000000,0.00000000000000000000,0.00000000000000000000,0.00000000000000000000,35,17.14
2025-10-01,2026-01-01,3,Churned proxy,Developer_IT,free,persona_x_initial_plan,3,0.00000000000000000000,0.00000000000000000000,0.00000000000000000000,0.00000000000000000000,0.00000000000000000000,35,8.57
2025-10-01,2026-01-01,3,Active,Developer_IT,plus,persona_x_initial_plan,11,228.33333333300000000000,86.86659419999953967000,2.72000000000000000000,162.39540407945206510000,480.31533161245160477000,13,84.62
2025-10-01,2026-01-01,3,At-risk,Developer_IT,plus,persona_x_initial_plan,1,0.00000000000000000000,0.00000000000000000000,0.00000000000000000000,0.00000000000000000000,0.00000000000000000000,13,7.69
2025-10-01,2026-01-01,3,Churned proxy,Developer_IT,plus,persona_x_initial_plan,1,0.00000000000000000000,0.00000000000000000000,0.00000000000000000000,0.00000000000000000000,0.00000000000000000000,13,7.69
2025-10-01,2026-01-01,3,Active,Developer_IT,start,persona_x_initial_plan,41,397.00000000000000000000,580.07767859999696689000,49.38000000000000220000,519.47118488657542161100,1545.92886348657239070100,43,95.35
2025-10-01,2026-01-01,3,At-risk,Developer_IT,start,persona_x_initial_plan,1,0.00000000000000000000,0.00000000000000000000,0.00000000000000000000,0.00000000000000000000,0.00000000000000000000,43,2.33
2025-10-01,2026-01-01,3,Never monetized,Developer_IT,start,persona_x_initial_plan,1,0.00000000000000000000,0.00000000000000000000,0.00000000000000000000,0.00000000000000000000,0.00000000000000000000,43,2.33
2025-10-01,2026-01-01,3,Active,Media_Publishing,free,persona_x_initial_plan,15,0.00000000000000000000,46.86569999999975170000,39.82000000000000000000,14.25914989917808424697,100.94484989917783594697,15,100.0
2025-10-01,2026-01-01,3,Active,Media_Publishing,plus,persona_x_initial_plan,1,25.00000000000000000000,64.33792199999965100000,0.00000000000000000000,57.27079714575342700000,146.60871914575307800000,1,100.0
2025-10-01,2026-01-01,3,Active,Media_Publishing,start,persona_x_initial_plan,18,187.00000000000000000000,214.29829799999888912000,13.82000000000000000000,577.11097796712327285900,992.22927596712216197900,18,100.0
2025-10-01,2026-01-01,3,Active,Medical_Professionals,free,persona_x_initial_plan,5,0.00000000000000000000,9.41696999999995128000,10.40000000000000000000,254.95715798684935474100,274.77412798684930602100,5,100.0
2025-10-01,2026-01-01,3,Active,Medical_Professionals,plus,persona_x_initial_plan,1,25.00000000000000000000,14.72930999999992200000,0.00000000000000000000,18.83897532383561600000,58.56828532383553800000,1,100.0
2025-10-01,2026-01-01,3,Active,Medical_Professionals,start,persona_x_initial_plan,8,88.00000000000000000000,193.68836999999899450000,12.22000000000000000000,64.06615033041097266600,357.97452033040996716600,8,100.0
2025-10-01,2026-01-01,3,Active,Others,business,persona_x_initial_plan,5,400.00000000000000000000,214.56140399999886900000,8.80000000000000000000,22.62050994246575999680,645.98191394246462899680,6,83.33
2025-10-01,2026-01-01,3,Churned proxy,Others,business,persona_x_initial_plan,1,0.00000000000000000000,0.00000000000000000000,0.00000000000000000000,0.00000000000000000000,0.00000000000000000000,6,16.67
2025-10-01,2026-01-01,3,Active,Others,free,persona_x_initial_plan,57,44.53000000000000000000,671.43612239999646268000,179.48000000000000000000,349.68338896219175286010,1245.12951136218821554010,59,96.61
2025-10-01,2026-01-01,3,At-risk,Others,free,persona_x_initial_plan,1,0.00000000000000000000,0.00000000000000000000,0.00000000000000000000,0.00000000000000000000,0.00000000000000000000,59,1.69
2025-10-01,2026-01-01,3,Churned proxy,Others,free,persona_x_initial_plan,1,0.00000000000000000000,0.00000000000000000000,0.00000000000000000000,0.00000000000000000000,0.00000000000000000000,59,1.69
2025-10-01,2026-01-01,3,Active,Others,plus,persona_x_initial_plan,28,439.90000000000000000000,885.68093339999544201800,38.20000000000000000000,127.41623346191782298539,1491.19716686191326500339,34,82.35
2025-10-01,2026-01-01,3,At-risk,Others,plus,persona_x_initial_plan,5,0.00000000000000000000,0.00000000000000000000,0.00000000000000000000,0.00000000000000000000,0.00000000000000000000,34,14.71
2025-10-01,2026-01-01,3,Churned proxy,Others,plus,persona_x_initial_plan,1,0.00000000000000000000,0.00000000000000000000,0.00000000000000000000,0.00000000000000000000,0.00000000000000000000,34,2.94
2025-10-01,2026-01-01,3,Active,Others,start,persona_x_initial_plan,83,896.61290322600000000000,1104.93421379999423408000,77.46000000000000000000,554.46052089753425377080,2633.46763792352848785080,92,90.22
2025-10-01,2026-01-01,3,At-risk,Others,start,persona_x_initial_plan,7,0.00000000000000000000,0.00000000000000000000,0.00000000000000000000,0.00000000000000000000,0.00000000000000000000,92,7.61
2025-10-01,2026-01-01,3,Churned proxy,Others,start,persona_x_initial_plan,2,0.00000000000000000000,0.00000000000000000000,0.00000000000000000000,0.00000000000000000000,0.00000000000000000000,92,2.17
2025-10-01,2026-01-01,3,Active,Professeur,free,persona_x_initial_plan,11,70.00000000000000000000,42.02638199999978280000,10.02000000000000000000,30.75735528602740146100,152.80373728602718426100,12,91.67
2025-10-01,2026-01-01,3,At-risk,Professeur,free,persona_x_initial_plan,1,0.00000000000000000000,0.00000000000000000000,0.00000000000000000000,0.00000000000000000000,0.00000000000000000000,12,8.33
2025-10-01,2026-01-01,3,Active,Professeur,plus,persona_x_initial_plan,1,25.00000000000000000000,0.00000000000000000000,0.00000000000000000000,130.50323433643837000000,155.50323433643837000000,1,100.0
2025-10-01,2026-01-01,3,Active,Professeur,start,persona_x_initial_plan,19,196.00000000000000000000,227.27134799999884390000,18.86000000000000100000,185.14955846904110915000,627.28090646903995405000,21,90.48
2025-10-01,2026-01-01,3,At-risk,Professeur,start,persona_x_initial_plan,2,0.00000000000000000000,0.00000000000000000000,0.00000000000000000000,0.00000000000000000000,0.00000000000000000000,21,9.52
2025-10-01,2026-01-01,3,Active,Repair,free,persona_x_initial_plan,2,0.00000000000000000000,0.04724999999999975100,0.00000000000000000000,0.24883169917808221890,0.29608169917808196990,3,66.67
2025-10-01,2026-01-01,3,At-risk,Repair,free,persona_x_initial_plan,1,0.00000000000000000000,0.00000000000000000000,0.00000000000000000000,0.00000000000000000000,0.00000000000000000000,3,33.33
2025-10-01,2026-01-01,3,Active,Repair,plus,persona_x_initial_plan,1,11.00000000000000000000,12.30001199999993700000,0.00000000000000000000,0.11578257150684931000,23.41579457150678631000,1,100.0
2025-10-01,2026-01-01,3,Active,Repair,start,persona_x_initial_plan,4,44.00000000000000000000,46.83072599999975080000,11.78000000000000000000,12.07403034904109724000,114.68475634904084804000,4,100.0
2025-10-01,2026-01-01,3,Active,Restauration,free,persona_x_initial_plan,8,0.00000000000000000000,189.92986559999902400000,35.20000000000000000000,8.72359574849315129740,233.85346134849217529740,9,88.89
2025-10-01,2026-01-01,3,At-risk,Restauration,free,persona_x_initial_plan,1,0.00000000000000000000,0.00000000000000000000,0.00000000000000000000,0.00000000000000000000,0.00000000000000000000,9,11.11
2025-10-01,2026-01-01,3,Active,Restauration,plus,persona_x_initial_plan,11,228.23333333300000000000,247.49362799999868370000,0.00000000000000000000,70.57679324876714111030,546.30375458176582481030,12,91.67
2025-10-01,2026-01-01,3,At-risk,Restauration,plus,persona_x_initial_plan,1,0.00000000000000000000,0.00000000000000000000,0.00000000000000000000,0.00000000000000000000,0.00000000000000000000,12,8.33
2025-10-01,2026-01-01,3,Active,Restauration,start,persona_x_initial_plan,7,75.00000000000000000000,93.52632599999950734200,6.50000000000000000000,13.99684334958904441400,189.02316934958855175600,7,100.0
2025-10-01,2026-01-01,3,Churned proxy,Retail,business,persona_x_initial_plan,1,0.00000000000000000000,0.00000000000000000000,0.00000000000000000000,0.00000000000000000000,0.00000000000000000000,1,100.0
2025-10-01,2026-01-01,3,Active,Retail,free,persona_x_initial_plan,45,34.70000000000000000000,582.00932699999696877000,119.31999999999999500000,158.95669516273975316510,894.98602216273671693510,49,91.84
2025-10-01,2026-01-01,3,At-risk,Retail,free,persona_x_initial_plan,3,0.00000000000000000000,0.00000000000000000000,0.00000000000000000000,0.00000000000000000000,0.00000000000000000000,49,6.12
2025-10-01,2026-01-01,3,Churned proxy,Retail,free,persona_x_initial_plan,1,0.00000000000000000000,0.00000000000000000000,0.00000000000000000000,0.00000000000000000000,0.00000000000000000000,49,2.04
2025-10-01,2026-01-01,3,Active,Retail,plus,persona_x_initial_plan,21,384.33333333300000000000,794.71596599999591117500,64.54000000000000000000,212.91155890794519239670,1456.50085824094110357170,25,84.0
2025-10-01,2026-01-01,3,At-risk,Retail,plus,persona_x_initial_plan,4,0.00000000000000000000,0.00000000000000000000,0.00000000000000000000,0.00000000000000000000,0.00000000000000000000,25,16.0
2025-10-01,2026-01-01,3,Active,Retail,start,persona_x_initial_plan,77,792.87333333300000000000,1243.37511359999346486000,72.68000000000000000000,322.93432388383568331760,2431.86277081682914817760,82,93.9
2025-10-01,2026-01-01,3,At-risk,Retail,start,persona_x_initial_plan,5,0.00000000000000000000,0.00000000000000000000,0.00000000000000000000,0.00000000000000000000,0.00000000000000000000,82,6.1
2025-10-01,2026-01-01,3,Active,Wholesale,business,persona_x_initial_plan,1,80.00000000000000000000,0.00000000000000000000,0.00000000000000000000,5.25023400931506860000,85.25023400931506860000,1,100.0
2025-10-01,2026-01-01,3,Active,Wholesale,free,persona_x_initial_plan,5,0.00000000000000000000,0.98324999999999490000,42.80000000000000000000,155.63831550904110072540,199.42156550904109562540,6,83.33
2025-10-01,2026-01-01,3,At-risk,Wholesale,free,persona_x_initial_plan,1,0.00000000000000000000,0.00000000000000000000,0.00000000000000000000,0.00000000000000000000,0.00000000000000000000,6,16.67
2025-10-01,2026-01-01,3,Active,Wholesale,plus,persona_x_initial_plan,2,50.00000000000000000000,22.78436399999987900000,9.36000000000000000000,1.04013520164383579650,83.18449920164371479650,3,66.67
2025-10-01,2026-01-01,3,At-risk,Wholesale,plus,persona_x_initial_plan,1,0.00000000000000000000,0.00000000000000000000,0.00000000000000000000,0.00000000000000000000,0.00000000000000000000,3,33.33
2025-10-01,2026-01-01,3,Active,Wholesale,start,persona_x_initial_plan,12,126.00000000000000000000,74.70030059999960811000,4.18000000000000000000,235.83161940547944145280,440.71192000547904956280,13,92.31
2025-10-01,2026-01-01,3,At-risk,Wholesale,start,persona_x_initial_plan,1,0.00000000000000000000,0.00000000000000000000,0.00000000000000000000,0.00000000000000000000,0.00000000000000000000,13,7.69
2025-10-01,2026-02-01,4,Active,ALL,business,initial_plan,19,1316.00000000000000000000,1794.14857799999268120000,12.30000000000000000000,326.67681405479455384160,3449.12539205478723504160,28,67.86
2025-10-01,2026-02-01,4,At-risk,ALL,business,initial_plan,3,0.00000000000000000000,0.00000000000000000000,0.00000000000000000000,0.00000000000000000000,0.00000000000000000000,28,10.71
2025-10-01,2026-02-01,4,Churned proxy,ALL,business,initial_plan,6,0.00000000000000000000,0.00000000000000000000,0.00000000000000000000,0.00000000000000000000,0.00000000000000000000,28,21.43
2025-10-01,2026-02-01,4,Active,ALL,free,initial_plan,362,220.80294117600000000000,3687.14804579998577948300,1070.64000000000000500000,6171.09809413589074256682,11149.68908111187652704982,409,88.51
2025-10-01,2026-02-01,4,At-risk,ALL,free,initial_plan,20,0.00000000000000000000,0.00000000000000000000,0.00000000000000000000,0.00000000000000000000,0.00000000000000000000,409,4.89
2025-10-01,2026-02-01,4,Churned proxy,ALL,free,initial_plan,26,0.00000000000000000000,0.00000000000000000000,0.00000000000000000000,0.00000000000000000000,0.00000000000000000000,409,6.36
2025-10-01,2026-02-01,4,Never monetized,ALL,free,initial_plan,1,0.00000000000000000000,0.00000000000000000000,0.00000000000000000000,0.00000000000000000000,0.00000000000000000000,409,0.24
2025-10-01,2026-02-01,4,Active,ALL,plus,initial_plan,165,3653.49999999900000000000,9215.64710999996367615000,312.40000000000000000000,2999.49617645863049031392,16181.04328645759416646392,211,78.2
2025-10-01,2026-02-01,4,At-risk,ALL,plus,initial_plan,21,0.00000000000000000000,0.00000000000000000000,0.00000000000000000000,0.00000000000000000000,0.00000000000000000000,211,9.95
2025-10-01,2026-02-01,4,Churned proxy,ALL,plus,initial_plan,25,0.00000000000000000000,0.00000000000000000000,0.00000000000000000000,0.00000000000000000000,0.00000000000000000000,211,11.85
2025-10-01,2026-02-01,4,Active,ALL,start,initial_plan,493,5179.03333333300000000000,9455.01863939996279904100,1095.05999999999999767100,8056.31912278411040149199,23785.43109551707319820399,548,89.96
2025-10-01,2026-02-01,4,At-risk,ALL,start,initial_plan,29,0.00000000000000000000,0.00000000000000000000,0.00000000000000000000,0.00000000000000000000,0.00000000000000000000,548,5.29
2025-10-01,2026-02-01,4,Churned proxy,ALL,start,initial_plan,25,0.00000000000000000000,0.00000000000000000000,0.00000000000000000000,0.00000000000000000000,0.00000000000000000000,548,4.56
2025-10-01,2026-02-01,4,Never monetized,ALL,start,initial_plan,1,0.00000000000000000000,0.00000000000000000000,0.00000000000000000000,0.00000000000000000000,0.00000000000000000000,548,0.18
2025-10-01,2026-02-01,4,Active,ALL,ALL,overall,1039,10369.33627450800000000000,24151.96237319990493587400,2490.40000000000000267100,17553.59020743342618821433,54565.28885514133112675933,1196,86.87
2025-10-01,2026-02-01,4,At-risk,ALL,ALL,overall,73,0.00000000000000000000,0.00000000000000000000,0.00000000000000000000,0.00000000000000000000,0.00000000000000000000,1196,6.1
2025-10-01,2026-02-01,4,Churned proxy,ALL,ALL,overall,82,0.00000000000000000000,0.00000000000000000000,0.00000000000000000000,0.00000000000000000000,0.00000000000000000000,1196,6.86
2025-10-01,2026-02-01,4,Never monetized,ALL,ALL,overall,2,0.00000000000000000000,0.00000000000000000000,0.00000000000000000000,0.00000000000000000000,0.00000000000000000000,1196,0.17
2025-10-01,2026-02-01,4,Active,Automobile_Trade_Repair,ALL,persona,45,716.00000000000000000000,1409.10375599999448038100,159.62000000000000000000,610.42965665534257049310,2895.15341265533705087410,53,84.91
2025-10-01,2026-02-01,4,At-risk,Automobile_Trade_Repair,ALL,persona,4,0.00000000000000000000,0.00000000000000000000,0.00000000000000000000,0.00000000000000000000,0.00000000000000000000,53,7.55
2025-10-01,2026-02-01,4,Churned proxy,Automobile_Trade_Repair,ALL,persona,4,0.00000000000000000000,0.00000000000000000000,0.00000000000000000000,0.00000000000000000000,0.00000000000000000000,53,7.55
2025-10-01,2026-02-01,4,Active,BTP,ALL,persona,205,2407.09000000000000000000,8129.55131639996749398000,491.94000000000000000000,5542.25674632986341768520,16570.83806272983091166520,240,85.42
2025-10-01,2026-02-01,4,At-risk,BTP,ALL,persona,14,0.00000000000000000000,0.00000000000000000000,0.00000000000000000000,0.00000000000000000000,0.00000000000000000000,240,5.83
2025-10-01,2026-02-01,4,Churned proxy,BTP,ALL,persona,21,0.00000000000000000000,0.00000000000000000000,0.00000000000000000000,0.00000000000000000000,0.00000000000000000000,240,8.75
2025-10-01,2026-02-01,4,Active,Bankers_Insurance,ALL,persona,14,78.00000000000000000000,93.13765199999964160000,8.00000000000000000000,182.54032663178085910332,361.67797863178050070332,15,93.33
2025-10-01,2026-02-01,4,Churned proxy,Bankers_Insurance,ALL,persona,1,0.00000000000000000000,0.00000000000000000000,0.00000000000000000000,0.00000000000000000000,0.00000000000000000000,15,6.67
2025-10-01,2026-02-01,4,Active,Bikers_Drivers,ALL,persona,73,884.90000000000000000000,1306.80248399999487777000,314.50000000000000007100,357.81880265424660956236,2864.02128665424148740336,100,73.0
2025-10-01,2026-02-01,4,At-risk,Bikers_Drivers,ALL,persona,10,0.00000000000000000000,0.00000000000000000000,0.00000000000000000000,0.00000000000000000000,0.00000000000000000000,100,10.0
2025-10-01,2026-02-01,4,Churned proxy,Bikers_Drivers,ALL,persona,16,0.00000000000000000000,0.00000000000000000000,0.00000000000000000000,0.00000000000000000000,0.00000000000000000000,100,16.0
2025-10-01,2026-02-01,4,Never monetized,Bikers_Drivers,ALL,persona,1,0.00000000000000000000,0.00000000000000000000,0.00000000000000000000,0.00000000000000000000,0.00000000000000000000,100,1.0
2025-10-01,2026-02-01,4,Active,Cleaning_CallCenters,ALL,persona,6,22.00000000000000000000,6.47944199999997460000,9.48000000000000000000,21.16104533753424998000,59.12048733753422458000,6,100.0
2025-10-01,2026-02-01,4,Active,Consultant,ALL,persona,185,1449.28294117600000000000,2730.03045659998942813300,495.34000000000000280000,5452.54518080054848457471,10127.19857857653791550771,202,91.58
2025-10-01,2026-02-01,4,At-risk,Consultant,ALL,persona,9,0.00000000000000000000,0.00000000000000000000,0.00000000000000000000,0.00000000000000000000,0.00000000000000000000,202,4.46
2025-10-01,2026-02-01,4,Churned proxy,Consultant,ALL,persona,8,0.00000000000000000000,0.00000000000000000000,0.00000000000000000000,0.00000000000000000000,0.00000000000000000000,202,3.96
2025-10-01,2026-02-01,4,Active,Developer_IT,ALL,persona,75,652.33333333300000000000,753.80957639999706993000,108.66000000000000240000,1388.32166949917812817787,2903.12457923217520050787,91,82.42
2025-10-01,2026-02-01,4,At-risk,Developer_IT,ALL,persona,7,0.00000000000000000000,0.00000000000000000000,0.00000000000000000000,0.00000000000000000000,0.00000000000000000000,91,7.69
2025-10-01,2026-02-01,4,Churned proxy,Developer_IT,ALL,persona,8,0.00000000000000000000,0.00000000000000000000,0.00000000000000000000,0.00000000000000000000,0.00000000000000000000,91,8.79
2025-10-01,2026-02-01,4,Never monetized,Developer_IT,ALL,persona,1,0.00000000000000000000,0.00000000000000000000,0.00000000000000000000,0.00000000000000000000,0.00000000000000000000,91,1.1
2025-10-01,2026-02-01,4,Active,Media_Publishing,ALL,persona,32,201.00000000000000000000,594.47084399999756351000,52.74000000000000000000,652.81423220054802595818,1501.02507620054558946818,34,94.12
2025-10-01,2026-02-01,4,At-risk,Media_Publishing,ALL,persona,2,0.00000000000000000000,0.00000000000000000000,0.00000000000000000000,0.00000000000000000000,0.00000000000000000000,34,5.88
2025-10-01,2026-02-01,4,Active,Medical_Professionals,ALL,persona,14,113.00000000000000000000,231.89146199999907560000,8.34000000000000000000,425.09090093260278827800,778.32236293260186387800,14,100.0
2025-10-01,2026-02-01,4,Active,Others,ALL,persona,171,1850.90000000000000000000,3492.14324219998630745200,530.23999999999999940000,1100.94295295342475899766,6974.22619515341106584966,191,89.53
2025-10-01,2026-02-01,4,At-risk,Others,ALL,persona,9,0.00000000000000000000,0.00000000000000000000,0.00000000000000000000,0.00000000000000000000,0.00000000000000000000,191,4.71
2025-10-01,2026-02-01,4,Churned proxy,Others,ALL,persona,11,0.00000000000000000000,0.00000000000000000000,0.00000000000000000000,0.00000000000000000000,0.00000000000000000000,191,5.76
2025-10-01,2026-02-01,4,Active,Professeur,ALL,persona,30,291.00000000000000000000,379.31360399999851530000,33.10000000000000000000,538.09971863287674120600,1241.51332263287525650600,34,88.24
2025-10-01,2026-02-01,4,At-risk,Professeur,ALL,persona,2,0.00000000000000000000,0.00000000000000000000,0.00000000000000000000,0.00000000000000000000,0.00000000000000000000,34,5.88
2025-10-01,2026-02-01,4,Churned proxy,Professeur,ALL,persona,2,0.00000000000000000000,0.00000000000000000000,0.00000000000000000000,0.00000000000000000000,0.00000000000000000000,34,5.88
2025-10-01,2026-02-01,4,Active,Repair,ALL,persona,7,55.00000000000000000000,41.75067599999983756500,4.00000000000000000000,9.13210346082191773120,109.88277946082175529620,8,87.5
2025-10-01,2026-02-01,4,Churned proxy,Repair,ALL,persona,1,0.00000000000000000000,0.00000000000000000000,0.00000000000000000000,0.00000000000000000000,0.00000000000000000000,8,12.5
2025-10-01,2026-02-01,4,Active,Restauration,ALL,persona,25,269.16333333300000000000,724.61958119999711700000,39.93999999999999800000,86.61640517808220670287,1120.33931971107932170287,28,89.29
2025-10-01,2026-02-01,4,At-risk,Restauration,ALL,persona,2,0.00000000000000000000,0.00000000000000000000,0.00000000000000000000,0.00000000000000000000,0.00000000000000000000,28,7.14
2025-10-01,2026-02-01,4,Churned proxy,Restauration,ALL,persona,1,0.00000000000000000000,0.00000000000000000000,0.00000000000000000000,0.00000000000000000000,0.00000000000000000000,28,3.57
2025-10-01,2026-02-01,4,Active,Retail,ALL,persona,138,1123.66666666600000000000,4025.03891039998448855300,184.46000000000000000000,927.46615489369871723576,6260.63173195968320578876,157,87.9
2025-10-01,2026-02-01,4,At-risk,Retail,ALL,persona,12,0.00000000000000000000,0.00000000000000000000,0.00000000000000000000,0.00000000000000000000,0.00000000000000000000,157,7.64
2025-10-01,2026-02-01,4,Churned proxy,Retail,ALL,persona,7,0.00000000000000000000,0.00000000000000000000,0.00000000000000000000,0.00000000000000000000,0.00000000000000000000,157,4.46
2025-10-01,2026-02-01,4,Active,Wholesale,ALL,persona,19,256.00000000000000000000,233.81936999999906450000,50.04000000000000000000,258.35431127287671252810,798.21368127287577702810,23,82.61
2025-10-01,2026-02-01,4,At-risk,Wholesale,ALL,persona,2,0.00000000000000000000,0.00000000000000000000,0.00000000000000000000,0.00000000000000000000,0.00000000000000000000,23,8.7
2025-10-01,2026-02-01,4,Churned proxy,Wholesale,ALL,persona,2,0.00000000000000000000,0.00000000000000000000,0.00000000000000000000,0.00000000000000000000,0.00000000000000000000,23,8.7
2025-10-01,2026-02-01,4,Active,Automobile_Trade_Repair,business,persona_x_initial_plan,5,320.00000000000000000000,41.21931599999983670000,6.60000000000000000000,5.95292629808219151160,373.77224229808202821160,5,100.0
2025-10-01,2026-02-01,4,Active,Automobile_Trade_Repair,free,persona_x_initial_plan,13,0.00000000000000000000,70.68169799999972950000,36.80000000000000000000,71.01278705863012908060,178.49448505862985858060,15,86.67
2025-10-01,2026-02-01,4,At-risk,Automobile_Trade_Repair,free,persona_x_initial_plan,1,0.00000000000000000000,0.00000000000000000000,0.00000000000000000000,0.00000000000000000000,0.00000000000000000000,15,6.67
2025-10-01,2026-02-01,4,Churned proxy,Automobile_Trade_Repair,free,persona_x_initial_plan,1,0.00000000000000000000,0.00000000000000000000,0.00000000000000000000,0.00000000000000000000,0.00000000000000000000,15,6.67
2025-10-01,2026-02-01,4,Active,Automobile_Trade_Repair,plus,persona_x_initial_plan,10,220.00000000000000000000,1080.33780599999575070000,94.26000000000000000000,498.79331891287681595900,1893.39112491287256665900,11,90.91
2025-10-01,2026-02-01,4,Churned proxy,Automobile_Trade_Repair,plus,persona_x_initial_plan,1,0.00000000000000000000,0.00000000000000000000,0.00000000000000000000,0.00000000000000000000,0.00000000000000000000,11,9.09
2025-10-01,2026-02-01,4,Active,Automobile_Trade_Repair,start,persona_x_initial_plan,17,176.00000000000000000000,216.86493599999916348100,21.96000000000000000000,34.67062438575343394190,449.49556038575259742290,22,77.27
2025-10-01,2026-02-01,4,At-risk,Automobile_Trade_Repair,start,persona_x_initial_plan,3,0.00000000000000000000,0.00000000000000000000,0.00000000000000000000,0.00000000000000000000,0.00000000000000000000,22,13.64
2025-10-01,2026-02-01,4,Churned proxy,Automobile_Trade_Repair,start,persona_x_initial_plan,2,0.00000000000000000000,0.00000000000000000000,0.00000000000000000000,0.00000000000000000000,0.00000000000000000000,22,9.09
2025-10-01,2026-02-01,4,Active,BTP,business,persona_x_initial_plan,5,331.00000000000000000000,1288.31894999999473850000,0.00000000000000000000,249.99896610136989060000,1869.31791610136462910000,8,62.5
2025-10-01,2026-02-01,4,At-risk,BTP,business,persona_x_initial_plan,1,0.00000000000000000000,0.00000000000000000000,0.00000000000000000000,0.00000000000000000000,0.00000000000000000000,8,12.5
2025-10-01,2026-02-01,4,Churned proxy,BTP,business,persona_x_initial_plan,2,0.00000000000000000000,0.00000000000000000000,0.00000000000000000000,0.00000000000000000000,0.00000000000000000000,8,25.0
2025-10-01,2026-02-01,4,Active,BTP,free,persona_x_initial_plan,68,23.09000000000000000000,608.70547799999765623000,115.24000000000000000000,2727.21242956931516158711,3474.24790756931281781711,73,93.15
2025-10-01,2026-02-01,4,At-risk,BTP,free,persona_x_initial_plan,1,0.00000000000000000000,0.00000000000000000000,0.00000000000000000000,0.00000000000000000000,0.00000000000000000000,73,1.37
2025-10-01,2026-02-01,4,Churned proxy,BTP,free,persona_x_initial_plan,4,0.00000000000000000000,0.00000000000000000000,0.00000000000000000000,0.00000000000000000000,0.00000000000000000000,73,5.48
2025-10-01,2026-02-01,4,Active,BTP,plus,persona_x_initial_plan,52,1191.00000000000000000000,3619.02211199998556865000,55.36000000000000000000,903.34273070630150105150,5768.72484270628706970150,68,76.47
2025-10-01,2026-02-01,4,At-risk,BTP,plus,persona_x_initial_plan,6,0.00000000000000000000,0.00000000000000000000,0.00000000000000000000,0.00000000000000000000,0.00000000000000000000,68,8.82
2025-10-01,2026-02-01,4,Churned proxy,BTP,plus,persona_x_initial_plan,10,0.00000000000000000000,0.00000000000000000000,0.00000000000000000000,0.00000000000000000000,0.00000000000000000000,68,14.71
2025-10-01,2026-02-01,4,Active,BTP,start,persona_x_initial_plan,80,862.00000000000000000000,2613.50477639998953060000,321.34000000000000000000,1661.70261995287686444659,5458.54739635286639504659,91,87.91
2025-10-01,2026-02-01,4,At-risk,BTP,start,persona_x_initial_plan,6,0.00000000000000000000,0.00000000000000000000,0.00000000000000000000,0.00000000000000000000,0.00000000000000000000,91,6.59
2025-10-01,2026-02-01,4,Churned proxy,BTP,start,persona_x_initial_plan,5,0.00000000000000000000,0.00000000000000000000,0.00000000000000000000,0.00000000000000000000,0.00000000000000000000,91,5.49
2025-10-01,2026-02-01,4,Active,Bankers_Insurance,free,persona_x_initial_plan,8,0.00000000000000000000,5.95900799999997580000,4.80000000000000000000,128.17860754027399422632,138.93761554027397002632,8,100.0
2025-10-01,2026-02-01,4,Active,Bankers_Insurance,start,persona_x_initial_plan,6,78.00000000000000000000,87.17864399999966580000,3.20000000000000000000,54.36171909150686487700,222.74036309150653067700,7,85.71
2025-10-01,2026-02-01,4,Churned proxy,Bankers_Insurance,start,persona_x_initial_plan,1,0.00000000000000000000,0.00000000000000000000,0.00000000000000000000,0.00000000000000000000,0.00000000000000000000,7,14.29
2025-10-01,2026-02-01,4,Active,Bikers_Drivers,business,persona_x_initial_plan,3,185.00000000000000000000,63.56716199999978000000,0.64000000000000000000,5.37116745589041347000,254.57832945589019347000,5,60.0
2025-10-01,2026-02-01,4,At-risk,Bikers_Drivers,business,persona_x_initial_plan,1,0.00000000000000000000,0.00000000000000000000,0.00000000000000000000,0.00000000000000000000,0.00000000000000000000,5,20.0
2025-10-01,2026-02-01,4,Churned proxy,Bikers_Drivers,business,persona_x_initial_plan,1,0.00000000000000000000,0.00000000000000000000,0.00000000000000000000,0.00000000000000000000,0.00000000000000000000,5,20.0
2025-10-01,2026-02-01,4,Active,Bikers_Drivers,free,persona_x_initial_plan,27,0.00000000000000000000,390.46429799999846325000,219.20000000000000000000,176.30914805808220686540,785.97344605808067011540,36,75.0
2025-10-01,2026-02-01,4,At-risk,Bikers_Drivers,free,persona_x_initial_plan,4,0.00000000000000000000,0.00000000000000000000,0.00000000000000000000,0.00000000000000000000,0.00000000000000000000,36,11.11
2025-10-01,2026-02-01,4,Churned proxy,Bikers_Drivers,free,persona_x_initial_plan,4,0.00000000000000000000,0.00000000000000000000,0.00000000000000000000,0.00000000000000000000,0.00000000000000000000,36,11.11
2025-10-01,2026-02-01,4,Never monetized,Bikers_Drivers,free,persona_x_initial_plan,1,0.00000000000000000000,0.00000000000000000000,0.00000000000000000000,0.00000000000000000000,0.00000000000000000000,36,2.78
2025-10-01,2026-02-01,4,Active,Bikers_Drivers,plus,persona_x_initial_plan,17,409.90000000000000000000,421.62614999999832682000,21.02000000000000000000,97.19782193534247387490,949.74397193534080069490,26,65.38
2025-10-01,2026-02-01,4,At-risk,Bikers_Drivers,plus,persona_x_initial_plan,2,0.00000000000000000000,0.00000000000000000000,0.00000000000000000000,0.00000000000000000000,0.00000000000000000000,26,7.69
2025-10-01,2026-02-01,4,Churned proxy,Bikers_Drivers,plus,persona_x_initial_plan,7,0.00000000000000000000,0.00000000000000000000,0.00000000000000000000,0.00000000000000000000,0.00000000000000000000,26,26.92
2025-10-01,2026-02-01,4,Active,Bikers_Drivers,start,persona_x_initial_plan,26,290.00000000000000000000,431.14487399999830770000,73.64000000000000007100,78.94066520493151535206,873.72553920492982312306,33,78.79
2025-10-01,2026-02-01,4,At-risk,Bikers_Drivers,start,persona_x_initial_plan,3,0.00000000000000000000,0.00000000000000000000,0.00000000000000000000,0.00000000000000000000,0.00000000000000000000,33,9.09
2025-10-01,2026-02-01,4,Churned proxy,Bikers_Drivers,start,persona_x_initial_plan,4,0.00000000000000000000,0.00000000000000000000,0.00000000000000000000,0.00000000000000000000,0.00000000000000000000,33,12.12
2025-10-01,2026-02-01,4,Active,Cleaning_CallCenters,free,persona_x_initial_plan,4,0.00000000000000000000,4.18854599999998390000,9.48000000000000000000,17.98131015342466088000,31.64985615342464478000,4,100.0
2025-10-01,2026-02-01,4,Active,Cleaning_CallCenters,start,persona_x_initial_plan,2,22.00000000000000000000,2.29089599999999070000,0.00000000000000000000,3.17973518410958910000,27.47063118410957980000,2,100.0
2025-10-01,2026-02-01,4,Active,Consultant,business,persona_x_initial_plan,1,80.00000000000000000000,163.92641399999934000000,0.00000000000000000000,18.63042083123288300000,262.55683483123222300000,2,50.0
2025-10-01,2026-02-01,4,Churned proxy,Consultant,business,persona_x_initial_plan,1,0.00000000000000000000,0.00000000000000000000,0.00000000000000000000,0.00000000000000000000,0.00000000000000000000,2,50.0
2025-10-01,2026-02-01,4,Active,Consultant,free,persona_x_initial_plan,72,33.78294117600000000000,735.38756999999724391000,158.82000000000000300000,1607.45684802082198220431,2535.44735919681922911431,80,90.0
2025-10-01,2026-02-01,4,At-risk,Consultant,free,persona_x_initial_plan,4,0.00000000000000000000,0.00000000000000000000,0.00000000000000000000,0.00000000000000000000,0.00000000000000000000,80,5.0
2025-10-01,2026-02-01,4,Churned proxy,Consultant,free,persona_x_initial_plan,4,0.00000000000000000000,0.00000000000000000000,0.00000000000000000000,0.00000000000000000000,0.00000000000000000000,80,5.0
2025-10-01,2026-02-01,4,Active,Consultant,plus,persona_x_initial_plan,12,329.80000000000000000000,644.96373299999746091000,16.58000000000000000000,303.51063735013699947800,1294.85437035013446038800,15,80.0
2025-10-01,2026-02-01,4,At-risk,Consultant,plus,persona_x_initial_plan,3,0.00000000000000000000,0.00000000000000000000,0.00000000000000000000,0.00000000000000000000,0.00000000000000000000,15,20.0
2025-10-01,2026-02-01,4,Active,Consultant,start,persona_x_initial_plan,100,1005.70000000000000000000,1185.75273959999538331300,319.93999999999999980000,3522.94727459835661989240,6034.34001419835200300540,105,95.24
2025-10-01,2026-02-01,4,At-risk,Consultant,start,persona_x_initial_plan,2,0.00000000000000000000,0.00000000000000000000,0.00000000000000000000,0.00000000000000000000,0.00000000000000000000,105,1.9
2025-10-01,2026-02-01,4,Churned proxy,Consultant,start,persona_x_initial_plan,3,0.00000000000000000000,0.00000000000000000000,0.00000000000000000000,0.00000000000000000000,0.00000000000000000000,105,2.86
2025-10-01,2026-02-01,4,Active,Developer_IT,free,persona_x_initial_plan,25,11.00000000000000000000,186.85523159999927553000,69.48000000000000400000,462.85957834465756410050,730.19480994465684363050,35,71.43
2025-10-01,2026-02-01,4,At-risk,Developer_IT,free,persona_x_initial_plan,4,0.00000000000000000000,0.00000000000000000000,0.00000000000000000000,0.00000000000000000000,0.00000000000000000000,35,11.43
2025-10-01,2026-02-01,4,Churned proxy,Developer_IT,free,persona_x_initial_plan,6,0.00000000000000000000,0.00000000000000000000,0.00000000000000000000,0.00000000000000000000,0.00000000000000000000,35,17.14
2025-10-01,2026-02-01,4,Active,Developer_IT,plus,persona_x_initial_plan,11,253.33333333300000000000,229.10115779999910026000,3.00000000000000000000,264.98807601753429164000,750.42256715053339190000,13,84.62
2025-10-01,2026-02-01,4,At-risk,Developer_IT,plus,persona_x_initial_plan,1,0.00000000000000000000,0.00000000000000000000,0.00000000000000000000,0.00000000000000000000,0.00000000000000000000,13,7.69
2025-10-01,2026-02-01,4,Churned proxy,Developer_IT,plus,persona_x_initial_plan,1,0.00000000000000000000,0.00000000000000000000,0.00000000000000000000,0.00000000000000000000,0.00000000000000000000,13,7.69
2025-10-01,2026-02-01,4,Active,Developer_IT,start,persona_x_initial_plan,39,388.00000000000000000000,337.85318699999869414000,36.17999999999999840000,660.47401513698627243737,1422.50720213698496497737,43,90.7
2025-10-01,2026-02-01,4,At-risk,Developer_IT,start,persona_x_initial_plan,2,0.00000000000000000000,0.00000000000000000000,0.00000000000000000000,0.00000000000000000000,0.00000000000000000000,43,4.65
2025-10-01,2026-02-01,4,Churned proxy,Developer_IT,start,persona_x_initial_plan,1,0.00000000000000000000,0.00000000000000000000,0.00000000000000000000,0.00000000000000000000,0.00000000000000000000,43,2.33
2025-10-01,2026-02-01,4,Never monetized,Developer_IT,start,persona_x_initial_plan,1,0.00000000000000000000,0.00000000000000000000,0.00000000000000000000,0.00000000000000000000,0.00000000000000000000,43,2.33
2025-10-01,2026-02-01,4,Active,Media_Publishing,free,persona_x_initial_plan,14,0.00000000000000000000,57.36848399999978590000,49.80000000000000000000,16.00304849260274170418,123.17153249260252760418,15,93.33
2025-10-01,2026-02-01,4,At-risk,Media_Publishing,free,persona_x_initial_plan,1,0.00000000000000000000,0.00000000000000000000,0.00000000000000000000,0.00000000000000000000,0.00000000000000000000,15,6.67
2025-10-01,2026-02-01,4,Active,Media_Publishing,plus,persona_x_initial_plan,1,25.00000000000000000000,174.33167399999928000000,0.00000000000000000000,57.71123296164384400000,257.04290696164312400000,1,100.0
2025-10-01,2026-02-01,4,Active,Media_Publishing,start,persona_x_initial_plan,17,176.00000000000000000000,362.77068599999849761000,2.94000000000000000000,579.09995074630144025400,1120.81063674629993786400,18,94.44
2025-10-01,2026-02-01,4,At-risk,Media_Publishing,start,persona_x_initial_plan,1,0.00000000000000000000,0.00000000000000000000,0.00000000000000000000,0.00000000000000000000,0.00000000000000000000,18,5.56
2025-10-01,2026-02-01,4,Active,Medical_Professionals,free,persona_x_initial_plan,5,0.00000000000000000000,44.45164799999982850000,5.60000000000000000000,289.29349353698633558000,339.34514153698616408000,5,100.0
2025-10-01,2026-02-01,4,Active,Medical_Professionals,plus,persona_x_initial_plan,1,25.00000000000000000000,54.00352799999978300000,0.46000000000000000000,33.40081929260274800000,112.86434729260253100000,1,100.0
2025-10-01,2026-02-01,4,Active,Medical_Professionals,start,persona_x_initial_plan,8,88.00000000000000000000,133.43628599999946410000,2.28000000000000000000,102.39658810301370469800,326.11287410301316879800,8,100.0
2025-10-01,2026-02-01,4,Active,Others,business,persona_x_initial_plan,4,320.00000000000000000000,237.11673599999898600000,5.06000000000000000000,43.68268292109588676000,605.85941892109487276000,6,66.67
2025-10-01,2026-02-01,4,At-risk,Others,business,persona_x_initial_plan,1,0.00000000000000000000,0.00000000000000000000,0.00000000000000000000,0.00000000000000000000,0.00000000000000000000,6,16.67
2025-10-01,2026-02-01,4,Churned proxy,Others,business,persona_x_initial_plan,1,0.00000000000000000000,0.00000000000000000000,0.00000000000000000000,0.00000000000000000000,0.00000000000000000000,6,16.67
2025-10-01,2026-02-01,4,Active,Others,free,persona_x_initial_plan,57,47.00000000000000000000,756.15107399999700238000,226.66000000000000000000,382.92270635835620345780,1412.73378035835320583780,59,96.61
2025-10-01,2026-02-01,4,At-risk,Others,free,persona_x_initial_plan,1,0.00000000000000000000,0.00000000000000000000,0.00000000000000000000,0.00000000000000000000,0.00000000000000000000,59,1.69
2025-10-01,2026-02-01,4,Churned proxy,Others,free,persona_x_initial_plan,1,0.00000000000000000000,0.00000000000000000000,0.00000000000000000000,0.00000000000000000000,0.00000000000000000000,59,1.69
2025-10-01,2026-02-01,4,Active,Others,plus,persona_x_initial_plan,27,600.90000000000000000000,806.34379319999680241000,116.32000000000000000000,99.02304555945206372826,1622.58683875944886613826,34,79.41
2025-10-01,2026-02-01,4,At-risk,Others,plus,persona_x_initial_plan,2,0.00000000000000000000,0.00000000000000000000,0.00000000000000000000,0.00000000000000000000,0.00000000000000000000,34,5.88
2025-10-01,2026-02-01,4,Churned proxy,Others,plus,persona_x_initial_plan,5,0.00000000000000000000,0.00000000000000000000,0.00000000000000000000,0.00000000000000000000,0.00000000000000000000,34,14.71
2025-10-01,2026-02-01,4,Active,Others,start,persona_x_initial_plan,83,883.00000000000000000000,1692.53163899999351666200,182.19999999999999940000,575.31451811452060505160,3333.04615711451412111360,92,90.22
2025-10-01,2026-02-01,4,At-risk,Others,start,persona_x_initial_plan,5,0.00000000000000000000,0.00000000000000000000,0.00000000000000000000,0.00000000000000000000,0.00000000000000000000,92,5.43
2025-10-01,2026-02-01,4,Churned proxy,Others,start,persona_x_initial_plan,4,0.00000000000000000000,0.00000000000000000000,0.00000000000000000000,0.00000000000000000000,0.00000000000000000000,92,4.35
2025-10-01,2026-02-01,4,Active,Professeur,free,persona_x_initial_plan,10,70.00000000000000000000,23.49721799999991100000,9.60000000000000000000,37.07979551123288396600,140.17701351123279496600,12,83.33
2025-10-01,2026-02-01,4,At-risk,Professeur,free,persona_x_initial_plan,1,0.00000000000000000000,0.00000000000000000000,0.00000000000000000000,0.00000000000000000000,0.00000000000000000000,12,8.33
2025-10-01,2026-02-01,4,Churned proxy,Professeur,free,persona_x_initial_plan,1,0.00000000000000000000,0.00000000000000000000,0.00000000000000000000,0.00000000000000000000,0.00000000000000000000,12,8.33
2025-10-01,2026-02-01,4,Active,Professeur,plus,persona_x_initial_plan,1,25.00000000000000000000,0.00000000000000000000,0.00000000000000000000,317.40959276931505000000,342.40959276931505000000,1,100.0
2025-10-01,2026-02-01,4,Active,Professeur,start,persona_x_initial_plan,19,196.00000000000000000000,355.81638599999860430000,23.50000000000000000000,183.61033035232880724000,758.92671635232741154000,21,90.48
2025-10-01,2026-02-01,4,At-risk,Professeur,start,persona_x_initial_plan,1,0.00000000000000000000,0.00000000000000000000,0.00000000000000000000,0.00000000000000000000,0.00000000000000000000,21,4.76
2025-10-01,2026-02-01,4,Churned proxy,Professeur,start,persona_x_initial_plan,1,0.00000000000000000000,0.00000000000000000000,0.00000000000000000000,0.00000000000000000000,0.00000000000000000000,21,4.76
2025-10-01,2026-02-01,4,Active,Repair,free,persona_x_initial_plan,2,0.00000000000000000000,4.16339999999998420000,0.00000000000000000000,0.36389230958904105120,4.52729230958902525120,3,66.67
2025-10-01,2026-02-01,4,Churned proxy,Repair,free,persona_x_initial_plan,1,0.00000000000000000000,0.00000000000000000000,0.00000000000000000000,0.00000000000000000000,0.00000000000000000000,3,33.33
2025-10-01,2026-02-01,4,Active,Repair,plus,persona_x_initial_plan,1,11.00000000000000000000,18.76780799999992800000,0.00000000000000000000,0.13306439945205484000,29.90087239945198284000,1,100.0
2025-10-01,2026-02-01,4,Active,Repair,start,persona_x_initial_plan,4,44.00000000000000000000,18.81946799999992536500,4.00000000000000000000,8.63514675178082184000,75.45461475178074720500,4,100.0
2025-10-01,2026-02-01,4,Active,Restauration,free,persona_x_initial_plan,8,4.93000000000000000000,140.95566719999944500000,26.35999999999999800000,8.05136976767123438850,180.29703696767067738850,9,88.89
2025-10-01,2026-02-01,4,Churned proxy,Restauration,free,persona_x_initial_plan,1,0.00000000000000000000,0.00000000000000000000,0.00000000000000000000,0.00000000000000000000,0.00000000000000000000,9,11.11
2025-10-01,2026-02-01,4,Active,Restauration,plus,persona_x_initial_plan,10,189.23333333300000000000,472.62610799999810040000,0.00000000000000000000,55.21561982575343603380,717.07506115875153643380,12,83.33
2025-10-01,2026-02-01,4,At-risk,Restauration,plus,persona_x_initial_plan,2,0.00000000000000000000,0.00000000000000000000,0.00000000000000000000,0.00000000000000000000,0.00000000000000000000,12,16.67
2025-10-01,2026-02-01,4,Active,Restauration,start,persona_x_initial_plan,7,75.00000000000000000000,111.03780599999957160000,13.58000000000000000000,23.34941558465753628057,222.96722158465710788057,7,100.0
2025-10-01,2026-02-01,4,Churned proxy,Retail,business,persona_x_initial_plan,1,0.00000000000000000000,0.00000000000000000000,0.00000000000000000000,0.00000000000000000000,0.00000000000000000000,1,100.0
2025-10-01,2026-02-01,4,Active,Retail,free,persona_x_initial_plan,45,31.00000000000000000000,657.80606699999749638300,101.20000000000000000000,189.61517145315071121790,979.62123845314820760090,49,91.84
2025-10-01,2026-02-01,4,At-risk,Retail,free,persona_x_initial_plan,2,0.00000000000000000000,0.00000000000000000000,0.00000000000000000000,0.00000000000000000000,0.00000000000000000000,49,4.08
2025-10-01,2026-02-01,4,Churned proxy,Retail,free,persona_x_initial_plan,2,0.00000000000000000000,0.00000000000000000000,0.00000000000000000000,0.00000000000000000000,0.00000000000000000000,49,4.08
2025-10-01,2026-02-01,4,Active,Retail,plus,persona_x_initial_plan,20,323.33333333300000000000,1690.09741799999359260000,5.40000000000000000000,368.40043007506852668146,2387.23118140806211928146,25,80.0
2025-10-01,2026-02-01,4,At-risk,Retail,plus,persona_x_initial_plan,4,0.00000000000000000000,0.00000000000000000000,0.00000000000000000000,0.00000000000000000000,0.00000000000000000000,25,16.0
2025-10-01,2026-02-01,4,Churned proxy,Retail,plus,persona_x_initial_plan,1,0.00000000000000000000,0.00000000000000000000,0.00000000000000000000,0.00000000000000000000,0.00000000000000000000,25,4.0
2025-10-01,2026-02-01,4,Active,Retail,start,persona_x_initial_plan,73,769.33333333300000000000,1677.13542539999339957000,77.86000000000000000000,369.45055336547947933640,2893.77931209847287890640,82,89.02
2025-10-01,2026-02-01,4,At-risk,Retail,start,persona_x_initial_plan,6,0.00000000000000000000,0.00000000000000000000,0.00000000000000000000,0.00000000000000000000,0.00000000000000000000,82,7.32
2025-10-01,2026-02-01,4,Churned proxy,Retail,start,persona_x_initial_plan,3,0.00000000000000000000,0.00000000000000000000,0.00000000000000000000,0.00000000000000000000,0.00000000000000000000,82,3.66
2025-10-01,2026-02-01,4,Active,Wholesale,business,persona_x_initial_plan,1,80.00000000000000000000,0.00000000000000000000,0.00000000000000000000,3.04065044712328850000,83.04065044712328850000,1,100.0
2025-10-01,2026-02-01,4,Active,Wholesale,free,persona_x_initial_plan,4,0.00000000000000000000,0.51265799999999800000,37.60000000000000000000,56.75790796109589225700,94.87056596109589025700,6,66.67
2025-10-01,2026-02-01,4,At-risk,Wholesale,free,persona_x_initial_plan,1,0.00000000000000000000,0.00000000000000000000,0.00000000000000000000,0.00000000000000000000,0.00000000000000000000,6,16.67
2025-10-01,2026-02-01,4,Churned proxy,Wholesale,free,persona_x_initial_plan,1,0.00000000000000000000,0.00000000000000000000,0.00000000000000000000,0.00000000000000000000,0.00000000000000000000,6,16.67
2025-10-01,2026-02-01,4,Active,Wholesale,plus,persona_x_initial_plan,2,50.00000000000000000000,4.42582199999998240000,0.00000000000000000000,0.36978665315068502700,54.79560865315066742700,3,66.67
2025-10-01,2026-02-01,4,At-risk,Wholesale,plus,persona_x_initial_plan,1,0.00000000000000000000,0.00000000000000000000,0.00000000000000000000,0.00000000000000000000,0.00000000000000000000,3,33.33
2025-10-01,2026-02-01,4,Active,Wholesale,start,persona_x_initial_plan,12,126.00000000000000000000,228.88088999999908410000,12.44000000000000000000,198.18596621150684674410,565.50685621150593084410,13,92.31
2025-10-01,2026-02-01,4,Churned proxy,Wholesale,start,persona_x_initial_plan,1,0.00000000000000000000,0.00000000000000000000,0.00000000000000000000,0.00000000000000000000,0.00000000000000000000,13,7.69
2025-10-01,2026-03-01,5,Active,ALL,business,initial_plan,19,1316.00000000000000000000,1305.27017459999403850400,15.87999999999999910000,177.09038188493152731317,2814.24055648492556491717,28,67.86
2025-10-01,2026-03-01,5,At-risk,ALL,business,initial_plan,3,0.00000000000000000000,0.00000000000000000000,0.00000000000000000000,0.00000000000000000000,0.00000000000000000000,28,10.71
2025-10-01,2026-03-01,5,Churned proxy,ALL,business,initial_plan,6,0.00000000000000000000,0.00000000000000000000,0.00000000000000000000,0.00000000000000000000,0.00000000000000000000,28,21.43
2025-10-01,2026-03-01,5,Active,ALL,free,initial_plan,357,253.97000000000000000000,3676.11925859998185015400,1242.01999999999999800000,5197.08737756986315736601,10369.19663616984500552001,409,87.29
2025-10-01,2026-03-01,5,At-risk,ALL,free,initial_plan,16,0.00000000000000000000,0.00000000000000000000,0.00000000000000000000,0.00000000000000000000,0.00000000000000000000,409,3.91
2025-10-01,2026-03-01,5,Churned proxy,ALL,free,initial_plan,35,0.00000000000000000000,0.00000000000000000000,0.00000000000000000000,0.00000000000000000000,0.00000000000000000000,409,8.56
2025-10-01,2026-03-01,5,Never monetized,ALL,free,initial_plan,1,0.00000000000000000000,0.00000000000000000000,0.00000000000000000000,0.00000000000000000000,0.00000000000000000000,409,0.24
2025-10-01,2026-03-01,5,Active,ALL,plus,initial_plan,160,3578.49999999900000000000,8834.94031679995684719600,1085.34000000000000000000,2807.50208478958925285673,16306.28240158854610005273,211,75.83
2025-10-01,2026-03-01,5,At-risk,ALL,plus,initial_plan,12,0.00000000000000000000,0.00000000000000000000,0.00000000000000000000,0.00000000000000000000,0.00000000000000000000,211,5.69
2025-10-01,2026-03-01,5,Churned proxy,ALL,plus,initial_plan,39,0.00000000000000000000,0.00000000000000000000,0.00000000000000000000,0.00000000000000000000,0.00000000000000000000,211,18.48
2025-10-01,2026-03-01,5,Active,ALL,start,initial_plan,485,5005.76333333300000000000,7350.70254839996423789400,3087.06000000000000000000,8712.57901290685070354784,24156.10489463981494144184,548,88.5
2025-10-01,2026-03-01,5,At-risk,ALL,start,initial_plan,20,0.00000000000000000000,0.00000000000000000000,0.00000000000000000000,0.00000000000000000000,0.00000000000000000000,548,3.65
2025-10-01,2026-03-01,5,Churned proxy,ALL,start,initial_plan,42,0.00000000000000000000,0.00000000000000000000,0.00000000000000000000,0.00000000000000000000,0.00000000000000000000,548,7.66
2025-10-01,2026-03-01,5,Never monetized,ALL,start,initial_plan,1,0.00000000000000000000,0.00000000000000000000,0.00000000000000000000,0.00000000000000000000,0.00000000000000000000,548,0.18
2025-10-01,2026-03-01,5,Active,ALL,ALL,overall,1021,10154.23333333200000000000,21167.03229839989697374800,5430.29999999999999710000,16894.25885715123464108375,53645.82448888313161193175,1196,85.37
2025-10-01,2026-03-01,5,At-risk,ALL,ALL,overall,51,0.00000000000000000000,0.00000000000000000000,0.00000000000000000000,0.00000000000000000000,0.00000000000000000000,1196,4.26
2025-10-01,2026-03-01,5,Churned proxy,ALL,ALL,overall,122,0.00000000000000000000,0.00000000000000000000,0.00000000000000000000,0.00000000000000000000,0.00000000000000000000,1196,10.2
2025-10-01,2026-03-01,5,Never monetized,ALL,ALL,overall,2,0.00000000000000000000,0.00000000000000000000,0.00000000000000000000,0.00000000000000000000,0.00000000000000000000,1196,0.17
2025-10-01,2026-03-01,5,Active,Automobile_Trade_Repair,ALL,persona,44,748.43000000000000000000,1286.46619019999368104800,874.08000000000000000000,285.31981408547945205827,3194.29600428547313310627,53,83.02
2025-10-01,2026-03-01,5,At-risk,Automobile_Trade_Repair,ALL,persona,2,0.00000000000000000000,0.00000000000000000000,0.00000000000000000000,0.00000000000000000000,0.00000000000000000000,53,3.77
2025-10-01,2026-03-01,5,Churned proxy,Automobile_Trade_Repair,ALL,persona,7,0.00000000000000000000,0.00000000000000000000,0.00000000000000000000,0.00000000000000000000,0.00000000000000000000,53,13.21
2025-10-01,2026-03-01,5,Active,BTP,ALL,persona,204,2392.30000000000000000000,6525.10236239996878023500,1593.26000000000000000000,4382.29904676000054338890,14892.96140915996932362390,240,85.0
2025-10-01,2026-03-01,5,At-risk,BTP,ALL,persona,7,0.00000000000000000000,0.00000000000000000000,0.00000000000000000000,0.00000000000000000000,0.00000000000000000000,240,2.92
2025-10-01,2026-03-01,5,Churned proxy,BTP,ALL,persona,29,0.00000000000000000000,0.00000000000000000000,0.00000000000000000000,0.00000000000000000000,0.00000000000000000000,240,12.08
2025-10-01,2026-03-01,5,Active,Bankers_Insurance,ALL,persona,14,78.00000000000000000000,265.51864799999867170000,4.00000000000000000000,172.80296800767123268472,520.32161600766990438472,15,93.33
2025-10-01,2026-03-01,5,Churned proxy,Bankers_Insurance,ALL,persona,1,0.00000000000000000000,0.00000000000000000000,0.00000000000000000000,0.00000000000000000000,0.00000000000000000000,15,6.67
2025-10-01,2026-03-01,5,Active,Bikers_Drivers,ALL,persona,71,846.87000000000000000000,967.69636559999540950900,313.22000000000000000000,412.19818004219178763127,2539.98454564218719714027,100,71.0
2025-10-01,2026-03-01,5,At-risk,Bikers_Drivers,ALL,persona,7,0.00000000000000000000,0.00000000000000000000,0.00000000000000000000,0.00000000000000000000,0.00000000000000000000,100,7.0
2025-10-01,2026-03-01,5,Churned proxy,Bikers_Drivers,ALL,persona,21,0.00000000000000000000,0.00000000000000000000,0.00000000000000000000,0.00000000000000000000,0.00000000000000000000,100,21.0
2025-10-01,2026-03-01,5,Never monetized,Bikers_Drivers,ALL,persona,1,0.00000000000000000000,0.00000000000000000000,0.00000000000000000000,0.00000000000000000000,0.00000000000000000000,100,1.0
2025-10-01,2026-03-01,5,Active,Cleaning_CallCenters,ALL,persona,6,22.00000000000000000000,14.66099999999992798000,4.16000000000000000000,14.85509550027397122000,55.67609550027389920000,6,100.0
2025-10-01,2026-03-01,5,Active,Consultant,ALL,persona,185,1413.50000000000000000000,3021.60237659998553518000,197.20000000000000000000,5734.62324328383640741806,10366.92561988382194259806,202,91.58
2025-10-01,2026-03-01,5,At-risk,Consultant,ALL,persona,3,0.00000000000000000000,0.00000000000000000000,0.00000000000000000000,0.00000000000000000000,0.00000000000000000000,202,1.49
2025-10-01,2026-03-01,5,Churned proxy,Consultant,ALL,persona,14,0.00000000000000000000,0.00000000000000000000,0.00000000000000000000,0.00000000000000000000,0.00000000000000000000,202,6.93
2025-10-01,2026-03-01,5,Active,Developer_IT,ALL,persona,74,650.33333333300000000000,718.69776479999648535000,205.36000000000000200000,1738.62626648602746638800,3313.01736461902395373800,91,81.32
2025-10-01,2026-03-01,5,At-risk,Developer_IT,ALL,persona,5,0.00000000000000000000,0.00000000000000000000,0.00000000000000000000,0.00000000000000000000,0.00000000000000000000,91,5.49
2025-10-01,2026-03-01,5,Churned proxy,Developer_IT,ALL,persona,11,0.00000000000000000000,0.00000000000000000000,0.00000000000000000000,0.00000000000000000000,0.00000000000000000000,91,12.09
2025-10-01,2026-03-01,5,Never monetized,Developer_IT,ALL,persona,1,0.00000000000000000000,0.00000000000000000000,0.00000000000000000000,0.00000000000000000000,0.00000000000000000000,91,1.1
2025-10-01,2026-03-01,5,Active,Media_Publishing,ALL,persona,32,190.00000000000000000000,742.01246639999615081000,54.54000000000000000000,531.97200281479451144232,1518.52446921479066225232,34,94.12
2025-10-01,2026-03-01,5,At-risk,Media_Publishing,ALL,persona,2,0.00000000000000000000,0.00000000000000000000,0.00000000000000000000,0.00000000000000000000,0.00000000000000000000,34,5.88
2025-10-01,2026-03-01,5,Active,Medical_Professionals,ALL,persona,14,113.00000000000000000000,132.09715799999936317000,44.60000000000000000000,452.23567151123292496420,741.93282951123228813420,14,100.0
2025-10-01,2026-03-01,5,Active,Others,ALL,persona,165,1731.90000000000000000000,2649.63116699998696468700,916.45999999999999910000,1122.78254441205493536638,6420.77371141204189915338,191,86.39
2025-10-01,2026-03-01,5,At-risk,Others,ALL,persona,10,0.00000000000000000000,0.00000000000000000000,0.00000000000000000000,0.00000000000000000000,0.00000000000000000000,191,5.24
2025-10-01,2026-03-01,5,Churned proxy,Others,ALL,persona,16,0.00000000000000000000,0.00000000000000000000,0.00000000000000000000,0.00000000000000000000,0.00000000000000000000,191,8.38
2025-10-01,2026-03-01,5,Active,Professeur,ALL,persona,30,291.00000000000000000000,459.93578399999773378000,74.44000000000000000000,659.07988026630146962300,1484.45566426629920340300,34,88.24
2025-10-01,2026-03-01,5,At-risk,Professeur,ALL,persona,1,0.00000000000000000000,0.00000000000000000000,0.00000000000000000000,0.00000000000000000000,0.00000000000000000000,34,2.94
2025-10-01,2026-03-01,5,Churned proxy,Professeur,ALL,persona,3,0.00000000000000000000,0.00000000000000000000,0.00000000000000000000,0.00000000000000000000,0.00000000000000000000,34,8.82
2025-10-01,2026-03-01,5,Active,Repair,ALL,persona,7,55.00000000000000000000,53.63632799999972730000,0.76000000000000000000,12.06053828602739813100,121.45686628602712543100,8,87.5
2025-10-01,2026-03-01,5,Churned proxy,Repair,ALL,persona,1,0.00000000000000000000,0.00000000000000000000,0.00000000000000000000,0.00000000000000000000,0.00000000000000000000,8,12.5
2025-10-01,2026-03-01,5,Active,Restauration,ALL,persona,24,264.23333333300000000000,864.91907999999591293000,113.91999999999999600000,78.57166334575342315890,1321.64407667874933208890,28,85.71
2025-10-01,2026-03-01,5,At-risk,Restauration,ALL,persona,2,0.00000000000000000000,0.00000000000000000000,0.00000000000000000000,0.00000000000000000000,0.00000000000000000000,28,7.14
2025-10-01,2026-03-01,5,Churned proxy,Restauration,ALL,persona,2,0.00000000000000000000,0.00000000000000000000,0.00000000000000000000,0.00000000000000000000,0.00000000000000000000,28,7.14
2025-10-01,2026-03-01,5,Active,Retail,ALL,persona,132,1112.66666666600000000000,3348.35642339998319526900,915.78000000000000000000,1032.14238874849320217590,6408.94547881447639744490,157,84.08
2025-10-01,2026-03-01,5,At-risk,Retail,ALL,persona,11,0.00000000000000000000,0.00000000000000000000,0.00000000000000000000,0.00000000000000000000,0.00000000000000000000,157,7.01
2025-10-01,2026-03-01,5,Churned proxy,Retail,ALL,persona,14,0.00000000000000000000,0.00000000000000000000,0.00000000000000000000,0.00000000000000000000,0.00000000000000000000,157,8.92
2025-10-01,2026-03-01,5,Active,Wholesale,ALL,persona,19,245.00000000000000000000,116.69918399999943480000,118.52000000000000000000,264.68955360109591543283,744.90873760109535023283,23,82.61
2025-10-01,2026-03-01,5,At-risk,Wholesale,ALL,persona,1,0.00000000000000000000,0.00000000000000000000,0.00000000000000000000,0.00000000000000000000,0.00000000000000000000,23,4.35
2025-10-01,2026-03-01,5,Churned proxy,Wholesale,ALL,persona,3,0.00000000000000000000,0.00000000000000000000,0.00000000000000000000,0.00000000000000000000,0.00000000000000000000,23,13.04
2025-10-01,2026-03-01,5,Active,Automobile_Trade_Repair,business,persona_x_initial_plan,5,320.00000000000000000000,145.24185419999928180400,0.10000000000000000000,24.88067406082192462207,490.22252826082120642607,5,100.0
2025-10-01,2026-03-01,5,Active,Automobile_Trade_Repair,free,persona_x_initial_plan,13,0.00000000000000000000,83.55632399999961268400,189.60000000000000000000,67.46267595561641897650,340.61899995561603166050,15,86.67
2025-10-01,2026-03-01,5,At-risk,Automobile_Trade_Repair,free,persona_x_initial_plan,1,0.00000000000000000000,0.00000000000000000000,0.00000000000000000000,0.00000000000000000000,0.00000000000000000000,15,6.67
2025-10-01,2026-03-01,5,Churned proxy,Automobile_Trade_Repair,free,persona_x_initial_plan,1,0.00000000000000000000,0.00000000000000000000,0.00000000000000000000,0.00000000000000000000,0.00000000000000000000,15,6.67
2025-10-01,2026-03-01,5,Active,Automobile_Trade_Repair,plus,persona_x_initial_plan,10,220.00000000000000000000,803.12137199999598350000,670.38000000000000000000,146.63167626191781723600,1840.13304826191380073600,11,90.91
2025-10-01,2026-03-01,5,Churned proxy,Automobile_Trade_Repair,plus,persona_x_initial_plan,1,0.00000000000000000000,0.00000000000000000000,0.00000000000000000000,0.00000000000000000000,0.00000000000000000000,11,9.09
2025-10-01,2026-03-01,5,Active,Automobile_Trade_Repair,start,persona_x_initial_plan,16,208.43000000000000000000,254.54663999999880306000,14.00000000000000000000,46.34478780712329122370,523.32142780712209428370,22,72.73
2025-10-01,2026-03-01,5,At-risk,Automobile_Trade_Repair,start,persona_x_initial_plan,1,0.00000000000000000000,0.00000000000000000000,0.00000000000000000000,0.00000000000000000000,0.00000000000000000000,22,4.55
2025-10-01,2026-03-01,5,Churned proxy,Automobile_Trade_Repair,start,persona_x_initial_plan,5,0.00000000000000000000,0.00000000000000000000,0.00000000000000000000,0.00000000000000000000,0.00000000000000000000,22,22.73
2025-10-01,2026-03-01,5,Active,BTP,business,persona_x_initial_plan,5,331.00000000000000000000,900.54334439999603900000,0.86000000000000000000,121.27969411342466773510,1353.68303851342070673510,8,62.5
2025-10-01,2026-03-01,5,At-risk,BTP,business,persona_x_initial_plan,1,0.00000000000000000000,0.00000000000000000000,0.00000000000000000000,0.00000000000000000000,0.00000000000000000000,8,12.5
2025-10-01,2026-03-01,5,Churned proxy,BTP,business,persona_x_initial_plan,2,0.00000000000000000000,0.00000000000000000000,0.00000000000000000000,0.00000000000000000000,0.00000000000000000000,8,25.0
2025-10-01,2026-03-01,5,Active,BTP,free,persona_x_initial_plan,68,22.00000000000000000000,282.80185199999864110000,161.40000000000000000000,1557.51488338191794983198,2023.71673538191659093198,73,93.15
2025-10-01,2026-03-01,5,Churned proxy,BTP,free,persona_x_initial_plan,5,0.00000000000000000000,0.00000000000000000000,0.00000000000000000000,0.00000000000000000000,0.00000000000000000000,73,6.85
2025-10-01,2026-03-01,5,Active,BTP,plus,persona_x_initial_plan,51,1191.00000000000000000000,3303.54240299998387850500,140.02000000000000000000,746.74595586849318966920,5381.30835886847706817420,68,75.0
2025-10-01,2026-03-01,5,At-risk,BTP,plus,persona_x_initial_plan,4,0.00000000000000000000,0.00000000000000000000,0.00000000000000000000,0.00000000000000000000,0.00000000000000000000,68,5.88
2025-10-01,2026-03-01,5,Churned proxy,BTP,plus,persona_x_initial_plan,13,0.00000000000000000000,0.00000000000000000000,0.00000000000000000000,0.00000000000000000000,0.00000000000000000000,68,19.12
2025-10-01,2026-03-01,5,Active,BTP,start,persona_x_initial_plan,80,848.30000000000000000000,2038.21476299999022163000,1290.98000000000000000000,1956.75851339616473615262,6134.25327639615495778262,91,87.91
2025-10-01,2026-03-01,5,At-risk,BTP,start,persona_x_initial_plan,2,0.00000000000000000000,0.00000000000000000000,0.00000000000000000000,0.00000000000000000000,0.00000000000000000000,91,2.2
2025-10-01,2026-03-01,5,Churned proxy,BTP,start,persona_x_initial_plan,9,0.00000000000000000000,0.00000000000000000000,0.00000000000000000000,0.00000000000000000000,0.00000000000000000000,91,9.89
2025-10-01,2026-03-01,5,Active,Bankers_Insurance,free,persona_x_initial_plan,8,0.00000000000000000000,3.24215999999998370000,4.00000000000000000000,118.79082571835616172472,126.03298571835614542472,8,100.0
2025-10-01,2026-03-01,5,Active,Bankers_Insurance,start,persona_x_initial_plan,6,78.00000000000000000000,262.27648799999868800000,0.00000000000000000000,54.01214228931507096000,394.28863028931375896000,7,85.71
2025-10-01,2026-03-01,5,Churned proxy,Bankers_Insurance,start,persona_x_initial_plan,1,0.00000000000000000000,0.00000000000000000000,0.00000000000000000000,0.00000000000000000000,0.00000000000000000000,7,14.29
2025-10-01,2026-03-01,5,Active,Bikers_Drivers,business,persona_x_initial_plan,3,185.00000000000000000000,18.60209999999990770000,0.62000000000000000000,3.00362737534246686600,207.22572737534237456600,5,60.0
2025-10-01,2026-03-01,5,At-risk,Bikers_Drivers,business,persona_x_initial_plan,1,0.00000000000000000000,0.00000000000000000000,0.00000000000000000000,0.00000000000000000000,0.00000000000000000000,5,20.0
2025-10-01,2026-03-01,5,Churned proxy,Bikers_Drivers,business,persona_x_initial_plan,1,0.00000000000000000000,0.00000000000000000000,0.00000000000000000000,0.00000000000000000000,0.00000000000000000000,5,20.0
2025-10-01,2026-03-01,5,Active,Bikers_Drivers,free,persona_x_initial_plan,27,8.97000000000000000000,153.25990199999925463000,161.60000000000000000000,211.11234582958903103192,534.94224782958828566192,36,75.0
2025-10-01,2026-03-01,5,At-risk,Bikers_Drivers,free,persona_x_initial_plan,2,0.00000000000000000000,0.00000000000000000000,0.00000000000000000000,0.00000000000000000000,0.00000000000000000000,36,5.56
2025-10-01,2026-03-01,5,Churned proxy,Bikers_Drivers,free,persona_x_initial_plan,6,0.00000000000000000000,0.00000000000000000000,0.00000000000000000000,0.00000000000000000000,0.00000000000000000000,36,16.67
2025-10-01,2026-03-01,5,Never monetized,Bikers_Drivers,free,persona_x_initial_plan,1,0.00000000000000000000,0.00000000000000000000,0.00000000000000000000,0.00000000000000000000,0.00000000000000000000,36,2.78
2025-10-01,2026-03-01,5,Active,Bikers_Drivers,plus,persona_x_initial_plan,17,409.90000000000000000000,415.66059359999803967900,71.48000000000000000000,122.74213972767124098962,1019.78273332766928066862,26,65.38
2025-10-01,2026-03-01,5,At-risk,Bikers_Drivers,plus,persona_x_initial_plan,1,0.00000000000000000000,0.00000000000000000000,0.00000000000000000000,0.00000000000000000000,0.00000000000000000000,26,3.85
2025-10-01,2026-03-01,5,Churned proxy,Bikers_Drivers,plus,persona_x_initial_plan,8,0.00000000000000000000,0.00000000000000000000,0.00000000000000000000,0.00000000000000000000,0.00000000000000000000,26,30.77
2025-10-01,2026-03-01,5,Active,Bikers_Drivers,start,persona_x_initial_plan,24,243.00000000000000000000,380.17376999999820750000,79.52000000000000000000,75.34006710958904874373,778.03383710958725624373,33,72.73
2025-10-01,2026-03-01,5,At-risk,Bikers_Drivers,start,persona_x_initial_plan,3,0.00000000000000000000,0.00000000000000000000,0.00000000000000000000,0.00000000000000000000,0.00000000000000000000,33,9.09
2025-10-01,2026-03-01,5,Churned proxy,Bikers_Drivers,start,persona_x_initial_plan,6,0.00000000000000000000,0.00000000000000000000,0.00000000000000000000,0.00000000000000000000,0.00000000000000000000,33,18.18
2025-10-01,2026-03-01,5,Active,Cleaning_CallCenters,free,persona_x_initial_plan,4,0.00000000000000000000,14.43596399999992910000,4.16000000000000000000,12.97918105534246392000,31.57514505534239302000,4,100.0
2025-10-01,2026-03-01,5,Active,Cleaning_CallCenters,start,persona_x_initial_plan,2,22.00000000000000000000,0.22503599999999888000,0.00000000000000000000,1.87591444493150730000,24.10095044493150618000,2,100.0
2025-10-01,2026-03-01,5,Active,Consultant,business,persona_x_initial_plan,1,80.00000000000000000000,54.68511599999972400000,0.00000000000000000000,6.78172638794520570000,141.46684238794492970000,2,50.0
2025-10-01,2026-03-01,5,Churned proxy,Consultant,business,persona_x_initial_plan,1,0.00000000000000000000,0.00000000000000000000,0.00000000000000000000,0.00000000000000000000,0.00000000000000000000,2,50.0
2025-10-01,2026-03-01,5,Active,Consultant,free,persona_x_initial_plan,72,42.00000000000000000000,1078.53593399999467600000,117.12000000000000000000,1665.89456748273967207417,2903.55050148273434807417,80,90.0
2025-10-01,2026-03-01,5,At-risk,Consultant,free,persona_x_initial_plan,2,0.00000000000000000000,0.00000000000000000000,0.00000000000000000000,0.00000000000000000000,0.00000000000000000000,80,2.5
2025-10-01,2026-03-01,5,Churned proxy,Consultant,free,persona_x_initial_plan,6,0.00000000000000000000,0.00000000000000000000,0.00000000000000000000,0.00000000000000000000,0.00000000000000000000,80,7.5
2025-10-01,2026-03-01,5,Active,Consultant,plus,persona_x_initial_plan,12,329.80000000000000000000,951.53237819999564810000,2.82000000000000000000,350.61878499835618920600,1634.77116319835183730600,15,80.0
2025-10-01,2026-03-01,5,Churned proxy,Consultant,plus,persona_x_initial_plan,3,0.00000000000000000000,0.00000000000000000000,0.00000000000000000000,0.00000000000000000000,0.00000000000000000000,15,20.0
2025-10-01,2026-03-01,5,Active,Consultant,start,persona_x_initial_plan,100,961.70000000000000000000,936.84894839999548708000,77.26000000000000000000,3711.32816441479534043789,5687.13711281479082751789,105,95.24
2025-10-01,2026-03-01,5,At-risk,Consultant,start,persona_x_initial_plan,1,0.00000000000000000000,0.00000000000000000000,0.00000000000000000000,0.00000000000000000000,0.00000000000000000000,105,0.95
2025-10-01,2026-03-01,5,Churned proxy,Consultant,start,persona_x_initial_plan,4,0.00000000000000000000,0.00000000000000000000,0.00000000000000000000,0.00000000000000000000,0.00000000000000000000,105,3.81
2025-10-01,2026-03-01,5,Active,Developer_IT,free,persona_x_initial_plan,24,22.00000000000000000000,227.66932259999889410000,38.34000000000000200000,500.28256376164381855870,788.29188636164271465870,35,68.57
2025-10-01,2026-03-01,5,At-risk,Developer_IT,free,persona_x_initial_plan,3,0.00000000000000000000,0.00000000000000000000,0.00000000000000000000,0.00000000000000000000,0.00000000000000000000,35,8.57
2025-10-01,2026-03-01,5,Churned proxy,Developer_IT,free,persona_x_initial_plan,8,0.00000000000000000000,0.00000000000000000000,0.00000000000000000000,0.00000000000000000000,0.00000000000000000000,35,22.86
2025-10-01,2026-03-01,5,Active,Developer_IT,plus,persona_x_initial_plan,11,253.33333333300000000000,171.18422099999914420000,3.50000000000000000000,370.10088555397259364000,798.11843988697173784000,13,84.62
2025-10-01,2026-03-01,5,Churned proxy,Developer_IT,plus,persona_x_initial_plan,2,0.00000000000000000000,0.00000000000000000000,0.00000000000000000000,0.00000000000000000000,0.00000000000000000000,13,15.38
2025-10-01,2026-03-01,5,Active,Developer_IT,start,persona_x_initial_plan,39,375.00000000000000000000,319.84422119999844705000,163.52000000000000000000,868.24281717041105418930,1726.60703837040950123930,43,90.7
2025-10-01,2026-03-01,5,At-risk,Developer_IT,start,persona_x_initial_plan,2,0.00000000000000000000,0.00000000000000000000,0.00000000000000000000,0.00000000000000000000,0.00000000000000000000,43,4.65
2025-10-01,2026-03-01,5,Churned proxy,Developer_IT,start,persona_x_initial_plan,1,0.00000000000000000000,0.00000000000000000000,0.00000000000000000000,0.00000000000000000000,0.00000000000000000000,43,2.33
2025-10-01,2026-03-01,5,Never monetized,Developer_IT,start,persona_x_initial_plan,1,0.00000000000000000000,0.00000000000000000000,0.00000000000000000000,0.00000000000000000000,0.00000000000000000000,43,2.33
2025-10-01,2026-03-01,5,Active,Media_Publishing,free,persona_x_initial_plan,14,0.00000000000000000000,206.49454199999896621000,47.18000000000000000000,20.64811237150685196372,274.32265437150581817372,15,93.33
2025-10-01,2026-03-01,5,At-risk,Media_Publishing,free,persona_x_initial_plan,1,0.00000000000000000000,0.00000000000000000000,0.00000000000000000000,0.00000000000000000000,0.00000000000000000000,15,6.67
2025-10-01,2026-03-01,5,Active,Media_Publishing,plus,persona_x_initial_plan,1,25.00000000000000000000,124.37035199999936000000,0.00000000000000000000,57.61602735890412000000,206.98637935890348000000,1,100.0
2025-10-01,2026-03-01,5,Active,Media_Publishing,start,persona_x_initial_plan,17,165.00000000000000000000,411.14757239999782460000,7.36000000000000000000,453.70786308438353947860,1037.21543548438136407860,18,94.44
2025-10-01,2026-03-01,5,At-risk,Media_Publishing,start,persona_x_initial_plan,1,0.00000000000000000000,0.00000000000000000000,0.00000000000000000000,0.00000000000000000000,0.00000000000000000000,18,5.56
2025-10-01,2026-03-01,5,Active,Medical_Professionals,free,persona_x_initial_plan,5,0.00000000000000000000,67.86071999999966957000,34.32000000000000000000,302.97861923013702847120,405.15933923013669804120,5,100.0
2025-10-01,2026-03-01,5,Active,Medical_Professionals,plus,persona_x_initial_plan,1,25.00000000000000000000,6.26266799999997130000,0.00000000000000000000,34.15429537424657300000,65.41696337424654430000,1,100.0
2025-10-01,2026-03-01,5,Active,Medical_Professionals,start,persona_x_initial_plan,8,88.00000000000000000000,57.97376999999972230000,10.28000000000000000000,115.10275690684932349300,271.35652690684904579300,8,100.0
2025-10-01,2026-03-01,5,Active,Others,business,persona_x_initial_plan,4,320.00000000000000000000,186.19775999999908600000,14.29999999999999910000,18.43015072712328989000,538.92791072712237499000,6,66.67
2025-10-01,2026-03-01,5,At-risk,Others,business,persona_x_initial_plan,1,0.00000000000000000000,0.00000000000000000000,0.00000000000000000000,0.00000000000000000000,0.00000000000000000000,6,16.67
2025-10-01,2026-03-01,5,Churned proxy,Others,business,persona_x_initial_plan,1,0.00000000000000000000,0.00000000000000000000,0.00000000000000000000,0.00000000000000000000,0.00000000000000000000,6,16.67
2025-10-01,2026-03-01,5,Active,Others,free,persona_x_initial_plan,56,47.00000000000000000000,934.93803599999523202000,184.28000000000000000000,386.50153739342468499630,1552.71957339341991701630,59,94.92
2025-10-01,2026-03-01,5,At-risk,Others,free,persona_x_initial_plan,2,0.00000000000000000000,0.00000000000000000000,0.00000000000000000000,0.00000000000000000000,0.00000000000000000000,59,3.39
2025-10-01,2026-03-01,5,Churned proxy,Others,free,persona_x_initial_plan,1,0.00000000000000000000,0.00000000000000000000,0.00000000000000000000,0.00000000000000000000,0.00000000000000000000,59,1.69
2025-10-01,2026-03-01,5,Active,Others,plus,persona_x_initial_plan,24,525.90000000000000000000,607.19825699999713940700,46.62000000000000000000,63.53749561041095955358,1243.25575261040809896058,34,70.59
2025-10-01,2026-03-01,5,At-risk,Others,plus,persona_x_initial_plan,4,0.00000000000000000000,0.00000000000000000000,0.00000000000000000000,0.00000000000000000000,0.00000000000000000000,34,11.76
2025-10-01,2026-03-01,5,Churned proxy,Others,plus,persona_x_initial_plan,6,0.00000000000000000000,0.00000000000000000000,0.00000000000000000000,0.00000000000000000000,0.00000000000000000000,34,17.65
2025-10-01,2026-03-01,5,Active,Others,start,persona_x_initial_plan,81,839.00000000000000000000,921.29711399999550726000,671.26000000000000000000,654.31336068109600092650,3085.87047468109150818650,92,88.04
2025-10-01,2026-03-01,5,At-risk,Others,start,persona_x_initial_plan,3,0.00000000000000000000,0.00000000000000000000,0.00000000000000000000,0.00000000000000000000,0.00000000000000000000,92,3.26
2025-10-01,2026-03-01,5,Churned proxy,Others,start,persona_x_initial_plan,8,0.00000000000000000000,0.00000000000000000000,0.00000000000000000000,0.00000000000000000000,0.00000000000000000000,92,8.7
2025-10-01,2026-03-01,5,Active,Professeur,free,persona_x_initial_plan,10,70.00000000000000000000,59.51656799999971100000,31.70000000000000000000,29.99267326684931881300,191.20924126684902981300,12,83.33
2025-10-01,2026-03-01,5,At-risk,Professeur,free,persona_x_initial_plan,1,0.00000000000000000000,0.00000000000000000000,0.00000000000000000000,0.00000000000000000000,0.00000000000000000000,12,8.33
2025-10-01,2026-03-01,5,Churned proxy,Professeur,free,persona_x_initial_plan,1,0.00000000000000000000,0.00000000000000000000,0.00000000000000000000,0.00000000000000000000,0.00000000000000000000,12,8.33
2025-10-01,2026-03-01,5,Active,Professeur,plus,persona_x_initial_plan,1,25.00000000000000000000,12.75659999999993800000,0.00000000000000000000,428.91984654630147000000,466.67644654630140800000,1,100.0
2025-10-01,2026-03-01,5,Active,Professeur,start,persona_x_initial_plan,19,196.00000000000000000000,387.66261599999808478000,42.74000000000000000000,200.16736045315068081000,826.56997645314876559000,21,90.48
2025-10-01,2026-03-01,5,Churned proxy,Professeur,start,persona_x_initial_plan,2,0.00000000000000000000,0.00000000000000000000,0.00000000000000000000,0.00000000000000000000,0.00000000000000000000,21,9.52
2025-10-01,2026-03-01,5,Active,Repair,free,persona_x_initial_plan,2,0.00000000000000000000,0.00000000000000000000,0.00000000000000000000,0.26708524986301373100,0.26708524986301373100,3,66.67
2025-10-01,2026-03-01,5,Churned proxy,Repair,free,persona_x_initial_plan,1,0.00000000000000000000,0.00000000000000000000,0.00000000000000000000,0.00000000000000000000,0.00000000000000000000,3,33.33
2025-10-01,2026-03-01,5,Active,Repair,plus,persona_x_initial_plan,1,11.00000000000000000000,34.99043399999981600000,0.00000000000000000000,0.47547150575342462000,46.46590550575324062000,1,100.0
2025-10-01,2026-03-01,5,Active,Repair,start,persona_x_initial_plan,4,44.00000000000000000000,18.64589399999991130000,0.76000000000000000000,11.31798153041095978000,74.72387553041087108000,4,100.0
2025-10-01,2026-03-01,5,Active,Restauration,free,persona_x_initial_plan,8,11.00000000000000000000,56.67298199999972526000,58.91999999999999600000,6.63911457424657530510,133.23209657424629656510,9,88.89
2025-10-01,2026-03-01,5,Churned proxy,Restauration,free,persona_x_initial_plan,1,0.00000000000000000000,0.00000000000000000000,0.00000000000000000000,0.00000000000000000000,0.00000000000000000000,9,11.11
2025-10-01,2026-03-01,5,Active,Restauration,plus,persona_x_initial_plan,10,189.23333333300000000000,715.77682199999662537000,55.00000000000000000000,62.33558552438355989080,1022.34574085738018526080,12,83.33
2025-10-01,2026-03-01,5,At-risk,Restauration,plus,persona_x_initial_plan,1,0.00000000000000000000,0.00000000000000000000,0.00000000000000000000,0.00000000000000000000,0.00000000000000000000,12,8.33
2025-10-01,2026-03-01,5,Churned proxy,Restauration,plus,persona_x_initial_plan,1,0.00000000000000000000,0.00000000000000000000,0.00000000000000000000,0.00000000000000000000,0.00000000000000000000,12,8.33
2025-10-01,2026-03-01,5,Active,Restauration,start,persona_x_initial_plan,6,64.00000000000000000000,92.46927599999956230000,0.00000000000000000000,9.59696324712328796300,166.06623924712285026300,7,85.71
2025-10-01,2026-03-01,5,At-risk,Restauration,start,persona_x_initial_plan,1,0.00000000000000000000,0.00000000000000000000,0.00000000000000000000,0.00000000000000000000,0.00000000000000000000,7,14.29
2025-10-01,2026-03-01,5,Churned proxy,Retail,business,persona_x_initial_plan,1,0.00000000000000000000,0.00000000000000000000,0.00000000000000000000,0.00000000000000000000,0.00000000000000000000,1,100.0
2025-10-01,2026-03-01,5,Active,Retail,free,persona_x_initial_plan,42,31.00000000000000000000,507.13495199999755478000,191.80000000000000000000,248.09456032876714490870,978.02951232876469968870,49,85.71
2025-10-01,2026-03-01,5,At-risk,Retail,free,persona_x_initial_plan,3,0.00000000000000000000,0.00000000000000000000,0.00000000000000000000,0.00000000000000000000,0.00000000000000000000,49,6.12
2025-10-01,2026-03-01,5,Churned proxy,Retail,free,persona_x_initial_plan,4,0.00000000000000000000,0.00000000000000000000,0.00000000000000000000,0.00000000000000000000,0.00000000000000000000,49,8.16
2025-10-01,2026-03-01,5,Active,Retail,plus,persona_x_initial_plan,19,323.33333333300000000000,1688.54421599999130313500,95.52000000000000000000,423.62036286136989587340,2531.01791219436119900840,25,76.0
2025-10-01,2026-03-01,5,At-risk,Retail,plus,persona_x_initial_plan,2,0.00000000000000000000,0.00000000000000000000,0.00000000000000000000,0.00000000000000000000,0.00000000000000000000,25,8.0
2025-10-01,2026-03-01,5,Churned proxy,Retail,plus,persona_x_initial_plan,4,0.00000000000000000000,0.00000000000000000000,0.00000000000000000000,0.00000000000000000000,0.00000000000000000000,25,16.0
2025-10-01,2026-03-01,5,Active,Retail,start,persona_x_initial_plan,71,758.33333333300000000000,1152.67725539999433735400,628.46000000000000000000,360.42746555835616139380,2899.89805429135049874780,82,86.59
2025-10-01,2026-03-01,5,At-risk,Retail,start,persona_x_initial_plan,6,0.00000000000000000000,0.00000000000000000000,0.00000000000000000000,0.00000000000000000000,0.00000000000000000000,82,7.32
2025-10-01,2026-03-01,5,Churned proxy,Retail,start,persona_x_initial_plan,5,0.00000000000000000000,0.00000000000000000000,0.00000000000000000000,0.00000000000000000000,0.00000000000000000000,82,6.1
2025-10-01,2026-03-01,5,Active,Wholesale,business,persona_x_initial_plan,1,80.00000000000000000000,0.00000000000000000000,0.00000000000000000000,2.71450922027397250000,82.71450922027397250000,1,100.0
2025-10-01,2026-03-01,5,Active,Wholesale,free,persona_x_initial_plan,4,0.00000000000000000000,0.00000000000000000000,17.60000000000000000000,67.92863196986302305900,85.52863196986302305900,6,66.67
2025-10-01,2026-03-01,5,At-risk,Wholesale,free,persona_x_initial_plan,1,0.00000000000000000000,0.00000000000000000000,0.00000000000000000000,0.00000000000000000000,0.00000000000000000000,6,16.67
2025-10-01,2026-03-01,5,Churned proxy,Wholesale,free,persona_x_initial_plan,1,0.00000000000000000000,0.00000000000000000000,0.00000000000000000000,0.00000000000000000000,0.00000000000000000000,6,16.67
2025-10-01,2026-03-01,5,Active,Wholesale,plus,persona_x_initial_plan,2,50.00000000000000000000,0.00000000000000000000,0.00000000000000000000,0.00355759780821917813,50.00355759780821917813,3,66.67
2025-10-01,2026-03-01,5,Churned proxy,Wholesale,plus,persona_x_initial_plan,1,0.00000000000000000000,0.00000000000000000000,0.00000000000000000000,0.00000000000000000000,0.00000000000000000000,3,33.33
2025-10-01,2026-03-01,5,Active,Wholesale,start,persona_x_initial_plan,12,115.00000000000000000000,116.69918399999943480000,100.92000000000000000000,194.04285481315070069570,526.66203881315013549570,13,92.31
2025-10-01,2026-03-01,5,Churned proxy,Wholesale,start,persona_x_initial_plan,1,0.00000000000000000000,0.00000000000000000000,0.00000000000000000000,0.00000000000000000000,0.00000000000000000000,13,7.69
2025-10-01,2026-04-01,6,Active,ALL,business,initial_plan,17,1156.00000000000000000000,1844.99922959998969018300,14.47999999999999860000,128.43935688054795296023,3143.91858648053764174323,28,60.71
2025-10-01,2026-04-01,6,At-risk,ALL,business,initial_plan,2,0.00000000000000000000,0.00000000000000000000,0.00000000000000000000,0.00000000000000000000,0.00000000000000000000,28,7.14
2025-10-01,2026-04-01,6,Churned proxy,ALL,business,initial_plan,9,0.00000000000000000000,0.00000000000000000000,0.00000000000000000000,0.00000000000000000000,0.00000000000000000000,28,32.14
2025-10-01,2026-04-01,6,Active,ALL,free,initial_plan,346,265.81000000000000000000,3225.43603079998253616700,966.96000000000000000000,5403.80123961095891002822,9862.00727041094144619522,409,84.6
2025-10-01,2026-04-01,6,At-risk,ALL,free,initial_plan,17,0.00000000000000000000,0.00000000000000000000,0.00000000000000000000,0.00000000000000000000,0.00000000000000000000,409,4.16
2025-10-01,2026-04-01,6,Churned proxy,ALL,free,initial_plan,45,0.00000000000000000000,0.00000000000000000000,0.00000000000000000000,0.00000000000000000000,0.00000000000000000000,409,11.0
2025-10-01,2026-04-01,6,Never monetized,ALL,free,initial_plan,1,0.00000000000000000000,0.00000000000000000000,0.00000000000000000000,0.00000000000000000000,0.00000000000000000000,409,0.24
2025-10-01,2026-04-01,6,Active,ALL,plus,initial_plan,158,3582.95624999900000000000,8405.69976719995427498700,986.26000000000000070000,2467.55683385315092763130,15442.47285105210520331830,211,74.88
2025-10-01,2026-04-01,6,At-risk,ALL,plus,initial_plan,11,0.00000000000000000000,0.00000000000000000000,0.00000000000000000000,0.00000000000000000000,0.00000000000000000000,211,5.21
2025-10-01,2026-04-01,6,Churned proxy,ALL,plus,initial_plan,42,0.00000000000000000000,0.00000000000000000000,0.00000000000000000000,0.00000000000000000000,0.00000000000000000000,211,19.91
2025-10-01,2026-04-01,6,Active,ALL,start,initial_plan,479,5166.61630376279132900000,7889.68424159995742907600,737.14000000000002000000,8531.12797839999981313409,22324.56852376274859121009,548,87.41
2025-10-01,2026-04-01,6,At-risk,ALL,start,initial_plan,16,0.00000000000000000000,0.00000000000000000000,0.00000000000000000000,0.00000000000000000000,0.00000000000000000000,548,2.92
2025-10-01,2026-04-01,6,Churned proxy,ALL,start,initial_plan,52,0.00000000000000000000,0.00000000000000000000,0.00000000000000000000,0.00000000000000000000,0.00000000000000000000,548,9.49
2025-10-01,2026-04-01,6,Never monetized,ALL,start,initial_plan,1,0.00000000000000000000,0.00000000000000000000,0.00000000000000000000,0.00000000000000000000,0.00000000000000000000,548,0.18
2025-10-01,2026-04-01,6,Active,ALL,ALL,overall,1000,10171.38255376179132900000,21365.81926919988393041300,2704.84000000000001930000,16530.92540874465760375384,50772.96723170633288246684,1196,83.61
2025-10-01,2026-04-01,6,At-risk,ALL,ALL,overall,46,0.00000000000000000000,0.00000000000000000000,0.00000000000000000000,0.00000000000000000000,0.00000000000000000000,1196,3.85
2025-10-01,2026-04-01,6,Churned proxy,ALL,ALL,overall,148,0.00000000000000000000,0.00000000000000000000,0.00000000000000000000,0.00000000000000000000,0.00000000000000000000,1196,12.37
2025-10-01,2026-04-01,6,Never monetized,ALL,ALL,overall,2,0.00000000000000000000,0.00000000000000000000,0.00000000000000000000,0.00000000000000000000,0.00000000000000000000,1196,0.17
2025-10-01,2026-04-01,6,Active,Automobile_Trade_Repair,ALL,persona,44,763.00000000000000000000,1128.08827619999388634300,317.22000000000000000000,223.10252094136987056013,2431.41079714136375690313,53,83.02
2025-10-01,2026-04-01,6,At-risk,Automobile_Trade_Repair,ALL,persona,1,0.00000000000000000000,0.00000000000000000000,0.00000000000000000000,0.00000000000000000000,0.00000000000000000000,53,1.89
2025-10-01,2026-04-01,6,Churned proxy,Automobile_Trade_Repair,ALL,persona,8,0.00000000000000000000,0.00000000000000000000,0.00000000000000000000,0.00000000000000000000,0.00000000000000000000,53,15.09
2025-10-01,2026-04-01,6,Active,BTP,ALL,persona,203,2348.81999999999999700000,7116.71299199996150314000,547.52000000000002000000,4117.09384448383571335465,14130.14683648379723349465,240,84.58
2025-10-01,2026-04-01,6,At-risk,BTP,ALL,persona,3,0.00000000000000000000,0.00000000000000000000,0.00000000000000000000,0.00000000000000000000,0.00000000000000000000,240,1.25
2025-10-01,2026-04-01,6,Churned proxy,BTP,ALL,persona,34,0.00000000000000000000,0.00000000000000000000,0.00000000000000000000,0.00000000000000000000,0.00000000000000000000,240,14.17
2025-10-01,2026-04-01,6,Active,Bankers_Insurance,ALL,persona,14,80.06250000000000000000,120.19238999999934299000,4.00000000000000000000,129.67154543287673079700,333.92643543287607378700,15,93.33
2025-10-01,2026-04-01,6,Churned proxy,Bankers_Insurance,ALL,persona,1,0.00000000000000000000,0.00000000000000000000,0.00000000000000000000,0.00000000000000000000,0.00000000000000000000,15,6.67
2025-10-01,2026-04-01,6,Active,Bikers_Drivers,ALL,persona,68,903.54625000000000000000,1901.78770319998952601300,251.70000000000000070000,389.22094643013698466342,3446.25489963012651137642,100,68.0
2025-10-01,2026-04-01,6,At-risk,Bikers_Drivers,ALL,persona,5,0.00000000000000000000,0.00000000000000000000,0.00000000000000000000,0.00000000000000000000,0.00000000000000000000,100,5.0
2025-10-01,2026-04-01,6,Churned proxy,Bikers_Drivers,ALL,persona,26,0.00000000000000000000,0.00000000000000000000,0.00000000000000000000,0.00000000000000000000,0.00000000000000000000,100,26.0
2025-10-01,2026-04-01,6,Never monetized,Bikers_Drivers,ALL,persona,1,0.00000000000000000000,0.00000000000000000000,0.00000000000000000000,0.00000000000000000000,0.00000000000000000000,100,1.0
2025-10-01,2026-04-01,6,Active,Cleaning_CallCenters,ALL,persona,6,11.00000000000000000000,10.19393999999994346000,4.00000000000000000000,30.57164626246575596000,55.76558626246569942000,6,100.0
2025-10-01,2026-04-01,6,Active,Consultant,ALL,persona,182,1454.41516129032258000000,3042.57807719998334190700,235.88000000000000000000,5727.03317125479436697223,10459.90640974510028887923,202,90.1
2025-10-01,2026-04-01,6,At-risk,Consultant,ALL,persona,4,0.00000000000000000000,0.00000000000000000000,0.00000000000000000000,0.00000000000000000000,0.00000000000000000000,202,1.98
2025-10-01,2026-04-01,6,Churned proxy,Consultant,ALL,persona,16,0.00000000000000000000,0.00000000000000000000,0.00000000000000000000,0.00000000000000000000,0.00000000000000000000,202,7.92
2025-10-01,2026-04-01,6,Active,Developer_IT,ALL,persona,73,651.48958333300000000000,949.25619719999485665000,56.18000000000000000000,1769.69508011397264562127,3426.62086064696750227127,91,80.22
2025-10-01,2026-04-01,6,At-risk,Developer_IT,ALL,persona,3,0.00000000000000000000,0.00000000000000000000,0.00000000000000000000,0.00000000000000000000,0.00000000000000000000,91,3.3
2025-10-01,2026-04-01,6,Churned proxy,Developer_IT,ALL,persona,14,0.00000000000000000000,0.00000000000000000000,0.00000000000000000000,0.00000000000000000000,0.00000000000000000000,91,15.38
2025-10-01,2026-04-01,6,Never monetized,Developer_IT,ALL,persona,1,0.00000000000000000000,0.00000000000000000000,0.00000000000000000000,0.00000000000000000000,0.00000000000000000000,91,1.1
2025-10-01,2026-04-01,6,Active,Media_Publishing,ALL,persona,30,197.90625000000000000000,381.24793799999793019000,40.92000000000000000000,497.01689148767123513332,1117.09107948766916532332,34,88.24
2025-10-01,2026-04-01,6,At-risk,Media_Publishing,ALL,persona,3,0.00000000000000000000,0.00000000000000000000,0.00000000000000000000,0.00000000000000000000,0.00000000000000000000,34,8.82
2025-10-01,2026-04-01,6,Churned proxy,Media_Publishing,ALL,persona,1,0.00000000000000000000,0.00000000000000000000,0.00000000000000000000,0.00000000000000000000,0.00000000000000000000,34,2.94
2025-10-01,2026-04-01,6,Active,Medical_Professionals,ALL,persona,13,113.00000000000000000000,233.47034999999872380000,10.40000000000000000000,482.35709606356162225400,839.22744606356034605400,14,92.86
2025-10-01,2026-04-01,6,At-risk,Medical_Professionals,ALL,persona,1,0.00000000000000000000,0.00000000000000000000,0.00000000000000000000,0.00000000000000000000,0.00000000000000000000,14,7.14
2025-10-01,2026-04-01,6,Active,Others,ALL,persona,157,1621.87500000000000000000,2373.48687599998720810300,491.73999999999999860000,1270.03192526465756071147,5757.13380126464476741447,191,82.2
2025-10-01,2026-04-01,6,At-risk,Others,ALL,persona,14,0.00000000000000000000,0.00000000000000000000,0.00000000000000000000,0.00000000000000000000,0.00000000000000000000,191,7.33
2025-10-01,2026-04-01,6,Churned proxy,Others,ALL,persona,20,0.00000000000000000000,0.00000000000000000000,0.00000000000000000000,0.00000000000000000000,0.00000000000000000000,191,10.47
2025-10-01,2026-04-01,6,Active,Professeur,ALL,persona,30,300.62500000000000000000,328.24493999999821340000,42.72000000000000000000,704.46889585753435828400,1376.05883585753257168400,34,88.24
2025-10-01,2026-04-01,6,Churned proxy,Professeur,ALL,persona,4,0.00000000000000000000,0.00000000000000000000,0.00000000000000000000,0.00000000000000000000,0.00000000000000000000,34,11.76
2025-10-01,2026-04-01,6,Active,Repair,ALL,persona,7,47.78125000000000000000,66.00373199999964271000,9.30000000000000000000,6.43768997698630313000,129.52267197698594584000,8,87.5
2025-10-01,2026-04-01,6,Churned proxy,Repair,ALL,persona,1,0.00000000000000000000,0.00000000000000000000,0.00000000000000000000,0.00000000000000000000,0.00000000000000000000,8,12.5
2025-10-01,2026-04-01,6,Active,Restauration,ALL,persona,25,303.23333333300000000000,521.55367199999715913700,472.40000000000000000000,91.00865155671231878630,1388.19565688970947792330,28,89.29
2025-10-01,2026-04-01,6,At-risk,Restauration,ALL,persona,2,0.00000000000000000000,0.00000000000000000000,0.00000000000000000000,0.00000000000000000000,0.00000000000000000000,28,7.14
2025-10-01,2026-04-01,6,Churned proxy,Restauration,ALL,persona,1,0.00000000000000000000,0.00000000000000000000,0.00000000000000000000,0.00000000000000000000,0.00000000000000000000,28,3.57
2025-10-01,2026-04-01,6,Active,Retail,ALL,persona,131,1129.62822580546875200000,2718.55993139998522787000,220.86000000000000000000,906.08504796328764409826,4975.13320516874162396826,157,83.44
2025-10-01,2026-04-01,6,At-risk,Retail,ALL,persona,8,0.00000000000000000000,0.00000000000000000000,0.00000000000000000000,0.00000000000000000000,0.00000000000000000000,157,5.1
2025-10-01,2026-04-01,6,Churned proxy,Retail,ALL,persona,18,0.00000000000000000000,0.00000000000000000000,0.00000000000000000000,0.00000000000000000000,0.00000000000000000000,157,11.46
2025-10-01,2026-04-01,6,Active,Wholesale,ALL,persona,17,245.00000000000000000000,474.44225399999742470000,0.00000000000000000000,187.13045565479449342779,906.57270965479191812779,23,73.91
2025-10-01,2026-04-01,6,At-risk,Wholesale,ALL,persona,2,0.00000000000000000000,0.00000000000000000000,0.00000000000000000000,0.00000000000000000000,0.00000000000000000000,23,8.7
2025-10-01,2026-04-01,6,Churned proxy,Wholesale,ALL,persona,4,0.00000000000000000000,0.00000000000000000000,0.00000000000000000000,0.00000000000000000000,0.00000000000000000000,23,17.39
2025-10-01,2026-04-01,6,Active,Automobile_Trade_Repair,business,persona_x_initial_plan,5,320.00000000000000000000,133.15507199999929078300,0.00000000000000000000,22.93533469698630291973,476.09040669698559370273,5,100.0
2025-10-01,2026-04-01,6,Active,Automobile_Trade_Repair,free,persona_x_initial_plan,13,0.00000000000000000000,76.27741199999958256000,10.40000000000000000000,64.50000744328765776650,151.17741944328724032650,15,86.67
2025-10-01,2026-04-01,6,Churned proxy,Automobile_Trade_Repair,free,persona_x_initial_plan,2,0.00000000000000000000,0.00000000000000000000,0.00000000000000000000,0.00000000000000000000,0.00000000000000000000,15,13.33
2025-10-01,2026-04-01,6,Active,Automobile_Trade_Repair,plus,persona_x_initial_plan,10,220.00000000000000000000,741.54977819999598350000,281.60000000000000000000,101.05401189369864376070,1344.20379009369462726070,11,90.91
2025-10-01,2026-04-01,6,Churned proxy,Automobile_Trade_Repair,plus,persona_x_initial_plan,1,0.00000000000000000000,0.00000000000000000000,0.00000000000000000000,0.00000000000000000000,0.00000000000000000000,11,9.09
2025-10-01,2026-04-01,6,Active,Automobile_Trade_Repair,start,persona_x_initial_plan,16,223.00000000000000000000,177.10601399999902950000,25.22000000000000000000,34.61316690739726611320,459.93918090739629561320,22,72.73
2025-10-01,2026-04-01,6,At-risk,Automobile_Trade_Repair,start,persona_x_initial_plan,1,0.00000000000000000000,0.00000000000000000000,0.00000000000000000000,0.00000000000000000000,0.00000000000000000000,22,4.55
2025-10-01,2026-04-01,6,Churned proxy,Automobile_Trade_Repair,start,persona_x_initial_plan,5,0.00000000000000000000,0.00000000000000000000,0.00000000000000000000,0.00000000000000000000,0.00000000000000000000,22,22.73
2025-10-01,2026-04-01,6,Active,BTP,business,persona_x_initial_plan,4,251.00000000000000000000,871.08478199999513000000,0.00000000000000000000,67.85873407561644432830,1189.94351607561157432830,8,50.0
2025-10-01,2026-04-01,6,At-risk,BTP,business,persona_x_initial_plan,1,0.00000000000000000000,0.00000000000000000000,0.00000000000000000000,0.00000000000000000000,0.00000000000000000000,8,12.5
2025-10-01,2026-04-01,6,Churned proxy,BTP,business,persona_x_initial_plan,3,0.00000000000000000000,0.00000000000000000000,0.00000000000000000000,0.00000000000000000000,0.00000000000000000000,8,37.5
2025-10-01,2026-04-01,6,Active,BTP,free,persona_x_initial_plan,68,35.45000000000000000000,714.07020599999609515000,105.20000000000000000000,1743.66326454520551339760,2598.38347054520160854760,73,93.15
2025-10-01,2026-04-01,6,Churned proxy,BTP,free,persona_x_initial_plan,5,0.00000000000000000000,0.00000000000000000000,0.00000000000000000000,0.00000000000000000000,0.00000000000000000000,73,6.85
2025-10-01,2026-04-01,6,Active,BTP,plus,persona_x_initial_plan,51,1191.00000000000000000000,3191.25781799998294600000,126.56000000000000000000,505.27248523068496396460,5014.09030323066790996460,68,75.0
2025-10-01,2026-04-01,6,At-risk,BTP,plus,persona_x_initial_plan,2,0.00000000000000000000,0.00000000000000000000,0.00000000000000000000,0.00000000000000000000,0.00000000000000000000,68,2.94
2025-10-01,2026-04-01,6,Churned proxy,BTP,plus,persona_x_initial_plan,15,0.00000000000000000000,0.00000000000000000000,0.00000000000000000000,0.00000000000000000000,0.00000000000000000000,68,22.06
2025-10-01,2026-04-01,6,Active,BTP,start,persona_x_initial_plan,80,871.36999999999999700000,2340.30018599998733199000,315.76000000000002000000,1800.29936063232879166415,5327.72954663231614065415,91,87.91
2025-10-01,2026-04-01,6,Churned proxy,BTP,start,persona_x_initial_plan,11,0.00000000000000000000,0.00000000000000000000,0.00000000000000000000,0.00000000000000000000,0.00000000000000000000,91,12.09
2025-10-01,2026-04-01,6,Active,Bankers_Insurance,free,persona_x_initial_plan,8,0.00000000000000000000,4.75415999999997350000,4.00000000000000000000,84.82846391232877824000,93.58262391232875174000,8,100.0
2025-10-01,2026-04-01,6,Active,Bankers_Insurance,start,persona_x_initial_plan,6,80.06250000000000000000,115.43822999999936949000,0.00000000000000000000,44.84308152054795255700,240.34381152054732204700,7,85.71
2025-10-01,2026-04-01,6,Churned proxy,Bankers_Insurance,start,persona_x_initial_plan,1,0.00000000000000000000,0.00000000000000000000,0.00000000000000000000,0.00000000000000000000,0.00000000000000000000,7,14.29
2025-10-01,2026-04-01,6,Active,Bikers_Drivers,business,persona_x_initial_plan,3,185.00000000000000000000,25.53100199999986280000,5.50000000000000000000,5.02410770684931584220,221.05510970684917864220,5,60.0
2025-10-01,2026-04-01,6,Churned proxy,Bikers_Drivers,business,persona_x_initial_plan,2,0.00000000000000000000,0.00000000000000000000,0.00000000000000000000,0.00000000000000000000,0.00000000000000000000,5,40.0
2025-10-01,2026-04-01,6,Active,Bikers_Drivers,free,persona_x_initial_plan,25,11.00000000000000000000,169.34074199999908943700,136.80000000000000000000,242.85695670904108306381,559.99769870904017250081,36,69.44
2025-10-01,2026-04-01,6,At-risk,Bikers_Drivers,free,persona_x_initial_plan,2,0.00000000000000000000,0.00000000000000000000,0.00000000000000000000,0.00000000000000000000,0.00000000000000000000,36,5.56
2025-10-01,2026-04-01,6,Churned proxy,Bikers_Drivers,free,persona_x_initial_plan,8,0.00000000000000000000,0.00000000000000000000,0.00000000000000000000,0.00000000000000000000,0.00000000000000000000,36,22.22
2025-10-01,2026-04-01,6,Never monetized,Bikers_Drivers,free,persona_x_initial_plan,1,0.00000000000000000000,0.00000000000000000000,0.00000000000000000000,0.00000000000000000000,0.00000000000000000000,36,2.78
2025-10-01,2026-04-01,6,Active,Bikers_Drivers,plus,persona_x_initial_plan,16,395.00000000000000000000,1318.36318919999265429000,65.00000000000000070000,62.64956509863013731004,1841.01275429862279230004,26,61.54
2025-10-01,2026-04-01,6,At-risk,Bikers_Drivers,plus,persona_x_initial_plan,1,0.00000000000000000000,0.00000000000000000000,0.00000000000000000000,0.00000000000000000000,0.00000000000000000000,26,3.85
2025-10-01,2026-04-01,6,Churned proxy,Bikers_Drivers,plus,persona_x_initial_plan,9,0.00000000000000000000,0.00000000000000000000,0.00000000000000000000,0.00000000000000000000,0.00000000000000000000,26,34.62
2025-10-01,2026-04-01,6,Active,Bikers_Drivers,start,persona_x_initial_plan,24,312.54625000000000000000,388.55276999999791948600,44.40000000000000000000,78.69031691561644844737,824.18933691561436793337,33,72.73
2025-10-01,2026-04-01,6,At-risk,Bikers_Drivers,start,persona_x_initial_plan,2,0.00000000000000000000,0.00000000000000000000,0.00000000000000000000,0.00000000000000000000,0.00000000000000000000,33,6.06
2025-10-01,2026-04-01,6,Churned proxy,Bikers_Drivers,start,persona_x_initial_plan,7,0.00000000000000000000,0.00000000000000000000,0.00000000000000000000,0.00000000000000000000,0.00000000000000000000,33,21.21
2025-10-01,2026-04-01,6,Active,Cleaning_CallCenters,free,persona_x_initial_plan,4,0.00000000000000000000,9.90836999999994497000,4.00000000000000000000,28.56697047068493405000,42.47534047068487902000,4,100.0
2025-10-01,2026-04-01,6,Active,Cleaning_CallCenters,start,persona_x_initial_plan,2,11.00000000000000000000,0.28556999999999849000,0.00000000000000000000,2.00467579178082191000,13.29024579178082040000,2,100.0
2025-10-01,2026-04-01,6,Active,Consultant,business,persona_x_initial_plan,1,80.00000000000000000000,654.67213199999628000000,0.00000000000000000000,12.75371716109589000000,747.42584916109217000000,2,50.0
2025-10-01,2026-04-01,6,Churned proxy,Consultant,business,persona_x_initial_plan,1,0.00000000000000000000,0.00000000000000000000,0.00000000000000000000,0.00000000000000000000,0.00000000000000000000,2,50.0
2025-10-01,2026-04-01,6,Active,Consultant,free,persona_x_initial_plan,71,42.00000000000000000000,657.50340959999643110000,259.68000000000000000000,1674.39533335342463387363,2633.57874295342106497363,80,88.75
2025-10-01,2026-04-01,6,At-risk,Consultant,free,persona_x_initial_plan,1,0.00000000000000000000,0.00000000000000000000,0.00000000000000000000,0.00000000000000000000,0.00000000000000000000,80,1.25
2025-10-01,2026-04-01,6,Churned proxy,Consultant,free,persona_x_initial_plan,8,0.00000000000000000000,0.00000000000000000000,0.00000000000000000000,0.00000000000000000000,0.00000000000000000000,80,10.0
2025-10-01,2026-04-01,6,Active,Consultant,plus,persona_x_initial_plan,12,350.00000000000000000000,486.84259799999731342000,0.00000000000000000000,405.01067968383565655700,1241.85327768383296997700,15,80.0
2025-10-01,2026-04-01,6,Churned proxy,Consultant,plus,persona_x_initial_plan,3,0.00000000000000000000,0.00000000000000000000,0.00000000000000000000,0.00000000000000000000,0.00000000000000000000,15,20.0
2025-10-01,2026-04-01,6,Active,Consultant,start,persona_x_initial_plan,98,982.41516129032258000000,1243.55993759999331738700,-23.80000000000000000000,3634.87344105643818654160,5837.04853994675408392860,105,93.33
2025-10-01,2026-04-01,6,At-risk,Consultant,start,persona_x_initial_plan,3,0.00000000000000000000,0.00000000000000000000,0.00000000000000000000,0.00000000000000000000,0.00000000000000000000,105,2.86
2025-10-01,2026-04-01,6,Churned proxy,Consultant,start,persona_x_initial_plan,4,0.00000000000000000000,0.00000000000000000000,0.00000000000000000000,0.00000000000000000000,0.00000000000000000000,105,3.81
2025-10-01,2026-04-01,6,Active,Developer_IT,free,persona_x_initial_plan,24,22.00000000000000000000,197.13547079999893491000,34.94000000000000000000,547.24302154136988670227,801.31849234136882161227,35,68.57
2025-10-01,2026-04-01,6,At-risk,Developer_IT,free,persona_x_initial_plan,1,0.00000000000000000000,0.00000000000000000000,0.00000000000000000000,0.00000000000000000000,0.00000000000000000000,35,2.86
2025-10-01,2026-04-01,6,Churned proxy,Developer_IT,free,persona_x_initial_plan,10,0.00000000000000000000,0.00000000000000000000,0.00000000000000000000,0.00000000000000000000,0.00000000000000000000,35,28.57
2025-10-01,2026-04-01,6,Active,Developer_IT,plus,persona_x_initial_plan,11,263.48958333300000000000,205.09294139999888587000,0.00000000000000000000,359.64264521095892743000,828.22516994395781330000,13,84.62
2025-10-01,2026-04-01,6,Churned proxy,Developer_IT,plus,persona_x_initial_plan,2,0.00000000000000000000,0.00000000000000000000,0.00000000000000000000,0.00000000000000000000,0.00000000000000000000,13,15.38
2025-10-01,2026-04-01,6,Active,Developer_IT,start,persona_x_initial_plan,38,366.00000000000000000000,547.02778499999703587000,21.24000000000000000000,862.80941336164383148900,1797.07719836164086735900,43,88.37
2025-10-01,2026-04-01,6,At-risk,Developer_IT,start,persona_x_initial_plan,2,0.00000000000000000000,0.00000000000000000000,0.00000000000000000000,0.00000000000000000000,0.00000000000000000000,43,4.65
2025-10-01,2026-04-01,6,Churned proxy,Developer_IT,start,persona_x_initial_plan,2,0.00000000000000000000,0.00000000000000000000,0.00000000000000000000,0.00000000000000000000,0.00000000000000000000,43,4.65
2025-10-01,2026-04-01,6,Never monetized,Developer_IT,start,persona_x_initial_plan,1,0.00000000000000000000,0.00000000000000000000,0.00000000000000000000,0.00000000000000000000,0.00000000000000000000,43,2.33
2025-10-01,2026-04-01,6,Active,Media_Publishing,free,persona_x_initial_plan,13,0.00000000000000000000,75.77652599999959509000,40.00000000000000000000,15.89760211178082327752,131.67412811178041836752,15,86.67
2025-10-01,2026-04-01,6,At-risk,Media_Publishing,free,persona_x_initial_plan,2,0.00000000000000000000,0.00000000000000000000,0.00000000000000000000,0.00000000000000000000,0.00000000000000000000,15,13.33
2025-10-01,2026-04-01,6,Active,Media_Publishing,plus,persona_x_initial_plan,1,25.00000000000000000000,133.34641199999928000000,0.00000000000000000000,51.64616508383561900000,209.99257708383489900000,1,100.0
2025-10-01,2026-04-01,6,Active,Media_Publishing,start,persona_x_initial_plan,16,172.90625000000000000000,172.12499999999905510000,0.92000000000000000000,429.47312429205479285580,775.42437429205384795580,18,88.89
2025-10-01,2026-04-01,6,At-risk,Media_Publishing,start,persona_x_initial_plan,1,0.00000000000000000000,0.00000000000000000000,0.00000000000000000000,0.00000000000000000000,0.00000000000000000000,18,5.56
2025-10-01,2026-04-01,6,Churned proxy,Media_Publishing,start,persona_x_initial_plan,1,0.00000000000000000000,0.00000000000000000000,0.00000000000000000000,0.00000000000000000000,0.00000000000000000000,18,5.56
2025-10-01,2026-04-01,6,Active,Medical_Professionals,free,persona_x_initial_plan,4,0.00000000000000000000,31.33472399999983100000,10.40000000000000000000,280.32659632328766810000,322.06132032328749910000,5,80.0
2025-10-01,2026-04-01,6,At-risk,Medical_Professionals,free,persona_x_initial_plan,1,0.00000000000000000000,0.00000000000000000000,0.00000000000000000000,0.00000000000000000000,0.00000000000000000000,5,20.0
2025-10-01,2026-04-01,6,Active,Medical_Professionals,plus,persona_x_initial_plan,1,25.00000000000000000000,2.46025799999998670000,0.00000000000000000000,46.03370812438355800000,73.49396612438354470000,1,100.0
2025-10-01,2026-04-01,6,Active,Medical_Professionals,start,persona_x_initial_plan,8,88.00000000000000000000,199.67536799999890610000,0.00000000000000000000,155.99679161589039615400,443.67215961588930225400,8,100.0
2025-10-01,2026-04-01,6,Active,Others,business,persona_x_initial_plan,3,240.00000000000000000000,157.35512159999914400000,8.97999999999999860000,16.98669329808219267000,423.32181489808133527000,6,50.0
2025-10-01,2026-04-01,6,At-risk,Others,business,persona_x_initial_plan,1,0.00000000000000000000,0.00000000000000000000,0.00000000000000000000,0.00000000000000000000,0.00000000000000000000,6,16.67
2025-10-01,2026-04-01,6,Churned proxy,Others,business,persona_x_initial_plan,2,0.00000000000000000000,0.00000000000000000000,0.00000000000000000000,0.00000000000000000000,0.00000000000000000000,6,33.33
2025-10-01,2026-04-01,6,Active,Others,free,persona_x_initial_plan,53,36.00000000000000000000,556.32419999999699446000,267.78000000000000000000,374.41913080164387130930,1234.52333080164086576930,59,89.83
2025-10-01,2026-04-01,6,At-risk,Others,free,persona_x_initial_plan,4,0.00000000000000000000,0.00000000000000000000,0.00000000000000000000,0.00000000000000000000,0.00000000000000000000,59,6.78
2025-10-01,2026-04-01,6,Churned proxy,Others,free,persona_x_initial_plan,2,0.00000000000000000000,0.00000000000000000000,0.00000000000000000000,0.00000000000000000000,0.00000000000000000000,59,3.39
2025-10-01,2026-04-01,6,Active,Others,plus,persona_x_initial_plan,22,500.00000000000000000000,587.79356039999685675000,10.00000000000000000000,63.90592474027398024907,1161.69948514027083699907,34,64.71
2025-10-01,2026-04-01,6,At-risk,Others,plus,persona_x_initial_plan,5,0.00000000000000000000,0.00000000000000000000,0.00000000000000000000,0.00000000000000000000,0.00000000000000000000,34,14.71
2025-10-01,2026-04-01,6,Churned proxy,Others,plus,persona_x_initial_plan,7,0.00000000000000000000,0.00000000000000000000,0.00000000000000000000,0.00000000000000000000,0.00000000000000000000,34,20.59
2025-10-01,2026-04-01,6,Active,Others,start,persona_x_initial_plan,79,845.87500000000000000000,1072.01399399999421289300,204.98000000000000000000,814.72017642465751648310,2937.58917042465172937610,92,85.87
2025-10-01,2026-04-01,6,At-risk,Others,start,persona_x_initial_plan,4,0.00000000000000000000,0.00000000000000000000,0.00000000000000000000,0.00000000000000000000,0.00000000000000000000,92,4.35
2025-10-01,2026-04-01,6,Churned proxy,Others,start,persona_x_initial_plan,9,0.00000000000000000000,0.00000000000000000000,0.00000000000000000000,0.00000000000000000000,0.00000000000000000000,92,9.78
2025-10-01,2026-04-01,6,Active,Professeur,free,persona_x_initial_plan,10,70.00000000000000000000,80.99092799999955300000,12.80000000000000000000,31.60550962465753266700,195.39643762465708566700,12,83.33
2025-10-01,2026-04-01,6,Churned proxy,Professeur,free,persona_x_initial_plan,2,0.00000000000000000000,0.00000000000000000000,0.00000000000000000000,0.00000000000000000000,0.00000000000000000000,12,16.67
2025-10-01,2026-04-01,6,Active,Professeur,plus,persona_x_initial_plan,1,25.00000000000000000000,0.00000000000000000000,0.00000000000000000000,495.89692249589052000000,520.89692249589052000000,1,100.0
2025-10-01,2026-04-01,6,Active,Professeur,start,persona_x_initial_plan,19,205.62500000000000000000,247.25401199999866040000,29.92000000000000000000,176.96646373698630561700,659.76547573698496601700,21,90.48
2025-10-01,2026-04-01,6,Churned proxy,Professeur,start,persona_x_initial_plan,2,0.00000000000000000000,0.00000000000000000000,0.00000000000000000000,0.00000000000000000000,0.00000000000000000000,21,9.52
2025-10-01,2026-04-01,6,Active,Repair,free,persona_x_initial_plan,2,0.00000000000000000000,2.32217999999998700000,0.00000000000000000000,0.17392241698630140600,2.49610241698628840600,3,66.67
2025-10-01,2026-04-01,6,Churned proxy,Repair,free,persona_x_initial_plan,1,0.00000000000000000000,0.00000000000000000000,0.00000000000000000000,0.00000000000000000000,0.00000000000000000000,3,33.33
2025-10-01,2026-04-01,6,Active,Repair,plus,persona_x_initial_plan,1,11.00000000000000000000,29.07426599999984500000,0.00000000000000000000,0.32448995890410953000,40.39875595890395453000,1,100.0
2025-10-01,2026-04-01,6,Active,Repair,start,persona_x_initial_plan,4,36.78125000000000000000,34.60728599999981071000,9.30000000000000000000,5.93927760109589219400,86.62781360109570290400,4,100.0
2025-10-01,2026-04-01,6,Active,Restauration,free,persona_x_initial_plan,7,11.00000000000000000000,84.28181399999955000000,6.40000000000000000000,5.09727865315068445110,106.77909265315023445110,9,77.78
2025-10-01,2026-04-01,6,At-risk,Restauration,free,persona_x_initial_plan,1,0.00000000000000000000,0.00000000000000000000,0.00000000000000000000,0.00000000000000000000,0.00000000000000000000,9,11.11
2025-10-01,2026-04-01,6,Churned proxy,Restauration,free,persona_x_initial_plan,1,0.00000000000000000000,0.00000000000000000000,0.00000000000000000000,0.00000000000000000000,0.00000000000000000000,9,11.11
2025-10-01,2026-04-01,6,Active,Restauration,plus,persona_x_initial_plan,12,239.23333333300000000000,344.44645199999812933700,462.00000000000000000000,79.98570277972601782020,1125.66548811272414715720,12,100.0
2025-10-01,2026-04-01,6,Active,Restauration,start,persona_x_initial_plan,6,53.00000000000000000000,92.82540599999947980000,4.00000000000000000000,5.92567012383561651500,155.75107612383509631500,7,85.71
2025-10-01,2026-04-01,6,At-risk,Restauration,start,persona_x_initial_plan,1,0.00000000000000000000,0.00000000000000000000,0.00000000000000000000,0.00000000000000000000,0.00000000000000000000,7,14.29
2025-10-01,2026-04-01,6,Churned proxy,Retail,business,persona_x_initial_plan,1,0.00000000000000000000,0.00000000000000000000,0.00000000000000000000,0.00000000000000000000,0.00000000000000000000,1,100.0
2025-10-01,2026-04-01,6,Active,Retail,free,persona_x_initial_plan,41,38.36000000000000000000,565.41588839999697399000,74.56000000000000000000,309.82409991890406223049,988.15998831890103622049,49,83.67
2025-10-01,2026-04-01,6,At-risk,Retail,free,persona_x_initial_plan,4,0.00000000000000000000,0.00000000000000000000,0.00000000000000000000,0.00000000000000000000,0.00000000000000000000,49,8.16
2025-10-01,2026-04-01,6,Churned proxy,Retail,free,persona_x_initial_plan,4,0.00000000000000000000,0.00000000000000000000,0.00000000000000000000,0.00000000000000000000,0.00000000000000000000,49,8.16
2025-10-01,2026-04-01,6,Active,Retail,plus,persona_x_initial_plan,18,288.23333333300000000000,1365.47249399999239412000,41.10000000000000000000,296.13108770465756113330,1990.93691503764995525330,25,72.0
2025-10-01,2026-04-01,6,At-risk,Retail,plus,persona_x_initial_plan,3,0.00000000000000000000,0.00000000000000000000,0.00000000000000000000,0.00000000000000000000,0.00000000000000000000,25,12.0
2025-10-01,2026-04-01,6,Churned proxy,Retail,plus,persona_x_initial_plan,4,0.00000000000000000000,0.00000000000000000000,0.00000000000000000000,0.00000000000000000000,0.00000000000000000000,25,16.0
2025-10-01,2026-04-01,6,Active,Retail,start,persona_x_initial_plan,72,803.03489247246875200000,787.67154899999585976000,105.20000000000000000000,300.12986033972602073447,1996.03630181219063249447,82,87.8
2025-10-01,2026-04-01,6,At-risk,Retail,start,persona_x_initial_plan,1,0.00000000000000000000,0.00000000000000000000,0.00000000000000000000,0.00000000000000000000,0.00000000000000000000,82,1.22
2025-10-01,2026-04-01,6,Churned proxy,Retail,start,persona_x_initial_plan,9,0.00000000000000000000,0.00000000000000000000,0.00000000000000000000,0.00000000000000000000,0.00000000000000000000,82,10.98
2025-10-01,2026-04-01,6,Active,Wholesale,business,persona_x_initial_plan,1,80.00000000000000000000,3.20111999999998260000,0.00000000000000000000,2.88076994191780720000,86.08188994191778980000,1,100.0
2025-10-01,2026-04-01,6,Active,Wholesale,free,persona_x_initial_plan,3,0.00000000000000000000,0.00000000000000000000,0.00000000000000000000,0.40308178520547949300,0.40308178520547949300,6,50.0
2025-10-01,2026-04-01,6,At-risk,Wholesale,free,persona_x_initial_plan,1,0.00000000000000000000,0.00000000000000000000,0.00000000000000000000,0.00000000000000000000,0.00000000000000000000,6,16.67
2025-10-01,2026-04-01,6,Churned proxy,Wholesale,free,persona_x_initial_plan,2,0.00000000000000000000,0.00000000000000000000,0.00000000000000000000,0.00000000000000000000,0.00000000000000000000,6,33.33
2025-10-01,2026-04-01,6,Active,Wholesale,plus,persona_x_initial_plan,2,50.00000000000000000000,0.00000000000000000000,0.00000000000000000000,0.00344584767123287639,50.00344584767123287639,3,66.67
2025-10-01,2026-04-01,6,Churned proxy,Wholesale,plus,persona_x_initial_plan,1,0.00000000000000000000,0.00000000000000000000,0.00000000000000000000,0.00000000000000000000,0.00000000000000000000,3,33.33
2025-10-01,2026-04-01,6,Active,Wholesale,start,persona_x_initial_plan,11,115.00000000000000000000,471.24113399999744210000,0.00000000000000000000,183.84315807999997385840,770.08429207999741595840,13,84.62
2025-10-01,2026-04-01,6,At-risk,Wholesale,start,persona_x_initial_plan,1,0.00000000000000000000,0.00000000000000000000,0.00000000000000000000,0.00000000000000000000,0.00000000000000000000,13,7.69
2025-10-01,2026-04-01,6,Churned proxy,Wholesale,start,persona_x_initial_plan,1,0.00000000000000000000,0.00000000000000000000,0.00000000000000000000,0.00000000000000000000,0.00000000000000000000,13,7.69
2025-11-01,2025-11-01,0,Active,ALL,business,initial_plan,50,1760.00000000000000000000,3100.01773175150351952000,150.00000000000000000000,435.91891597424666464235,5445.93664772575018416235,50,100.0
2025-11-01,2025-11-01,0,Active,ALL,free,initial_plan,921,28.72000000000000000000,3285.71322572707703360327,13530.00000000000000000000,7259.02016750575352416089,24103.45339323283055776416,926,99.46
2025-11-01,2025-11-01,0,Never monetized,ALL,free,initial_plan,5,0.00000000000000000000,0.00000000000000000000,0.00000000000000000000,0.00000000000000000000,0.00000000000000000000,926,0.54
2025-11-01,2025-11-01,0,Active,ALL,plus,initial_plan,360,2554.34086021200000000000,8060.30643076126431211700,1615.76000000000000000000,2265.56883171452059876500,14495.97612268778491088200,361,99.72
2025-11-01,2025-11-01,0,Never monetized,ALL,plus,initial_plan,1,0.00000000000000000000,0.00000000000000000000,0.00000000000000000000,0.00000000000000000000,0.00000000000000000000,361,0.28
2025-11-01,2025-11-01,0,Active,ALL,start,initial_plan,1094,5153.36182795600000000000,7540.35574056439814022500,13535.14000000000000000000,4037.57752463671243118009,30266.43509315711057140509,1098,99.64
2025-11-01,2025-11-01,0,Never monetized,ALL,start,initial_plan,4,0.00000000000000000000,0.00000000000000000000,0.00000000000000000000,0.00000000000000000000,0.00000000000000000000,1098,0.36
2025-11-01,2025-11-01,0,Active,ALL,ALL,overall,2425,9496.42268816800000000000,21986.39312880424300546527,28830.90000000000000000000,13998.08543983123321874833,74311.80125680347622421360,2435,99.59
2025-11-01,2025-11-01,0,Never monetized,ALL,ALL,overall,10,0.00000000000000000000,0.00000000000000000000,0.00000000000000000000,0.00000000000000000000,0.00000000000000000000,2435,0.41
2025-11-01,2025-11-01,0,Active,Automobile_Trade_Repair,ALL,persona,93,592.74193548400000000000,1555.26118393297877844900,304.00000000000000000000,394.54973305698630666150,2846.55285247396508511050,94,98.94
2025-11-01,2025-11-01,0,Never monetized,Automobile_Trade_Repair,ALL,persona,1,0.00000000000000000000,0.00000000000000000000,0.00000000000000000000,0.00000000000000000000,0.00000000000000000000,94,1.06
2025-11-01,2025-11-01,0,Active,BTP,ALL,persona,449,1943.16483871000000000000,6517.35198363678653339400,2566.00000000000000000000,6007.29228999945215706477,17033.80911234623869045877,450,99.78
2025-11-01,2025-11-01,0,Never monetized,BTP,ALL,persona,1,0.00000000000000000000,0.00000000000000000000,0.00000000000000000000,0.00000000000000000000,0.00000000000000000000,450,0.22
2025-11-01,2025-11-01,0,Active,Bankers_Insurance,ALL,persona,32,54.51612903200000000000,67.63584500671729770000,414.00000000000000000000,340.99348190027397043100,877.14545593899126813100,32,100.0
2025-11-01,2025-11-01,0,Active,Bikers_Drivers,ALL,persona,155,787.54838709700000000000,2148.80770914502316174200,1686.00000000000000000000,252.10422838794521578542,4874.46032462996837752742,157,98.73
2025-11-01,2025-11-01,0,Never monetized,Bikers_Drivers,ALL,persona,2,0.00000000000000000000,0.00000000000000000000,0.00000000000000000000,0.00000000000000000000,0.00000000000000000000,157,1.27
2025-11-01,2025-11-01,0,Active,Cleaning_CallCenters,ALL,persona,16,111.00000000000000000000,64.24446932648306330000,374.00000000000000000000,15.45078445917807931440,564.69525378566114261440,16,100.0
2025-11-01,2025-11-01,0,Active,Consultant,ALL,persona,436,1419.98838709500000000000,1827.55852296784731278200,6320.76000000000000000000,3326.04273662958912029692,12894.34964669243643307892,436,100.0
2025-11-01,2025-11-01,0,Active,Developer_IT,ALL,persona,230,1170.38870967700000000000,2596.41418001667554313900,4500.90000000000000000000,1110.14312679232887139437,9377.84601648600441453337,230,100.0
2025-11-01,2025-11-01,0,Active,Media_Publishing,ALL,persona,89,211.71548387200000000000,498.19010816704548420000,1428.00000000000000000000,411.72651856164379282961,2549.63211060068927702961,89,100.0
2025-11-01,2025-11-01,0,Active,Medical_Professionals,ALL,persona,29,64.58064516100000000000,28.76327262593094137000,0.00000000000000000000,62.19031918684931200900,155.53423697378025337900,29,100.0
2025-11-01,2025-11-01,0,Active,Others,ALL,persona,359,1334.36956989100000000000,2085.39104057465499777227,2644.00000000000000000000,771.03099670465756531805,6834.79160717031256309032,361,99.45
2025-11-01,2025-11-01,0,Never monetized,Others,ALL,persona,2,0.00000000000000000000,0.00000000000000000000,0.00000000000000000000,0.00000000000000000000,0.00000000000000000000,361,0.55
2025-11-01,2025-11-01,0,Active,Professeur,ALL,persona,74,71.00000000000000000000,262.89849565927972540000,517.54000000000000000000,98.67840458082192110808,950.11690024010164650808,75,98.67
2025-11-01,2025-11-01,0,Never monetized,Professeur,ALL,persona,1,0.00000000000000000000,0.00000000000000000000,0.00000000000000000000,0.00000000000000000000,0.00000000000000000000,75,1.33
2025-11-01,2025-11-01,0,Active,Repair,ALL,persona,15,22.00000000000000000000,13.76795256832953169000,122.00000000000000000000,9.54822772547945241003,167.31618029380898410003,15,100.0
2025-11-01,2025-11-01,0,Active,Repair_Installation,ALL,persona,9,26.00000000000000000000,75.58174814877871792000,138.00000000000000000000,34.38173783999999924600,273.96348598877871716600,9,100.0
2025-11-01,2025-11-01,0,Active,Restauration,ALL,persona,59,196.12903225800000000000,778.68230983738968012000,1306.00000000000000000000,152.30370716657533914660,2433.11504926196501926660,59,100.0
2025-11-01,2025-11-01,0,Active,Retail,ALL,persona,319,1165.15053763300000000000,2844.00141084184138027000,5669.70000000000000000000,805.72443751616440952531,10484.57638599100578979531,321,99.38
2025-11-01,2025-11-01,0,Never monetized,Retail,ALL,persona,2,0.00000000000000000000,0.00000000000000000000,0.00000000000000000000,0.00000000000000000000,0.00000000000000000000,321,0.62
2025-11-01,2025-11-01,0,Active,Wholesale,ALL,persona,61,326.12903225800000000000,621.84289634848085621700,840.00000000000000000000,205.92470932328770620727,1993.89663792976856242427,62,98.39
2025-11-01,2025-11-01,0,Never monetized,Wholesale,ALL,persona,1,0.00000000000000000000,0.00000000000000000000,0.00000000000000000000,0.00000000000000000000,0.00000000000000000000,62,1.61
2025-11-01,2025-11-01,0,Active,Automobile_Trade_Repair,business,persona_x_initial_plan,5,240.00000000000000000000,63.01452447207305100000,4.00000000000000000000,45.92968891945205623400,352.94421339152510723400,5,100.0
2025-11-01,2025-11-01,0,Active,Automobile_Trade_Repair,free,persona_x_initial_plan,29,0.00000000000000000000,582.59320739541530343600,162.00000000000000000000,31.08408350246575095910,775.67729089788105439510,29,100.0
2025-11-01,2025-11-01,0,Active,Automobile_Trade_Repair,plus,persona_x_initial_plan,27,245.00000000000000000000,610.75262521155906107300,138.00000000000000000000,217.53643161643834589460,1211.28905682799740696760,27,100.0
2025-11-01,2025-11-01,0,Active,Automobile_Trade_Repair,start,persona_x_initial_plan,32,107.74193548400000000000,298.90082685393136294000,0.00000000000000000000,99.99952901863015357380,506.64229135656151651380,33,96.97
2025-11-01,2025-11-01,0,Never monetized,Automobile_Trade_Repair,start,persona_x_initial_plan,1,0.00000000000000000000,0.00000000000000000000,0.00000000000000000000,0.00000000000000000000,0.00000000000000000000,33,3.03
2025-11-01,2025-11-01,0,Active,BTP,business,persona_x_initial_plan,12,320.00000000000000000000,987.51698088679765990000,0.00000000000000000000,235.36320867561651181570,1542.88018956241417171570,12,100.0
2025-11-01,2025-11-01,0,Active,BTP,free,persona_x_initial_plan,146,10.50000000000000000000,610.35826213493172918200,1222.00000000000000000000,4220.28973386191779685179,6063.14799599684952603379,147,99.32
2025-11-01,2025-11-01,0,Never monetized,BTP,free,persona_x_initial_plan,1,0.00000000000000000000,0.00000000000000000000,0.00000000000000000000,0.00000000000000000000,0.00000000000000000000,147,0.68
2025-11-01,2025-11-01,0,Active,BTP,plus,persona_x_initial_plan,93,692.09677419300000000000,2659.78719588475181830200,256.00000000000000000000,787.34811904876712736104,4395.23208912651894566304,93,100.0
2025-11-01,2025-11-01,0,Active,BTP,start,persona_x_initial_plan,198,920.56806451700000000000,2259.68954473030532601000,1088.00000000000000000000,764.29122841315072103624,5032.54883766045604704624,198,100.0
2025-11-01,2025-11-01,0,Active,Bankers_Insurance,free,persona_x_initial_plan,20,0.00000000000000000000,10.49758199712290100000,414.00000000000000000000,128.56325835178082406100,553.06084034890372506100,20,100.0
2025-11-01,2025-11-01,0,Active,Bankers_Insurance,start,persona_x_initial_plan,12,54.51612903200000000000,57.13826300959439670000,0.00000000000000000000,212.43022354849314637000,324.08461559008754307000,12,100.0
2025-11-01,2025-11-01,0,Active,Bikers_Drivers,business,persona_x_initial_plan,6,240.00000000000000000000,367.11090881342470612000,0.00000000000000000000,10.51157585041096058170,617.62248466383566670170,6,100.0
2025-11-01,2025-11-01,0,Active,Bikers_Drivers,free,persona_x_initial_plan,56,0.00000000000000000000,282.57455543899804965300,1166.00000000000000000000,115.65124579890411950136,1564.22580123790216915436,56,100.0
2025-11-01,2025-11-01,0,Active,Bikers_Drivers,plus,persona_x_initial_plan,32,263.33333333300000000000,1333.96965285576301881000,0.00000000000000000000,63.60958320054794712506,1660.91256938931096593506,33,96.97
2025-11-01,2025-11-01,0,Never monetized,Bikers_Drivers,plus,persona_x_initial_plan,1,0.00000000000000000000,0.00000000000000000000,0.00000000000000000000,0.00000000000000000000,0.00000000000000000000,33,3.03
2025-11-01,2025-11-01,0,Active,Bikers_Drivers,start,persona_x_initial_plan,61,284.21505376400000000000,165.15259203683738715900,520.00000000000000000000,62.33182353808218857730,1031.69946933891957573630,62,98.39
2025-11-01,2025-11-01,0,Never monetized,Bikers_Drivers,start,persona_x_initial_plan,1,0.00000000000000000000,0.00000000000000000000,0.00000000000000000000,0.00000000000000000000,0.00000000000000000000,62,1.61
2025-11-01,2025-11-01,0,Active,Cleaning_CallCenters,business,persona_x_initial_plan,1,80.00000000000000000000,0.00000000000000000000,0.00000000000000000000,0.08898060273972602200,80.08898060273972602200,1,100.0
2025-11-01,2025-11-01,0,Active,Cleaning_CallCenters,free,persona_x_initial_plan,5,0.00000000000000000000,0.26280387577980180000,236.00000000000000000000,6.06445402739725950500,242.32725790317706130500,5,100.0
2025-11-01,2025-11-01,0,Active,Cleaning_CallCenters,plus,persona_x_initial_plan,4,0.00000000000000000000,10.32518684829021900000,0.00000000000000000000,0.11105704109589042140,10.43624388938610942140,4,100.0
2025-11-01,2025-11-01,0,Active,Cleaning_CallCenters,start,persona_x_initial_plan,6,31.00000000000000000000,53.65647860241304250000,138.00000000000000000000,9.18629278794520336600,231.84277139035824586600,6,100.0
2025-11-01,2025-11-01,0,Active,Consultant,business,persona_x_initial_plan,5,160.00000000000000000000,32.69257149466956500000,0.00000000000000000000,5.64609823123287682025,198.33866972590244182025,5,100.0
2025-11-01,2025-11-01,0,Active,Consultant,free,persona_x_initial_plan,184,2.86000000000000000000,418.92600418235282762000,3524.00000000000000000000,1846.16214735945211498607,5791.94815154180494260607,184,100.0
2025-11-01,2025-11-01,0,Active,Consultant,plus,persona_x_initial_plan,41,283.70967741800000000000,371.38604115744730174400,512.00000000000000000000,403.66493697863012315820,1570.76065555407742490220,41,100.0
2025-11-01,2025-11-01,0,Active,Consultant,start,persona_x_initial_plan,206,973.41870967700000000000,1004.55390613337761841800,2284.76000000000000000000,1070.56955406027400533240,5333.30216987065162375040,206,100.0
2025-11-01,2025-11-01,0,Active,Developer_IT,business,persona_x_initial_plan,4,320.00000000000000000000,1351.03360985738455880000,0.00000000000000000000,15.66935465260273909300,1686.70296450998729789300,4,100.0
2025-11-01,2025-11-01,0,Active,Developer_IT,free,persona_x_initial_plan,99,10.65000000000000000000,243.38654327052957430000,2280.00000000000000000000,348.23153206356167745315,2882.26807533409125175315,99,100.0
2025-11-01,2025-11-01,0,Active,Developer_IT,plus,persona_x_initial_plan,14,134.90000000000000000000,535.70197154419329073000,147.76000000000000000000,306.71248620821923361660,1125.07445775241252434660,14,100.0
2025-11-01,2025-11-01,0,Active,Developer_IT,start,persona_x_initial_plan,113,704.83870967700000000000,466.29205534456811930900,2073.14000000000000000000,439.52975386794522123162,3683.80051888951334054062,113,100.0
2025-11-01,2025-11-01,0,Active,Media_Publishing,business,persona_x_initial_plan,1,0.00000000000000000000,0.00000000000000000000,138.00000000000000000000,0.06950756164383561900,138.06950756164383561900,1,100.0
2025-11-01,2025-11-01,0,Active,Media_Publishing,free,persona_x_initial_plan,45,2.62000000000000000000,114.77620285640948444000,520.00000000000000000000,69.35937957698630153721,706.75558243339578597721,45,100.0
2025-11-01,2025-11-01,0,Active,Media_Publishing,plus,persona_x_initial_plan,7,0.00000000000000000000,0.00000000000000000000,0.00000000000000000000,13.26580067561644090300,13.26580067561644090300,7,100.0
2025-11-01,2025-11-01,0,Active,Media_Publishing,start,persona_x_initial_plan,36,209.09548387200000000000,383.41390531063599976000,770.00000000000000000000,329.03183074739721477040,1691.54121993003321453040,36,100.0
2025-11-01,2025-11-01,0,Active,Medical_Professionals,free,persona_x_initial_plan,13,0.00000000000000000000,0.00000000000000000000,0.00000000000000000000,8.38520582958904077000,8.38520582958904077000,13,100.0
2025-11-01,2025-11-01,0,Active,Medical_Professionals,plus,persona_x_initial_plan,1,0.00000000000000000000,0.00000000000000000000,0.00000000000000000000,2.82131506849315090000,2.82131506849315090000,1,100.0
2025-11-01,2025-11-01,0,Active,Medical_Professionals,start,persona_x_initial_plan,15,64.58064516100000000000,28.76327262593094137000,0.00000000000000000000,50.98379828876712033900,144.32771607569806170900,15,100.0
2025-11-01,2025-11-01,0,Active,Others,business,persona_x_initial_plan,7,160.00000000000000000000,105.78939367178138620000,8.00000000000000000000,102.13089342027398528570,375.92028709205537148570,7,100.0
2025-11-01,2025-11-01,0,Active,Others,free,persona_x_initial_plan,129,2.09000000000000000000,415.81694172146942802227,1066.00000000000000000000,212.95600919232877780732,1696.86295091379820582959,131,98.47
2025-11-01,2025-11-01,0,Never monetized,Others,free,persona_x_initial_plan,2,0.00000000000000000000,0.00000000000000000000,0.00000000000000000000,0.00000000000000000000,0.00000000000000000000,131,1.53
2025-11-01,2025-11-01,0,Active,Others,plus,persona_x_initial_plan,63,423.15053763400000000000,830.44111380433486091100,148.00000000000000000000,159.77375983342466156449,1561.36541127175952247549,63,100.0
2025-11-01,2025-11-01,0,Active,Others,start,persona_x_initial_plan,160,749.12903225700000000000,733.34359137706932263900,1422.00000000000000000000,296.17033425863014066054,3200.64295789269946329954,160,100.0
2025-11-01,2025-11-01,0,Active,Professeur,free,persona_x_initial_plan,38,0.00000000000000000000,49.27240671294168636000,260.00000000000000000000,30.53020614191780973281,339.80261285485949609281,39,97.44
2025-11-01,2025-11-01,0,Never monetized,Professeur,free,persona_x_initial_plan,1,0.00000000000000000000,0.00000000000000000000,0.00000000000000000000,0.00000000000000000000,0.00000000000000000000,39,2.56
2025-11-01,2025-11-01,0,Active,Professeur,plus,persona_x_initial_plan,7,0.00000000000000000000,11.98417126147412382000,0.00000000000000000000,6.83501315232876785587,18.81918441380289167587,7,100.0
2025-11-01,2025-11-01,0,Active,Professeur,start,persona_x_initial_plan,29,71.00000000000000000000,201.64191768486391522000,257.54000000000000000000,61.31318528657534351940,591.49510297143925873940,29,100.0
2025-11-01,2025-11-01,0,Active,Repair,free,persona_x_initial_plan,7,0.00000000000000000000,6.84251128434924236000,4.00000000000000000000,3.26739808383561604503,14.10990936818485840503,7,100.0
2025-11-01,2025-11-01,0,Active,Repair,start,persona_x_initial_plan,8,22.00000000000000000000,6.92544128398028933000,118.00000000000000000000,6.28082964164383636500,153.20627092562412569500,8,100.0
2025-11-01,2025-11-01,0,Active,Repair_Installation,free,persona_x_initial_plan,3,0.00000000000000000000,0.60137354978973812000,138.00000000000000000000,10.13449985315068584600,148.73587340294042396600,3,100.0
2025-11-01,2025-11-01,0,Active,Repair_Installation,plus,persona_x_initial_plan,1,0.00000000000000000000,1.76501459391740580000,0.00000000000000000000,0.65202812547945210000,2.41704271939685790000,1,100.0
2025-11-01,2025-11-01,0,Active,Repair_Installation,start,persona_x_initial_plan,5,26.00000000000000000000,73.21536000507157400000,0.00000000000000000000,23.59520986136986130000,122.81056986644143530000,5,100.0
2025-11-01,2025-11-01,0,Active,Restauration,free,persona_x_initial_plan,20,0.00000000000000000000,173.38758293698898104000,260.00000000000000000000,80.79927193369862520500,514.18685487068760624500,20,100.0
2025-11-01,2025-11-01,0,Active,Restauration,plus,persona_x_initial_plan,8,25.00000000000000000000,367.12618079397204858000,138.00000000000000000000,36.72520651780822084060,566.85138731178026942060,8,100.0
2025-11-01,2025-11-01,0,Active,Restauration,start,persona_x_initial_plan,31,171.12903225800000000000,238.16854610642865050000,908.00000000000000000000,34.77922871506849310100,1352.07680707949714360100,31,100.0
2025-11-01,2025-11-01,0,Active,Retail,business,persona_x_initial_plan,5,80.00000000000000000000,68.41585180265709410000,0.00000000000000000000,16.82550205315068480000,165.24135385580777890000,5,100.0
2025-11-01,2025-11-01,0,Active,Retail,free,persona_x_initial_plan,109,0.00000000000000000000,336.45854810950974257000,1990.00000000000000000000,138.03721571671232767105,2464.49576382622207024105,110,99.09
2025-11-01,2025-11-01,0,Never monetized,Retail,free,persona_x_initial_plan,1,0.00000000000000000000,0.00000000000000000000,0.00000000000000000000,0.00000000000000000000,0.00000000000000000000,110,0.91
2025-11-01,2025-11-01,0,Active,Retail,plus,persona_x_initial_plan,45,370.86021505300000000000,1274.78139729945237763000,0.00000000000000000000,222.17392412931507433414,1867.81553648176745196414,45,100.0
2025-11-01,2025-11-01,0,Active,Retail,start,persona_x_initial_plan,160,714.29032258000000000000,1164.34561363022216597000,3679.70000000000000000000,428.68779561698632272012,5987.02373182720848869012,161,99.38
2025-11-01,2025-11-01,0,Never monetized,Retail,start,persona_x_initial_plan,1,0.00000000000000000000,0.00000000000000000000,0.00000000000000000000,0.00000000000000000000,0.00000000000000000000,161,0.62
2025-11-01,2025-11-01,0,Active,Wholesale,business,persona_x_initial_plan,4,160.00000000000000000000,124.44389075271549840000,0.00000000000000000000,3.68410600712328837100,288.12799675983878677100,4,100.0
2025-11-01,2025-11-01,0,Active,Wholesale,free,persona_x_initial_plan,18,0.00000000000000000000,39.95870026048854370000,288.00000000000000000000,9.50452621205479622900,337.46322647254333992900,18,100.0
2025-11-01,2025-11-01,0,Active,Wholesale,plus,persona_x_initial_plan,17,116.29032258100000000000,52.28587950610878571700,276.00000000000000000000,44.33917011835616269000,488.91537220546494840700,17,100.0
2025-11-01,2025-11-01,0,Active,Wholesale,start,persona_x_initial_plan,22,49.83870967700000000000,405.15442582916802840000,276.00000000000000000000,148.39690698575345891727,879.39004249192148731727,23,95.65
2025-11-01,2025-11-01,0,Never monetized,Wholesale,start,persona_x_initial_plan,1,0.00000000000000000000,0.00000000000000000000,0.00000000000000000000,0.00000000000000000000,0.00000000000000000000,23,4.35
2025-11-01,2025-12-01,1,Active,ALL,business,initial_plan,46,3280.00000000000000000000,1685.97647938272013618000,0.00000000000000000000,540.55154516164412552270,5506.52802454436426170270,50,92.0
2025-11-01,2025-12-01,1,At-risk,ALL,business,initial_plan,4,0.00000000000000000000,0.00000000000000000000,0.00000000000000000000,0.00000000000000000000,0.00000000000000000000,50,8.0
2025-11-01,2025-12-01,1,Active,ALL,free,initial_plan,886,278.39288793099999900000,7112.32715349967518033300,756.85999999999999140000,11385.46471509918376807358,19533.04475652985893880658,926,95.68
2025-11-01,2025-12-01,1,At-risk,ALL,free,initial_plan,36,0.00000000000000000000,0.00000000000000000000,0.00000000000000000000,0.00000000000000000000,0.00000000000000000000,926,3.89
2025-11-01,2025-12-01,1,Never monetized,ALL,free,initial_plan,4,0.00000000000000000000,0.00000000000000000000,0.00000000000000000000,0.00000000000000000000,0.00000000000000000000,926,0.43
2025-11-01,2025-12-01,1,Active,ALL,plus,initial_plan,348,7437.27033333100000000000,17167.00379692428872516400,477.50000000000000014000,5617.21673016767379576545,30698.99086042296252106945,361,96.4
2025-11-01,2025-12-01,1,At-risk,ALL,plus,initial_plan,12,0.00000000000000000000,0.00000000000000000000,0.00000000000000000000,0.00000000000000000000,0.00000000000000000000,361,3.32
2025-11-01,2025-12-01,1,Never monetized,ALL,plus,initial_plan,1,0.00000000000000000000,0.00000000000000000000,0.00000000000000000000,0.00000000000000000000,0.00000000000000000000,361,0.28
2025-11-01,2025-12-01,1,Active,ALL,start,initial_plan,1074,10472.76587713500000500000,20358.91030886018692889724,462.99999999999999910000,11606.07386915891010790749,42900.75005515409704090473,1098,97.81
2025-11-01,2025-12-01,1,At-risk,ALL,start,initial_plan,20,0.00000000000000000000,0.00000000000000000000,0.00000000000000000000,0.00000000000000000000,0.00000000000000000000,1098,1.82
2025-11-01,2025-12-01,1,Never monetized,ALL,start,initial_plan,4,0.00000000000000000000,0.00000000000000000000,0.00000000000000000000,0.00000000000000000000,0.00000000000000000000,1098,0.36
2025-11-01,2025-12-01,1,Active,ALL,ALL,overall,2354,21468.42909839700000400000,46324.21773866687097057424,1697.35999999999999064000,29149.30685958741179726922,98639.31369665128276248346,2435,96.67
2025-11-01,2025-12-01,1,At-risk,ALL,ALL,overall,72,0.00000000000000000000,0.00000000000000000000,0.00000000000000000000,0.00000000000000000000,0.00000000000000000000,2435,2.96
2025-11-01,2025-12-01,1,Never monetized,ALL,ALL,overall,9,0.00000000000000000000,0.00000000000000000000,0.00000000000000000000,0.00000000000000000000,0.00000000000000000000,2435,0.37
2025-11-01,2025-12-01,1,Active,Automobile_Trade_Repair,ALL,persona,89,1178.42000000000000000000,2579.16036966504192598900,75.38000000000000000000,859.60173919780861187132,4692.56210886285053786032,94,94.68
2025-11-01,2025-12-01,1,At-risk,Automobile_Trade_Repair,ALL,persona,4,0.00000000000000000000,0.00000000000000000000,0.00000000000000000000,0.00000000000000000000,0.00000000000000000000,94,4.26
2025-11-01,2025-12-01,1,Never monetized,Automobile_Trade_Repair,ALL,persona,1,0.00000000000000000000,0.00000000000000000000,0.00000000000000000000,0.00000000000000000000,0.00000000000000000000,94,1.06
2025-11-01,2025-12-01,1,Active,BTP,ALL,persona,441,5009.58250000000000500000,13179.44526919390889700900,482.37999999999999810000,9651.49459312932100238777,28322.90236232322990249677,450,98.0
2025-11-01,2025-12-01,1,At-risk,BTP,ALL,persona,8,0.00000000000000000000,0.00000000000000000000,0.00000000000000000000,0.00000000000000000000,0.00000000000000000000,450,1.78
2025-11-01,2025-12-01,1,Never monetized,BTP,ALL,persona,1,0.00000000000000000000,0.00000000000000000000,0.00000000000000000000,0.00000000000000000000,0.00000000000000000000,450,0.22
2025-11-01,2025-12-01,1,Active,Bankers_Insurance,ALL,persona,31,101.12550000000000000000,368.84817328028267170000,0.00000000000000000000,1066.35980977753468932000,1536.33348305781736102000,32,96.88
2025-11-01,2025-12-01,1,At-risk,Bankers_Insurance,ALL,persona,1,0.00000000000000000000,0.00000000000000000000,0.00000000000000000000,0.00000000000000000000,0.00000000000000000000,32,3.13
2025-11-01,2025-12-01,1,Active,Bikers_Drivers,ALL,persona,143,1441.76000000000000000000,2546.16479211892542831324,153.61999999999999954000,536.78002450794551850298,4678.32481662687094635622,157,91.08
2025-11-01,2025-12-01,1,At-risk,Bikers_Drivers,ALL,persona,12,0.00000000000000000000,0.00000000000000000000,0.00000000000000000000,0.00000000000000000000,0.00000000000000000000,157,7.64
2025-11-01,2025-12-01,1,Never monetized,Bikers_Drivers,ALL,persona,2,0.00000000000000000000,0.00000000000000000000,0.00000000000000000000,0.00000000000000000000,0.00000000000000000000,157,1.27
2025-11-01,2025-12-01,1,Active,Cleaning_CallCenters,ALL,persona,16,233.00000000000000000000,292.17421611654803704000,0.00000000000000000000,38.68117872712330718220,563.85539484367134422220,16,100.0
2025-11-01,2025-12-01,1,Active,Consultant,ALL,persona,429,3246.82802419300000000000,5015.75122631354526090500,142.68000000000000000000,6520.34850158027674438865,14925.60775208682200529365,436,98.39
2025-11-01,2025-12-01,1,At-risk,Consultant,ALL,persona,7,0.00000000000000000000,0.00000000000000000000,0.00000000000000000000,0.00000000000000000000,0.00000000000000000000,436,1.61
2025-11-01,2025-12-01,1,Active,Developer_IT,ALL,persona,223,1703.63700000000000000000,2803.62597792076654416800,102.62000000000000300000,2618.77814662465868212502,7228.66112454542522929302,230,96.96
2025-11-01,2025-12-01,1,At-risk,Developer_IT,ALL,persona,7,0.00000000000000000000,0.00000000000000000000,0.00000000000000000000,0.00000000000000000000,0.00000000000000000000,230,3.04
2025-11-01,2025-12-01,1,Active,Media_Publishing,ALL,persona,86,465.00000000000000000000,768.24170594434628433000,9.34000000000000000000,1054.64686410739781052060,2297.22857005174409485060,89,96.63
2025-11-01,2025-12-01,1,At-risk,Media_Publishing,ALL,persona,3,0.00000000000000000000,0.00000000000000000000,0.00000000000000000000,0.00000000000000000000,0.00000000000000000000,89,3.37
2025-11-01,2025-12-01,1,Active,Medical_Professionals,ALL,persona,29,154.00000000000000000000,152.59364980401678703000,9.20000000000000000000,217.50795461972609892200,533.30160442374288595200,29,100.0
2025-11-01,2025-12-01,1,Active,Others,ALL,persona,347,2955.51372126400000000000,5029.06020623371801719900,353.68000000000000000000,2383.74146374575460491837,10721.99539124347262211737,361,96.12
2025-11-01,2025-12-01,1,At-risk,Others,ALL,persona,13,0.00000000000000000000,0.00000000000000000000,0.00000000000000000000,0.00000000000000000000,0.00000000000000000000,361,3.6
2025-11-01,2025-12-01,1,Never monetized,Others,ALL,persona,1,0.00000000000000000000,0.00000000000000000000,0.00000000000000000000,0.00000000000000000000,0.00000000000000000000,361,0.28
2025-11-01,2025-12-01,1,Active,Professeur,ALL,persona,71,479.06000000000000000000,314.19583639524147293000,12.86000000000000000000,292.85142564821929410375,1098.96726204346076703375,75,94.67
2025-11-01,2025-12-01,1,At-risk,Professeur,ALL,persona,3,0.00000000000000000000,0.00000000000000000000,0.00000000000000000000,0.00000000000000000000,0.00000000000000000000,75,4.0
2025-11-01,2025-12-01,1,Never monetized,Professeur,ALL,persona,1,0.00000000000000000000,0.00000000000000000000,0.00000000000000000000,0.00000000000000000000,0.00000000000000000000,75,1.33
2025-11-01,2025-12-01,1,Active,Repair,ALL,persona,14,55.00000000000000000000,119.55947745599711540000,10.40000000000000000000,53.16127070794524664250,238.12074816394236204250,15,93.33
2025-11-01,2025-12-01,1,At-risk,Repair,ALL,persona,1,0.00000000000000000000,0.00000000000000000000,0.00000000000000000000,0.00000000000000000000,0.00000000000000000000,15,6.67
2025-11-01,2025-12-01,1,Active,Repair_Installation,ALL,persona,9,73.00000000000000000000,329.18948543125189800000,0.00000000000000000000,81.98229520164388408000,484.17178063289578208000,9,100.0
2025-11-01,2025-12-01,1,Active,Restauration,ALL,persona,56,533.42999999999999900000,1879.39987500231966300000,4.00000000000000000000,386.22085342630155492100,2803.05072842862121692100,59,94.92
2025-11-01,2025-12-01,1,At-risk,Restauration,ALL,persona,3,0.00000000000000000000,0.00000000000000000000,0.00000000000000000000,0.00000000000000000000,0.00000000000000000000,59,5.08
2025-11-01,2025-12-01,1,Active,Retail,ALL,persona,309,2907.07235294000000000000,8254.54559644340083911900,316.99999999999999000000,2605.46478637643935560235,14084.08273575984018472135,321,96.26
2025-11-01,2025-12-01,1,At-risk,Retail,ALL,persona,10,0.00000000000000000000,0.00000000000000000000,0.00000000000000000000,0.00000000000000000000,0.00000000000000000000,321,3.12
2025-11-01,2025-12-01,1,Never monetized,Retail,ALL,persona,2,0.00000000000000000000,0.00000000000000000000,0.00000000000000000000,0.00000000000000000000,0.00000000000000000000,321,0.62
2025-11-01,2025-12-01,1,Active,Wholesale,ALL,persona,61,932.00000000000000000000,2692.26188134756012844200,24.20000000000000000000,781.68595220931539178071,4430.14783355687552022271,62,98.39
2025-11-01,2025-12-01,1,Never monetized,Wholesale,ALL,persona,1,0.00000000000000000000,0.00000000000000000000,0.00000000000000000000,0.00000000000000000000,0.00000000000000000000,62,1.61
2025-11-01,2025-12-01,1,Active,Automobile_Trade_Repair,business,persona_x_initial_plan,3,240.00000000000000000000,282.99655826557432000000,0.00000000000000000000,76.59514387506851640000,599.59170214064283640000,5,60.0
2025-11-01,2025-12-01,1,At-risk,Automobile_Trade_Repair,business,persona_x_initial_plan,2,0.00000000000000000000,0.00000000000000000000,0.00000000000000000000,0.00000000000000000000,0.00000000000000000000,5,40.0
2025-11-01,2025-12-01,1,Active,Automobile_Trade_Repair,free,persona_x_initial_plan,28,6.42000000000000000000,190.63045052320604271000,28.40000000000000000000,121.70557908821923841122,347.15602961142528112122,29,96.55
2025-11-01,2025-12-01,1,At-risk,Automobile_Trade_Repair,free,persona_x_initial_plan,1,0.00000000000000000000,0.00000000000000000000,0.00000000000000000000,0.00000000000000000000,0.00000000000000000000,29,3.45
2025-11-01,2025-12-01,1,Active,Automobile_Trade_Repair,plus,persona_x_initial_plan,27,620.00000000000000000000,1007.40822527129632304300,43.86000000000000000000,421.83148333369879526990,2093.09970860499511831290,27,100.0
2025-11-01,2025-12-01,1,Active,Automobile_Trade_Repair,start,persona_x_initial_plan,31,312.00000000000000000000,1098.12513560496524023600,3.12000000000000000000,239.46953290082206179020,1652.71466850578730202620,33,93.94
2025-11-01,2025-12-01,1,At-risk,Automobile_Trade_Repair,start,persona_x_initial_plan,1,0.00000000000000000000,0.00000000000000000000,0.00000000000000000000,0.00000000000000000000,0.00000000000000000000,33,3.03
2025-11-01,2025-12-01,1,Never monetized,Automobile_Trade_Repair,start,persona_x_initial_plan,1,0.00000000000000000000,0.00000000000000000000,0.00000000000000000000,0.00000000000000000000,0.00000000000000000000,33,3.03
2025-11-01,2025-12-01,1,Active,BTP,business,persona_x_initial_plan,12,880.00000000000000000000,378.46716368135789330000,0.00000000000000000000,220.68252551616453294600,1479.14968919752242624600,12,100.0
2025-11-01,2025-12-01,1,Active,BTP,free,persona_x_initial_plan,143,9.91000000000000000000,1397.31702170314919193000,103.40000000000000000000,5353.60542248493452695767,6864.23244418808371888767,147,97.28
2025-11-01,2025-12-01,1,At-risk,BTP,free,persona_x_initial_plan,3,0.00000000000000000000,0.00000000000000000000,0.00000000000000000000,0.00000000000000000000,0.00000000000000000000,147,2.04
2025-11-01,2025-12-01,1,Never monetized,BTP,free,persona_x_initial_plan,1,0.00000000000000000000,0.00000000000000000000,0.00000000000000000000,0.00000000000000000000,0.00000000000000000000,147,0.68
2025-11-01,2025-12-01,1,Active,BTP,plus,persona_x_initial_plan,91,2195.00000000000000000000,5665.36803825777338037000,222.88000000000000000000,1705.73309898685010159770,9788.98113724462348196770,93,97.85
2025-11-01,2025-12-01,1,At-risk,BTP,plus,persona_x_initial_plan,2,0.00000000000000000000,0.00000000000000000000,0.00000000000000000000,0.00000000000000000000,0.00000000000000000000,93,2.15
2025-11-01,2025-12-01,1,Active,BTP,start,persona_x_initial_plan,195,1924.67250000000000500000,5738.29304555162843140900,156.09999999999999810000,2371.47354614137184088640,10190.53909169300027539540,198,98.48
2025-11-01,2025-12-01,1,At-risk,BTP,start,persona_x_initial_plan,3,0.00000000000000000000,0.00000000000000000000,0.00000000000000000000,0.00000000000000000000,0.00000000000000000000,198,1.52
2025-11-01,2025-12-01,1,Active,Bankers_Insurance,free,persona_x_initial_plan,19,0.00000000000000000000,145.05701732272129180000,0.00000000000000000000,744.53094714520578789000,889.58796446792707969000,20,95.0
2025-11-01,2025-12-01,1,At-risk,Bankers_Insurance,free,persona_x_initial_plan,1,0.00000000000000000000,0.00000000000000000000,0.00000000000000000000,0.00000000000000000000,0.00000000000000000000,20,5.0
2025-11-01,2025-12-01,1,Active,Bankers_Insurance,start,persona_x_initial_plan,12,101.12550000000000000000,223.79115595756137990000,0.00000000000000000000,321.82886263232890143000,646.74551858989028133000,12,100.0
2025-11-01,2025-12-01,1,Active,Bikers_Drivers,business,persona_x_initial_plan,5,320.00000000000000000000,235.38360270669648660000,0.00000000000000000000,17.14181758684932252660,572.52542029354580912660,6,83.33
2025-11-01,2025-12-01,1,At-risk,Bikers_Drivers,business,persona_x_initial_plan,1,0.00000000000000000000,0.00000000000000000000,0.00000000000000000000,0.00000000000000000000,0.00000000000000000000,6,16.67
2025-11-01,2025-12-01,1,Active,Bikers_Drivers,free,persona_x_initial_plan,51,38.76000000000000000000,607.71571906365738571000,79.77999999999999940000,90.74081960164389016260,816.99653866530127527260,56,91.07
2025-11-01,2025-12-01,1,At-risk,Bikers_Drivers,free,persona_x_initial_plan,5,0.00000000000000000000,0.00000000000000000000,0.00000000000000000000,0.00000000000000000000,0.00000000000000000000,56,8.93
2025-11-01,2025-12-01,1,Active,Bikers_Drivers,plus,persona_x_initial_plan,28,538.33333333300000000000,913.18093696822339191000,18.66000000000000014000,173.38858295726034781710,1643.56285325848373986710,33,84.85
2025-11-01,2025-12-01,1,At-risk,Bikers_Drivers,plus,persona_x_initial_plan,4,0.00000000000000000000,0.00000000000000000000,0.00000000000000000000,0.00000000000000000000,0.00000000000000000000,33,12.12
2025-11-01,2025-12-01,1,Never monetized,Bikers_Drivers,plus,persona_x_initial_plan,1,0.00000000000000000000,0.00000000000000000000,0.00000000000000000000,0.00000000000000000000,0.00000000000000000000,33,3.03
2025-11-01,2025-12-01,1,Active,Bikers_Drivers,start,persona_x_initial_plan,59,544.66666666700000000000,789.88453338034816409324,55.18000000000000000000,255.50880436219195799668,1645.24000440954012208992,62,95.16
2025-11-01,2025-12-01,1,At-risk,Bikers_Drivers,start,persona_x_initial_plan,2,0.00000000000000000000,0.00000000000000000000,0.00000000000000000000,0.00000000000000000000,0.00000000000000000000,62,3.23
2025-11-01,2025-12-01,1,Never monetized,Bikers_Drivers,start,persona_x_initial_plan,1,0.00000000000000000000,0.00000000000000000000,0.00000000000000000000,0.00000000000000000000,0.00000000000000000000,62,1.61
2025-11-01,2025-12-01,1,Active,Cleaning_CallCenters,business,persona_x_initial_plan,1,80.00000000000000000000,3.91851127939668280000,0.00000000000000000000,3.25853962410958920000,87.17705090350627200000,1,100.0
2025-11-01,2025-12-01,1,Active,Cleaning_CallCenters,free,persona_x_initial_plan,5,0.00000000000000000000,35.93755403666307834000,0.00000000000000000000,8.43458322465754167220,44.37213726132062001220,5,100.0
2025-11-01,2025-12-01,1,Active,Cleaning_CallCenters,plus,persona_x_initial_plan,4,100.00000000000000000000,104.99391876532940400000,0.00000000000000000000,7.86001871671233061000,212.85393748204173461000,4,100.0
2025-11-01,2025-12-01,1,Active,Cleaning_CallCenters,start,persona_x_initial_plan,6,53.00000000000000000000,147.32423203515887190000,0.00000000000000000000,19.12803716164384570000,219.45226919680271760000,6,100.0
2025-11-01,2025-12-01,1,Active,Consultant,business,persona_x_initial_plan,5,400.00000000000000000000,0.00000000000000000000,0.00000000000000000000,23.53023098575342690710,423.53023098575342690710,5,100.0
2025-11-01,2025-12-01,1,Active,Consultant,free,persona_x_initial_plan,179,26.64000000000000000000,948.14291825655334060000,69.08000000000000000000,2460.07321563945303739465,3503.93613389600637799465,184,97.28
2025-11-01,2025-12-01,1,At-risk,Consultant,free,persona_x_initial_plan,5,0.00000000000000000000,0.00000000000000000000,0.00000000000000000000,0.00000000000000000000,0.00000000000000000000,184,2.72
2025-11-01,2025-12-01,1,Active,Consultant,plus,persona_x_initial_plan,41,849.99999999900000000000,1701.11399591893461310000,22.28000000000000000000,1086.64184791671279503020,3660.03584383464740813020,41,100.0
2025-11-01,2025-12-01,1,Active,Consultant,start,persona_x_initial_plan,204,1970.18802419400000000000,2366.49431213805730720500,51.32000000000000000000,2950.10320703835748505670,7338.10554337041479226170,206,99.03
2025-11-01,2025-12-01,1,At-risk,Consultant,start,persona_x_initial_plan,2,0.00000000000000000000,0.00000000000000000000,0.00000000000000000000,0.00000000000000000000,0.00000000000000000000,206,0.97
2025-11-01,2025-12-01,1,Active,Developer_IT,business,persona_x_initial_plan,3,240.00000000000000000000,9.25346805845162000000,0.00000000000000000000,27.72781823506851432600,276.98128629352013432600,4,75.0
2025-11-01,2025-12-01,1,At-risk,Developer_IT,business,persona_x_initial_plan,1,0.00000000000000000000,0.00000000000000000000,0.00000000000000000000,0.00000000000000000000,0.00000000000000000000,4,25.0
2025-11-01,2025-12-01,1,Active,Developer_IT,free,persona_x_initial_plan,95,43.70000000000000000000,849.84295521820364634000,54.30000000000000200000,919.74465418958941915972,1867.58760940779306749972,99,95.96
2025-11-01,2025-12-01,1,At-risk,Developer_IT,free,persona_x_initial_plan,4,0.00000000000000000000,0.00000000000000000000,0.00000000000000000000,0.00000000000000000000,0.00000000000000000000,99,4.04
2025-11-01,2025-12-01,1,Active,Developer_IT,plus,persona_x_initial_plan,14,351.93700000000000000000,301.83578034739889577000,3.54000000000000000000,543.01477146356188416000,1200.32755181096077993000,14,100.0
2025-11-01,2025-12-01,1,Active,Developer_IT,start,persona_x_initial_plan,111,1068.00000000000000000000,1642.69377429671238205800,44.78000000000000100000,1128.29090273643886447930,3883.76467703315124753730,113,98.23
2025-11-01,2025-12-01,1,At-risk,Developer_IT,start,persona_x_initial_plan,2,0.00000000000000000000,0.00000000000000000000,0.00000000000000000000,0.00000000000000000000,0.00000000000000000000,113,1.77
2025-11-01,2025-12-01,1,Active,Media_Publishing,business,persona_x_initial_plan,1,0.00000000000000000000,0.29179537729397892000,0.00000000000000000000,0.01237002739726027900,0.30416540469123919900,1,100.0
2025-11-01,2025-12-01,1,Active,Media_Publishing,free,persona_x_initial_plan,45,11.00000000000000000000,139.61441457629740142000,8.72000000000000000000,156.62128198849320331160,315.95569656479060473160,45,100.0
2025-11-01,2025-12-01,1,Active,Media_Publishing,plus,persona_x_initial_plan,6,100.00000000000000000000,180.58795007998316183000,0.00000000000000000000,225.28323418136996490000,505.87118426135312673000,7,85.71
2025-11-01,2025-12-01,1,At-risk,Media_Publishing,plus,persona_x_initial_plan,1,0.00000000000000000000,0.00000000000000000000,0.00000000000000000000,0.00000000000000000000,0.00000000000000000000,7,14.29
2025-11-01,2025-12-01,1,Active,Media_Publishing,start,persona_x_initial_plan,34,354.00000000000000000000,447.74754591077174216000,0.62000000000000000000,672.72997791013738203000,1475.09752382090912419000,36,94.44
2025-11-01,2025-12-01,1,At-risk,Media_Publishing,start,persona_x_initial_plan,2,0.00000000000000000000,0.00000000000000000000,0.00000000000000000000,0.00000000000000000000,0.00000000000000000000,36,5.56
2025-11-01,2025-12-01,1,Active,Medical_Professionals,free,persona_x_initial_plan,13,0.00000000000000000000,28.83049740444932936000,9.20000000000000000000,21.95519125260274813200,59.98568865705207749200,13,100.0
2025-11-01,2025-12-01,1,Active,Medical_Professionals,plus,persona_x_initial_plan,1,0.00000000000000000000,43.58040003529354300000,0.00000000000000000000,58.35498931068495700000,101.93538934597850000000,1,100.0
2025-11-01,2025-12-01,1,Active,Medical_Professionals,start,persona_x_initial_plan,15,154.00000000000000000000,80.18275236427391467000,0.00000000000000000000,137.19777405643839379000,371.38052642071230846000,15,100.0
2025-11-01,2025-12-01,1,Active,Others,business,persona_x_initial_plan,7,400.00000000000000000000,471.66299953711729316000,0.00000000000000000000,75.92128771068495755000,947.58428724780225071000,7,100.0
2025-11-01,2025-12-01,1,Active,Others,free,persona_x_initial_plan,124,54.74288793100000000000,1402.54519905868276258300,127.82000000000000000000,698.09024604657570043608,2283.19833303625846301908,131,94.66
2025-11-01,2025-12-01,1,At-risk,Others,free,persona_x_initial_plan,6,0.00000000000000000000,0.00000000000000000000,0.00000000000000000000,0.00000000000000000000,0.00000000000000000000,131,4.58
2025-11-01,2025-12-01,1,Never monetized,Others,free,persona_x_initial_plan,1,0.00000000000000000000,0.00000000000000000000,0.00000000000000000000,0.00000000000000000000,0.00000000000000000000,131,0.76
2025-11-01,2025-12-01,1,Active,Others,plus,persona_x_initial_plan,60,995.33333333300000000000,1457.98538699933155035600,144.10000000000000000000,645.35345711561672710700,3242.77217744794827746300,63,95.24
2025-11-01,2025-12-01,1,At-risk,Others,plus,persona_x_initial_plan,3,0.00000000000000000000,0.00000000000000000000,0.00000000000000000000,0.00000000000000000000,0.00000000000000000000,63,4.76
2025-11-01,2025-12-01,1,Active,Others,start,persona_x_initial_plan,156,1505.43750000000000000000,1696.86662063858641110000,81.76000000000000000000,964.37647287287721982529,4248.44059351146363092529,160,97.5
2025-11-01,2025-12-01,1,At-risk,Others,start,persona_x_initial_plan,4,0.00000000000000000000,0.00000000000000000000,0.00000000000000000000,0.00000000000000000000,0.00000000000000000000,160,2.5
2025-11-01,2025-12-01,1,Active,Professeur,free,persona_x_initial_plan,36,5.36000000000000000000,111.53063038462753221000,10.80000000000000000000,119.84752998849319607112,247.53816037312072828112,39,92.31
2025-11-01,2025-12-01,1,At-risk,Professeur,free,persona_x_initial_plan,2,0.00000000000000000000,0.00000000000000000000,0.00000000000000000000,0.00000000000000000000,0.00000000000000000000,39,5.13
2025-11-01,2025-12-01,1,Never monetized,Professeur,free,persona_x_initial_plan,1,0.00000000000000000000,0.00000000000000000000,0.00000000000000000000,0.00000000000000000000,0.00000000000000000000,39,2.56
2025-11-01,2025-12-01,1,Active,Professeur,plus,persona_x_initial_plan,6,150.00000000000000000000,16.89631405708208200000,0.00000000000000000000,9.62023547123288009863,176.51654952831496209863,7,85.71
2025-11-01,2025-12-01,1,At-risk,Professeur,plus,persona_x_initial_plan,1,0.00000000000000000000,0.00000000000000000000,0.00000000000000000000,0.00000000000000000000,0.00000000000000000000,7,14.29
2025-11-01,2025-12-01,1,Active,Professeur,start,persona_x_initial_plan,29,323.70000000000000000000,185.76889195353185872000,2.06000000000000000000,163.38366018849321793400,674.91255214202507665400,29,100.0
2025-11-01,2025-12-01,1,Active,Repair,free,persona_x_initial_plan,6,0.00000000000000000000,41.34395647173424328000,10.40000000000000000000,26.34089586739728726450,78.08485233913153054450,7,85.71
2025-11-01,2025-12-01,1,At-risk,Repair,free,persona_x_initial_plan,1,0.00000000000000000000,0.00000000000000000000,0.00000000000000000000,0.00000000000000000000,0.00000000000000000000,7,14.29
2025-11-01,2025-12-01,1,Active,Repair,start,persona_x_initial_plan,8,55.00000000000000000000,78.21552098426287212000,0.00000000000000000000,26.82037484054795937800,160.03589582481083149800,8,100.0
2025-11-01,2025-12-01,1,Active,Repair_Installation,free,persona_x_initial_plan,3,0.00000000000000000000,113.30163379455045000000,0.00000000000000000000,6.73888958191781618000,120.04052337646826618000,3,100.0
2025-11-01,2025-12-01,1,Active,Repair_Installation,plus,persona_x_initial_plan,1,25.00000000000000000000,42.65959993196366200000,0.00000000000000000000,4.40755373041096000000,72.06715366237462200000,1,100.0
2025-11-01,2025-12-01,1,Active,Repair_Installation,start,persona_x_initial_plan,5,48.00000000000000000000,173.22825170473778600000,0.00000000000000000000,70.83585188931510790000,292.06410359405289390000,5,100.0
2025-11-01,2025-12-01,1,Active,Restauration,free,persona_x_initial_plan,17,45.42999999999999900000,44.11587107948047820000,0.00000000000000000000,150.47390775616446751000,240.01977883564494471000,20,85.0
2025-11-01,2025-12-01,1,At-risk,Restauration,free,persona_x_initial_plan,3,0.00000000000000000000,0.00000000000000000000,0.00000000000000000000,0.00000000000000000000,0.00000000000000000000,20,15.0
2025-11-01,2025-12-01,1,Active,Restauration,plus,persona_x_initial_plan,8,200.00000000000000000000,810.91732102138132700000,0.00000000000000000000,112.60162319342470895910,1123.51894421480603595910,8,100.0
2025-11-01,2025-12-01,1,Active,Restauration,start,persona_x_initial_plan,31,288.00000000000000000000,1024.36668290145785780000,4.00000000000000000000,123.14532247671237845190,1439.51200537817023625190,31,100.0
2025-11-01,2025-12-01,1,Active,Retail,business,persona_x_initial_plan,5,400.00000000000000000000,291.34831140682788920000,0.00000000000000000000,88.85783749972608429000,780.20614890655397349000,5,100.0
2025-11-01,2025-12-01,1,Active,Retail,free,persona_x_initial_plan,104,36.43000000000000000000,914.52536206339502277000,238.95999999999999000000,479.51614854191808252422,1669.43151060531309529422,110,94.55
2025-11-01,2025-12-01,1,At-risk,Retail,free,persona_x_initial_plan,5,0.00000000000000000000,0.00000000000000000000,0.00000000000000000000,0.00000000000000000000,0.00000000000000000000,110,4.55
2025-11-01,2025-12-01,1,Never monetized,Retail,free,persona_x_initial_plan,1,0.00000000000000000000,0.00000000000000000000,0.00000000000000000000,0.00000000000000000000,0.00000000000000000000,110,0.91
2025-11-01,2025-12-01,1,Active,Retail,plus,persona_x_initial_plan,44,926.66666666600000000000,3788.85042956952256139300,19.74000000000000000000,468.80936416328793850511,5204.06646039881049989811,45,97.78
2025-11-01,2025-12-01,1,At-risk,Retail,plus,persona_x_initial_plan,1,0.00000000000000000000,0.00000000000000000000,0.00000000000000000000,0.00000000000000000000,0.00000000000000000000,45,2.22
2025-11-01,2025-12-01,1,Active,Retail,start,persona_x_initial_plan,156,1543.97568627400000000000,3259.82149340365536575600,58.30000000000000000000,1568.28143617150725028302,6430.37861584916261603902,161,96.89
2025-11-01,2025-12-01,1,At-risk,Retail,start,persona_x_initial_plan,4,0.00000000000000000000,0.00000000000000000000,0.00000000000000000000,0.00000000000000000000,0.00000000000000000000,161,2.48
2025-11-01,2025-12-01,1,Never monetized,Retail,start,persona_x_initial_plan,1,0.00000000000000000000,0.00000000000000000000,0.00000000000000000000,0.00000000000000000000,0.00000000000000000000,161,0.62
2025-11-01,2025-12-01,1,Active,Wholesale,business,persona_x_initial_plan,4,320.00000000000000000000,12.65406907000397220000,0.00000000000000000000,6.82397410082192109800,339.47804317082589329800,4,100.0
2025-11-01,2025-12-01,1,Active,Wholesale,free,persona_x_initial_plan,18,0.00000000000000000000,141.87595254230398308000,16.00000000000000000000,27.04540270191782499600,184.92135524422180807600,18,100.0
2025-11-01,2025-12-01,1,Active,Wholesale,plus,persona_x_initial_plan,17,385.00000000000000000000,1131.62549970077482939200,2.44000000000000000000,154.31646962684940471071,1673.38196932762423410271,17,100.0
2025-11-01,2025-12-01,1,Active,Wholesale,start,persona_x_initial_plan,22,227.00000000000000000000,1406.10636003447734377000,5.76000000000000000000,593.50010577972624097600,2232.36646581420358474600,23,95.65
2025-11-01,2025-12-01,1,Never monetized,Wholesale,start,persona_x_initial_plan,1,0.00000000000000000000,0.00000000000000000000,0.00000000000000000000,0.00000000000000000000,0.00000000000000000000,23,4.35
2025-11-01,2026-01-01,2,Active,ALL,business,initial_plan,40,2800.00000000000000000000,2285.43170399998815117000,34.10000000000000000000,529.88546783506855106297,5649.41717183505670223297,50,80.0
2025-11-01,2026-01-01,2,At-risk,ALL,business,initial_plan,10,0.00000000000000000000,0.00000000000000000000,0.00000000000000000000,0.00000000000000000000,0.00000000000000000000,50,20.0
2025-11-01,2026-01-01,2,Active,ALL,free,initial_plan,849,638.79354838699998710000,7412.85927539996117075410,1740.61999999999999210000,10144.70674241972707690115,19936.97956620668822685525,926,91.68
2025-11-01,2026-01-01,2,At-risk,ALL,free,initial_plan,74,0.00000000000000000000,0.00000000000000000000,0.00000000000000000000,0.00000000000000000000,0.00000000000000000000,926,7.99
2025-11-01,2026-01-01,2,Never monetized,ALL,free,initial_plan,3,0.00000000000000000000,0.00000000000000000000,0.00000000000000000000,0.00000000000000000000,0.00000000000000000000,926,0.32
2025-11-01,2026-01-01,2,Active,ALL,plus,initial_plan,333,7442.23333333100000000000,16069.33050659991646851100,1181.35999999999999500000,6177.66062787890466288763,30870.58446780982112639863,361,92.24
2025-11-01,2026-01-01,2,At-risk,ALL,plus,initial_plan,27,0.00000000000000000000,0.00000000000000000000,0.00000000000000000000,0.00000000000000000000,0.00000000000000000000,361,7.48
2025-11-01,2026-01-01,2,Never monetized,ALL,plus,initial_plan,1,0.00000000000000000000,0.00000000000000000000,0.00000000000000000000,0.00000000000000000000,0.00000000000000000000,361,0.28
2025-11-01,2026-01-01,2,Active,ALL,start,initial_plan,1037,10405.42542413400000200000,19677.10142339989678040200,2282.65999999999999473000,17372.66710048000078856498,49737.85394801389756569698,1098,94.44
2025-11-01,2026-01-01,2,At-risk,ALL,start,initial_plan,58,0.00000000000000000000,0.00000000000000000000,0.00000000000000000000,0.00000000000000000000,0.00000000000000000000,1098,5.28
2025-11-01,2026-01-01,2,Never monetized,ALL,start,initial_plan,3,0.00000000000000000000,0.00000000000000000000,0.00000000000000000000,0.00000000000000000000,0.00000000000000000000,1098,0.27
2025-11-01,2026-01-01,2,Active,ALL,ALL,overall,2259,21286.45230585199998910000,45444.72290939976257083710,5238.73999999999998183000,34224.91993861370107941673,106194.83515386546362118383,2435,92.77
2025-11-01,2026-01-01,2,At-risk,ALL,ALL,overall,169,0.00000000000000000000,0.00000000000000000000,0.00000000000000000000,0.00000000000000000000,0.00000000000000000000,2435,6.94
2025-11-01,2026-01-01,2,Never monetized,ALL,ALL,overall,7,0.00000000000000000000,0.00000000000000000000,0.00000000000000000000,0.00000000000000000000,0.00000000000000000000,2435,0.29
2025-11-01,2026-01-01,2,Active,Automobile_Trade_Repair,ALL,persona,85,1156.59000000000000000000,3216.43576979998336464900,217.80000000000000500000,680.25906526082197244435,5271.08483506080534209335,94,90.43
2025-11-01,2026-01-01,2,At-risk,Automobile_Trade_Repair,ALL,persona,8,0.00000000000000000000,0.00000000000000000000,0.00000000000000000000,0.00000000000000000000,0.00000000000000000000,94,8.51
2025-11-01,2026-01-01,2,Never monetized,Automobile_Trade_Repair,ALL,persona,1,0.00000000000000000000,0.00000000000000000000,0.00000000000000000000,0.00000000000000000000,0.00000000000000000000,94,1.06
2025-11-01,2026-01-01,2,Active,BTP,ALL,persona,422,4874.60354838699999810000,12386.99061179993518889800,946.61999999999999100000,7156.53212880054857741877,25364.74628898748375541677,450,93.78
2025-11-01,2026-01-01,2,At-risk,BTP,ALL,persona,27,0.00000000000000000000,0.00000000000000000000,0.00000000000000000000,0.00000000000000000000,0.00000000000000000000,450,6.0
2025-11-01,2026-01-01,2,Never monetized,BTP,ALL,persona,1,0.00000000000000000000,0.00000000000000000000,0.00000000000000000000,0.00000000000000000000,0.00000000000000000000,450,0.22
2025-11-01,2026-01-01,2,Active,Bankers_Insurance,ALL,persona,29,109.00000000000000000000,271.06676999999860285000,16.64000000000000000000,1472.30260001150734763500,1869.00937001150595048500,32,90.63
2025-11-01,2026-01-01,2,At-risk,Bankers_Insurance,ALL,persona,3,0.00000000000000000000,0.00000000000000000000,0.00000000000000000000,0.00000000000000000000,0.00000000000000000000,32,9.38
2025-11-01,2026-01-01,2,Active,Bikers_Drivers,ALL,persona,125,1235.00000000000000000000,2361.30736679998744933210,352.09999999999999700000,440.30682096273977176384,4388.71418776272721809594,157,79.62
2025-11-01,2026-01-01,2,At-risk,Bikers_Drivers,ALL,persona,31,0.00000000000000000000,0.00000000000000000000,0.00000000000000000000,0.00000000000000000000,0.00000000000000000000,157,19.75
2025-11-01,2026-01-01,2,Never monetized,Bikers_Drivers,ALL,persona,1,0.00000000000000000000,0.00000000000000000000,0.00000000000000000000,0.00000000000000000000,0.00000000000000000000,157,0.64
2025-11-01,2026-01-01,2,Active,Cleaning_CallCenters,ALL,persona,16,244.00000000000000000000,255.27621779999864830000,54.14000000000000000000,36.08223392164384017030,589.49845172164248847030,16,100.0
2025-11-01,2026-01-01,2,Active,Consultant,ALL,persona,416,3342.49801672600000200000,5626.18882079997041118000,812.36000000000000063000,6766.42062819178141621933,16547.46746571775183002933,436,95.41
2025-11-01,2026-01-01,2,At-risk,Consultant,ALL,persona,20,0.00000000000000000000,0.00000000000000000000,0.00000000000000000000,0.00000000000000000000,0.00000000000000000000,436,4.59
2025-11-01,2026-01-01,2,Active,Developer_IT,ALL,persona,220,1639.90000000000000000000,2420.79215579998738563800,413.96000000000000030000,3595.40501401589078397424,8070.05716981587816991224,230,95.65
2025-11-01,2026-01-01,2,At-risk,Developer_IT,ALL,persona,10,0.00000000000000000000,0.00000000000000000000,0.00000000000000000000,0.00000000000000000000,0.00000000000000000000,230,4.35
2025-11-01,2026-01-01,2,Active,Media_Publishing,ALL,persona,86,501.00000000000000000000,747.22817879999608871000,94.76000000000000000000,2087.09692314794535786327,3430.08510194794144657327,89,96.63
2025-11-01,2026-01-01,2,At-risk,Media_Publishing,ALL,persona,3,0.00000000000000000000,0.00000000000000000000,0.00000000000000000000,0.00000000000000000000,0.00000000000000000000,89,3.37
2025-11-01,2026-01-01,2,Active,Medical_Professionals,ALL,persona,29,154.00000000000000000000,196.93141199999896762200,24.84000000000000000000,350.24708733698633456300,726.01849933698530218500,29,100.0
2025-11-01,2026-01-01,2,Active,Others,ALL,persona,333,3171.47333333299999900000,4813.09806239997497945400,1389.87999999999999030000,2891.58531040657547303601,12266.03670613955044179001,361,92.24
2025-11-01,2026-01-01,2,At-risk,Others,ALL,persona,27,0.00000000000000000000,0.00000000000000000000,0.00000000000000000000,0.00000000000000000000,0.00000000000000000000,361,7.48
2025-11-01,2026-01-01,2,Never monetized,Others,ALL,persona,1,0.00000000000000000000,0.00000000000000000000,0.00000000000000000000,0.00000000000000000000,0.00000000000000000000,361,0.28
2025-11-01,2026-01-01,2,Active,Professeur,ALL,persona,73,481.60740740700000000000,383.55647399999799713000,69.14000000000000000000,409.15922171452056407185,1343.46310312151856120185,75,97.33
2025-11-01,2026-01-01,2,At-risk,Professeur,ALL,persona,2,0.00000000000000000000,0.00000000000000000000,0.00000000000000000000,0.00000000000000000000,0.00000000000000000000,75,2.67
2025-11-01,2026-01-01,2,Active,Repair,ALL,persona,13,66.00000000000000000000,92.17177199999951280000,19.10000000000000000000,33.11256587671233498430,210.38433787671184778430,15,86.67
2025-11-01,2026-01-01,2,At-risk,Repair,ALL,persona,2,0.00000000000000000000,0.00000000000000000000,0.00000000000000000000,0.00000000000000000000,0.00000000000000000000,15,13.33
2025-11-01,2026-01-01,2,Active,Repair_Installation,ALL,persona,9,73.00000000000000000000,233.51614199999874743000,0.00000000000000000000,105.15776338246576621000,411.67390538246451364000,9,100.0
2025-11-01,2026-01-01,2,Active,Restauration,ALL,persona,52,527.37000000000000000000,2191.30873199998891001500,35.60000000000000000000,411.83848754027395328254,3166.11721954026286329754,59,88.14
2025-11-01,2026-01-01,2,At-risk,Restauration,ALL,persona,7,0.00000000000000000000,0.00000000000000000000,0.00000000000000000000,0.00000000000000000000,0.00000000000000000000,59,11.86
2025-11-01,2026-01-01,2,Active,Retail,ALL,persona,292,2811.49999999899999000000,6431.94212939996656455400,642.19999999999999760000,6863.93010250904109718593,16749.57223190800764933993,321,90.97
2025-11-01,2026-01-01,2,At-risk,Retail,ALL,persona,27,0.00000000000000000000,0.00000000000000000000,0.00000000000000000000,0.00000000000000000000,0.00000000000000000000,321,8.41
2025-11-01,2026-01-01,2,Never monetized,Retail,ALL,persona,2,0.00000000000000000000,0.00000000000000000000,0.00000000000000000000,0.00000000000000000000,0.00000000000000000000,321,0.62
2025-11-01,2026-01-01,2,Active,Wholesale,ALL,persona,59,898.91000000000000000000,3816.91229399997975227500,149.60000000000000000000,925.48398553424648859400,5790.90627953422624086900,62,95.16
2025-11-01,2026-01-01,2,At-risk,Wholesale,ALL,persona,2,0.00000000000000000000,0.00000000000000000000,0.00000000000000000000,0.00000000000000000000,0.00000000000000000000,62,3.23
2025-11-01,2026-01-01,2,Never monetized,Wholesale,ALL,persona,1,0.00000000000000000000,0.00000000000000000000,0.00000000000000000000,0.00000000000000000000,0.00000000000000000000,62,1.61
2025-11-01,2026-01-01,2,Active,Automobile_Trade_Repair,business,persona_x_initial_plan,3,240.00000000000000000000,560.90856059999720940000,0.04000000000000000000,52.13354829424658391000,853.08210889424379331000,5,60.0
2025-11-01,2026-01-01,2,At-risk,Automobile_Trade_Repair,business,persona_x_initial_plan,2,0.00000000000000000000,0.00000000000000000000,0.00000000000000000000,0.00000000000000000000,0.00000000000000000000,5,40.0
2025-11-01,2026-01-01,2,Active,Automobile_Trade_Repair,free,persona_x_initial_plan,26,9.59000000000000000000,711.39767399999629549000,96.40000000000000000000,113.82291051287671769952,931.21058451287301318952,29,89.66
2025-11-01,2026-01-01,2,At-risk,Automobile_Trade_Repair,free,persona_x_initial_plan,3,0.00000000000000000000,0.00000000000000000000,0.00000000000000000000,0.00000000000000000000,0.00000000000000000000,29,10.34
2025-11-01,2026-01-01,2,Active,Automobile_Trade_Repair,plus,persona_x_initial_plan,26,595.00000000000000000000,617.23781999999675274700,37.94000000000000000000,382.08508045534249300828,1632.26290045533924575528,27,96.3
2025-11-01,2026-01-01,2,At-risk,Automobile_Trade_Repair,plus,persona_x_initial_plan,1,0.00000000000000000000,0.00000000000000000000,0.00000000000000000000,0.00000000000000000000,0.00000000000000000000,27,3.7
2025-11-01,2026-01-01,2,Active,Automobile_Trade_Repair,start,persona_x_initial_plan,30,312.00000000000000000000,1326.89171519999310701200,83.42000000000000500000,132.21752599835617782655,1854.52924119834928983855,33,90.91
2025-11-01,2026-01-01,2,At-risk,Automobile_Trade_Repair,start,persona_x_initial_plan,2,0.00000000000000000000,0.00000000000000000000,0.00000000000000000000,0.00000000000000000000,0.00000000000000000000,33,6.06
2025-11-01,2026-01-01,2,Never monetized,Automobile_Trade_Repair,start,persona_x_initial_plan,1,0.00000000000000000000,0.00000000000000000000,0.00000000000000000000,0.00000000000000000000,0.00000000000000000000,33,3.03
2025-11-01,2026-01-01,2,Active,BTP,business,persona_x_initial_plan,11,720.00000000000000000000,840.27477599999555567000,15.74000000000000000000,263.65708899178086351500,1839.67186499177641918500,12,91.67
2025-11-01,2026-01-01,2,At-risk,BTP,business,persona_x_initial_plan,1,0.00000000000000000000,0.00000000000000000000,0.00000000000000000000,0.00000000000000000000,0.00000000000000000000,12,8.33
2025-11-01,2026-01-01,2,Active,BTP,free,persona_x_initial_plan,135,90.73354838699999810000,1863.50755859999025223000,374.97999999999999600000,3178.53222540657556169894,5507.75333239356580802894,147,91.84
2025-11-01,2026-01-01,2,At-risk,BTP,free,persona_x_initial_plan,11,0.00000000000000000000,0.00000000000000000000,0.00000000000000000000,0.00000000000000000000,0.00000000000000000000,147,7.48
2025-11-01,2026-01-01,2,Never monetized,BTP,free,persona_x_initial_plan,1,0.00000000000000000000,0.00000000000000000000,0.00000000000000000000,0.00000000000000000000,0.00000000000000000000,147,0.68
2025-11-01,2026-01-01,2,Active,BTP,plus,persona_x_initial_plan,88,2100.00000000000000000000,4983.54163019997404791000,196.81999999999999500000,1440.45656682684947453440,8720.81819702682351744440,93,94.62
2025-11-01,2026-01-01,2,At-risk,BTP,plus,persona_x_initial_plan,5,0.00000000000000000000,0.00000000000000000000,0.00000000000000000000,0.00000000000000000000,0.00000000000000000000,93,5.38
2025-11-01,2026-01-01,2,Active,BTP,start,persona_x_initial_plan,188,1963.87000000000000000000,4699.66664699997533308800,359.08000000000000000000,2273.88624757534267767043,9296.50289457531801075843,198,94.95
2025-11-01,2026-01-01,2,At-risk,BTP,start,persona_x_initial_plan,10,0.00000000000000000000,0.00000000000000000000,0.00000000000000000000,0.00000000000000000000,0.00000000000000000000,198,5.05
2025-11-01,2026-01-01,2,Active,Bankers_Insurance,free,persona_x_initial_plan,17,0.00000000000000000000,171.77826599999912000000,12.80000000000000000000,1125.61160202465799453500,1310.18986802465711453500,20,85.0
2025-11-01,2026-01-01,2,At-risk,Bankers_Insurance,free,persona_x_initial_plan,3,0.00000000000000000000,0.00000000000000000000,0.00000000000000000000,0.00000000000000000000,0.00000000000000000000,20,15.0
2025-11-01,2026-01-01,2,Active,Bankers_Insurance,start,persona_x_initial_plan,12,109.00000000000000000000,99.28850399999948285000,3.84000000000000000000,346.69099798684935310000,558.81950198684883595000,12,100.0
2025-11-01,2026-01-01,2,Active,Bikers_Drivers,business,persona_x_initial_plan,3,160.00000000000000000000,383.55577199999798500000,0.00000000000000000000,8.63812222849315310000,552.19389422849113810000,6,50.0
2025-11-01,2026-01-01,2,At-risk,Bikers_Drivers,business,persona_x_initial_plan,3,0.00000000000000000000,0.00000000000000000000,0.00000000000000000000,0.00000000000000000000,0.00000000000000000000,6,50.0
2025-11-01,2026-01-01,2,Active,Bikers_Drivers,free,persona_x_initial_plan,45,25.00000000000000000000,540.39325499999710563210,203.23999999999999700000,49.04486400438356672164,817.67811900438066935374,56,80.36
2025-11-01,2026-01-01,2,At-risk,Bikers_Drivers,free,persona_x_initial_plan,11,0.00000000000000000000,0.00000000000000000000,0.00000000000000000000,0.00000000000000000000,0.00000000000000000000,56,19.64
2025-11-01,2026-01-01,2,Active,Bikers_Drivers,plus,persona_x_initial_plan,23,524.33333333300000000000,727.09914599999607348100,10.28000000000000000000,160.98008849534249382980,1422.69256782833856731080,33,69.7
2025-11-01,2026-01-01,2,At-risk,Bikers_Drivers,plus,persona_x_initial_plan,9,0.00000000000000000000,0.00000000000000000000,0.00000000000000000000,0.00000000000000000000,0.00000000000000000000,33,27.27
2025-11-01,2026-01-01,2,Never monetized,Bikers_Drivers,plus,persona_x_initial_plan,1,0.00000000000000000000,0.00000000000000000000,0.00000000000000000000,0.00000000000000000000,0.00000000000000000000,33,3.03
2025-11-01,2026-01-01,2,Active,Bikers_Drivers,start,persona_x_initial_plan,54,525.66666666700000000000,710.25919379999628521900,138.58000000000000000000,221.64374623452055811240,1596.14960670151684333140,62,87.1
2025-11-01,2026-01-01,2,At-risk,Bikers_Drivers,start,persona_x_initial_plan,8,0.00000000000000000000,0.00000000000000000000,0.00000000000000000000,0.00000000000000000000,0.00000000000000000000,62,12.9
2025-11-01,2026-01-01,2,Active,Cleaning_CallCenters,business,persona_x_initial_plan,1,80.00000000000000000000,1.55951999999999180000,0.00000000000000000000,7.57425367561644000000,89.13377367561643180000,1,100.0
2025-11-01,2026-01-01,2,Active,Cleaning_CallCenters,free,persona_x_initial_plan,5,0.00000000000000000000,9.27973799999995000000,4.00000000000000000000,5.97635977972602834130,19.25609777972597834130,5,100.0
2025-11-01,2026-01-01,2,Active,Cleaning_CallCenters,plus,persona_x_initial_plan,4,100.00000000000000000000,126.72561779999930200000,46.70000000000000000000,1.87915346246575345900,275.30477126246505545900,4,100.0
2025-11-01,2026-01-01,2,Active,Cleaning_CallCenters,start,persona_x_initial_plan,6,64.00000000000000000000,117.71134199999940450000,3.44000000000000000000,20.65246700383561837000,205.80380900383502287000,6,100.0
2025-11-01,2026-01-01,2,Active,Consultant,business,persona_x_initial_plan,5,400.00000000000000000000,0.00000000000000000000,0.00000000000000000000,22.81032911123287673510,422.81032911123287673510,5,100.0
2025-11-01,2026-01-01,2,Active,Consultant,free,persona_x_initial_plan,171,76.92000000000000000000,1220.96193479999354787800,286.04000000000000090000,2182.47920826739748716740,3766.40114306739103594540,184,92.93
2025-11-01,2026-01-01,2,At-risk,Consultant,free,persona_x_initial_plan,13,0.00000000000000000000,0.00000000000000000000,0.00000000000000000000,0.00000000000000000000,0.00000000000000000000,184,7.07
2025-11-01,2026-01-01,2,Active,Consultant,plus,persona_x_initial_plan,40,874.99999999900000000000,1676.47328999999120551000,48.42000000000000000000,1088.16072288986307198060,3688.05401288885427749060,41,97.56
2025-11-01,2026-01-01,2,At-risk,Consultant,plus,persona_x_initial_plan,1,0.00000000000000000000,0.00000000000000000000,0.00000000000000000000,0.00000000000000000000,0.00000000000000000000,41,2.44
2025-11-01,2026-01-01,2,Active,Consultant,start,persona_x_initial_plan,200,1990.57801672700000200000,2728.75359599998565779200,477.89999999999999973000,3472.97036792328798033623,8670.20198065027363985823,206,97.09
2025-11-01,2026-01-01,2,At-risk,Consultant,start,persona_x_initial_plan,6,0.00000000000000000000,0.00000000000000000000,0.00000000000000000000,0.00000000000000000000,0.00000000000000000000,206,2.91
2025-11-01,2026-01-01,2,Active,Developer_IT,business,persona_x_initial_plan,3,240.00000000000000000000,12.99077999999993000000,0.00000000000000000000,37.82443068931506649587,290.81521068931499649587,4,75.0
2025-11-01,2026-01-01,2,At-risk,Developer_IT,business,persona_x_initial_plan,1,0.00000000000000000000,0.00000000000000000000,0.00000000000000000000,0.00000000000000000000,0.00000000000000000000,4,25.0
2025-11-01,2026-01-01,2,Active,Developer_IT,free,persona_x_initial_plan,94,33.00000000000000000000,509.17151159999734497900,118.00000000000000030000,1406.26343790410966985737,2066.43494950410701513637,99,94.95
2025-11-01,2026-01-01,2,At-risk,Developer_IT,free,persona_x_initial_plan,5,0.00000000000000000000,0.00000000000000000000,0.00000000000000000000,0.00000000000000000000,0.00000000000000000000,99,5.05
2025-11-01,2026-01-01,2,Active,Developer_IT,plus,persona_x_initial_plan,14,329.90000000000000000000,270.24890759999859710000,103.72000000000000000000,502.18032608109595764700,1206.04923368109455474700,14,100.0
2025-11-01,2026-01-01,2,Active,Developer_IT,start,persona_x_initial_plan,109,1037.00000000000000000000,1628.38095659999151355900,192.24000000000000000000,1649.13681934137008997400,4506.75777594136160353300,113,96.46
2025-11-01,2026-01-01,2,At-risk,Developer_IT,start,persona_x_initial_plan,4,0.00000000000000000000,0.00000000000000000000,0.00000000000000000000,0.00000000000000000000,0.00000000000000000000,113,3.54
2025-11-01,2026-01-01,2,Active,Media_Publishing,business,persona_x_initial_plan,1,0.00000000000000000000,5.32461599999997230000,0.00000000000000000000,0.12255872054794523000,5.44717472054791753000,1,100.0
2025-11-01,2026-01-01,2,Active,Media_Publishing,free,persona_x_initial_plan,43,11.00000000000000000000,283.16591999999851422000,34.58000000000000000000,264.93424060931511486627,593.68016060931362908627,45,95.56
2025-11-01,2026-01-01,2,At-risk,Media_Publishing,free,persona_x_initial_plan,2,0.00000000000000000000,0.00000000000000000000,0.00000000000000000000,0.00000000000000000000,0.00000000000000000000,45,4.44
2025-11-01,2026-01-01,2,Active,Media_Publishing,plus,persona_x_initial_plan,7,125.00000000000000000000,60.73928999999968600000,1.42000000000000000000,648.86724724767122297200,836.02653724767090897200,7,100.0
2025-11-01,2026-01-01,2,Active,Media_Publishing,start,persona_x_initial_plan,35,365.00000000000000000000,397.99835279999791619000,58.76000000000000000000,1173.17287657041107479500,1994.93122937040899098500,36,97.22
2025-11-01,2026-01-01,2,At-risk,Media_Publishing,start,persona_x_initial_plan,1,0.00000000000000000000,0.00000000000000000000,0.00000000000000000000,0.00000000000000000000,0.00000000000000000000,36,2.78
2025-11-01,2026-01-01,2,Active,Medical_Professionals,free,persona_x_initial_plan,13,0.00000000000000000000,19.23922799999989946200,8.80000000000000000000,32.04632137808219266300,60.08554937808209212500,13,100.0
2025-11-01,2026-01-01,2,Active,Medical_Professionals,plus,persona_x_initial_plan,1,0.00000000000000000000,32.44215599999982700000,0.00000000000000000000,153.70490828986303000000,186.14706428986285700000,1,100.0
2025-11-01,2026-01-01,2,Active,Medical_Professionals,start,persona_x_initial_plan,15,154.00000000000000000000,145.25002799999924116000,16.04000000000000000000,164.49585766904111190000,479.78588566904035306000,15,100.0
2025-11-01,2026-01-01,2,Active,Others,business,persona_x_initial_plan,5,320.00000000000000000000,34.65656999999981700000,0.00000000000000000000,17.28807635616438265800,371.94464635616419965800,7,71.43
2025-11-01,2026-01-01,2,At-risk,Others,business,persona_x_initial_plan,2,0.00000000000000000000,0.00000000000000000000,0.00000000000000000000,0.00000000000000000000,0.00000000000000000000,7,28.57
2025-11-01,2026-01-01,2,Active,Others,free,persona_x_initial_plan,121,164.81999999999999900000,1122.70303799999422038200,179.64000000000000030000,905.55557202904104945791,2372.71861002903526913991,131,92.37
2025-11-01,2026-01-01,2,At-risk,Others,free,persona_x_initial_plan,9,0.00000000000000000000,0.00000000000000000000,0.00000000000000000000,0.00000000000000000000,0.00000000000000000000,131,6.87
2025-11-01,2026-01-01,2,Never monetized,Others,free,persona_x_initial_plan,1,0.00000000000000000000,0.00000000000000000000,0.00000000000000000000,0.00000000000000000000,0.00000000000000000000,131,0.76
2025-11-01,2026-01-01,2,Active,Others,plus,persona_x_initial_plan,57,1156.33333333300000000000,2221.69747319998844309700,489.18000000000000000000,883.11723643616453686420,4750.32804296915297996120,63,90.48
2025-11-01,2026-01-01,2,At-risk,Others,plus,persona_x_initial_plan,6,0.00000000000000000000,0.00000000000000000000,0.00000000000000000000,0.00000000000000000000,0.00000000000000000000,63,9.52
2025-11-01,2026-01-01,2,Active,Others,start,persona_x_initial_plan,150,1530.32000000000000000000,1434.04098119999249897500,721.05999999999999000000,1085.62442558520550405590,4771.04540678519799303090,160,93.75
2025-11-01,2026-01-01,2,At-risk,Others,start,persona_x_initial_plan,10,0.00000000000000000000,0.00000000000000000000,0.00000000000000000000,0.00000000000000000000,0.00000000000000000000,160,6.25
2025-11-01,2026-01-01,2,Active,Professeur,free,persona_x_initial_plan,37,19.32000000000000000000,125.03561399999934939000,66.30000000000000000000,151.01268629205479977287,361.66830029205414916287,39,94.87
2025-11-01,2026-01-01,2,At-risk,Professeur,free,persona_x_initial_plan,2,0.00000000000000000000,0.00000000000000000000,0.00000000000000000000,0.00000000000000000000,0.00000000000000000000,39,5.13
2025-11-01,2026-01-01,2,Active,Professeur,plus,persona_x_initial_plan,7,150.00000000000000000000,63.43936199999965730000,0.00000000000000000000,9.84798766904109577398,223.28734966904075307398,7,100.0
2025-11-01,2026-01-01,2,Active,Professeur,start,persona_x_initial_plan,29,312.28740740700000000000,195.08149799999899044000,2.84000000000000000000,248.29854775342466852500,758.50745316042365896500,29,100.0
2025-11-01,2026-01-01,2,Active,Repair,free,persona_x_initial_plan,5,0.00000000000000000000,21.81256199999988570000,14.40000000000000000000,7.38381521917808395730,43.59637721917796965730,7,71.43
2025-11-01,2026-01-01,2,At-risk,Repair,free,persona_x_initial_plan,2,0.00000000000000000000,0.00000000000000000000,0.00000000000000000000,0.00000000000000000000,0.00000000000000000000,7,28.57
2025-11-01,2026-01-01,2,Active,Repair,start,persona_x_initial_plan,8,66.00000000000000000000,70.35920999999962710000,4.70000000000000000000,25.72875065753425102700,166.78796065753387812700,8,100.0
2025-11-01,2026-01-01,2,Active,Repair_Installation,free,persona_x_initial_plan,3,0.00000000000000000000,0.61574399999999663000,0.00000000000000000000,4.96585398027397371000,5.58159798027397034000,3,100.0
2025-11-01,2026-01-01,2,Active,Repair_Installation,plus,persona_x_initial_plan,1,25.00000000000000000000,36.56566799999980000000,0.00000000000000000000,11.37213921972602800000,72.93780721972582800000,1,100.0
2025-11-01,2026-01-01,2,Active,Repair_Installation,start,persona_x_initial_plan,5,48.00000000000000000000,196.33472999999895080000,0.00000000000000000000,88.81977018246576450000,333.15450018246471530000,5,100.0
2025-11-01,2026-01-01,2,Active,Restauration,free,persona_x_initial_plan,17,36.00000000000000000000,115.29061199999939560000,4.80000000000000000000,130.58465849150682263900,286.67527049150621823900,20,85.0
2025-11-01,2026-01-01,2,At-risk,Restauration,free,persona_x_initial_plan,3,0.00000000000000000000,0.00000000000000000000,0.00000000000000000000,0.00000000000000000000,0.00000000000000000000,20,15.0
2025-11-01,2026-01-01,2,Active,Restauration,plus,persona_x_initial_plan,8,200.00000000000000000000,1048.40472599999477227000,0.00000000000000000000,101.09783050465754950614,1349.50255650465232177614,8,100.0
2025-11-01,2026-01-01,2,Active,Restauration,start,persona_x_initial_plan,27,291.37000000000000000000,1027.61339399999474214500,30.80000000000000000000,180.15599854410958113740,1529.93939254410432328240,31,87.1
2025-11-01,2026-01-01,2,At-risk,Restauration,start,persona_x_initial_plan,4,0.00000000000000000000,0.00000000000000000000,0.00000000000000000000,0.00000000000000000000,0.00000000000000000000,31,12.9
2025-11-01,2026-01-01,2,Active,Retail,business,persona_x_initial_plan,4,320.00000000000000000000,296.48878739999845000000,18.32000000000000000000,110.62659649753425220000,745.43538389753270220000,5,80.0
2025-11-01,2026-01-01,2,At-risk,Retail,business,persona_x_initial_plan,1,0.00000000000000000000,0.00000000000000000000,0.00000000000000000000,0.00000000000000000000,0.00000000000000000000,5,20.0
2025-11-01,2026-01-01,2,Active,Retail,free,persona_x_initial_plan,100,169.49999999999999000000,477.43812539999749176100,301.43999999999999760000,549.75490185260280220563,1498.13302725260028156663,110,90.91
2025-11-01,2026-01-01,2,At-risk,Retail,free,persona_x_initial_plan,9,0.00000000000000000000,0.00000000000000000000,0.00000000000000000000,0.00000000000000000000,0.00000000000000000000,110,8.18
2025-11-01,2026-01-01,2,Never monetized,Retail,free,persona_x_initial_plan,1,0.00000000000000000000,0.00000000000000000000,0.00000000000000000000,0.00000000000000000000,0.00000000000000000000,110,0.91
2025-11-01,2026-01-01,2,Active,Retail,plus,persona_x_initial_plan,41,901.66666666600000000000,2379.81839579998775612100,180.72000000000000000000,422.82566104547949265323,3885.03072351146724877423,45,91.11
2025-11-01,2026-01-01,2,At-risk,Retail,plus,persona_x_initial_plan,4,0.00000000000000000000,0.00000000000000000000,0.00000000000000000000,0.00000000000000000000,0.00000000000000000000,45,8.89
2025-11-01,2026-01-01,2,Active,Retail,start,persona_x_initial_plan,147,1420.33333333300000000000,3278.19682079998286667200,141.72000000000000000000,5780.72294311342455012707,10620.97309724640741679907,161,91.3
2025-11-01,2026-01-01,2,At-risk,Retail,start,persona_x_initial_plan,13,0.00000000000000000000,0.00000000000000000000,0.00000000000000000000,0.00000000000000000000,0.00000000000000000000,161,8.07
2025-11-01,2026-01-01,2,Never monetized,Retail,start,persona_x_initial_plan,1,0.00000000000000000000,0.00000000000000000000,0.00000000000000000000,0.00000000000000000000,0.00000000000000000000,161,0.62
2025-11-01,2026-01-01,2,Active,Wholesale,business,persona_x_initial_plan,4,320.00000000000000000000,149.67232199999924000000,0.00000000000000000000,9.21046327013698721900,478.88278527013622721900,4,100.0
2025-11-01,2026-01-01,2,Active,Wholesale,free,persona_x_initial_plan,17,2.91000000000000000000,221.06849399999880140000,35.20000000000000000000,36.73808466794521160800,295.91657866794401300800,18,94.44
2025-11-01,2026-01-01,2,At-risk,Wholesale,free,persona_x_initial_plan,1,0.00000000000000000000,0.00000000000000000000,0.00000000000000000000,0.00000000000000000000,0.00000000000000000000,18,5.56
2025-11-01,2026-01-01,2,Active,Wholesale,plus,persona_x_initial_plan,16,360.00000000000000000000,1824.89702399999054797500,66.16000000000000000000,371.08567925534246265900,2622.14270325533301063400,17,94.12
2025-11-01,2026-01-01,2,At-risk,Wholesale,plus,persona_x_initial_plan,1,0.00000000000000000000,0.00000000000000000000,0.00000000000000000000,0.00000000000000000000,0.00000000000000000000,17,5.88
2025-11-01,2026-01-01,2,Active,Wholesale,start,persona_x_initial_plan,22,216.00000000000000000000,1621.27445399999116290000,48.24000000000000000000,508.44975834082182710800,2393.96421234081299000800,23,95.65
2025-11-01,2026-01-01,2,Never monetized,Wholesale,start,persona_x_initial_plan,1,0.00000000000000000000,0.00000000000000000000,0.00000000000000000000,0.00000000000000000000,0.00000000000000000000,23,4.35
2025-11-01,2026-02-01,3,Active,ALL,business,initial_plan,36,2651.00000000000000000000,2560.31020979998983810000,2481.76000000000000000000,437.39898050575348978183,8130.46919030574332788183,50,72.0
2025-11-01,2026-02-01,3,At-risk,ALL,business,initial_plan,10,0.00000000000000000000,0.00000000000000000000,0.00000000000000000000,0.00000000000000000000,0.00000000000000000000,50,20.0
2025-11-01,2026-02-01,3,Churned proxy,ALL,business,initial_plan,4,0.00000000000000000000,0.00000000000000000000,0.00000000000000000000,0.00000000000000000000,0.00000000000000000000,50,8.0
2025-11-01,2026-02-01,3,Active,ALL,free,initial_plan,834,632.46235054299999900000,8358.09674579996711604300,2139.11999999999999540000,11134.71802185808307874437,22264.39711820105018918737,926,90.06
2025-11-01,2026-02-01,3,At-risk,ALL,free,initial_plan,60,0.00000000000000000000,0.00000000000000000000,0.00000000000000000000,0.00000000000000000000,0.00000000000000000000,926,6.48
2025-11-01,2026-02-01,3,Churned proxy,ALL,free,initial_plan,29,0.00000000000000000000,0.00000000000000000000,0.00000000000000000000,0.00000000000000000000,0.00000000000000000000,926,3.13
2025-11-01,2026-02-01,3,Never monetized,ALL,free,initial_plan,3,0.00000000000000000000,0.00000000000000000000,0.00000000000000000000,0.00000000000000000000,0.00000000000000000000,926,0.32
2025-11-01,2026-02-01,3,Active,ALL,plus,initial_plan,316,7300.97333333100000000000,16718.51249279993412253500,859.66000000000000100000,6100.80790889150756971539,30979.95373502244169325039,361,87.53
2025-11-01,2026-02-01,3,At-risk,ALL,plus,initial_plan,35,0.00000000000000000000,0.00000000000000000000,0.00000000000000000000,0.00000000000000000000,0.00000000000000000000,361,9.7
2025-11-01,2026-02-01,3,Churned proxy,ALL,plus,initial_plan,9,0.00000000000000000000,0.00000000000000000000,0.00000000000000000000,0.00000000000000000000,0.00000000000000000000,361,2.49
2025-11-01,2026-02-01,3,Never monetized,ALL,plus,initial_plan,1,0.00000000000000000000,0.00000000000000000000,0.00000000000000000000,0.00000000000000000000,0.00000000000000000000,361,0.28
2025-11-01,2026-02-01,3,Active,ALL,start,initial_plan,1012,10504.96999999999999700000,21680.82877679991459986000,2150.24000000000000930000,20932.35546032876928841957,55268.39423712868389457957,1098,92.17
2025-11-01,2026-02-01,3,At-risk,ALL,start,initial_plan,65,0.00000000000000000000,0.00000000000000000000,0.00000000000000000000,0.00000000000000000000,0.00000000000000000000,1098,5.92
2025-11-01,2026-02-01,3,Churned proxy,ALL,start,initial_plan,18,0.00000000000000000000,0.00000000000000000000,0.00000000000000000000,0.00000000000000000000,0.00000000000000000000,1098,1.64
2025-11-01,2026-02-01,3,Never monetized,ALL,start,initial_plan,3,0.00000000000000000000,0.00000000000000000000,0.00000000000000000000,0.00000000000000000000,0.00000000000000000000,1098,0.27
2025-11-01,2026-02-01,3,Active,ALL,ALL,overall,2198,21089.40568387399999600000,49317.74822519980567653800,7630.78000000000000570000,38605.28037158411342666116,116643.21428065791910489916,2435,90.27
2025-11-01,2026-02-01,3,At-risk,ALL,ALL,overall,170,0.00000000000000000000,0.00000000000000000000,0.00000000000000000000,0.00000000000000000000,0.00000000000000000000,2435,6.98
2025-11-01,2026-02-01,3,Churned proxy,ALL,ALL,overall,60,0.00000000000000000000,0.00000000000000000000,0.00000000000000000000,0.00000000000000000000,0.00000000000000000000,2435,2.46
2025-11-01,2026-02-01,3,Never monetized,ALL,ALL,overall,7,0.00000000000000000000,0.00000000000000000000,0.00000000000000000000,0.00000000000000000000,0.00000000000000000000,2435,0.29
2025-11-01,2026-02-01,3,Active,Automobile_Trade_Repair,ALL,persona,79,1046.67000000000000000000,3004.66850939998818398000,458.24000000000000900000,687.97321507780828583740,5197.55172447779647881740,94,84.04
2025-11-01,2026-02-01,3,At-risk,Automobile_Trade_Repair,ALL,persona,11,0.00000000000000000000,0.00000000000000000000,0.00000000000000000000,0.00000000000000000000,0.00000000000000000000,94,11.7
2025-11-01,2026-02-01,3,Churned proxy,Automobile_Trade_Repair,ALL,persona,3,0.00000000000000000000,0.00000000000000000000,0.00000000000000000000,0.00000000000000000000,0.00000000000000000000,94,3.19
2025-11-01,2026-02-01,3,Never monetized,Automobile_Trade_Repair,ALL,persona,1,0.00000000000000000000,0.00000000000000000000,0.00000000000000000000,0.00000000000000000000,0.00000000000000000000,94,1.06
2025-11-01,2026-02-01,3,Active,BTP,ALL,persona,410,4733.03391304299999700000,14968.63281599994115869500,698.48000000000000000000,7441.26794301424750440797,27841.41467205718866010297,450,91.11
2025-11-01,2026-02-01,3,At-risk,BTP,ALL,persona,32,0.00000000000000000000,0.00000000000000000000,0.00000000000000000000,0.00000000000000000000,0.00000000000000000000,450,7.11
2025-11-01,2026-02-01,3,Churned proxy,BTP,ALL,persona,7,0.00000000000000000000,0.00000000000000000000,0.00000000000000000000,0.00000000000000000000,0.00000000000000000000,450,1.56
2025-11-01,2026-02-01,3,Never monetized,BTP,ALL,persona,1,0.00000000000000000000,0.00000000000000000000,0.00000000000000000000,0.00000000000000000000,0.00000000000000000000,450,0.22
2025-11-01,2026-02-01,3,Active,Bankers_Insurance,ALL,persona,29,120.00000000000000000000,254.59880399999900085000,12.56000000000000000000,1373.70448932054816621200,1760.86329332054716706200,32,90.63
2025-11-01,2026-02-01,3,At-risk,Bankers_Insurance,ALL,persona,2,0.00000000000000000000,0.00000000000000000000,0.00000000000000000000,0.00000000000000000000,0.00000000000000000000,32,6.25
2025-11-01,2026-02-01,3,Churned proxy,Bankers_Insurance,ALL,persona,1,0.00000000000000000000,0.00000000000000000000,0.00000000000000000000,0.00000000000000000000,0.00000000000000000000,32,3.13
2025-11-01,2026-02-01,3,Active,Bikers_Drivers,ALL,persona,122,1243.00000000000000000000,2256.07224779999101326900,2381.70000000000000000000,558.52525817315073253229,6439.29750597314174580129,157,77.71
2025-11-01,2026-02-01,3,At-risk,Bikers_Drivers,ALL,persona,24,0.00000000000000000000,0.00000000000000000000,0.00000000000000000000,0.00000000000000000000,0.00000000000000000000,157,15.29
2025-11-01,2026-02-01,3,Churned proxy,Bikers_Drivers,ALL,persona,10,0.00000000000000000000,0.00000000000000000000,0.00000000000000000000,0.00000000000000000000,0.00000000000000000000,157,6.37
2025-11-01,2026-02-01,3,Never monetized,Bikers_Drivers,ALL,persona,1,0.00000000000000000000,0.00000000000000000000,0.00000000000000000000,0.00000000000000000000,0.00000000000000000000,157,0.64
2025-11-01,2026-02-01,3,Active,Cleaning_CallCenters,ALL,persona,16,233.00000000000000000000,237.85635059999906364000,11.89999999999999900000,27.35641399561644190810,510.11276459561550454810,16,100.0
2025-11-01,2026-02-01,3,Active,Consultant,ALL,persona,407,3311.65999999900000000000,5481.71877239997834166600,457.24000000000000030000,8507.57271819835690280904,17758.19149059733524477504,436,93.35
2025-11-01,2026-02-01,3,At-risk,Consultant,ALL,persona,22,0.00000000000000000000,0.00000000000000000000,0.00000000000000000000,0.00000000000000000000,0.00000000000000000000,436,5.05
2025-11-01,2026-02-01,3,Churned proxy,Consultant,ALL,persona,7,0.00000000000000000000,0.00000000000000000000,0.00000000000000000000,0.00000000000000000000,0.00000000000000000000,436,1.61
2025-11-01,2026-02-01,3,Active,Developer_IT,ALL,persona,219,1624.73843750000000000000,2606.74061039998963748500,374.10000000000000000000,4740.24435394027455189833,9345.82340184026418938333,230,95.22
2025-11-01,2026-02-01,3,At-risk,Developer_IT,ALL,persona,6,0.00000000000000000000,0.00000000000000000000,0.00000000000000000000,0.00000000000000000000,0.00000000000000000000,230,2.61
2025-11-01,2026-02-01,3,Churned proxy,Developer_IT,ALL,persona,5,0.00000000000000000000,0.00000000000000000000,0.00000000000000000000,0.00000000000000000000,0.00000000000000000000,230,2.17
2025-11-01,2026-02-01,3,Active,Media_Publishing,ALL,persona,85,465.00000000000000000000,787.12754399999688245000,54.64000000000000000000,2073.81306952602757158672,3380.58061352602445403672,89,95.51
2025-11-01,2026-02-01,3,At-risk,Media_Publishing,ALL,persona,3,0.00000000000000000000,0.00000000000000000000,0.00000000000000000000,0.00000000000000000000,0.00000000000000000000,89,3.37
2025-11-01,2026-02-01,3,Churned proxy,Media_Publishing,ALL,persona,1,0.00000000000000000000,0.00000000000000000000,0.00000000000000000000,0.00000000000000000000,0.00000000000000000000,89,1.12
2025-11-01,2026-02-01,3,Active,Medical_Professionals,ALL,persona,27,143.00000000000000000000,240.59172599999906937000,70.80000000000000000000,496.77390092383567827100,951.16562692383474764100,29,93.1
2025-11-01,2026-02-01,3,At-risk,Medical_Professionals,ALL,persona,2,0.00000000000000000000,0.00000000000000000000,0.00000000000000000000,0.00000000000000000000,0.00000000000000000000,29,6.9
2025-11-01,2026-02-01,3,Active,Others,ALL,persona,323,3377.57333333299999900000,5332.98513599997877895000,809.24000000000000000000,3155.92075248054818734478,12675.71922181352696529478,361,89.47
2025-11-01,2026-02-01,3,At-risk,Others,ALL,persona,26,0.00000000000000000000,0.00000000000000000000,0.00000000000000000000,0.00000000000000000000,0.00000000000000000000,361,7.2
2025-11-01,2026-02-01,3,Churned proxy,Others,ALL,persona,11,0.00000000000000000000,0.00000000000000000000,0.00000000000000000000,0.00000000000000000000,0.00000000000000000000,361,3.05
2025-11-01,2026-02-01,3,Never monetized,Others,ALL,persona,1,0.00000000000000000000,0.00000000000000000000,0.00000000000000000000,0.00000000000000000000,0.00000000000000000000,361,0.28
2025-11-01,2026-02-01,3,Active,Professeur,ALL,persona,70,503.80000000000000000000,1155.49885799999559515200,42.56000000000000000000,485.48587889260277645118,2187.34473689259837160318,75,93.33
2025-11-01,2026-02-01,3,At-risk,Professeur,ALL,persona,3,0.00000000000000000000,0.00000000000000000000,0.00000000000000000000,0.00000000000000000000,0.00000000000000000000,75,4.0
2025-11-01,2026-02-01,3,Churned proxy,Professeur,ALL,persona,2,0.00000000000000000000,0.00000000000000000000,0.00000000000000000000,0.00000000000000000000,0.00000000000000000000,75,2.67
2025-11-01,2026-02-01,3,Active,Repair,ALL,persona,11,100.98000000000000000000,26.40149999999989530000,184.49999999999999700000,63.82433919013699296230,375.70583919013688526230,15,73.33
2025-11-01,2026-02-01,3,At-risk,Repair,ALL,persona,3,0.00000000000000000000,0.00000000000000000000,0.00000000000000000000,0.00000000000000000000,0.00000000000000000000,15,20.0
2025-11-01,2026-02-01,3,Churned proxy,Repair,ALL,persona,1,0.00000000000000000000,0.00000000000000000000,0.00000000000000000000,0.00000000000000000000,0.00000000000000000000,15,6.67
2025-11-01,2026-02-01,3,Active,Repair_Installation,ALL,persona,9,73.00000000000000000000,317.47379399999879673000,0.00000000000000000000,177.87651932328767980000,568.35031332328647653000,9,100.0
2025-11-01,2026-02-01,3,Active,Restauration,ALL,persona,52,518.40000000000000000000,2406.80183939999053840000,82.80000000000000000000,452.68906023123293140705,3460.69089963122346980705,59,88.14
2025-11-01,2026-02-01,3,At-risk,Restauration,ALL,persona,4,0.00000000000000000000,0.00000000000000000000,0.00000000000000000000,0.00000000000000000000,0.00000000000000000000,59,6.78
2025-11-01,2026-02-01,3,Churned proxy,Restauration,ALL,persona,3,0.00000000000000000000,0.00000000000000000000,0.00000000000000000000,0.00000000000000000000,0.00000000000000000000,59,5.08
2025-11-01,2026-02-01,3,Active,Retail,ALL,persona,281,2695.49999999900000000000,6199.91993519997538023100,1167.05999999999999840000,7100.79852455945250450220,17163.27845975842788313320,321,87.54
2025-11-01,2026-02-01,3,At-risk,Retail,ALL,persona,29,0.00000000000000000000,0.00000000000000000000,0.00000000000000000000,0.00000000000000000000,0.00000000000000000000,321,9.03
2025-11-01,2026-02-01,3,Churned proxy,Retail,ALL,persona,9,0.00000000000000000000,0.00000000000000000000,0.00000000000000000000,0.00000000000000000000,0.00000000000000000000,321,2.8
2025-11-01,2026-02-01,3,Never monetized,Retail,ALL,persona,2,0.00000000000000000000,0.00000000000000000000,0.00000000000000000000,0.00000000000000000000,0.00000000000000000000,321,0.62
2025-11-01,2026-02-01,3,Active,Wholesale,ALL,persona,58,900.05000000000000000000,4040.65978199998434037000,824.96000000000000200000,1261.45393473698651873080,7027.12371673697086110080,62,93.55
2025-11-01,2026-02-01,3,At-risk,Wholesale,ALL,persona,3,0.00000000000000000000,0.00000000000000000000,0.00000000000000000000,0.00000000000000000000,0.00000000000000000000,62,4.84
2025-11-01,2026-02-01,3,Never monetized,Wholesale,ALL,persona,1,0.00000000000000000000,0.00000000000000000000,0.00000000000000000000,0.00000000000000000000,0.00000000000000000000,62,1.61
2025-11-01,2026-02-01,3,Active,Automobile_Trade_Repair,business,persona_x_initial_plan,2,160.00000000000000000000,441.17908199999823000000,28.32000000000000000000,74.83731843616438987660,704.33640043616261987660,5,40.0
2025-11-01,2026-02-01,3,At-risk,Automobile_Trade_Repair,business,persona_x_initial_plan,1,0.00000000000000000000,0.00000000000000000000,0.00000000000000000000,0.00000000000000000000,0.00000000000000000000,5,20.0
2025-11-01,2026-02-01,3,Churned proxy,Automobile_Trade_Repair,business,persona_x_initial_plan,2,0.00000000000000000000,0.00000000000000000000,0.00000000000000000000,0.00000000000000000000,0.00000000000000000000,5,40.0
2025-11-01,2026-02-01,3,Active,Automobile_Trade_Repair,free,persona_x_initial_plan,26,11.00000000000000000000,573.51023999999776289000,98.40000000000000000000,61.14829213260273443880,744.05853213260049732880,29,89.66
2025-11-01,2026-02-01,3,At-risk,Automobile_Trade_Repair,free,persona_x_initial_plan,3,0.00000000000000000000,0.00000000000000000000,0.00000000000000000000,0.00000000000000000000,0.00000000000000000000,29,10.34
2025-11-01,2026-02-01,3,Active,Automobile_Trade_Repair,plus,persona_x_initial_plan,24,595.00000000000000000000,849.30082379999671513000,64.76000000000000000000,355.26418471561647007353,1864.32500851561318520353,27,88.89
2025-11-01,2026-02-01,3,At-risk,Automobile_Trade_Repair,plus,persona_x_initial_plan,3,0.00000000000000000000,0.00000000000000000000,0.00000000000000000000,0.00000000000000000000,0.00000000000000000000,27,11.11
2025-11-01,2026-02-01,3,Active,Automobile_Trade_Repair,start,persona_x_initial_plan,27,280.67000000000000000000,1140.67836359999547596000,266.76000000000000900000,196.72341979342469144847,1884.83178339342017640847,33,81.82
2025-11-01,2026-02-01,3,At-risk,Automobile_Trade_Repair,start,persona_x_initial_plan,4,0.00000000000000000000,0.00000000000000000000,0.00000000000000000000,0.00000000000000000000,0.00000000000000000000,33,12.12
2025-11-01,2026-02-01,3,Churned proxy,Automobile_Trade_Repair,start,persona_x_initial_plan,1,0.00000000000000000000,0.00000000000000000000,0.00000000000000000000,0.00000000000000000000,0.00000000000000000000,33,3.03
2025-11-01,2026-02-01,3,Never monetized,Automobile_Trade_Repair,start,persona_x_initial_plan,1,0.00000000000000000000,0.00000000000000000000,0.00000000000000000000,0.00000000000000000000,0.00000000000000000000,33,3.03
2025-11-01,2026-02-01,3,Active,BTP,business,persona_x_initial_plan,9,651.00000000000000000000,1081.19140019999572500000,10.00000000000000000000,227.16956728219181057279,1969.36096748218753557279,12,75.0
2025-11-01,2026-02-01,3,At-risk,BTP,business,persona_x_initial_plan,3,0.00000000000000000000,0.00000000000000000000,0.00000000000000000000,0.00000000000000000000,0.00000000000000000000,12,25.0
2025-11-01,2026-02-01,3,Active,BTP,free,persona_x_initial_plan,133,92.52391304300000000000,2213.07396119999127341600,285.92000000000000000000,3641.79704657424690985609,6233.31492081723818327209,147,90.48
2025-11-01,2026-02-01,3,At-risk,BTP,free,persona_x_initial_plan,11,0.00000000000000000000,0.00000000000000000000,0.00000000000000000000,0.00000000000000000000,0.00000000000000000000,147,7.48
2025-11-01,2026-02-01,3,Churned proxy,BTP,free,persona_x_initial_plan,2,0.00000000000000000000,0.00000000000000000000,0.00000000000000000000,0.00000000000000000000,0.00000000000000000000,147,1.36
2025-11-01,2026-02-01,3,Never monetized,BTP,free,persona_x_initial_plan,1,0.00000000000000000000,0.00000000000000000000,0.00000000000000000000,0.00000000000000000000,0.00000000000000000000,147,0.68
2025-11-01,2026-02-01,3,Active,BTP,plus,persona_x_initial_plan,84,2018.84000000000000000000,5856.87426659997684840000,72.08000000000000000000,1282.74691275671254702348,9230.54117935668939542348,93,90.32
2025-11-01,2026-02-01,3,At-risk,BTP,plus,persona_x_initial_plan,7,0.00000000000000000000,0.00000000000000000000,0.00000000000000000000,0.00000000000000000000,0.00000000000000000000,93,7.53
2025-11-01,2026-02-01,3,Churned proxy,BTP,plus,persona_x_initial_plan,2,0.00000000000000000000,0.00000000000000000000,0.00000000000000000000,0.00000000000000000000,0.00000000000000000000,93,2.15
2025-11-01,2026-02-01,3,Active,BTP,start,persona_x_initial_plan,184,1970.66999999999999700000,5817.49318799997731187900,330.48000000000000000000,2289.55441640109623695561,10408.19760440107354583461,198,92.93
2025-11-01,2026-02-01,3,At-risk,BTP,start,persona_x_initial_plan,11,0.00000000000000000000,0.00000000000000000000,0.00000000000000000000,0.00000000000000000000,0.00000000000000000000,198,5.56
2025-11-01,2026-02-01,3,Churned proxy,BTP,start,persona_x_initial_plan,3,0.00000000000000000000,0.00000000000000000000,0.00000000000000000000,0.00000000000000000000,0.00000000000000000000,198,1.52
2025-11-01,2026-02-01,3,Active,Bankers_Insurance,free,persona_x_initial_plan,17,0.00000000000000000000,174.13271999999932034000,8.80000000000000000000,940.23131020000022524000,1123.16403019999954558000,20,85.0
2025-11-01,2026-02-01,3,At-risk,Bankers_Insurance,free,persona_x_initial_plan,2,0.00000000000000000000,0.00000000000000000000,0.00000000000000000000,0.00000000000000000000,0.00000000000000000000,20,10.0
2025-11-01,2026-02-01,3,Churned proxy,Bankers_Insurance,free,persona_x_initial_plan,1,0.00000000000000000000,0.00000000000000000000,0.00000000000000000000,0.00000000000000000000,0.00000000000000000000,20,5.0
2025-11-01,2026-02-01,3,Active,Bankers_Insurance,start,persona_x_initial_plan,12,120.00000000000000000000,80.46608399999968051000,3.76000000000000000000,433.47317912054794097200,637.69926312054762148200,12,100.0
2025-11-01,2026-02-01,3,Active,Bikers_Drivers,business,persona_x_initial_plan,3,160.00000000000000000000,520.60021199999788000000,1800.00000000000000000000,8.10604310246575380000,2488.70625510246363380000,6,50.0
2025-11-01,2026-02-01,3,At-risk,Bikers_Drivers,business,persona_x_initial_plan,2,0.00000000000000000000,0.00000000000000000000,0.00000000000000000000,0.00000000000000000000,0.00000000000000000000,6,33.33
2025-11-01,2026-02-01,3,Churned proxy,Bikers_Drivers,business,persona_x_initial_plan,1,0.00000000000000000000,0.00000000000000000000,0.00000000000000000000,0.00000000000000000000,0.00000000000000000000,6,16.67
2025-11-01,2026-02-01,3,Active,Bikers_Drivers,free,persona_x_initial_plan,45,11.00000000000000000000,260.78792399999896305000,210.96000000000000000000,47.20845750356164886897,529.95638150356061191897,56,80.36
2025-11-01,2026-02-01,3,At-risk,Bikers_Drivers,free,persona_x_initial_plan,7,0.00000000000000000000,0.00000000000000000000,0.00000000000000000000,0.00000000000000000000,0.00000000000000000000,56,12.5
2025-11-01,2026-02-01,3,Churned proxy,Bikers_Drivers,free,persona_x_initial_plan,4,0.00000000000000000000,0.00000000000000000000,0.00000000000000000000,0.00000000000000000000,0.00000000000000000000,56,7.14
2025-11-01,2026-02-01,3,Active,Bikers_Drivers,plus,persona_x_initial_plan,23,535.33333333300000000000,485.62527599999812069500,241.56000000000000000000,185.39155085424658217460,1447.91016018724470286960,33,69.7
2025-11-01,2026-02-01,3,At-risk,Bikers_Drivers,plus,persona_x_initial_plan,6,0.00000000000000000000,0.00000000000000000000,0.00000000000000000000,0.00000000000000000000,0.00000000000000000000,33,18.18
2025-11-01,2026-02-01,3,Churned proxy,Bikers_Drivers,plus,persona_x_initial_plan,3,0.00000000000000000000,0.00000000000000000000,0.00000000000000000000,0.00000000000000000000,0.00000000000000000000,33,9.09
2025-11-01,2026-02-01,3,Never monetized,Bikers_Drivers,plus,persona_x_initial_plan,1,0.00000000000000000000,0.00000000000000000000,0.00000000000000000000,0.00000000000000000000,0.00000000000000000000,33,3.03
2025-11-01,2026-02-01,3,Active,Bikers_Drivers,start,persona_x_initial_plan,51,536.66666666700000000000,989.05883579999604952400,129.18000000000000000000,317.81920671287674768872,1972.72470917987279721272,62,82.26
2025-11-01,2026-02-01,3,At-risk,Bikers_Drivers,start,persona_x_initial_plan,9,0.00000000000000000000,0.00000000000000000000,0.00000000000000000000,0.00000000000000000000,0.00000000000000000000,62,14.52
2025-11-01,2026-02-01,3,Churned proxy,Bikers_Drivers,start,persona_x_initial_plan,2,0.00000000000000000000,0.00000000000000000000,0.00000000000000000000,0.00000000000000000000,0.00000000000000000000,62,3.23
2025-11-01,2026-02-01,3,Active,Cleaning_CallCenters,business,persona_x_initial_plan,1,80.00000000000000000000,0.56429999999999780000,0.00000000000000000000,5.59153082356164340000,86.15583082356164120000,1,100.0
2025-11-01,2026-02-01,3,Active,Cleaning_CallCenters,free,persona_x_initial_plan,5,0.00000000000000000000,1.42604999999999434000,0.00000000000000000000,5.46610161643835731410,6.89215161643835165410,5,100.0
2025-11-01,2026-02-01,3,Active,Cleaning_CallCenters,plus,persona_x_initial_plan,4,100.00000000000000000000,79.02021059999968600000,11.89999999999999900000,0.93077734082191787300,191.85098794082160287300,4,100.0
2025-11-01,2026-02-01,3,Active,Cleaning_CallCenters,start,persona_x_initial_plan,6,53.00000000000000000000,156.84578999999938550000,0.00000000000000000000,15.36800421479452332100,225.21379421479390882100,6,100.0
2025-11-01,2026-02-01,3,Active,Consultant,business,persona_x_initial_plan,5,400.00000000000000000000,7.99928999999996910000,0.00000000000000000000,22.02788476219178158200,430.02717476219175068200,5,100.0
2025-11-01,2026-02-01,3,Active,Consultant,free,persona_x_initial_plan,167,84.96000000000000000000,1366.17048899999460536000,160.38000000000000000000,2330.24693110301380508448,3941.75742010300841044448,184,90.76
2025-11-01,2026-02-01,3,At-risk,Consultant,free,persona_x_initial_plan,12,0.00000000000000000000,0.00000000000000000000,0.00000000000000000000,0.00000000000000000000,0.00000000000000000000,184,6.52
2025-11-01,2026-02-01,3,Churned proxy,Consultant,free,persona_x_initial_plan,5,0.00000000000000000000,0.00000000000000000000,0.00000000000000000000,0.00000000000000000000,0.00000000000000000000,184,2.72
2025-11-01,2026-02-01,3,Active,Consultant,plus,persona_x_initial_plan,39,849.99999999900000000000,1425.00410999999445916000,51.84000000000000000000,1196.22752820986320223680,3523.07163820885766139680,41,95.12
2025-11-01,2026-02-01,3,At-risk,Consultant,plus,persona_x_initial_plan,2,0.00000000000000000000,0.00000000000000000000,0.00000000000000000000,0.00000000000000000000,0.00000000000000000000,41,4.88
2025-11-01,2026-02-01,3,Active,Consultant,start,persona_x_initial_plan,196,1976.70000000000000000000,2682.54488339998930804600,245.02000000000000030000,4959.07037412328811390576,9863.33525752327742225176,206,95.15
2025-11-01,2026-02-01,3,At-risk,Consultant,start,persona_x_initial_plan,8,0.00000000000000000000,0.00000000000000000000,0.00000000000000000000,0.00000000000000000000,0.00000000000000000000,206,3.88
2025-11-01,2026-02-01,3,Churned proxy,Consultant,start,persona_x_initial_plan,2,0.00000000000000000000,0.00000000000000000000,0.00000000000000000000,0.00000000000000000000,0.00000000000000000000,206,0.97
2025-11-01,2026-02-01,3,Active,Developer_IT,business,persona_x_initial_plan,3,240.00000000000000000000,83.23239599999965930000,0.00000000000000000000,39.46411177917810057674,362.69650777917775987674,4,75.0
2025-11-01,2026-02-01,3,Churned proxy,Developer_IT,business,persona_x_initial_plan,1,0.00000000000000000000,0.00000000000000000000,0.00000000000000000000,0.00000000000000000000,0.00000000000000000000,4,25.0
2025-11-01,2026-02-01,3,Active,Developer_IT,free,persona_x_initial_plan,93,42.83843750000000000000,881.67149819999648399000,138.52000000000000000000,1957.74880194301380892593,3020.77873764301029291593,99,93.94
2025-11-01,2026-02-01,3,At-risk,Developer_IT,free,persona_x_initial_plan,3,0.00000000000000000000,0.00000000000000000000,0.00000000000000000000,0.00000000000000000000,0.00000000000000000000,99,3.03
2025-11-01,2026-02-01,3,Churned proxy,Developer_IT,free,persona_x_initial_plan,3,0.00000000000000000000,0.00000000000000000000,0.00000000000000000000,0.00000000000000000000,0.00000000000000000000,99,3.03
2025-11-01,2026-02-01,3,Active,Developer_IT,plus,persona_x_initial_plan,13,304.90000000000000000000,198.95774579999923030000,30.98000000000000000000,416.49846231287676428900,951.33620811287599458900,14,92.86
2025-11-01,2026-02-01,3,At-risk,Developer_IT,plus,persona_x_initial_plan,1,0.00000000000000000000,0.00000000000000000000,0.00000000000000000000,0.00000000000000000000,0.00000000000000000000,14,7.14
2025-11-01,2026-02-01,3,Active,Developer_IT,start,persona_x_initial_plan,110,1037.00000000000000000000,1442.87897039999426389500,204.60000000000000000000,2326.53297790520587810666,5011.01194830520014200166,113,97.35
2025-11-01,2026-02-01,3,At-risk,Developer_IT,start,persona_x_initial_plan,2,0.00000000000000000000,0.00000000000000000000,0.00000000000000000000,0.00000000000000000000,0.00000000000000000000,113,1.77
2025-11-01,2026-02-01,3,Churned proxy,Developer_IT,start,persona_x_initial_plan,1,0.00000000000000000000,0.00000000000000000000,0.00000000000000000000,0.00000000000000000000,0.00000000000000000000,113,0.88
2025-11-01,2026-02-01,3,Active,Media_Publishing,business,persona_x_initial_plan,1,0.00000000000000000000,1.50411599999999400000,0.00000000000000000000,0.48633502465753420000,1.99045102465752820000,1,100.0
2025-11-01,2026-02-01,3,Active,Media_Publishing,free,persona_x_initial_plan,43,11.00000000000000000000,168.18746399999931900000,30.34000000000000000000,265.21456522958904166122,474.74202922958836066122,45,95.56
2025-11-01,2026-02-01,3,At-risk,Media_Publishing,free,persona_x_initial_plan,2,0.00000000000000000000,0.00000000000000000000,0.00000000000000000000,0.00000000000000000000,0.00000000000000000000,45,4.44
2025-11-01,2026-02-01,3,Active,Media_Publishing,plus,persona_x_initial_plan,7,100.00000000000000000000,88.09579799999964700000,0.00000000000000000000,683.50288792767122359350,871.59868592767087059350,7,100.0
2025-11-01,2026-02-01,3,Active,Media_Publishing,start,persona_x_initial_plan,34,354.00000000000000000000,529.34016599999792245000,24.30000000000000000000,1124.60928134410977213200,2032.24944734410769458200,36,94.44
2025-11-01,2026-02-01,3,At-risk,Media_Publishing,start,persona_x_initial_plan,1,0.00000000000000000000,0.00000000000000000000,0.00000000000000000000,0.00000000000000000000,0.00000000000000000000,36,2.78
2025-11-01,2026-02-01,3,Churned proxy,Media_Publishing,start,persona_x_initial_plan,1,0.00000000000000000000,0.00000000000000000000,0.00000000000000000000,0.00000000000000000000,0.00000000000000000000,36,2.78
2025-11-01,2026-02-01,3,Active,Medical_Professionals,free,persona_x_initial_plan,13,0.00000000000000000000,36.26823599999985627000,34.80000000000000000000,48.88552657041096577800,119.95376257041082204800,13,100.0
2025-11-01,2026-02-01,3,Active,Medical_Professionals,plus,persona_x_initial_plan,1,0.00000000000000000000,8.75311199999996430000,28.00000000000000000000,267.87429789041096000000,304.62740989041092430000,1,100.0
2025-11-01,2026-02-01,3,Active,Medical_Professionals,start,persona_x_initial_plan,13,143.00000000000000000000,195.57037799999924880000,8.00000000000000000000,180.01407646301375249300,526.58445446301300129300,15,86.67
2025-11-01,2026-02-01,3,At-risk,Medical_Professionals,start,persona_x_initial_plan,2,0.00000000000000000000,0.00000000000000000000,0.00000000000000000000,0.00000000000000000000,0.00000000000000000000,15,13.33
2025-11-01,2026-02-01,3,Active,Others,business,persona_x_initial_plan,4,320.00000000000000000000,4.34739599999998290000,0.00000000000000000000,1.56285623890410970770,325.91025223890409260770,7,57.14
2025-11-01,2026-02-01,3,At-risk,Others,business,persona_x_initial_plan,3,0.00000000000000000000,0.00000000000000000000,0.00000000000000000000,0.00000000000000000000,0.00000000000000000000,7,42.86
2025-11-01,2026-02-01,3,Active,Others,free,persona_x_initial_plan,117,127.53999999999999900000,1237.29611399999515544000,369.64000000000000000000,696.36938366739729835517,2430.84549766739245279517,131,89.31
2025-11-01,2026-02-01,3,At-risk,Others,free,persona_x_initial_plan,9,0.00000000000000000000,0.00000000000000000000,0.00000000000000000000,0.00000000000000000000,0.00000000000000000000,131,6.87
2025-11-01,2026-02-01,3,Churned proxy,Others,free,persona_x_initial_plan,4,0.00000000000000000000,0.00000000000000000000,0.00000000000000000000,0.00000000000000000000,0.00000000000000000000,131,3.05
2025-11-01,2026-02-01,3,Never monetized,Others,free,persona_x_initial_plan,1,0.00000000000000000000,0.00000000000000000000,0.00000000000000000000,0.00000000000000000000,0.00000000000000000000,131,0.76
2025-11-01,2026-02-01,3,Active,Others,plus,persona_x_initial_plan,53,1260.23333333300000000000,1663.72457759999344213000,227.24000000000000000000,968.73589673643847845033,4119.93380766943192058033,63,84.13
2025-11-01,2026-02-01,3,At-risk,Others,plus,persona_x_initial_plan,7,0.00000000000000000000,0.00000000000000000000,0.00000000000000000000,0.00000000000000000000,0.00000000000000000000,63,11.11
2025-11-01,2026-02-01,3,Churned proxy,Others,plus,persona_x_initial_plan,3,0.00000000000000000000,0.00000000000000000000,0.00000000000000000000,0.00000000000000000000,0.00000000000000000000,63,4.76
2025-11-01,2026-02-01,3,Active,Others,start,persona_x_initial_plan,149,1669.80000000000000000000,2427.61704839999019848000,212.36000000000000000000,1489.25261583780830083158,5799.02966423779849931158,160,93.13
2025-11-01,2026-02-01,3,At-risk,Others,start,persona_x_initial_plan,7,0.00000000000000000000,0.00000000000000000000,0.00000000000000000000,0.00000000000000000000,0.00000000000000000000,160,4.38
2025-11-01,2026-02-01,3,Churned proxy,Others,start,persona_x_initial_plan,4,0.00000000000000000000,0.00000000000000000000,0.00000000000000000000,0.00000000000000000000,0.00000000000000000000,160,2.5
2025-11-01,2026-02-01,3,Active,Professeur,free,persona_x_initial_plan,34,42.67000000000000000000,209.70995399999917582000,37.98000000000000000000,190.01618784602742359818,480.37614184602659941818,39,87.18
2025-11-01,2026-02-01,3,At-risk,Professeur,free,persona_x_initial_plan,3,0.00000000000000000000,0.00000000000000000000,0.00000000000000000000,0.00000000000000000000,0.00000000000000000000,39,7.69
2025-11-01,2026-02-01,3,Churned proxy,Professeur,free,persona_x_initial_plan,2,0.00000000000000000000,0.00000000000000000000,0.00000000000000000000,0.00000000000000000000,0.00000000000000000000,39,5.13
2025-11-01,2026-02-01,3,Active,Professeur,plus,persona_x_initial_plan,7,150.00000000000000000000,705.76772399999735530000,0.00000000000000000000,13.07460383013698738700,868.84232783013434268700,7,100.0
2025-11-01,2026-02-01,3,Active,Professeur,start,persona_x_initial_plan,29,311.13000000000000000000,240.02117999999906403200,4.58000000000000000000,282.39508721643836546600,838.12626721643742949800,29,100.0
2025-11-01,2026-02-01,3,Active,Repair,free,persona_x_initial_plan,4,14.98000000000000000000,4.00291199999998400000,19.79999999999999700000,2.85381140164383570430,41.63672340164381670430,7,57.14
2025-11-01,2026-02-01,3,At-risk,Repair,free,persona_x_initial_plan,2,0.00000000000000000000,0.00000000000000000000,0.00000000000000000000,0.00000000000000000000,0.00000000000000000000,7,28.57
2025-11-01,2026-02-01,3,Churned proxy,Repair,free,persona_x_initial_plan,1,0.00000000000000000000,0.00000000000000000000,0.00000000000000000000,0.00000000000000000000,0.00000000000000000000,7,14.29
2025-11-01,2026-02-01,3,Active,Repair,start,persona_x_initial_plan,7,86.00000000000000000000,22.39858799999991130000,164.70000000000000000000,60.97052778849315725800,334.06911578849306855800,8,87.5
2025-11-01,2026-02-01,3,At-risk,Repair,start,persona_x_initial_plan,1,0.00000000000000000000,0.00000000000000000000,0.00000000000000000000,0.00000000000000000000,0.00000000000000000000,8,12.5
2025-11-01,2026-02-01,3,Active,Repair_Installation,free,persona_x_initial_plan,3,0.00000000000000000000,138.68114399999948000000,0.00000000000000000000,16.48842508109589290000,155.16956908109537290000,3,100.0
2025-11-01,2026-02-01,3,Active,Repair_Installation,plus,persona_x_initial_plan,1,25.00000000000000000000,36.33683399999986100000,0.00000000000000000000,14.59520997315068800000,75.93204397315054900000,1,100.0
2025-11-01,2026-02-01,3,Active,Repair_Installation,start,persona_x_initial_plan,5,48.00000000000000000000,142.45581599999945573000,0.00000000000000000000,146.79288426904109890000,337.24870026904055463000,5,100.0
2025-11-01,2026-02-01,3,Active,Restauration,free,persona_x_initial_plan,17,36.40000000000000000000,191.32511399999925540000,6.80000000000000000000,134.55896874958904834320,369.08408274958830374320,20,85.0
2025-11-01,2026-02-01,3,Churned proxy,Restauration,free,persona_x_initial_plan,3,0.00000000000000000000,0.00000000000000000000,0.00000000000000000000,0.00000000000000000000,0.00000000000000000000,20,15.0
2025-11-01,2026-02-01,3,Active,Restauration,plus,persona_x_initial_plan,8,200.00000000000000000000,763.28415539999699644000,2.00000000000000000000,118.10287121972606817735,1083.38702661972306461735,8,100.0
2025-11-01,2026-02-01,3,Active,Restauration,start,persona_x_initial_plan,27,282.00000000000000000000,1452.19256999999428656000,74.00000000000000000000,200.02722026191781488650,2008.21979026191210144650,31,87.1
2025-11-01,2026-02-01,3,At-risk,Restauration,start,persona_x_initial_plan,4,0.00000000000000000000,0.00000000000000000000,0.00000000000000000000,0.00000000000000000000,0.00000000000000000000,31,12.9
2025-11-01,2026-02-01,3,Active,Retail,business,persona_x_initial_plan,4,320.00000000000000000000,284.22925559999889000000,15.20000000000000000000,49.31105360876713166700,668.74030920876602166700,5,80.0
2025-11-01,2026-02-01,3,At-risk,Retail,business,persona_x_initial_plan,1,0.00000000000000000000,0.00000000000000000000,0.00000000000000000000,0.00000000000000000000,0.00000000000000000000,5,20.0
2025-11-01,2026-02-01,3,Active,Retail,free,persona_x_initial_plan,99,128.50000000000000000000,774.92588939999698735700,694.77999999999999840000,738.40908733698632191593,2336.61497673698330767293,110,90.0
2025-11-01,2026-02-01,3,At-risk,Retail,free,persona_x_initial_plan,6,0.00000000000000000000,0.00000000000000000000,0.00000000000000000000,0.00000000000000000000,0.00000000000000000000,110,5.45
2025-11-01,2026-02-01,3,Churned proxy,Retail,free,persona_x_initial_plan,4,0.00000000000000000000,0.00000000000000000000,0.00000000000000000000,0.00000000000000000000,0.00000000000000000000,110,3.64
2025-11-01,2026-02-01,3,Never monetized,Retail,free,persona_x_initial_plan,1,0.00000000000000000000,0.00000000000000000000,0.00000000000000000000,0.00000000000000000000,0.00000000000000000000,110,0.91
2025-11-01,2026-02-01,3,Active,Retail,plus,persona_x_initial_plan,37,826.66666666600000000000,2083.73067899999151233000,88.60000000000000000000,441.89046289315073087600,3440.88780855914224320600,45,82.22
2025-11-01,2026-02-01,3,At-risk,Retail,plus,persona_x_initial_plan,7,0.00000000000000000000,0.00000000000000000000,0.00000000000000000000,0.00000000000000000000,0.00000000000000000000,45,15.56
2025-11-01,2026-02-01,3,Churned proxy,Retail,plus,persona_x_initial_plan,1,0.00000000000000000000,0.00000000000000000000,0.00000000000000000000,0.00000000000000000000,0.00000000000000000000,45,2.22
2025-11-01,2026-02-01,3,Active,Retail,start,persona_x_initial_plan,141,1420.33333333300000000000,3057.03411119998799054400,368.48000000000000000000,5871.18792072054832004327,10717.03536525353631058727,161,87.58
2025-11-01,2026-02-01,3,At-risk,Retail,start,persona_x_initial_plan,15,0.00000000000000000000,0.00000000000000000000,0.00000000000000000000,0.00000000000000000000,0.00000000000000000000,161,9.32
2025-11-01,2026-02-01,3,Churned proxy,Retail,start,persona_x_initial_plan,4,0.00000000000000000000,0.00000000000000000000,0.00000000000000000000,0.00000000000000000000,0.00000000000000000000,161,2.48
2025-11-01,2026-02-01,3,Never monetized,Retail,start,persona_x_initial_plan,1,0.00000000000000000000,0.00000000000000000000,0.00000000000000000000,0.00000000000000000000,0.00000000000000000000,161,0.62
2025-11-01,2026-02-01,3,Active,Wholesale,business,persona_x_initial_plan,4,320.00000000000000000000,135.46276199999951000000,628.24000000000000000000,8.84227944767123439900,1092.54504144767074439900,4,100.0
2025-11-01,2026-02-01,3,Active,Wholesale,free,persona_x_initial_plan,18,29.05000000000000000000,126.92703599999949937000,42.00000000000000000000,58.07512490246576076000,256.05216090246526013000,18,100.0
2025-11-01,2026-02-01,3,Active,Wholesale,plus,persona_x_initial_plan,15,335.00000000000000000000,2474.03717999999028435000,40.70000000000000200000,155.97226223068494956080,3005.70944223067523591080,17,88.24
2025-11-01,2026-02-01,3,At-risk,Wholesale,plus,persona_x_initial_plan,2,0.00000000000000000000,0.00000000000000000000,0.00000000000000000000,0.00000000000000000000,0.00000000000000000000,17,11.76
2025-11-01,2026-02-01,3,Active,Wholesale,start,persona_x_initial_plan,21,216.00000000000000000000,1304.23280399999504665000,114.02000000000000000000,1038.56426815616457401100,2672.81707215615962066100,23,91.3
2025-11-01,2026-02-01,3,At-risk,Wholesale,start,persona_x_initial_plan,1,0.00000000000000000000,0.00000000000000000000,0.00000000000000000000,0.00000000000000000000,0.00000000000000000000,23,4.35
2025-11-01,2026-02-01,3,Never monetized,Wholesale,start,persona_x_initial_plan,1,0.00000000000000000000,0.00000000000000000000,0.00000000000000000000,0.00000000000000000000,0.00000000000000000000,23,4.35
2025-11-01,2026-03-01,4,Active,ALL,business,initial_plan,34,2571.00000000000000000000,3269.52467999998422383000,832.02000000000000000000,427.32694483232884710432,7099.87162483231307093432,50,68.0
2025-11-01,2026-03-01,4,At-risk,ALL,business,initial_plan,6,0.00000000000000000000,0.00000000000000000000,0.00000000000000000000,0.00000000000000000000,0.00000000000000000000,50,12.0
2025-11-01,2026-03-01,4,Churned proxy,ALL,business,initial_plan,10,0.00000000000000000000,0.00000000000000000000,0.00000000000000000000,0.00000000000000000000,0.00000000000000000000,50,20.0
2025-11-01,2026-03-01,4,Active,ALL,free,initial_plan,814,655.83125000000000000000,7116.16025699996564912900,2851.70000000000000150000,11473.23370310191861819854,22096.92521010188426882754,926,87.9
2025-11-01,2026-03-01,4,At-risk,ALL,free,initial_plan,51,0.00000000000000000000,0.00000000000000000000,0.00000000000000000000,0.00000000000000000000,0.00000000000000000000,926,5.51
2025-11-01,2026-03-01,4,Churned proxy,ALL,free,initial_plan,58,0.00000000000000000000,0.00000000000000000000,0.00000000000000000000,0.00000000000000000000,0.00000000000000000000,926,6.26
2025-11-01,2026-03-01,4,Never monetized,ALL,free,initial_plan,3,0.00000000000000000000,0.00000000000000000000,0.00000000000000000000,0.00000000000000000000,0.00000000000000000000,926,0.32
2025-11-01,2026-03-01,4,Active,ALL,plus,initial_plan,302,7062.67862499800000000000,12538.39046759993935407800,4764.59999999999999900000,6240.67071505972662903436,30606.33980765766598211236,361,83.66
2025-11-01,2026-03-01,4,At-risk,ALL,plus,initial_plan,32,0.00000000000000000000,0.00000000000000000000,0.00000000000000000000,0.00000000000000000000,0.00000000000000000000,361,8.86
2025-11-01,2026-03-01,4,Churned proxy,ALL,plus,initial_plan,26,0.00000000000000000000,0.00000000000000000000,0.00000000000000000000,0.00000000000000000000,0.00000000000000000000,361,7.2
2025-11-01,2026-03-01,4,Never monetized,ALL,plus,initial_plan,1,0.00000000000000000000,0.00000000000000000000,0.00000000000000000000,0.00000000000000000000,0.00000000000000000000,361,0.28
2025-11-01,2026-03-01,4,Active,ALL,start,initial_plan,996,10402.57999999999999800000,19610.33871779990450388900,4640.49999999999999650000,21784.57589920986290753499,56437.99461700976740592399,1098,90.71
2025-11-01,2026-03-01,4,At-risk,ALL,start,initial_plan,48,0.00000000000000000000,0.00000000000000000000,0.00000000000000000000,0.00000000000000000000,0.00000000000000000000,1098,4.37
2025-11-01,2026-03-01,4,Churned proxy,ALL,start,initial_plan,51,0.00000000000000000000,0.00000000000000000000,0.00000000000000000000,0.00000000000000000000,0.00000000000000000000,1098,4.64
2025-11-01,2026-03-01,4,Never monetized,ALL,start,initial_plan,3,0.00000000000000000000,0.00000000000000000000,0.00000000000000000000,0.00000000000000000000,0.00000000000000000000,1098,0.27
2025-11-01,2026-03-01,4,Active,ALL,ALL,overall,2146,20692.08987499799999800000,42534.41412239979373092600,13088.81999999999999700000,39925.80726220383700187221,116241.13125960163072779821,2435,88.13
2025-11-01,2026-03-01,4,At-risk,ALL,ALL,overall,137,0.00000000000000000000,0.00000000000000000000,0.00000000000000000000,0.00000000000000000000,0.00000000000000000000,2435,5.63
2025-11-01,2026-03-01,4,Churned proxy,ALL,ALL,overall,145,0.00000000000000000000,0.00000000000000000000,0.00000000000000000000,0.00000000000000000000,0.00000000000000000000,2435,5.95
2025-11-01,2026-03-01,4,Never monetized,ALL,ALL,overall,7,0.00000000000000000000,0.00000000000000000000,0.00000000000000000000,0.00000000000000000000,0.00000000000000000000,2435,0.29
2025-11-01,2026-03-01,4,Active,Automobile_Trade_Repair,ALL,persona,74,1020.00000000000000000000,3271.96658519998393394300,511.24000000000000000000,527.95728073972608375526,5331.16386593971001769826,94,78.72
2025-11-01,2026-03-01,4,At-risk,Automobile_Trade_Repair,ALL,persona,12,0.00000000000000000000,0.00000000000000000000,0.00000000000000000000,0.00000000000000000000,0.00000000000000000000,94,12.77
2025-11-01,2026-03-01,4,Churned proxy,Automobile_Trade_Repair,ALL,persona,7,0.00000000000000000000,0.00000000000000000000,0.00000000000000000000,0.00000000000000000000,0.00000000000000000000,94,7.45
2025-11-01,2026-03-01,4,Never monetized,Automobile_Trade_Repair,ALL,persona,1,0.00000000000000000000,0.00000000000000000000,0.00000000000000000000,0.00000000000000000000,0.00000000000000000000,94,1.06
2025-11-01,2026-03-01,4,Active,BTP,ALL,persona,396,4488.91000000000000000000,11379.19388399994472076000,1845.88000000000000200000,7199.25435810794568852789,24913.23824210789041128789,450,88.0
2025-11-01,2026-03-01,4,At-risk,BTP,ALL,persona,29,0.00000000000000000000,0.00000000000000000000,0.00000000000000000000,0.00000000000000000000,0.00000000000000000000,450,6.44
2025-11-01,2026-03-01,4,Churned proxy,BTP,ALL,persona,24,0.00000000000000000000,0.00000000000000000000,0.00000000000000000000,0.00000000000000000000,0.00000000000000000000,450,5.33
2025-11-01,2026-03-01,4,Never monetized,BTP,ALL,persona,1,0.00000000000000000000,0.00000000000000000000,0.00000000000000000000,0.00000000000000000000,0.00000000000000000000,450,0.22
2025-11-01,2026-03-01,4,Active,Bankers_Insurance,ALL,persona,29,120.00000000000000000000,177.25827599999913850000,14.40000000000000000000,1089.25039721260294981400,1400.90867321260208831400,32,90.63
2025-11-01,2026-03-01,4,At-risk,Bankers_Insurance,ALL,persona,1,0.00000000000000000000,0.00000000000000000000,0.00000000000000000000,0.00000000000000000000,0.00000000000000000000,32,3.13
2025-11-01,2026-03-01,4,Churned proxy,Bankers_Insurance,ALL,persona,2,0.00000000000000000000,0.00000000000000000000,0.00000000000000000000,0.00000000000000000000,0.00000000000000000000,32,6.25
2025-11-01,2026-03-01,4,Active,Bikers_Drivers,ALL,persona,115,1166.95000000000000000000,2496.10827599998812614600,1087.68000000000000000000,499.70826015671235451914,5250.44653615670048066514,157,73.25
2025-11-01,2026-03-01,4,At-risk,Bikers_Drivers,ALL,persona,14,0.00000000000000000000,0.00000000000000000000,0.00000000000000000000,0.00000000000000000000,0.00000000000000000000,157,8.92
2025-11-01,2026-03-01,4,Churned proxy,Bikers_Drivers,ALL,persona,27,0.00000000000000000000,0.00000000000000000000,0.00000000000000000000,0.00000000000000000000,0.00000000000000000000,157,17.2
2025-11-01,2026-03-01,4,Never monetized,Bikers_Drivers,ALL,persona,1,0.00000000000000000000,0.00000000000000000000,0.00000000000000000000,0.00000000000000000000,0.00000000000000000000,157,0.64
2025-11-01,2026-03-01,4,Active,Cleaning_CallCenters,ALL,persona,16,219.00000000000000000000,172.84751999999915180000,0.00000000000000000000,26.93036795013698635640,418.77788795013613815640,16,100.0
2025-11-01,2026-03-01,4,Active,Consultant,ALL,persona,401,3342.52216666599999800000,5047.15338539997552009500,1003.03999999999999950000,9514.43941020054876703495,18907.15496226652428462995,436,91.97
2025-11-01,2026-03-01,4,At-risk,Consultant,ALL,persona,18,0.00000000000000000000,0.00000000000000000000,0.00000000000000000000,0.00000000000000000000,0.00000000000000000000,436,4.13
2025-11-01,2026-03-01,4,Churned proxy,Consultant,ALL,persona,17,0.00000000000000000000,0.00000000000000000000,0.00000000000000000000,0.00000000000000000000,0.00000000000000000000,436,3.9
2025-11-01,2026-03-01,4,Active,Developer_IT,ALL,persona,220,1646.96000000000000000000,2329.84951919998877272500,272.12000000000000500000,5544.11342444931551220891,9793.04294364930428993391,230,95.65
2025-11-01,2026-03-01,4,At-risk,Developer_IT,ALL,persona,3,0.00000000000000000000,0.00000000000000000000,0.00000000000000000000,0.00000000000000000000,0.00000000000000000000,230,1.3
2025-11-01,2026-03-01,4,Churned proxy,Developer_IT,ALL,persona,7,0.00000000000000000000,0.00000000000000000000,0.00000000000000000000,0.00000000000000000000,0.00000000000000000000,230,3.04
2025-11-01,2026-03-01,4,Active,Media_Publishing,ALL,persona,84,545.00000000000000000000,851.20516799999587487300,71.66000000000000000000,2494.61906885315074356012,3962.48423685314661843312,89,94.38
2025-11-01,2026-03-01,4,At-risk,Media_Publishing,ALL,persona,2,0.00000000000000000000,0.00000000000000000000,0.00000000000000000000,0.00000000000000000000,0.00000000000000000000,89,2.25
2025-11-01,2026-03-01,4,Churned proxy,Media_Publishing,ALL,persona,3,0.00000000000000000000,0.00000000000000000000,0.00000000000000000000,0.00000000000000000000,0.00000000000000000000,89,3.37
2025-11-01,2026-03-01,4,Active,Medical_Professionals,ALL,persona,27,150.80875000000000000000,352.31435999999830718000,42.00000000000000000000,603.25144808219189153400,1148.37455808219019871400,29,93.1
2025-11-01,2026-03-01,4,At-risk,Medical_Professionals,ALL,persona,2,0.00000000000000000000,0.00000000000000000000,0.00000000000000000000,0.00000000000000000000,0.00000000000000000000,29,6.9
2025-11-01,2026-03-01,4,Active,Others,ALL,persona,313,3254.00895833300000000000,5385.01438619997393504100,3016.39999999999999600000,3461.55086470575347868428,15116.97420923872740972528,361,86.7
2025-11-01,2026-03-01,4,At-risk,Others,ALL,persona,23,0.00000000000000000000,0.00000000000000000000,0.00000000000000000000,0.00000000000000000000,0.00000000000000000000,361,6.37
2025-11-01,2026-03-01,4,Churned proxy,Others,ALL,persona,24,0.00000000000000000000,0.00000000000000000000,0.00000000000000000000,0.00000000000000000000,0.00000000000000000000,361,6.65
2025-11-01,2026-03-01,4,Never monetized,Others,ALL,persona,1,0.00000000000000000000,0.00000000000000000000,0.00000000000000000000,0.00000000000000000000,0.00000000000000000000,361,0.28
2025-11-01,2026-03-01,4,Active,Professeur,ALL,persona,67,511.00000000000000000000,499.80603599999758996000,147.90000000000000000000,488.56860125095889448020,1647.27463725095648444020,75,89.33
2025-11-01,2026-03-01,4,At-risk,Professeur,ALL,persona,6,0.00000000000000000000,0.00000000000000000000,0.00000000000000000000,0.00000000000000000000,0.00000000000000000000,75,8.0
2025-11-01,2026-03-01,4,Churned proxy,Professeur,ALL,persona,2,0.00000000000000000000,0.00000000000000000000,0.00000000000000000000,0.00000000000000000000,0.00000000000000000000,75,2.67
2025-11-01,2026-03-01,4,Active,Repair,ALL,persona,11,97.00000000000000000000,146.23468199999928630000,51.00000000000000000000,142.43271451780822501290,436.66739651780751131290,15,73.33
2025-11-01,2026-03-01,4,At-risk,Repair,ALL,persona,2,0.00000000000000000000,0.00000000000000000000,0.00000000000000000000,0.00000000000000000000,0.00000000000000000000,15,13.33
2025-11-01,2026-03-01,4,Churned proxy,Repair,ALL,persona,2,0.00000000000000000000,0.00000000000000000000,0.00000000000000000000,0.00000000000000000000,0.00000000000000000000,15,13.33
2025-11-01,2026-03-01,4,Active,Repair_Installation,ALL,persona,9,73.00000000000000000000,212.18077799999894590000,45.39999999999999600000,191.18663315726027310000,521.76741115725921500000,9,100.0
2025-11-01,2026-03-01,4,Active,Restauration,ALL,persona,52,529.00000000000000000000,1932.16201199999071739500,1036.62000000000000000000,639.90402371178091830643,4137.68603571177163570143,59,88.14
2025-11-01,2026-03-01,4,At-risk,Restauration,ALL,persona,2,0.00000000000000000000,0.00000000000000000000,0.00000000000000000000,0.00000000000000000000,0.00000000000000000000,59,3.39
2025-11-01,2026-03-01,4,Churned proxy,Restauration,ALL,persona,5,0.00000000000000000000,0.00000000000000000000,0.00000000000000000000,0.00000000000000000000,0.00000000000000000000,59,8.47
2025-11-01,2026-03-01,4,Active,Retail,ALL,persona,275,2599.99999999900000000000,6164.12467799996992616800,3256.19999999999999950000,6867.92992625424560821573,18888.25460425321553388373,321,85.67
2025-11-01,2026-03-01,4,At-risk,Retail,ALL,persona,20,0.00000000000000000000,0.00000000000000000000,0.00000000000000000000,0.00000000000000000000,0.00000000000000000000,321,6.23
2025-11-01,2026-03-01,4,Churned proxy,Retail,ALL,persona,24,0.00000000000000000000,0.00000000000000000000,0.00000000000000000000,0.00000000000000000000,0.00000000000000000000,321,7.48
2025-11-01,2026-03-01,4,Never monetized,Retail,ALL,persona,2,0.00000000000000000000,0.00000000000000000000,0.00000000000000000000,0.00000000000000000000,0.00000000000000000000,321,0.62
2025-11-01,2026-03-01,4,Active,Wholesale,ALL,persona,57,927.93000000000000000000,2116.99457639998978414000,687.27999999999999900000,634.71048285369862676200,4366.91505925368840990200,62,91.94
2025-11-01,2026-03-01,4,At-risk,Wholesale,ALL,persona,3,0.00000000000000000000,0.00000000000000000000,0.00000000000000000000,0.00000000000000000000,0.00000000000000000000,62,4.84
2025-11-01,2026-03-01,4,Churned proxy,Wholesale,ALL,persona,1,0.00000000000000000000,0.00000000000000000000,0.00000000000000000000,0.00000000000000000000,0.00000000000000000000,62,1.61
2025-11-01,2026-03-01,4,Never monetized,Wholesale,ALL,persona,1,0.00000000000000000000,0.00000000000000000000,0.00000000000000000000,0.00000000000000000000,0.00000000000000000000,62,1.61
2025-11-01,2026-03-01,4,Active,Automobile_Trade_Repair,business,persona_x_initial_plan,2,160.00000000000000000000,878.96888999999555000000,0.00000000000000000000,55.40514922356165450660,1094.37403922355720450660,5,40.0
2025-11-01,2026-03-01,4,At-risk,Automobile_Trade_Repair,business,persona_x_initial_plan,1,0.00000000000000000000,0.00000000000000000000,0.00000000000000000000,0.00000000000000000000,0.00000000000000000000,5,20.0
2025-11-01,2026-03-01,4,Churned proxy,Automobile_Trade_Repair,business,persona_x_initial_plan,2,0.00000000000000000000,0.00000000000000000000,0.00000000000000000000,0.00000000000000000000,0.00000000000000000000,5,40.0
2025-11-01,2026-03-01,4,Active,Automobile_Trade_Repair,free,persona_x_initial_plan,22,11.00000000000000000000,346.84304399999830009400,128.40000000000000000000,36.49872315561644072640,522.74176715561474082040,29,75.86
2025-11-01,2026-03-01,4,At-risk,Automobile_Trade_Repair,free,persona_x_initial_plan,4,0.00000000000000000000,0.00000000000000000000,0.00000000000000000000,0.00000000000000000000,0.00000000000000000000,29,13.79
2025-11-01,2026-03-01,4,Churned proxy,Automobile_Trade_Repair,free,persona_x_initial_plan,3,0.00000000000000000000,0.00000000000000000000,0.00000000000000000000,0.00000000000000000000,0.00000000000000000000,29,10.34
2025-11-01,2026-03-01,4,Active,Automobile_Trade_Repair,plus,persona_x_initial_plan,23,570.00000000000000000000,736.30226159999648073300,257.40000000000000000000,319.78837973589044022834,1883.49064133588692096134,27,85.19
2025-11-01,2026-03-01,4,At-risk,Automobile_Trade_Repair,plus,persona_x_initial_plan,3,0.00000000000000000000,0.00000000000000000000,0.00000000000000000000,0.00000000000000000000,0.00000000000000000000,27,11.11
2025-11-01,2026-03-01,4,Churned proxy,Automobile_Trade_Repair,plus,persona_x_initial_plan,1,0.00000000000000000000,0.00000000000000000000,0.00000000000000000000,0.00000000000000000000,0.00000000000000000000,27,3.7
2025-11-01,2026-03-01,4,Active,Automobile_Trade_Repair,start,persona_x_initial_plan,27,279.00000000000000000000,1309.85238959999360311600,125.44000000000000000000,116.26502862465754829392,1830.55741822465115140992,33,81.82
2025-11-01,2026-03-01,4,At-risk,Automobile_Trade_Repair,start,persona_x_initial_plan,4,0.00000000000000000000,0.00000000000000000000,0.00000000000000000000,0.00000000000000000000,0.00000000000000000000,33,12.12
2025-11-01,2026-03-01,4,Churned proxy,Automobile_Trade_Repair,start,persona_x_initial_plan,1,0.00000000000000000000,0.00000000000000000000,0.00000000000000000000,0.00000000000000000000,0.00000000000000000000,33,3.03
2025-11-01,2026-03-01,4,Never monetized,Automobile_Trade_Repair,start,persona_x_initial_plan,1,0.00000000000000000000,0.00000000000000000000,0.00000000000000000000,0.00000000000000000000,0.00000000000000000000,33,3.03
2025-11-01,2026-03-01,4,Active,BTP,business,persona_x_initial_plan,7,491.00000000000000000000,675.08552339999684600000,10.26000000000000000000,262.48215498027404324130,1438.82767838027088924130,12,58.33
2025-11-01,2026-03-01,4,At-risk,BTP,business,persona_x_initial_plan,4,0.00000000000000000000,0.00000000000000000000,0.00000000000000000000,0.00000000000000000000,0.00000000000000000000,12,33.33
2025-11-01,2026-03-01,4,Churned proxy,BTP,business,persona_x_initial_plan,1,0.00000000000000000000,0.00000000000000000000,0.00000000000000000000,0.00000000000000000000,0.00000000000000000000,12,8.33
2025-11-01,2026-03-01,4,Active,BTP,free,persona_x_initial_plan,129,83.19000000000000000000,1645.11511199999207460000,1102.22000000000000200000,3508.90518194794537174820,6339.43029394793744834820,147,87.76
2025-11-01,2026-03-01,4,At-risk,BTP,free,persona_x_initial_plan,9,0.00000000000000000000,0.00000000000000000000,0.00000000000000000000,0.00000000000000000000,0.00000000000000000000,147,6.12
2025-11-01,2026-03-01,4,Churned proxy,BTP,free,persona_x_initial_plan,8,0.00000000000000000000,0.00000000000000000000,0.00000000000000000000,0.00000000000000000000,0.00000000000000000000,147,5.44
2025-11-01,2026-03-01,4,Never monetized,BTP,free,persona_x_initial_plan,1,0.00000000000000000000,0.00000000000000000000,0.00000000000000000000,0.00000000000000000000,0.00000000000000000000,147,0.68
2025-11-01,2026-03-01,4,Active,BTP,plus,persona_x_initial_plan,81,1925.00000000000000000000,3593.98014299998272274000,217.44000000000000000000,1163.73903987616444864390,6900.15918287614717138390,93,87.1
2025-11-01,2026-03-01,4,At-risk,BTP,plus,persona_x_initial_plan,7,0.00000000000000000000,0.00000000000000000000,0.00000000000000000000,0.00000000000000000000,0.00000000000000000000,93,7.53
2025-11-01,2026-03-01,4,Churned proxy,BTP,plus,persona_x_initial_plan,5,0.00000000000000000000,0.00000000000000000000,0.00000000000000000000,0.00000000000000000000,0.00000000000000000000,93,5.38
2025-11-01,2026-03-01,4,Active,BTP,start,persona_x_initial_plan,179,1989.72000000000000000000,5465.01310559997307742000,515.96000000000000000000,2264.12798130356182489449,10234.82108690353490231449,198,90.4
2025-11-01,2026-03-01,4,At-risk,BTP,start,persona_x_initial_plan,9,0.00000000000000000000,0.00000000000000000000,0.00000000000000000000,0.00000000000000000000,0.00000000000000000000,198,4.55
2025-11-01,2026-03-01,4,Churned proxy,BTP,start,persona_x_initial_plan,10,0.00000000000000000000,0.00000000000000000000,0.00000000000000000000,0.00000000000000000000,0.00000000000000000000,198,5.05
2025-11-01,2026-03-01,4,Active,Bankers_Insurance,free,persona_x_initial_plan,17,0.00000000000000000000,98.61670799999951720000,14.40000000000000000000,615.99745568383572101000,729.01416368383523821000,20,85.0
2025-11-01,2026-03-01,4,At-risk,Bankers_Insurance,free,persona_x_initial_plan,1,0.00000000000000000000,0.00000000000000000000,0.00000000000000000000,0.00000000000000000000,0.00000000000000000000,20,5.0
2025-11-01,2026-03-01,4,Churned proxy,Bankers_Insurance,free,persona_x_initial_plan,2,0.00000000000000000000,0.00000000000000000000,0.00000000000000000000,0.00000000000000000000,0.00000000000000000000,20,10.0
2025-11-01,2026-03-01,4,Active,Bankers_Insurance,start,persona_x_initial_plan,12,120.00000000000000000000,78.64156799999962130000,0.00000000000000000000,473.25294152876722880400,671.89450952876685010400,12,100.0
2025-11-01,2026-03-01,4,Active,Bikers_Drivers,business,persona_x_initial_plan,3,160.00000000000000000000,1028.97181799999517713000,569.70000000000000000000,10.80612565863013494000,1769.47794365862531207000,6,50.0
2025-11-01,2026-03-01,4,Churned proxy,Bikers_Drivers,business,persona_x_initial_plan,3,0.00000000000000000000,0.00000000000000000000,0.00000000000000000000,0.00000000000000000000,0.00000000000000000000,6,50.0
2025-11-01,2026-03-01,4,Active,Bikers_Drivers,free,persona_x_initial_plan,40,9.95000000000000000000,342.27388799999831490000,123.18000000000000000000,46.30743339452055026840,521.71132139451886516840,56,71.43
2025-11-01,2026-03-01,4,At-risk,Bikers_Drivers,free,persona_x_initial_plan,7,0.00000000000000000000,0.00000000000000000000,0.00000000000000000000,0.00000000000000000000,0.00000000000000000000,56,12.5
2025-11-01,2026-03-01,4,Churned proxy,Bikers_Drivers,free,persona_x_initial_plan,9,0.00000000000000000000,0.00000000000000000000,0.00000000000000000000,0.00000000000000000000,0.00000000000000000000,56,16.07
2025-11-01,2026-03-01,4,Active,Bikers_Drivers,plus,persona_x_initial_plan,21,460.33333333300000000000,313.32569399999849155600,154.28000000000000000000,181.94183596821919739205,1109.88086330121768894805,33,63.64
2025-11-01,2026-03-01,4,At-risk,Bikers_Drivers,plus,persona_x_initial_plan,3,0.00000000000000000000,0.00000000000000000000,0.00000000000000000000,0.00000000000000000000,0.00000000000000000000,33,9.09
2025-11-01,2026-03-01,4,Churned proxy,Bikers_Drivers,plus,persona_x_initial_plan,8,0.00000000000000000000,0.00000000000000000000,0.00000000000000000000,0.00000000000000000000,0.00000000000000000000,33,24.24
2025-11-01,2026-03-01,4,Never monetized,Bikers_Drivers,plus,persona_x_initial_plan,1,0.00000000000000000000,0.00000000000000000000,0.00000000000000000000,0.00000000000000000000,0.00000000000000000000,33,3.03
2025-11-01,2026-03-01,4,Active,Bikers_Drivers,start,persona_x_initial_plan,51,536.66666666700000000000,811.53687599999614256000,240.52000000000000000000,260.65286513534247191869,1849.37640780233861447869,62,82.26
2025-11-01,2026-03-01,4,At-risk,Bikers_Drivers,start,persona_x_initial_plan,4,0.00000000000000000000,0.00000000000000000000,0.00000000000000000000,0.00000000000000000000,0.00000000000000000000,62,6.45
2025-11-01,2026-03-01,4,Churned proxy,Bikers_Drivers,start,persona_x_initial_plan,7,0.00000000000000000000,0.00000000000000000000,0.00000000000000000000,0.00000000000000000000,0.00000000000000000000,62,11.29
2025-11-01,2026-03-01,4,Active,Cleaning_CallCenters,business,persona_x_initial_plan,1,80.00000000000000000000,0.00000000000000000000,0.00000000000000000000,2.97485633863013770000,82.97485633863013770000,1,100.0
2025-11-01,2026-03-01,4,Active,Cleaning_CallCenters,free,persona_x_initial_plan,5,0.00000000000000000000,0.00000000000000000000,0.00000000000000000000,4.71793293424657502780,4.71793293424657502780,5,100.0
2025-11-01,2026-03-01,4,Active,Cleaning_CallCenters,plus,persona_x_initial_plan,4,75.00000000000000000000,58.55929199999971200000,-9.60000000000000000000,0.56476453643835612460,124.52405653643806812460,4,100.0
2025-11-01,2026-03-01,4,Active,Cleaning_CallCenters,start,persona_x_initial_plan,6,64.00000000000000000000,114.28822799999943980000,9.60000000000000000000,18.67281414082191750400,206.56104214082135730400,6,100.0
2025-11-01,2026-03-01,4,Active,Consultant,business,persona_x_initial_plan,5,400.00000000000000000000,0.00000000000000000000,0.00000000000000000000,17.99080910027397200600,417.99080910027397200600,5,100.0
2025-11-01,2026-03-01,4,Active,Consultant,free,persona_x_initial_plan,165,117.10250000000000000000,1183.90936139999424760400,454.69999999999999950000,2515.18950069041113597041,4270.90136209040538307441,184,89.67
2025-11-01,2026-03-01,4,At-risk,Consultant,free,persona_x_initial_plan,9,0.00000000000000000000,0.00000000000000000000,0.00000000000000000000,0.00000000000000000000,0.00000000000000000000,184,4.89
2025-11-01,2026-03-01,4,Churned proxy,Consultant,free,persona_x_initial_plan,10,0.00000000000000000000,0.00000000000000000000,0.00000000000000000000,0.00000000000000000000,0.00000000000000000000,184,5.43
2025-11-01,2026-03-01,4,Active,Consultant,plus,persona_x_initial_plan,39,893.27966666600000000000,1371.62897999999335847000,355.10000000000000000000,1149.68433651178098085400,3769.69298317777433932400,41,95.12
2025-11-01,2026-03-01,4,At-risk,Consultant,plus,persona_x_initial_plan,1,0.00000000000000000000,0.00000000000000000000,0.00000000000000000000,0.00000000000000000000,0.00000000000000000000,41,2.44
2025-11-01,2026-03-01,4,Churned proxy,Consultant,plus,persona_x_initial_plan,1,0.00000000000000000000,0.00000000000000000000,0.00000000000000000000,0.00000000000000000000,0.00000000000000000000,41,2.44
2025-11-01,2026-03-01,4,Active,Consultant,start,persona_x_initial_plan,192,1932.13999999999999800000,2491.61504399998791402100,193.24000000000000000000,5831.57476389808267820454,10448.56980789807059022554,206,93.2
2025-11-01,2026-03-01,4,At-risk,Consultant,start,persona_x_initial_plan,8,0.00000000000000000000,0.00000000000000000000,0.00000000000000000000,0.00000000000000000000,0.00000000000000000000,206,3.88
2025-11-01,2026-03-01,4,Churned proxy,Consultant,start,persona_x_initial_plan,6,0.00000000000000000000,0.00000000000000000000,0.00000000000000000000,0.00000000000000000000,0.00000000000000000000,206,2.91
2025-11-01,2026-03-01,4,Active,Developer_IT,business,persona_x_initial_plan,3,240.00000000000000000000,121.21070399999941380000,0.00000000000000000000,31.14494001041096450689,392.35564401041037830689,4,75.0
2025-11-01,2026-03-01,4,Churned proxy,Developer_IT,business,persona_x_initial_plan,1,0.00000000000000000000,0.00000000000000000000,0.00000000000000000000,0.00000000000000000000,0.00000000000000000000,4,25.0
2025-11-01,2026-03-01,4,Active,Developer_IT,free,persona_x_initial_plan,95,65.39000000000000000000,657.81187019999684030600,83.82000000000000000000,2498.27453139506866923544,3305.29640159506550954144,99,95.96
2025-11-01,2026-03-01,4,At-risk,Developer_IT,free,persona_x_initial_plan,1,0.00000000000000000000,0.00000000000000000000,0.00000000000000000000,0.00000000000000000000,0.00000000000000000000,99,1.01
2025-11-01,2026-03-01,4,Churned proxy,Developer_IT,free,persona_x_initial_plan,3,0.00000000000000000000,0.00000000000000000000,0.00000000000000000000,0.00000000000000000000,0.00000000000000000000,99,3.03
2025-11-01,2026-03-01,4,Active,Developer_IT,plus,persona_x_initial_plan,12,279.90000000000000000000,238.70904659999882925500,14.90000000000000000000,371.19353751397269572200,904.70258411397152497700,14,85.71
2025-11-01,2026-03-01,4,At-risk,Developer_IT,plus,persona_x_initial_plan,2,0.00000000000000000000,0.00000000000000000000,0.00000000000000000000,0.00000000000000000000,0.00000000000000000000,14,14.29
2025-11-01,2026-03-01,4,Active,Developer_IT,start,persona_x_initial_plan,110,1061.67000000000000000000,1312.11789839999368936400,173.40000000000000500000,2643.50041552986318274458,5190.68831392985687710858,113,97.35
2025-11-01,2026-03-01,4,Churned proxy,Developer_IT,start,persona_x_initial_plan,3,0.00000000000000000000,0.00000000000000000000,0.00000000000000000000,0.00000000000000000000,0.00000000000000000000,113,2.65
2025-11-01,2026-03-01,4,Active,Media_Publishing,business,persona_x_initial_plan,1,80.00000000000000000000,0.00000000000000000000,0.00000000000000000000,0.12202232383561641000,80.12202232383561641000,1,100.0
2025-11-01,2026-03-01,4,Active,Media_Publishing,free,persona_x_initial_plan,43,11.00000000000000000000,173.01848399999916445000,51.64000000000000000000,264.85046868931506968732,500.50895268931423413732,45,95.56
2025-11-01,2026-03-01,4,Churned proxy,Media_Publishing,free,persona_x_initial_plan,2,0.00000000000000000000,0.00000000000000000000,0.00000000000000000000,0.00000000000000000000,0.00000000000000000000,45,4.44
2025-11-01,2026-03-01,4,Active,Media_Publishing,plus,persona_x_initial_plan,6,100.00000000000000000000,38.28014999999982000000,0.00000000000000000000,693.45081766958909100000,831.73096766958891100000,7,85.71
2025-11-01,2026-03-01,4,At-risk,Media_Publishing,plus,persona_x_initial_plan,1,0.00000000000000000000,0.00000000000000000000,0.00000000000000000000,0.00000000000000000000,0.00000000000000000000,7,14.29
2025-11-01,2026-03-01,4,Active,Media_Publishing,start,persona_x_initial_plan,34,354.00000000000000000000,639.90653399999689042300,20.02000000000000000000,1536.19576017041096646280,2550.12229417040785688580,36,94.44
2025-11-01,2026-03-01,4,At-risk,Media_Publishing,start,persona_x_initial_plan,1,0.00000000000000000000,0.00000000000000000000,0.00000000000000000000,0.00000000000000000000,0.00000000000000000000,36,2.78
2025-11-01,2026-03-01,4,Churned proxy,Media_Publishing,start,persona_x_initial_plan,1,0.00000000000000000000,0.00000000000000000000,0.00000000000000000000,0.00000000000000000000,0.00000000000000000000,36,2.78
2025-11-01,2026-03-01,4,Active,Medical_Professionals,free,persona_x_initial_plan,13,7.80875000000000000000,103.97870999999948948000,36.00000000000000000000,67.33466948164384543900,215.12212948164333491900,13,100.0
2025-11-01,2026-03-01,4,Active,Medical_Professionals,plus,persona_x_initial_plan,1,0.00000000000000000000,10.65954599999994700000,0.00000000000000000000,329.08232767945213000000,339.74187367945207700000,1,100.0
2025-11-01,2026-03-01,4,Active,Medical_Professionals,start,persona_x_initial_plan,13,143.00000000000000000000,237.67610399999887070000,6.00000000000000000000,206.83445092109591609500,593.51055492109478679500,15,86.67
2025-11-01,2026-03-01,4,At-risk,Medical_Professionals,start,persona_x_initial_plan,2,0.00000000000000000000,0.00000000000000000000,0.00000000000000000000,0.00000000000000000000,0.00000000000000000000,15,13.33
2025-11-01,2026-03-01,4,Active,Others,business,persona_x_initial_plan,4,320.00000000000000000000,0.00000000000000000000,250.00000000000000000000,0.66263440109589043413,570.66263440109589043413,7,57.14
2025-11-01,2026-03-01,4,At-risk,Others,business,persona_x_initial_plan,1,0.00000000000000000000,0.00000000000000000000,0.00000000000000000000,0.00000000000000000000,0.00000000000000000000,7,14.29
2025-11-01,2026-03-01,4,Churned proxy,Others,business,persona_x_initial_plan,2,0.00000000000000000000,0.00000000000000000000,0.00000000000000000000,0.00000000000000000000,0.00000000000000000000,7,28.57
2025-11-01,2026-03-01,4,Active,Others,free,persona_x_initial_plan,113,103.46000000000000000000,1166.87393279999440270800,248.28000000000000000000,783.32271105150687600590,2301.93664385150127871390,131,86.26
2025-11-01,2026-03-01,4,At-risk,Others,free,persona_x_initial_plan,9,0.00000000000000000000,0.00000000000000000000,0.00000000000000000000,0.00000000000000000000,0.00000000000000000000,131,6.87
2025-11-01,2026-03-01,4,Churned proxy,Others,free,persona_x_initial_plan,8,0.00000000000000000000,0.00000000000000000000,0.00000000000000000000,0.00000000000000000000,0.00000000000000000000,131,6.11
2025-11-01,2026-03-01,4,Never monetized,Others,free,persona_x_initial_plan,1,0.00000000000000000000,0.00000000000000000000,0.00000000000000000000,0.00000000000000000000,0.00000000000000000000,131,0.76
2025-11-01,2026-03-01,4,Active,Others,plus,persona_x_initial_plan,49,1222.49895833300000000000,1734.04711799999148873400,611.82000000000000000000,959.78044291287665580244,4528.14651924586814453644,63,77.78
2025-11-01,2026-03-01,4,At-risk,Others,plus,persona_x_initial_plan,8,0.00000000000000000000,0.00000000000000000000,0.00000000000000000000,0.00000000000000000000,0.00000000000000000000,63,12.7
2025-11-01,2026-03-01,4,Churned proxy,Others,plus,persona_x_initial_plan,6,0.00000000000000000000,0.00000000000000000000,0.00000000000000000000,0.00000000000000000000,0.00000000000000000000,63,9.52
2025-11-01,2026-03-01,4,Active,Others,start,persona_x_initial_plan,147,1608.05000000000000000000,2484.09333539998804359900,1906.29999999999999600000,1717.78507634027405644181,7716.22841174026209604081,160,91.88
2025-11-01,2026-03-01,4,At-risk,Others,start,persona_x_initial_plan,5,0.00000000000000000000,0.00000000000000000000,0.00000000000000000000,0.00000000000000000000,0.00000000000000000000,160,3.13
2025-11-01,2026-03-01,4,Churned proxy,Others,start,persona_x_initial_plan,8,0.00000000000000000000,0.00000000000000000000,0.00000000000000000000,0.00000000000000000000,0.00000000000000000000,160,5.0
2025-11-01,2026-03-01,4,Active,Professeur,free,persona_x_initial_plan,32,44.00000000000000000000,171.43068599999917273000,115.72000000000000000000,209.86012253205479967390,541.01080853205397240390,39,82.05
2025-11-01,2026-03-01,4,At-risk,Professeur,free,persona_x_initial_plan,5,0.00000000000000000000,0.00000000000000000000,0.00000000000000000000,0.00000000000000000000,0.00000000000000000000,39,12.82
2025-11-01,2026-03-01,4,Churned proxy,Professeur,free,persona_x_initial_plan,2,0.00000000000000000000,0.00000000000000000000,0.00000000000000000000,0.00000000000000000000,0.00000000000000000000,39,5.13
2025-11-01,2026-03-01,4,Active,Professeur,plus,persona_x_initial_plan,6,150.00000000000000000000,86.07986999999958839000,1.46000000000000000000,3.58777827890411005200,241.12764827890369844200,7,85.71
2025-11-01,2026-03-01,4,At-risk,Professeur,plus,persona_x_initial_plan,1,0.00000000000000000000,0.00000000000000000000,0.00000000000000000000,0.00000000000000000000,0.00000000000000000000,7,14.29
2025-11-01,2026-03-01,4,Active,Professeur,start,persona_x_initial_plan,29,317.00000000000000000000,242.29547999999882884000,30.72000000000000000000,275.12070043999998475430,865.13618043999881359430,29,100.0
2025-11-01,2026-03-01,4,Active,Repair,free,persona_x_initial_plan,4,11.00000000000000000000,58.00150799999971000000,0.00000000000000000000,3.01967607287671260590,72.02118407287642260590,7,57.14
2025-11-01,2026-03-01,4,At-risk,Repair,free,persona_x_initial_plan,1,0.00000000000000000000,0.00000000000000000000,0.00000000000000000000,0.00000000000000000000,0.00000000000000000000,7,14.29
2025-11-01,2026-03-01,4,Churned proxy,Repair,free,persona_x_initial_plan,2,0.00000000000000000000,0.00000000000000000000,0.00000000000000000000,0.00000000000000000000,0.00000000000000000000,7,28.57
2025-11-01,2026-03-01,4,Active,Repair,start,persona_x_initial_plan,7,86.00000000000000000000,88.23317399999957630000,51.00000000000000000000,139.41303844493151240700,364.64621244493108870700,8,87.5
2025-11-01,2026-03-01,4,At-risk,Repair,start,persona_x_initial_plan,1,0.00000000000000000000,0.00000000000000000000,0.00000000000000000000,0.00000000000000000000,0.00000000000000000000,8,12.5
2025-11-01,2026-03-01,4,Active,Repair_Installation,free,persona_x_initial_plan,3,0.00000000000000000000,0.61574399999999700000,3.20000000000000000000,23.38465750246575220000,27.20040150246574920000,3,100.0
2025-11-01,2026-03-01,4,Active,Repair_Installation,plus,persona_x_initial_plan,1,25.00000000000000000000,137.06326799999931000000,0.00000000000000000000,23.59580370191780600000,185.65907170191711600000,1,100.0
2025-11-01,2026-03-01,4,Active,Repair_Installation,start,persona_x_initial_plan,5,48.00000000000000000000,74.50176599999963890000,42.19999999999999600000,144.20617195287671490000,308.90793795287634980000,5,100.0
2025-11-01,2026-03-01,4,Active,Restauration,free,persona_x_initial_plan,16,36.00000000000000000000,173.53391399999915562000,90.40000000000000000000,145.50111609424661931000,445.43503009424577493000,20,80.0
2025-11-01,2026-03-01,4,At-risk,Restauration,free,persona_x_initial_plan,1,0.00000000000000000000,0.00000000000000000000,0.00000000000000000000,0.00000000000000000000,0.00000000000000000000,20,5.0
2025-11-01,2026-03-01,4,Churned proxy,Restauration,free,persona_x_initial_plan,3,0.00000000000000000000,0.00000000000000000000,0.00000000000000000000,0.00000000000000000000,0.00000000000000000000,20,15.0
2025-11-01,2026-03-01,4,Active,Restauration,plus,persona_x_initial_plan,8,200.00000000000000000000,507.09050999999763100000,614.38000000000000000000,215.55961789917814630983,1537.03012789917577730983,8,100.0
2025-11-01,2026-03-01,4,Active,Restauration,start,persona_x_initial_plan,28,293.00000000000000000000,1251.53758799999393077500,331.84000000000000000000,278.84328971835615268660,2155.22087771835008346160,31,90.32
2025-11-01,2026-03-01,4,At-risk,Restauration,start,persona_x_initial_plan,1,0.00000000000000000000,0.00000000000000000000,0.00000000000000000000,0.00000000000000000000,0.00000000000000000000,31,3.23
2025-11-01,2026-03-01,4,Churned proxy,Restauration,start,persona_x_initial_plan,2,0.00000000000000000000,0.00000000000000000000,0.00000000000000000000,0.00000000000000000000,0.00000000000000000000,31,6.45
2025-11-01,2026-03-01,4,Active,Retail,business,persona_x_initial_plan,4,320.00000000000000000000,554.08999859999728790000,2.06000000000000000000,40.81235572821917194000,916.96235432821645984000,5,80.0
2025-11-01,2026-03-01,4,Churned proxy,Retail,business,persona_x_initial_plan,1,0.00000000000000000000,0.00000000000000000000,0.00000000000000000000,0.00000000000000000000,0.00000000000000000000,5,20.0
2025-11-01,2026-03-01,4,Active,Retail,free,persona_x_initial_plan,100,124.00000000000000000000,859.17841919999591767700,363.34000000000000000000,683.81182454904118309987,2030.33024374903710077687,110,90.91
2025-11-01,2026-03-01,4,At-risk,Retail,free,persona_x_initial_plan,3,0.00000000000000000000,0.00000000000000000000,0.00000000000000000000,0.00000000000000000000,0.00000000000000000000,110,2.73
2025-11-01,2026-03-01,4,Churned proxy,Retail,free,persona_x_initial_plan,6,0.00000000000000000000,0.00000000000000000000,0.00000000000000000000,0.00000000000000000000,0.00000000000000000000,110,5.45
2025-11-01,2026-03-01,4,Never monetized,Retail,free,persona_x_initial_plan,1,0.00000000000000000000,0.00000000000000000000,0.00000000000000000000,0.00000000000000000000,0.00000000000000000000,110,0.91
2025-11-01,2026-03-01,4,Active,Retail,plus,persona_x_initial_plan,36,801.66666666600000000000,2441.84601599998813210000,2299.76000000000000000000,669.08092008164394730790,6212.35360274763207940790,45,80.0
2025-11-01,2026-03-01,4,At-risk,Retail,plus,persona_x_initial_plan,5,0.00000000000000000000,0.00000000000000000000,0.00000000000000000000,0.00000000000000000000,0.00000000000000000000,45,11.11
2025-11-01,2026-03-01,4,Churned proxy,Retail,plus,persona_x_initial_plan,4,0.00000000000000000000,0.00000000000000000000,0.00000000000000000000,0.00000000000000000000,0.00000000000000000000,45,8.89
2025-11-01,2026-03-01,4,Active,Retail,start,persona_x_initial_plan,135,1354.33333333300000000000,2309.01024419998858849100,591.03999999999999950000,5474.22482589534130586796,9728.60840342832989385896,161,83.85
2025-11-01,2026-03-01,4,At-risk,Retail,start,persona_x_initial_plan,12,0.00000000000000000000,0.00000000000000000000,0.00000000000000000000,0.00000000000000000000,0.00000000000000000000,161,7.45
2025-11-01,2026-03-01,4,Churned proxy,Retail,start,persona_x_initial_plan,13,0.00000000000000000000,0.00000000000000000000,0.00000000000000000000,0.00000000000000000000,0.00000000000000000000,161,8.07
2025-11-01,2026-03-01,4,Never monetized,Retail,start,persona_x_initial_plan,1,0.00000000000000000000,0.00000000000000000000,0.00000000000000000000,0.00000000000000000000,0.00000000000000000000,161,0.62
2025-11-01,2026-03-01,4,Active,Wholesale,business,persona_x_initial_plan,4,320.00000000000000000000,11.19774599999994900000,0.00000000000000000000,4.92589706739726141940,336.12364306739721041940,4,100.0
2025-11-01,2026-03-01,4,Active,Wholesale,free,persona_x_initial_plan,17,31.93000000000000000000,134.95887539999934476000,36.40000000000000000000,66.25769792712329619000,269.54657332712264095000,18,94.44
2025-11-01,2026-03-01,4,At-risk,Wholesale,free,persona_x_initial_plan,1,0.00000000000000000000,0.00000000000000000000,0.00000000000000000000,0.00000000000000000000,0.00000000000000000000,18,5.56
2025-11-01,2026-03-01,4,Active,Wholesale,plus,persona_x_initial_plan,15,360.00000000000000000000,1270.81857239999384210000,247.65999999999999900000,159.62111269369862359730,2038.09968509369246469730,17,88.24
2025-11-01,2026-03-01,4,At-risk,Wholesale,plus,persona_x_initial_plan,1,0.00000000000000000000,0.00000000000000000000,0.00000000000000000000,0.00000000000000000000,0.00000000000000000000,17,5.88
2025-11-01,2026-03-01,4,Churned proxy,Wholesale,plus,persona_x_initial_plan,1,0.00000000000000000000,0.00000000000000000000,0.00000000000000000000,0.00000000000000000000,0.00000000000000000000,17,5.88
2025-11-01,2026-03-01,4,Active,Wholesale,start,persona_x_initial_plan,21,216.00000000000000000000,700.01938259999664828000,403.22000000000000000000,403.90577516547944555530,1723.14515776547609383530,23,91.3
2025-11-01,2026-03-01,4,At-risk,Wholesale,start,persona_x_initial_plan,1,0.00000000000000000000,0.00000000000000000000,0.00000000000000000000,0.00000000000000000000,0.00000000000000000000,23,4.35
2025-11-01,2026-03-01,4,Never monetized,Wholesale,start,persona_x_initial_plan,1,0.00000000000000000000,0.00000000000000000000,0.00000000000000000000,0.00000000000000000000,0.00000000000000000000,23,4.35
2025-11-01,2026-04-01,5,Active,ALL,business,initial_plan,30,2011.00000000000000000000,2729.50060859998511863200,693.90000000000000000000,302.48945633643841042655,5736.89006493642352905855,50,60.0
2025-11-01,2026-04-01,5,At-risk,ALL,business,initial_plan,6,0.00000000000000000000,0.00000000000000000000,0.00000000000000000000,0.00000000000000000000,0.00000000000000000000,50,12.0
2025-11-01,2026-04-01,5,Churned proxy,ALL,business,initial_plan,14,0.00000000000000000000,0.00000000000000000000,0.00000000000000000000,0.00000000000000000000,0.00000000000000000000,50,28.0
2025-11-01,2026-04-01,5,Active,ALL,free,initial_plan,804,714.38451612900000000000,6577.69149359996442954760,1406.70000000000000000000,12058.29733013479519422796,20757.07333986375962377556,926,86.83
2025-11-01,2026-04-01,5,At-risk,ALL,free,initial_plan,45,0.00000000000000000000,0.00000000000000000000,0.00000000000000000000,0.00000000000000000000,0.00000000000000000000,926,4.86
2025-11-01,2026-04-01,5,Churned proxy,ALL,free,initial_plan,75,0.00000000000000000000,0.00000000000000000000,0.00000000000000000000,0.00000000000000000000,0.00000000000000000000,926,8.1
2025-11-01,2026-04-01,5,Never monetized,ALL,free,initial_plan,2,0.00000000000000000000,0.00000000000000000000,0.00000000000000000000,0.00000000000000000000,0.00000000000000000000,926,0.22
2025-11-01,2026-04-01,5,Active,ALL,plus,initial_plan,297,7023.71333333100000000000,13143.75225479992818819100,1407.32000000000000000000,5908.93533850958892826035,27483.72092664051711645135,361,82.27
2025-11-01,2026-04-01,5,At-risk,ALL,plus,initial_plan,22,0.00000000000000000000,0.00000000000000000000,0.00000000000000000000,0.00000000000000000000,0.00000000000000000000,361,6.09
2025-11-01,2026-04-01,5,Churned proxy,ALL,plus,initial_plan,41,0.00000000000000000000,0.00000000000000000000,0.00000000000000000000,0.00000000000000000000,0.00000000000000000000,361,11.36
2025-11-01,2026-04-01,5,Never monetized,ALL,plus,initial_plan,1,0.00000000000000000000,0.00000000000000000000,0.00000000000000000000,0.00000000000000000000,0.00000000000000000000,361,0.28
2025-11-01,2026-04-01,5,Active,ALL,start,initial_plan,978,10369.46651612842641150000,18503.48321099989971169400,2610.56000000000000000000,21893.06879617917819522709,53376.57852330750431842109,1098,89.07
2025-11-01,2026-04-01,5,At-risk,ALL,start,initial_plan,39,0.00000000000000000000,0.00000000000000000000,0.00000000000000000000,0.00000000000000000000,0.00000000000000000000,1098,3.55
2025-11-01,2026-04-01,5,Churned proxy,ALL,start,initial_plan,78,0.00000000000000000000,0.00000000000000000000,0.00000000000000000000,0.00000000000000000000,0.00000000000000000000,1098,7.1
2025-11-01,2026-04-01,5,Never monetized,ALL,start,initial_plan,3,0.00000000000000000000,0.00000000000000000000,0.00000000000000000000,0.00000000000000000000,0.00000000000000000000,1098,0.27
2025-11-01,2026-04-01,5,Active,ALL,ALL,overall,2109,20118.56436558842641150000,40954.42756799977744806460,6118.48000000000000000000,40162.79092116000072814195,107354.26285474820458770655,2435,86.61
2025-11-01,2026-04-01,5,At-risk,ALL,ALL,overall,112,0.00000000000000000000,0.00000000000000000000,0.00000000000000000000,0.00000000000000000000,0.00000000000000000000,2435,4.6
2025-11-01,2026-04-01,5,Churned proxy,ALL,ALL,overall,208,0.00000000000000000000,0.00000000000000000000,0.00000000000000000000,0.00000000000000000000,0.00000000000000000000,2435,8.54
2025-11-01,2026-04-01,5,Never monetized,ALL,ALL,overall,6,0.00000000000000000000,0.00000000000000000000,0.00000000000000000000,0.00000000000000000000,0.00000000000000000000,2435,0.25
2025-11-01,2026-04-01,5,Active,Automobile_Trade_Repair,ALL,persona,68,1006.12451612899999900000,2267.93009879998764531000,91.54000000000000000000,353.07421973753427346665,3718.66883466652191777665,94,72.34
2025-11-01,2026-04-01,5,At-risk,Automobile_Trade_Repair,ALL,persona,12,0.00000000000000000000,0.00000000000000000000,0.00000000000000000000,0.00000000000000000000,0.00000000000000000000,94,12.77
2025-11-01,2026-04-01,5,Churned proxy,Automobile_Trade_Repair,ALL,persona,13,0.00000000000000000000,0.00000000000000000000,0.00000000000000000000,0.00000000000000000000,0.00000000000000000000,94,13.83
2025-11-01,2026-04-01,5,Never monetized,Automobile_Trade_Repair,ALL,persona,1,0.00000000000000000000,0.00000000000000000000,0.00000000000000000000,0.00000000000000000000,0.00000000000000000000,94,1.06
2025-11-01,2026-04-01,5,Active,BTP,ALL,persona,392,4325.09124999964516000000,11574.55661219993693502700,445.18000000000000000000,7445.29208827945256506132,23790.11995047903466008832,450,87.11
2025-11-01,2026-04-01,5,At-risk,BTP,ALL,persona,22,0.00000000000000000000,0.00000000000000000000,0.00000000000000000000,0.00000000000000000000,0.00000000000000000000,450,4.89
2025-11-01,2026-04-01,5,Churned proxy,BTP,ALL,persona,35,0.00000000000000000000,0.00000000000000000000,0.00000000000000000000,0.00000000000000000000,0.00000000000000000000,450,7.78
2025-11-01,2026-04-01,5,Never monetized,BTP,ALL,persona,1,0.00000000000000000000,0.00000000000000000000,0.00000000000000000000,0.00000000000000000000,0.00000000000000000000,450,0.22
2025-11-01,2026-04-01,5,Active,Bankers_Insurance,ALL,persona,29,120.00000000000000000000,142.63176599999921872400,11.20000000000000000000,971.48560065479466872300,1245.31736665479388744700,32,90.63
2025-11-01,2026-04-01,5,Churned proxy,Bankers_Insurance,ALL,persona,3,0.00000000000000000000,0.00000000000000000000,0.00000000000000000000,0.00000000000000000000,0.00000000000000000000,32,9.38
2025-11-01,2026-04-01,5,Active,Bikers_Drivers,ALL,persona,112,1064.66749999978125000000,1796.22466919999033263460,662.90000000000000000000,446.12095599123283996010,3969.91312519100442259470,157,71.34
2025-11-01,2026-04-01,5,At-risk,Bikers_Drivers,ALL,persona,11,0.00000000000000000000,0.00000000000000000000,0.00000000000000000000,0.00000000000000000000,0.00000000000000000000,157,7.01
2025-11-01,2026-04-01,5,Churned proxy,Bikers_Drivers,ALL,persona,33,0.00000000000000000000,0.00000000000000000000,0.00000000000000000000,0.00000000000000000000,0.00000000000000000000,157,21.02
2025-11-01,2026-04-01,5,Never monetized,Bikers_Drivers,ALL,persona,1,0.00000000000000000000,0.00000000000000000000,0.00000000000000000000,0.00000000000000000000,0.00000000000000000000,157,0.64
2025-11-01,2026-04-01,5,Active,Cleaning_CallCenters,ALL,persona,15,226.21875000000000000000,124.81043399999931690000,0.00000000000000000000,19.91121213753425001168,370.94039613753356691168,16,93.75
2025-11-01,2026-04-01,5,At-risk,Cleaning_CallCenters,ALL,persona,1,0.00000000000000000000,0.00000000000000000000,0.00000000000000000000,0.00000000000000000000,0.00000000000000000000,16,6.25
2025-11-01,2026-04-01,5,Active,Consultant,ALL,persona,395,3244.91874999900000000000,5201.51898419997180594300,1029.00000000000000000000,9380.72627106465736012723,18856.16400526362916607023,436,90.6
2025-11-01,2026-04-01,5,At-risk,Consultant,ALL,persona,18,0.00000000000000000000,0.00000000000000000000,0.00000000000000000000,0.00000000000000000000,0.00000000000000000000,436,4.13
2025-11-01,2026-04-01,5,Churned proxy,Consultant,ALL,persona,23,0.00000000000000000000,0.00000000000000000000,0.00000000000000000000,0.00000000000000000000,0.00000000000000000000,436,5.28
2025-11-01,2026-04-01,5,Active,Developer_IT,ALL,persona,216,1669.22474193500000200000,2159.08338959998824810100,97.68000000000000000000,6528.28508463506867550410,10454.27321617005692560510,230,93.91
2025-11-01,2026-04-01,5,At-risk,Developer_IT,ALL,persona,6,0.00000000000000000000,0.00000000000000000000,0.00000000000000000000,0.00000000000000000000,0.00000000000000000000,230,2.61
2025-11-01,2026-04-01,5,Churned proxy,Developer_IT,ALL,persona,8,0.00000000000000000000,0.00000000000000000000,0.00000000000000000000,0.00000000000000000000,0.00000000000000000000,230,3.48
2025-11-01,2026-04-01,5,Active,Media_Publishing,ALL,persona,86,575.59375000000000000000,932.20982459999491068300,70.54000000000000000000,2538.22716418904129507132,4116.57073878903620575432,89,96.63
2025-11-01,2026-04-01,5,At-risk,Media_Publishing,ALL,persona,1,0.00000000000000000000,0.00000000000000000000,0.00000000000000000000,0.00000000000000000000,0.00000000000000000000,89,1.12
2025-11-01,2026-04-01,5,Churned proxy,Media_Publishing,ALL,persona,2,0.00000000000000000000,0.00000000000000000000,0.00000000000000000000,0.00000000000000000000,0.00000000000000000000,89,2.25
2025-11-01,2026-04-01,5,Active,Medical_Professionals,ALL,persona,27,152.00000000000000000000,282.29547599999845680000,22.40000000000000000000,698.84412221041095853500,1155.53959821040941533500,29,93.1
2025-11-01,2026-04-01,5,Churned proxy,Medical_Professionals,ALL,persona,2,0.00000000000000000000,0.00000000000000000000,0.00000000000000000000,0.00000000000000000000,0.00000000000000000000,29,6.9
2025-11-01,2026-04-01,5,Active,Others,ALL,persona,310,3084.96845430100000050000,4997.98348919997261643500,2484.46000000000000000000,3184.03620191013706767096,13751.44814541110968460596,361,85.87
2025-11-01,2026-04-01,5,At-risk,Others,ALL,persona,14,0.00000000000000000000,0.00000000000000000000,0.00000000000000000000,0.00000000000000000000,0.00000000000000000000,361,3.88
2025-11-01,2026-04-01,5,Churned proxy,Others,ALL,persona,37,0.00000000000000000000,0.00000000000000000000,0.00000000000000000000,0.00000000000000000000,0.00000000000000000000,361,10.25
2025-11-01,2026-04-01,5,Active,Professeur,ALL,persona,68,494.25000000000000000000,527.13475199999718037000,72.72000000000000000000,500.93268891945206388530,1595.03744091944924425530,75,90.67
2025-11-01,2026-04-01,5,At-risk,Professeur,ALL,persona,3,0.00000000000000000000,0.00000000000000000000,0.00000000000000000000,0.00000000000000000000,0.00000000000000000000,75,4.0
2025-11-01,2026-04-01,5,Churned proxy,Professeur,ALL,persona,4,0.00000000000000000000,0.00000000000000000000,0.00000000000000000000,0.00000000000000000000,0.00000000000000000000,75,5.33
2025-11-01,2026-04-01,5,Active,Repair,ALL,persona,11,97.00000000000000000000,17.77161599999990230000,0.00000000000000000000,104.99563897972603895170,219.76725497972594125170,15,73.33
2025-11-01,2026-04-01,5,Churned proxy,Repair,ALL,persona,4,0.00000000000000000000,0.00000000000000000000,0.00000000000000000000,0.00000000000000000000,0.00000000000000000000,15,26.67
2025-11-01,2026-04-01,5,Active,Repair_Installation,ALL,persona,9,73.00000000000000000000,342.63179999999817093000,2.40000000000000000000,148.35175555506850520000,566.38355555506667613000,9,100.0
2025-11-01,2026-04-01,5,Active,Restauration,ALL,persona,49,510.43750000000000000000,1728.59909399999053319000,336.84000000000000000000,590.87145220602741484955,3166.74804620601794803955,59,83.05
2025-11-01,2026-04-01,5,At-risk,Restauration,ALL,persona,4,0.00000000000000000000,0.00000000000000000000,0.00000000000000000000,0.00000000000000000000,0.00000000000000000000,59,6.78
2025-11-01,2026-04-01,5,Churned proxy,Restauration,ALL,persona,6,0.00000000000000000000,0.00000000000000000000,0.00000000000000000000,0.00000000000000000000,0.00000000000000000000,59,10.17
2025-11-01,2026-04-01,5,Active,Retail,ALL,persona,266,2626.06915322500000000000,6716.86172819996375959500,530.14000000000000000000,6703.25042638356135406004,16576.32130780852511365504,321,82.87
2025-11-01,2026-04-01,5,At-risk,Retail,ALL,persona,18,0.00000000000000000000,0.00000000000000000000,0.00000000000000000000,0.00000000000000000000,0.00000000000000000000,321,5.61
2025-11-01,2026-04-01,5,Churned proxy,Retail,ALL,persona,35,0.00000000000000000000,0.00000000000000000000,0.00000000000000000000,0.00000000000000000000,0.00000000000000000000,321,10.9
2025-11-01,2026-04-01,5,Never monetized,Retail,ALL,persona,2,0.00000000000000000000,0.00000000000000000000,0.00000000000000000000,0.00000000000000000000,0.00000000000000000000,321,0.62
2025-11-01,2026-04-01,5,Active,Wholesale,ALL,persona,56,849.00000000000000000000,2142.18383399998841512200,261.48000000000000000000,548.38603830630139706400,3801.04987230628981218600,62,90.32
2025-11-01,2026-04-01,5,At-risk,Wholesale,ALL,persona,2,0.00000000000000000000,0.00000000000000000000,0.00000000000000000000,0.00000000000000000000,0.00000000000000000000,62,3.23
2025-11-01,2026-04-01,5,Churned proxy,Wholesale,ALL,persona,3,0.00000000000000000000,0.00000000000000000000,0.00000000000000000000,0.00000000000000000000,0.00000000000000000000,62,4.84
2025-11-01,2026-04-01,5,Never monetized,Wholesale,ALL,persona,1,0.00000000000000000000,0.00000000000000000000,0.00000000000000000000,0.00000000000000000000,0.00000000000000000000,62,1.61
2025-11-01,2026-04-01,5,Active,Automobile_Trade_Repair,business,persona_x_initial_plan,2,160.00000000000000000000,857.58800399999518000000,0.00000000000000000000,66.29649295013700472610,1083.88449695013218472610,5,40.0
2025-11-01,2026-04-01,5,Churned proxy,Automobile_Trade_Repair,business,persona_x_initial_plan,3,0.00000000000000000000,0.00000000000000000000,0.00000000000000000000,0.00000000000000000000,0.00000000000000000000,5,60.0
2025-11-01,2026-04-01,5,Active,Automobile_Trade_Repair,free,persona_x_initial_plan,18,15.24451612900000000000,396.24555599999793013000,33.60000000000000000000,31.73083127835616968121,476.82090340735409981121,29,62.07
2025-11-01,2026-04-01,5,At-risk,Automobile_Trade_Repair,free,persona_x_initial_plan,8,0.00000000000000000000,0.00000000000000000000,0.00000000000000000000,0.00000000000000000000,0.00000000000000000000,29,27.59
2025-11-01,2026-04-01,5,Churned proxy,Automobile_Trade_Repair,free,persona_x_initial_plan,3,0.00000000000000000000,0.00000000000000000000,0.00000000000000000000,0.00000000000000000000,0.00000000000000000000,29,10.34
2025-11-01,2026-04-01,5,Active,Automobile_Trade_Repair,plus,persona_x_initial_plan,23,570.00000000000000000000,366.95582999999804840000,10.00000000000000000000,179.35935966794519776307,1126.31518966794324616307,27,85.19
2025-11-01,2026-04-01,5,At-risk,Automobile_Trade_Repair,plus,persona_x_initial_plan,1,0.00000000000000000000,0.00000000000000000000,0.00000000000000000000,0.00000000000000000000,0.00000000000000000000,27,3.7
2025-11-01,2026-04-01,5,Churned proxy,Automobile_Trade_Repair,plus,persona_x_initial_plan,3,0.00000000000000000000,0.00000000000000000000,0.00000000000000000000,0.00000000000000000000,0.00000000000000000000,27,11.11
2025-11-01,2026-04-01,5,Active,Automobile_Trade_Repair,start,persona_x_initial_plan,25,260.87999999999999900000,647.14070879999648678000,47.94000000000000000000,75.68753584109590129627,1031.64824464109238707627,33,75.76
2025-11-01,2026-04-01,5,At-risk,Automobile_Trade_Repair,start,persona_x_initial_plan,3,0.00000000000000000000,0.00000000000000000000,0.00000000000000000000,0.00000000000000000000,0.00000000000000000000,33,9.09
2025-11-01,2026-04-01,5,Churned proxy,Automobile_Trade_Repair,start,persona_x_initial_plan,4,0.00000000000000000000,0.00000000000000000000,0.00000000000000000000,0.00000000000000000000,0.00000000000000000000,33,12.12
2025-11-01,2026-04-01,5,Never monetized,Automobile_Trade_Repair,start,persona_x_initial_plan,1,0.00000000000000000000,0.00000000000000000000,0.00000000000000000000,0.00000000000000000000,0.00000000000000000000,33,3.03
2025-11-01,2026-04-01,5,Active,BTP,business,persona_x_initial_plan,6,411.00000000000000000000,442.54231199999761680000,0.00000000000000000000,131.50455630630140230000,985.04686830629901910000,12,50.0
2025-11-01,2026-04-01,5,At-risk,BTP,business,persona_x_initial_plan,3,0.00000000000000000000,0.00000000000000000000,0.00000000000000000000,0.00000000000000000000,0.00000000000000000000,12,25.0
2025-11-01,2026-04-01,5,Churned proxy,BTP,business,persona_x_initial_plan,3,0.00000000000000000000,0.00000000000000000000,0.00000000000000000000,0.00000000000000000000,0.00000000000000000000,12,25.0
2025-11-01,2026-04-01,5,Active,BTP,free,persona_x_initial_plan,129,85.00000000000000000000,1466.34706799999204029000,163.20000000000000000000,3978.66167451287705652962,5693.20874251286909681962,147,87.76
2025-11-01,2026-04-01,5,At-risk,BTP,free,persona_x_initial_plan,6,0.00000000000000000000,0.00000000000000000000,0.00000000000000000000,0.00000000000000000000,0.00000000000000000000,147,4.08
2025-11-01,2026-04-01,5,Churned proxy,BTP,free,persona_x_initial_plan,11,0.00000000000000000000,0.00000000000000000000,0.00000000000000000000,0.00000000000000000000,0.00000000000000000000,147,7.48
2025-11-01,2026-04-01,5,Never monetized,BTP,free,persona_x_initial_plan,1,0.00000000000000000000,0.00000000000000000000,0.00000000000000000000,0.00000000000000000000,0.00000000000000000000,147,0.68
2025-11-01,2026-04-01,5,Active,BTP,plus,persona_x_initial_plan,80,1875.00000000000000000000,3922.02883439997842565700,56.00000000000000000000,963.15486048383561553719,6816.18369488381404119419,93,86.02
2025-11-01,2026-04-01,5,At-risk,BTP,plus,persona_x_initial_plan,6,0.00000000000000000000,0.00000000000000000000,0.00000000000000000000,0.00000000000000000000,0.00000000000000000000,93,6.45
2025-11-01,2026-04-01,5,Churned proxy,BTP,plus,persona_x_initial_plan,7,0.00000000000000000000,0.00000000000000000000,0.00000000000000000000,0.00000000000000000000,0.00000000000000000000,93,7.53
2025-11-01,2026-04-01,5,Active,BTP,start,persona_x_initial_plan,177,1954.09124999964516000000,5743.63839779996885228000,225.98000000000000000000,2371.97099697643849069451,10295.68064477605250297451,198,89.39
2025-11-01,2026-04-01,5,At-risk,BTP,start,persona_x_initial_plan,7,0.00000000000000000000,0.00000000000000000000,0.00000000000000000000,0.00000000000000000000,0.00000000000000000000,198,3.54
2025-11-01,2026-04-01,5,Churned proxy,BTP,start,persona_x_initial_plan,14,0.00000000000000000000,0.00000000000000000000,0.00000000000000000000,0.00000000000000000000,0.00000000000000000000,198,7.07
2025-11-01,2026-04-01,5,Active,Bankers_Insurance,free,persona_x_initial_plan,17,0.00000000000000000000,28.89212399999984100000,11.20000000000000000000,483.24220703013705010500,523.33433103013689110500,20,85.0
2025-11-01,2026-04-01,5,Churned proxy,Bankers_Insurance,free,persona_x_initial_plan,3,0.00000000000000000000,0.00000000000000000000,0.00000000000000000000,0.00000000000000000000,0.00000000000000000000,20,15.0
2025-11-01,2026-04-01,5,Active,Bankers_Insurance,start,persona_x_initial_plan,12,120.00000000000000000000,113.73964199999937772400,0.00000000000000000000,488.24339362465761861800,721.98303562465699634200,12,100.0
2025-11-01,2026-04-01,5,Active,Bikers_Drivers,business,persona_x_initial_plan,3,80.00000000000000000000,622.76302799999663352000,393.90000000000000000000,4.34657240547945306000,1101.00960040547608658000,6,50.0
2025-11-01,2026-04-01,5,Churned proxy,Bikers_Drivers,business,persona_x_initial_plan,3,0.00000000000000000000,0.00000000000000000000,0.00000000000000000000,0.00000000000000000000,0.00000000000000000000,6,50.0
2025-11-01,2026-04-01,5,Active,Bikers_Drivers,free,persona_x_initial_plan,39,32.73000000000000000000,306.78470999999833356460,113.60000000000000000000,57.84940377205478763533,510.96411377205312119993,56,69.64
2025-11-01,2026-04-01,5,At-risk,Bikers_Drivers,free,persona_x_initial_plan,6,0.00000000000000000000,0.00000000000000000000,0.00000000000000000000,0.00000000000000000000,0.00000000000000000000,56,10.71
2025-11-01,2026-04-01,5,Churned proxy,Bikers_Drivers,free,persona_x_initial_plan,11,0.00000000000000000000,0.00000000000000000000,0.00000000000000000000,0.00000000000000000000,0.00000000000000000000,56,19.64
2025-11-01,2026-04-01,5,Active,Bikers_Drivers,plus,persona_x_initial_plan,19,410.33333333300000000000,402.59453399999785547000,0.00000000000000000000,157.52861853095887545579,970.45648586395673092579,33,57.58
2025-11-01,2026-04-01,5,At-risk,Bikers_Drivers,plus,persona_x_initial_plan,4,0.00000000000000000000,0.00000000000000000000,0.00000000000000000000,0.00000000000000000000,0.00000000000000000000,33,12.12
2025-11-01,2026-04-01,5,Churned proxy,Bikers_Drivers,plus,persona_x_initial_plan,9,0.00000000000000000000,0.00000000000000000000,0.00000000000000000000,0.00000000000000000000,0.00000000000000000000,33,27.27
2025-11-01,2026-04-01,5,Never monetized,Bikers_Drivers,plus,persona_x_initial_plan,1,0.00000000000000000000,0.00000000000000000000,0.00000000000000000000,0.00000000000000000000,0.00000000000000000000,33,3.03
2025-11-01,2026-04-01,5,Active,Bikers_Drivers,start,persona_x_initial_plan,51,541.60416666678125000000,464.08239719999751008000,155.40000000000000000000,226.39636128273972380898,1387.48292514951848388898,62,82.26
2025-11-01,2026-04-01,5,At-risk,Bikers_Drivers,start,persona_x_initial_plan,1,0.00000000000000000000,0.00000000000000000000,0.00000000000000000000,0.00000000000000000000,0.00000000000000000000,62,1.61
2025-11-01,2026-04-01,5,Churned proxy,Bikers_Drivers,start,persona_x_initial_plan,10,0.00000000000000000000,0.00000000000000000000,0.00000000000000000000,0.00000000000000000000,0.00000000000000000000,62,16.13
2025-11-01,2026-04-01,5,Active,Cleaning_CallCenters,business,persona_x_initial_plan,1,80.00000000000000000000,0.00000000000000000000,0.00000000000000000000,1.83962976328767120000,81.83962976328767120000,1,100.0
2025-11-01,2026-04-01,5,Active,Cleaning_CallCenters,free,persona_x_initial_plan,5,0.00000000000000000000,4.70501999999997440000,0.00000000000000000000,3.93804075013698584200,8.64306075013696024200,5,100.0
2025-11-01,2026-04-01,5,Active,Cleaning_CallCenters,plus,persona_x_initial_plan,3,75.00000000000000000000,8.19260999999995400000,0.00000000000000000000,0.25192887671232875668,83.44453887671228275668,4,75.0
2025-11-01,2026-04-01,5,At-risk,Cleaning_CallCenters,plus,persona_x_initial_plan,1,0.00000000000000000000,0.00000000000000000000,0.00000000000000000000,0.00000000000000000000,0.00000000000000000000,4,25.0
2025-11-01,2026-04-01,5,Active,Cleaning_CallCenters,start,persona_x_initial_plan,6,71.21875000000000000000,111.91280399999938850000,0.00000000000000000000,13.88161274739726421300,197.01316674739665271300,6,100.0
2025-11-01,2026-04-01,5,Active,Consultant,business,persona_x_initial_plan,5,320.00000000000000000000,3.56066999999998050000,0.00000000000000000000,30.21066067726027200250,353.77133067726025250250,5,100.0
2025-11-01,2026-04-01,5,Active,Consultant,free,persona_x_initial_plan,163,115.00000000000000000000,1145.18010059999381186000,216.08000000000000000000,2429.19195765095899089831,3905.45205825095280275831,184,88.59
2025-11-01,2026-04-01,5,At-risk,Consultant,free,persona_x_initial_plan,9,0.00000000000000000000,0.00000000000000000000,0.00000000000000000000,0.00000000000000000000,0.00000000000000000000,184,4.89
2025-11-01,2026-04-01,5,Churned proxy,Consultant,free,persona_x_initial_plan,12,0.00000000000000000000,0.00000000000000000000,0.00000000000000000000,0.00000000000000000000,0.00000000000000000000,184,6.52
2025-11-01,2026-04-01,5,Active,Consultant,plus,persona_x_initial_plan,38,844.99999999900000000000,1742.94187199999057370000,354.92000000000000000000,1171.82007201589032617870,4114.68194401488089987870,41,92.68
2025-11-01,2026-04-01,5,At-risk,Consultant,plus,persona_x_initial_plan,2,0.00000000000000000000,0.00000000000000000000,0.00000000000000000000,0.00000000000000000000,0.00000000000000000000,41,4.88
2025-11-01,2026-04-01,5,Churned proxy,Consultant,plus,persona_x_initial_plan,1,0.00000000000000000000,0.00000000000000000000,0.00000000000000000000,0.00000000000000000000,0.00000000000000000000,41,2.44
2025-11-01,2026-04-01,5,Active,Consultant,start,persona_x_initial_plan,189,1964.91875000000000000000,2309.83634159998743988300,458.00000000000000000000,5749.50358072054777104772,10482.25867232053521093072,206,91.75
2025-11-01,2026-04-01,5,At-risk,Consultant,start,persona_x_initial_plan,7,0.00000000000000000000,0.00000000000000000000,0.00000000000000000000,0.00000000000000000000,0.00000000000000000000,206,3.4
2025-11-01,2026-04-01,5,Churned proxy,Consultant,start,persona_x_initial_plan,10,0.00000000000000000000,0.00000000000000000000,0.00000000000000000000,0.00000000000000000000,0.00000000000000000000,206,4.85
2025-11-01,2026-04-01,5,Active,Developer_IT,business,persona_x_initial_plan,3,240.00000000000000000000,70.40120399999962500000,0.00000000000000000000,22.29882351726027432609,332.70002751725989932609,4,75.0
2025-11-01,2026-04-01,5,Churned proxy,Developer_IT,business,persona_x_initial_plan,1,0.00000000000000000000,0.00000000000000000000,0.00000000000000000000,0.00000000000000000000,0.00000000000000000000,4,25.0
2025-11-01,2026-04-01,5,Active,Developer_IT,free,persona_x_initial_plan,93,64.00000000000000000000,625.37179139999661673000,52.00000000000000000000,2961.28385921972616081728,3702.65565061972277754728,99,93.94
2025-11-01,2026-04-01,5,At-risk,Developer_IT,free,persona_x_initial_plan,2,0.00000000000000000000,0.00000000000000000000,0.00000000000000000000,0.00000000000000000000,0.00000000000000000000,99,2.02
2025-11-01,2026-04-01,5,Churned proxy,Developer_IT,free,persona_x_initial_plan,4,0.00000000000000000000,0.00000000000000000000,0.00000000000000000000,0.00000000000000000000,0.00000000000000000000,99,4.04
2025-11-01,2026-04-01,5,Active,Developer_IT,plus,persona_x_initial_plan,12,290.00000000000000000000,195.76772459999894980000,0.00000000000000000000,356.83778504328765069800,842.60550964328660049800,14,85.71
2025-11-01,2026-04-01,5,At-risk,Developer_IT,plus,persona_x_initial_plan,1,0.00000000000000000000,0.00000000000000000000,0.00000000000000000000,0.00000000000000000000,0.00000000000000000000,14,7.14
2025-11-01,2026-04-01,5,Churned proxy,Developer_IT,plus,persona_x_initial_plan,1,0.00000000000000000000,0.00000000000000000000,0.00000000000000000000,0.00000000000000000000,0.00000000000000000000,14,7.14
2025-11-01,2026-04-01,5,Active,Developer_IT,start,persona_x_initial_plan,108,1075.22474193500000200000,1267.54266959999305657100,45.68000000000000000000,3187.86461685479458966273,5576.31202838978764823373,113,95.58
2025-11-01,2026-04-01,5,At-risk,Developer_IT,start,persona_x_initial_plan,3,0.00000000000000000000,0.00000000000000000000,0.00000000000000000000,0.00000000000000000000,0.00000000000000000000,113,2.65
2025-11-01,2026-04-01,5,Churned proxy,Developer_IT,start,persona_x_initial_plan,2,0.00000000000000000000,0.00000000000000000000,0.00000000000000000000,0.00000000000000000000,0.00000000000000000000,113,1.77
2025-11-01,2026-04-01,5,Active,Media_Publishing,business,persona_x_initial_plan,1,80.00000000000000000000,0.00000000000000000000,0.00000000000000000000,0.03519293808219178800,80.03519293808219178800,1,100.0
2025-11-01,2026-04-01,5,Active,Media_Publishing,free,persona_x_initial_plan,44,11.00000000000000000000,263.71916999999854668300,47.20000000000000000000,286.90326361863015523852,608.82243361862870192152,45,97.78
2025-11-01,2026-04-01,5,Churned proxy,Media_Publishing,free,persona_x_initial_plan,1,0.00000000000000000000,0.00000000000000000000,0.00000000000000000000,0.00000000000000000000,0.00000000000000000000,45,2.22
2025-11-01,2026-04-01,5,Active,Media_Publishing,plus,persona_x_initial_plan,6,111.00000000000000000000,109.63555199999939750000,12.54000000000000000000,617.36446214246574800000,850.54001414246514550000,7,85.71
2025-11-01,2026-04-01,5,At-risk,Media_Publishing,plus,persona_x_initial_plan,1,0.00000000000000000000,0.00000000000000000000,0.00000000000000000000,0.00000000000000000000,0.00000000000000000000,7,14.29
2025-11-01,2026-04-01,5,Active,Media_Publishing,start,persona_x_initial_plan,35,373.59375000000000000000,558.85510259999696650000,10.80000000000000000000,1633.92424548986320004480,2577.17309808986016654480,36,97.22
2025-11-01,2026-04-01,5,Churned proxy,Media_Publishing,start,persona_x_initial_plan,1,0.00000000000000000000,0.00000000000000000000,0.00000000000000000000,0.00000000000000000000,0.00000000000000000000,36,2.78
2025-11-01,2026-04-01,5,Active,Medical_Professionals,free,persona_x_initial_plan,13,9.00000000000000000000,24.92209799999986290000,22.40000000000000000000,71.09666305534246537700,127.41876105534232827700,13,100.0
2025-11-01,2026-04-01,5,Active,Medical_Professionals,plus,persona_x_initial_plan,1,0.00000000000000000000,4.98943799999997230000,0.00000000000000000000,422.97611972876712000000,427.96555772876709230000,1,100.0
2025-11-01,2026-04-01,5,Active,Medical_Professionals,start,persona_x_initial_plan,13,143.00000000000000000000,252.38393999999862160000,0.00000000000000000000,204.77133942630137315800,600.15527942629999475800,15,86.67
2025-11-01,2026-04-01,5,Churned proxy,Medical_Professionals,start,persona_x_initial_plan,2,0.00000000000000000000,0.00000000000000000000,0.00000000000000000000,0.00000000000000000000,0.00000000000000000000,15,13.33
2025-11-01,2026-04-01,5,Active,Others,business,persona_x_initial_plan,2,160.00000000000000000000,114.33297599999936000000,300.00000000000000000000,0.48628007013698627910,574.81925607013634627910,7,28.57
2025-11-01,2026-04-01,5,At-risk,Others,business,persona_x_initial_plan,2,0.00000000000000000000,0.00000000000000000000,0.00000000000000000000,0.00000000000000000000,0.00000000000000000000,7,28.57
2025-11-01,2026-04-01,5,Churned proxy,Others,business,persona_x_initial_plan,3,0.00000000000000000000,0.00000000000000000000,0.00000000000000000000,0.00000000000000000000,0.00000000000000000000,7,42.86
2025-11-01,2026-04-01,5,Active,Others,free,persona_x_initial_plan,114,116.99000000000000000000,842.02306739999540109000,457.02000000000000000000,770.86895516767122963884,2186.90202256766663072884,131,87.02
2025-11-01,2026-04-01,5,At-risk,Others,free,persona_x_initial_plan,4,0.00000000000000000000,0.00000000000000000000,0.00000000000000000000,0.00000000000000000000,0.00000000000000000000,131,3.05
2025-11-01,2026-04-01,5,Churned proxy,Others,free,persona_x_initial_plan,13,0.00000000000000000000,0.00000000000000000000,0.00000000000000000000,0.00000000000000000000,0.00000000000000000000,131,9.92
2025-11-01,2026-04-01,5,Active,Others,plus,persona_x_initial_plan,50,1220.33333333300000000000,1691.06175179999060547400,427.28000000000000000000,830.06582912821920052167,4168.74091426120980599567,63,79.37
2025-11-01,2026-04-01,5,At-risk,Others,plus,persona_x_initial_plan,3,0.00000000000000000000,0.00000000000000000000,0.00000000000000000000,0.00000000000000000000,0.00000000000000000000,63,4.76
2025-11-01,2026-04-01,5,Churned proxy,Others,plus,persona_x_initial_plan,10,0.00000000000000000000,0.00000000000000000000,0.00000000000000000000,0.00000000000000000000,0.00000000000000000000,63,15.87
2025-11-01,2026-04-01,5,Active,Others,start,persona_x_initial_plan,144,1587.64512096800000050000,2350.56569399998724987100,1300.16000000000000000000,1582.61513754410965123135,6820.98595251209690160235,160,90.0
2025-11-01,2026-04-01,5,At-risk,Others,start,persona_x_initial_plan,5,0.00000000000000000000,0.00000000000000000000,0.00000000000000000000,0.00000000000000000000,0.00000000000000000000,160,3.13
2025-11-01,2026-04-01,5,Churned proxy,Others,start,persona_x_initial_plan,11,0.00000000000000000000,0.00000000000000000000,0.00000000000000000000,0.00000000000000000000,0.00000000000000000000,160,6.88
2025-11-01,2026-04-01,5,Active,Professeur,free,persona_x_initial_plan,33,44.00000000000000000000,149.84506799999918342000,42.40000000000000000000,207.30743368821919147160,443.55250168821837489160,39,84.62
2025-11-01,2026-04-01,5,At-risk,Professeur,free,persona_x_initial_plan,2,0.00000000000000000000,0.00000000000000000000,0.00000000000000000000,0.00000000000000000000,0.00000000000000000000,39,5.13
2025-11-01,2026-04-01,5,Churned proxy,Professeur,free,persona_x_initial_plan,4,0.00000000000000000000,0.00000000000000000000,0.00000000000000000000,0.00000000000000000000,0.00000000000000000000,39,10.26
2025-11-01,2026-04-01,5,Active,Professeur,plus,persona_x_initial_plan,6,136.00000000000000000000,162.52599599999916800000,0.00000000000000000000,5.83341783232876805060,304.35941383232793605060,7,85.71
2025-11-01,2026-04-01,5,At-risk,Professeur,plus,persona_x_initial_plan,1,0.00000000000000000000,0.00000000000000000000,0.00000000000000000000,0.00000000000000000000,0.00000000000000000000,7,14.29
2025-11-01,2026-04-01,5,Active,Professeur,start,persona_x_initial_plan,29,314.25000000000000000000,214.76368799999882895000,30.32000000000000000000,287.79183739890410436310,847.12552539890293331310,29,100.0
2025-11-01,2026-04-01,5,Active,Repair,free,persona_x_initial_plan,4,11.00000000000000000000,0.35107199999999811000,0.00000000000000000000,1.17793714356164364770,12.52900914356164175770,7,57.14
2025-11-01,2026-04-01,5,Churned proxy,Repair,free,persona_x_initial_plan,3,0.00000000000000000000,0.00000000000000000000,0.00000000000000000000,0.00000000000000000000,0.00000000000000000000,7,42.86
2025-11-01,2026-04-01,5,Active,Repair,start,persona_x_initial_plan,7,86.00000000000000000000,17.42054399999990419000,0.00000000000000000000,103.81770183616439530400,207.23824583616429949400,8,87.5
2025-11-01,2026-04-01,5,Churned proxy,Repair,start,persona_x_initial_plan,1,0.00000000000000000000,0.00000000000000000000,0.00000000000000000000,0.00000000000000000000,0.00000000000000000000,8,12.5
2025-11-01,2026-04-01,5,Active,Repair_Installation,free,persona_x_initial_plan,3,0.00000000000000000000,0.61574399999999663000,2.40000000000000000000,28.58515635232876770000,31.60090035232876433000,3,100.0
2025-11-01,2026-04-01,5,Active,Repair_Installation,plus,persona_x_initial_plan,1,25.00000000000000000000,185.90169599999902000000,0.00000000000000000000,27.47841172657533800000,238.38010772657435800000,1,100.0
2025-11-01,2026-04-01,5,Active,Repair_Installation,start,persona_x_initial_plan,5,48.00000000000000000000,156.11435999999915430000,0.00000000000000000000,92.28818747616439950000,296.40254747616355380000,5,100.0
2025-11-01,2026-04-01,5,Active,Restauration,free,persona_x_initial_plan,15,36.00000000000000000000,173.51441999999906250000,32.80000000000000000000,140.63028742356162628760,382.94470742356068878760,20,75.0
2025-11-01,2026-04-01,5,At-risk,Restauration,free,persona_x_initial_plan,2,0.00000000000000000000,0.00000000000000000000,0.00000000000000000000,0.00000000000000000000,0.00000000000000000000,20,10.0
2025-11-01,2026-04-01,5,Churned proxy,Restauration,free,persona_x_initial_plan,3,0.00000000000000000000,0.00000000000000000000,0.00000000000000000000,0.00000000000000000000,0.00000000000000000000,20,15.0
2025-11-01,2026-04-01,5,Active,Restauration,plus,persona_x_initial_plan,8,200.00000000000000000000,789.27276599999558600000,278.58000000000000000000,204.13280563726029186715,1471.98557163725587786715,8,100.0
2025-11-01,2026-04-01,5,Active,Restauration,start,persona_x_initial_plan,26,274.43750000000000000000,765.81190799999588469000,25.46000000000000000000,246.10835914520549669480,1311.81776714520138138480,31,83.87
2025-11-01,2026-04-01,5,At-risk,Restauration,start,persona_x_initial_plan,2,0.00000000000000000000,0.00000000000000000000,0.00000000000000000000,0.00000000000000000000,0.00000000000000000000,31,6.45
2025-11-01,2026-04-01,5,Churned proxy,Restauration,start,persona_x_initial_plan,3,0.00000000000000000000,0.00000000000000000000,0.00000000000000000000,0.00000000000000000000,0.00000000000000000000,31,9.68
2025-11-01,2026-04-01,5,Active,Retail,business,persona_x_initial_plan,4,240.00000000000000000000,562.13583659999703100000,0.00000000000000000000,38.49440296931507371096,840.63023956931210471096,5,80.0
2025-11-01,2026-04-01,5,Churned proxy,Retail,business,persona_x_initial_plan,1,0.00000000000000000000,0.00000000000000000000,0.00000000000000000000,0.00000000000000000000,0.00000000000000000000,5,20.0
2025-11-01,2026-04-01,5,Active,Retail,free,persona_x_initial_plan,97,141.42000000000000000000,942.15508019999494233000,180.80000000000000000000,555.37965974794523062795,1819.75473994794017295795,110,88.18
2025-11-01,2026-04-01,5,At-risk,Retail,free,persona_x_initial_plan,5,0.00000000000000000000,0.00000000000000000000,0.00000000000000000000,0.00000000000000000000,0.00000000000000000000,110,4.55
2025-11-01,2026-04-01,5,Churned proxy,Retail,free,persona_x_initial_plan,7,0.00000000000000000000,0.00000000000000000000,0.00000000000000000000,0.00000000000000000000,0.00000000000000000000,110,6.36
2025-11-01,2026-04-01,5,Never monetized,Retail,free,persona_x_initial_plan,1,0.00000000000000000000,0.00000000000000000000,0.00000000000000000000,0.00000000000000000000,0.00000000000000000000,110,0.91
2025-11-01,2026-04-01,5,Active,Retail,plus,persona_x_initial_plan,35,906.04666666600000000000,2335.35338999998731069000,112.24000000000000000000,782.35222271726028441990,4135.99227938324759510990,45,77.78
2025-11-01,2026-04-01,5,At-risk,Retail,plus,persona_x_initial_plan,2,0.00000000000000000000,0.00000000000000000000,0.00000000000000000000,0.00000000000000000000,0.00000000000000000000,45,4.44
2025-11-01,2026-04-01,5,Churned proxy,Retail,plus,persona_x_initial_plan,8,0.00000000000000000000,0.00000000000000000000,0.00000000000000000000,0.00000000000000000000,0.00000000000000000000,45,17.78
2025-11-01,2026-04-01,5,Active,Retail,start,persona_x_initial_plan,130,1338.60248655900000000000,2877.21742139998447557500,237.10000000000000000000,5327.02414094904076530123,9779.94404890802524087623,161,80.75
2025-11-01,2026-04-01,5,At-risk,Retail,start,persona_x_initial_plan,11,0.00000000000000000000,0.00000000000000000000,0.00000000000000000000,0.00000000000000000000,0.00000000000000000000,161,6.83
2025-11-01,2026-04-01,5,Churned proxy,Retail,start,persona_x_initial_plan,19,0.00000000000000000000,0.00000000000000000000,0.00000000000000000000,0.00000000000000000000,0.00000000000000000000,161,11.8
2025-11-01,2026-04-01,5,Never monetized,Retail,start,persona_x_initial_plan,1,0.00000000000000000000,0.00000000000000000000,0.00000000000000000000,0.00000000000000000000,0.00000000000000000000,161,0.62
2025-11-01,2026-04-01,5,Active,Wholesale,business,persona_x_initial_plan,3,240.00000000000000000000,56.17657799999969181200,0.00000000000000000000,6.97684473917808103380,303.15342273917777284580,4,75.0
2025-11-01,2026-04-01,5,At-risk,Wholesale,business,persona_x_initial_plan,1,0.00000000000000000000,0.00000000000000000000,0.00000000000000000000,0.00000000000000000000,0.00000000000000000000,4,25.0
2025-11-01,2026-04-01,5,Active,Wholesale,free,persona_x_initial_plan,17,33.00000000000000000000,207.01940399999888791000,32.00000000000000000000,50.44999972328768273000,322.46940372328657064000,18,94.44
2025-11-01,2026-04-01,5,At-risk,Wholesale,free,persona_x_initial_plan,1,0.00000000000000000000,0.00000000000000000000,0.00000000000000000000,0.00000000000000000000,0.00000000000000000000,18,5.56
2025-11-01,2026-04-01,5,Active,Wholesale,plus,persona_x_initial_plan,15,360.00000000000000000000,1226.53025999999332120000,155.76000000000000000000,189.77944497808218301160,1932.06970497807550421160,17,88.24
2025-11-01,2026-04-01,5,Churned proxy,Wholesale,plus,persona_x_initial_plan,2,0.00000000000000000000,0.00000000000000000000,0.00000000000000000000,0.00000000000000000000,0.00000000000000000000,17,11.76
2025-11-01,2026-04-01,5,Active,Wholesale,start,persona_x_initial_plan,21,216.00000000000000000000,652.45759199999651420000,73.72000000000000000000,301.17974886575345028860,1243.35734086574996448860,23,91.3
2025-11-01,2026-04-01,5,Churned proxy,Wholesale,start,persona_x_initial_plan,1,0.00000000000000000000,0.00000000000000000000,0.00000000000000000000,0.00000000000000000000,0.00000000000000000000,23,4.35
2025-11-01,2026-04-01,5,Never monetized,Wholesale,start,persona_x_initial_plan,1,0.00000000000000000000,0.00000000000000000000,0.00000000000000000000,0.00000000000000000000,0.00000000000000000000,23,4.35
2025-12-01,2025-12-01,0,Active,ALL,business,initial_plan,65,1312.81250000000000000000,4594.38256963781726870000,138.00000000000000000000,357.19136186739735891628,6402.38643150521462761628,65,100.0
2025-12-01,2025-12-01,0,Active,ALL,free,initial_plan,1124,91.06000000000000000000,4021.04561778920719584800,12798.40000000000000000000,4361.98550248274118449666,21272.49112027194838034466,1129,99.56
2025-12-01,2025-12-01,0,Never monetized,ALL,free,initial_plan,5,0.00000000000000000000,0.00000000000000000000,0.00000000000000000000,0.00000000000000000000,0.00000000000000000000,1129,0.44
2025-12-01,2025-12-01,0,Active,ALL,plus,initial_plan,355,2983.80749999800000000000,7388.29461578402155503600,3054.04000000000000000000,3084.40689957095962290448,16510.54901535298117794048,357,99.44
2025-12-01,2025-12-01,0,Never monetized,ALL,plus,initial_plan,2,0.00000000000000000000,0.00000000000000000000,0.00000000000000000000,0.00000000000000000000,0.00000000000000000000,357,0.56
2025-12-01,2025-12-01,0,Active,ALL,start,initial_plan,1150,5895.15946867200000000000,8372.37555671829866047724,11189.78000000000000000000,4490.96457961863140061817,29948.27960500893006109541,1155,99.57
2025-12-01,2025-12-01,0,Never monetized,ALL,start,initial_plan,5,0.00000000000000000000,0.00000000000000000000,0.00000000000000000000,0.00000000000000000000,0.00000000000000000000,1155,0.43
2025-12-01,2025-12-01,0,Active,ALL,ALL,overall,2694,10282.83946867000000000000,24376.09835992934468006124,27180.22000000000000000000,12294.54834353972956693559,74133.70617213907424699683,2706,99.56
2025-12-01,2025-12-01,0,Never monetized,ALL,ALL,overall,12,0.00000000000000000000,0.00000000000000000000,0.00000000000000000000,0.00000000000000000000,0.00000000000000000000,2706,0.44
2025-12-01,2025-12-01,0,Active,Automobile_Trade_Repair,ALL,persona,121,562.17833333299999900000,1528.03962471698355712200,556.00000000000000000000,378.86565433095906947877,3025.08361238094262560077,123,98.37
2025-12-01,2025-12-01,0,Never monetized,Automobile_Trade_Repair,ALL,persona,2,0.00000000000000000000,0.00000000000000000000,0.00000000000000000000,0.00000000000000000000,0.00000000000000000000,123,1.63
2025-12-01,2025-12-01,0,Active,BTP,ALL,persona,461,2152.56500000000000000000,6120.33695385038498929600,2982.00000000000000000000,3754.45944206137117039295,15009.36139591175615968895,461,100.0
2025-12-01,2025-12-01,0,Active,Bankers_Insurance,ALL,persona,39,77.84375000000000000000,205.20807362638223300000,1236.00000000000000000000,181.81613933041099226264,1700.86796295679322526264,39,100.0
2025-12-01,2025-12-01,0,Active,Bikers_Drivers,ALL,persona,150,553.48333333300000000000,1062.08972400949862613324,878.00000000000000000000,249.45070871671238492466,2743.02376605921101105790,152,98.68
2025-12-01,2025-12-01,0,Never monetized,Bikers_Drivers,ALL,persona,2,0.00000000000000000000,0.00000000000000000000,0.00000000000000000000,0.00000000000000000000,0.00000000000000000000,152,1.32
2025-12-01,2025-12-01,0,Active,Cleaning_CallCenters,ALL,persona,10,53.00000000000000000000,189.47564821185471500000,118.00000000000000000000,228.59515085863015473200,589.07079907048486973200,11,90.91
2025-12-01,2025-12-01,0,Never monetized,Cleaning_CallCenters,ALL,persona,1,0.00000000000000000000,0.00000000000000000000,0.00000000000000000000,0.00000000000000000000,0.00000000000000000000,11,9.09
2025-12-01,2025-12-01,0,Active,Consultant,ALL,persona,458,1502.16391311600000100000,3845.90484191655884035800,5511.02000000000000000000,2350.76007338575396825886,13209.84882841831280961686,459,99.78
2025-12-01,2025-12-01,0,Never monetized,Consultant,ALL,persona,1,0.00000000000000000000,0.00000000000000000000,0.00000000000000000000,0.00000000000000000000,0.00000000000000000000,459,0.22
2025-12-01,2025-12-01,0,Active,Developer_IT,ALL,persona,230,832.90847222200000000000,708.47014279228248453400,4310.00000000000000000000,1055.59699412383597867345,6906.97560913811846320745,231,99.57
2025-12-01,2025-12-01,0,Never monetized,Developer_IT,ALL,persona,1,0.00000000000000000000,0.00000000000000000000,0.00000000000000000000,0.00000000000000000000,0.00000000000000000000,231,0.43
2025-12-01,2025-12-01,0,Active,Media_Publishing,ALL,persona,107,299.79250000000000000000,355.94612588791330149300,1332.00000000000000000000,432.81889721534256336874,2420.55752310325586486174,109,98.17
2025-12-01,2025-12-01,0,Never monetized,Media_Publishing,ALL,persona,2,0.00000000000000000000,0.00000000000000000000,0.00000000000000000000,0.00000000000000000000,0.00000000000000000000,109,1.83
2025-12-01,2025-12-01,0,Active,Medical_Professionals,ALL,persona,28,105.00000000000000000000,716.07160336412859296000,0.00000000000000000000,63.27269969150685861637,884.34430305563545157637,28,100.0
2025-12-01,2025-12-01,0,Active,Others,ALL,persona,452,1640.09083333300000000000,4853.90177055114482987600,3800.96000000000000000000,1699.42902643780868633922,11994.38163032195351621522,452,100.0
2025-12-01,2025-12-01,0,Active,Professeur,ALL,persona,83,414.12500000000000000000,407.36982827221099375700,256.00000000000000000000,167.67054392438361496120,1245.16537219659460871820,83,100.0
2025-12-01,2025-12-01,0,Active,Repair,ALL,persona,19,67.00000000000000000000,162.00399766804263886000,8.00000000000000000000,10.74495394794520732410,247.74895161598784618410,19,100.0
2025-12-01,2025-12-01,0,Active,Repair_Installation,ALL,persona,4,22.00000000000000000000,14.44675376068825300000,0.00000000000000000000,15.27565321808219819800,51.72240697877045119800,4,100.0
2025-12-01,2025-12-01,0,Active,Restauration,ALL,persona,81,317.30125000000000000000,969.17623997154980204000,564.00000000000000000000,194.12911779178086175470,2044.60660776333066379470,81,100.0
2025-12-01,2025-12-01,0,Active,Retail,ALL,persona,385,1270.94958333300000000000,2751.99128448874678465200,5336.24000000000000000000,1200.30738702520579552750,10559.48825484695258017950,387,99.48
2025-12-01,2025-12-01,0,Never monetized,Retail,ALL,persona,2,0.00000000000000000000,0.00000000000000000000,0.00000000000000000000,0.00000000000000000000,0.00000000000000000000,387,0.52
2025-12-01,2025-12-01,0,Active,Wholesale,ALL,persona,66,412.43750000000000000000,485.66574684097403798000,292.00000000000000000000,311.35590148000006212243,1501.45914832097410010243,67,98.51
2025-12-01,2025-12-01,0,Never monetized,Wholesale,ALL,persona,1,0.00000000000000000000,0.00000000000000000000,0.00000000000000000000,0.00000000000000000000,0.00000000000000000000,67,1.49
2025-12-01,2025-12-01,0,Active,Automobile_Trade_Repair,business,persona_x_initial_plan,4,160.00000000000000000000,85.09870866610301150000,138.00000000000000000000,29.37693230301371717100,412.47564096911672867100,4,100.0
2025-12-01,2025-12-01,0,Active,Automobile_Trade_Repair,free,persona_x_initial_plan,29,0.00000000000000000000,100.16477600938734770000,20.00000000000000000000,108.03624328876718395657,228.20101929815453165657,30,96.67
2025-12-01,2025-12-01,0,Never monetized,Automobile_Trade_Repair,free,persona_x_initial_plan,1,0.00000000000000000000,0.00000000000000000000,0.00000000000000000000,0.00000000000000000000,0.00000000000000000000,30,3.33
2025-12-01,2025-12-01,0,Active,Automobile_Trade_Repair,plus,persona_x_initial_plan,25,94.58333333300000000000,784.52881491808450891000,138.00000000000000000000,99.44792992164385157350,1116.56007817272836048350,25,100.0
2025-12-01,2025-12-01,0,Active,Automobile_Trade_Repair,start,persona_x_initial_plan,63,307.59499999999999900000,558.24732512340868901200,260.00000000000000000000,142.00454881753431677770,1267.84687394094300478970,64,98.44
2025-12-01,2025-12-01,0,Never monetized,Automobile_Trade_Repair,start,persona_x_initial_plan,1,0.00000000000000000000,0.00000000000000000000,0.00000000000000000000,0.00000000000000000000,0.00000000000000000000,64,1.56
2025-12-01,2025-12-01,0,Active,BTP,business,persona_x_initial_plan,21,592.81250000000000000000,1479.84741819658395300000,0.00000000000000000000,131.58106551452057365500,2204.24098371110452665500,21,100.0
2025-12-01,2025-12-01,0,Active,BTP,free,persona_x_initial_plan,175,14.45000000000000000000,1148.90553352128263719600,848.00000000000000000000,1904.42265003561720281914,3915.77818355689984001514,175,100.0
2025-12-01,2025-12-01,0,Active,BTP,plus,persona_x_initial_plan,96,690.93750000000000000000,1567.07430196207229709000,256.00000000000000000000,1023.44018757534285823485,3537.45198953741515532485,96,100.0
2025-12-01,2025-12-01,0,Active,BTP,start,persona_x_initial_plan,169,854.36500000000000000000,1924.50970017044610201000,1878.00000000000000000000,695.01553893589053568396,5351.89023910633663769396,169,100.0
2025-12-01,2025-12-01,0,Active,Bankers_Insurance,free,persona_x_initial_plan,26,0.00000000000000000000,22.55949642417194670000,422.00000000000000000000,112.74245593753426953264,557.30195236170621623264,26,100.0
2025-12-01,2025-12-01,0,Active,Bankers_Insurance,plus,persona_x_initial_plan,3,0.00000000000000000000,134.29619093578764900000,276.00000000000000000000,21.80120843123287480000,432.09739936702052380000,3,100.0
2025-12-01,2025-12-01,0,Active,Bankers_Insurance,start,persona_x_initial_plan,10,77.84375000000000000000,48.35238626642263730000,538.00000000000000000000,47.27247496164384793000,711.46861122806648523000,10,100.0
2025-12-01,2025-12-01,0,Active,Bikers_Drivers,business,persona_x_initial_plan,5,0.00000000000000000000,135.57106792912385500000,0.00000000000000000000,21.82930050739726097438,157.40036843652111597438,5,100.0
2025-12-01,2025-12-01,0,Active,Bikers_Drivers,free,persona_x_initial_plan,60,0.00000000000000000000,112.78138916368776235000,504.00000000000000000000,69.19942136383564284029,685.98081052752340519029,62,96.77
2025-12-01,2025-12-01,0,Never monetized,Bikers_Drivers,free,persona_x_initial_plan,2,0.00000000000000000000,0.00000000000000000000,0.00000000000000000000,0.00000000000000000000,0.00000000000000000000,62,3.23
2025-12-01,2025-12-01,0,Active,Bikers_Drivers,plus,persona_x_initial_plan,24,203.23333333300000000000,650.32234133430219814000,0.00000000000000000000,87.96941769917809631910,941.52509236648029445910,24,100.0
2025-12-01,2025-12-01,0,Active,Bikers_Drivers,start,persona_x_initial_plan,61,350.25000000000000000000,163.41492558238481064324,374.00000000000000000000,70.45256914630138479089,958.11749472868619543413,61,100.0
2025-12-01,2025-12-01,0,Active,Cleaning_CallCenters,free,persona_x_initial_plan,3,0.00000000000000000000,0.00000000000000000000,118.00000000000000000000,4.94665933095890414200,122.94665933095890414200,3,100.0
2025-12-01,2025-12-01,0,Active,Cleaning_CallCenters,plus,persona_x_initial_plan,3,20.00000000000000000000,76.93906652743244200000,0.00000000000000000000,219.72372921369864400000,316.66279574113108600000,4,75.0
2025-12-01,2025-12-01,0,Never monetized,Cleaning_CallCenters,plus,persona_x_initial_plan,1,0.00000000000000000000,0.00000000000000000000,0.00000000000000000000,0.00000000000000000000,0.00000000000000000000,4,25.0
2025-12-01,2025-12-01,0,Active,Cleaning_CallCenters,start,persona_x_initial_plan,4,33.00000000000000000000,112.53658168442227300000,0.00000000000000000000,3.92476231397260659000,149.46134399839487959000,4,100.0
2025-12-01,2025-12-01,0,Active,Consultant,business,persona_x_initial_plan,4,80.00000000000000000000,461.91455809593351500000,0.00000000000000000000,2.08032723506849376560,543.99488533100200876560,4,100.0
2025-12-01,2025-12-01,0,Active,Consultant,free,persona_x_initial_plan,221,43.46000000000000000000,527.16891748130089139800,2554.00000000000000000000,982.79397514410985368154,4107.42289262541074507954,222,99.55
2025-12-01,2025-12-01,0,Never monetized,Consultant,free,persona_x_initial_plan,1,0.00000000000000000000,0.00000000000000000000,0.00000000000000000000,0.00000000000000000000,0.00000000000000000000,222,0.45
2025-12-01,2025-12-01,0,Active,Consultant,plus,persona_x_initial_plan,28,232.70833333300000000000,706.67412986584015071000,870.00000000000000000000,343.49897995726031322900,2152.88144315610046393900,28,100.0
2025-12-01,2025-12-01,0,Active,Consultant,start,persona_x_initial_plan,205,1145.99557978300000100000,2150.14723647348428325000,2087.02000000000000000000,1022.38679104931530758272,6405.54960730579959183272,205,100.0
2025-12-01,2025-12-01,0,Active,Developer_IT,free,persona_x_initial_plan,101,6.00000000000000000000,209.34194757879018336100,2864.00000000000000000000,363.00152125369877665463,3442.34346883248896001563,101,100.0
2025-12-01,2025-12-01,0,Active,Developer_IT,plus,persona_x_initial_plan,13,165.00000000000000000000,43.36533799994372502000,0.00000000000000000000,99.10062962301370577000,307.46596762295743079000,13,100.0
2025-12-01,2025-12-01,0,Active,Developer_IT,start,persona_x_initial_plan,116,661.90847222200000000000,455.76285721354857615300,1446.00000000000000000000,593.49484324712349624882,3157.16617268267207240182,117,99.15
2025-12-01,2025-12-01,0,Never monetized,Developer_IT,start,persona_x_initial_plan,1,0.00000000000000000000,0.00000000000000000000,0.00000000000000000000,0.00000000000000000000,0.00000000000000000000,117,0.85
2025-12-01,2025-12-01,0,Active,Media_Publishing,business,persona_x_initial_plan,1,0.00000000000000000000,0.00000000000000000000,0.00000000000000000000,7.18839770958904100000,7.18839770958904100000,1,100.0
2025-12-01,2025-12-01,0,Active,Media_Publishing,free,persona_x_initial_plan,55,0.00000000000000000000,98.32077070143595626000,662.00000000000000000000,56.48782936109590704263,816.80860006253186330263,55,100.0
2025-12-01,2025-12-01,0,Active,Media_Publishing,plus,persona_x_initial_plan,7,76.87500000000000000000,94.74638343699462369300,118.00000000000000000000,246.41287702301373770233,536.03426046000836139533,8,87.5
2025-12-01,2025-12-01,0,Never monetized,Media_Publishing,plus,persona_x_initial_plan,1,0.00000000000000000000,0.00000000000000000000,0.00000000000000000000,0.00000000000000000000,0.00000000000000000000,8,12.5
2025-12-01,2025-12-01,0,Active,Media_Publishing,start,persona_x_initial_plan,44,222.91750000000000000000,162.87897174948272154000,552.00000000000000000000,122.72979312164387762378,1060.52626487112659916378,45,97.78
2025-12-01,2025-12-01,0,Never monetized,Media_Publishing,start,persona_x_initial_plan,1,0.00000000000000000000,0.00000000000000000000,0.00000000000000000000,0.00000000000000000000,0.00000000000000000000,45,2.22
2025-12-01,2025-12-01,0,Active,Medical_Professionals,free,persona_x_initial_plan,11,0.00000000000000000000,2.41208669612195430000,0.00000000000000000000,14.54134712931507043367,16.95343382543702473367,11,100.0
2025-12-01,2025-12-01,0,Active,Medical_Professionals,plus,persona_x_initial_plan,3,25.00000000000000000000,608.66635833911502110000,0.00000000000000000000,21.92810077534246981000,655.59445911445749091000,3,100.0
2025-12-01,2025-12-01,0,Active,Medical_Professionals,start,persona_x_initial_plan,14,80.00000000000000000000,104.99315832889161756000,0.00000000000000000000,26.80325178684931837270,211.79641011574093593270,14,100.0
2025-12-01,2025-12-01,0,Active,Others,business,persona_x_initial_plan,18,320.00000000000000000000,1904.72769606686868170000,0.00000000000000000000,142.94320895178087228550,2367.67090501864955398550,18,100.0
2025-12-01,2025-12-01,0,Active,Others,free,persona_x_initial_plan,183,6.82000000000000000000,966.68536852355852127000,2090.40000000000000000000,316.52630978739733521086,3380.43167831095585648086,183,100.0
2025-12-01,2025-12-01,0,Active,Others,plus,persona_x_initial_plan,60,454.79166666600000000000,896.00492377857889587000,700.00000000000000000000,475.63686594027408778605,2526.43345638485298365605,60,100.0
2025-12-01,2025-12-01,0,Active,Others,start,persona_x_initial_plan,191,858.47916666700000000000,1086.48378218213873103600,1010.56000000000000000000,764.32264175835639105681,3719.84559060749512209281,191,100.0
2025-12-01,2025-12-01,0,Active,Professeur,business,persona_x_initial_plan,2,80.00000000000000000000,100.35481438056317370000,0.00000000000000000000,0.37293543726027396280,180.72774981782344766280,2,100.0
2025-12-01,2025-12-01,0,Active,Professeur,free,persona_x_initial_plan,33,0.00000000000000000000,87.44601325155205310000,20.00000000000000000000,43.57199395452055930430,151.01800720607261240430,33,100.0
2025-12-01,2025-12-01,0,Active,Professeur,plus,persona_x_initial_plan,5,86.25000000000000000000,18.18670395374934400000,0.00000000000000000000,11.03496855506849763000,115.47167250881784163000,5,100.0
2025-12-01,2025-12-01,0,Active,Professeur,start,persona_x_initial_plan,43,247.87500000000000000000,201.38229668634642295700,236.00000000000000000000,112.69064597753428406410,797.94794266388070702110,43,100.0
2025-12-01,2025-12-01,0,Active,Repair,business,persona_x_initial_plan,1,0.00000000000000000000,139.81914882374784000000,0.00000000000000000000,0.51576078904109600000,140.33490961278893600000,1,100.0
2025-12-01,2025-12-01,0,Active,Repair,free,persona_x_initial_plan,8,0.00000000000000000000,6.09617133785748600000,8.00000000000000000000,7.42813767726027446980,21.52430901511776046980,8,100.0
2025-12-01,2025-12-01,0,Active,Repair,plus,persona_x_initial_plan,2,25.00000000000000000000,2.38128017810703870000,0.00000000000000000000,0.58736107890410952000,27.96864125701114822000,2,100.0
2025-12-01,2025-12-01,0,Active,Repair,start,persona_x_initial_plan,8,42.00000000000000000000,13.70739732833027416000,0.00000000000000000000,2.21369440273972733430,57.92109173107000149430,8,100.0
2025-12-01,2025-12-01,0,Active,Repair_Installation,free,persona_x_initial_plan,2,0.00000000000000000000,14.44675376068825300000,0.00000000000000000000,0.45353001589041096800,14.90028377657866396800,2,100.0
2025-12-01,2025-12-01,0,Active,Repair_Installation,start,persona_x_initial_plan,2,22.00000000000000000000,0.00000000000000000000,0.00000000000000000000,14.82212320219178723000,36.82212320219178723000,2,100.0
2025-12-01,2025-12-01,0,Active,Restauration,business,persona_x_initial_plan,1,0.00000000000000000000,132.35307777005255000000,0.00000000000000000000,1.90205549589041120000,134.25513326594296120000,1,100.0
2025-12-01,2025-12-01,0,Active,Restauration,free,persona_x_initial_plan,34,11.02000000000000000000,83.89240889180139183000,150.00000000000000000000,33.74087804109589884790,278.65328693289729067790,34,100.0
2025-12-01,2025-12-01,0,Active,Restauration,plus,persona_x_initial_plan,13,170.00000000000000000000,589.63114879733132933000,138.00000000000000000000,91.96311267616438537800,989.59426147349571470800,13,100.0
2025-12-01,2025-12-01,0,Active,Restauration,start,persona_x_initial_plan,33,136.28125000000000000000,163.29960451236453088000,276.00000000000000000000,66.52307157863016632880,642.10392609099469720880,33,100.0
2025-12-01,2025-12-01,0,Active,Retail,business,persona_x_initial_plan,3,0.00000000000000000000,89.65057507534251660000,0.00000000000000000000,0.70344662575342474000,90.35402170109594134000,3,100.0
2025-12-01,2025-12-01,0,Active,Retail,free,persona_x_initial_plan,171,9.31000000000000000000,613.67659814848979716300,2396.00000000000000000000,321.94797736493156120969,3340.93457551342135837269,172,99.42
2025-12-01,2025-12-01,0,Never monetized,Retail,free,persona_x_initial_plan,1,0.00000000000000000000,0.00000000000000000000,0.00000000000000000000,0.00000000000000000000,0.00000000000000000000,172,0.58
2025-12-01,2025-12-01,0,Active,Retail,plus,persona_x_initial_plan,57,561.30333333300000000000,989.17311158022553567300,416.04000000000000000000,261.60031787342472142065,2228.11676278665025709365,57,100.0
2025-12-01,2025-12-01,0,Active,Retail,start,persona_x_initial_plan,154,700.33625000000000000000,1059.49099968468893521600,2524.20000000000000000000,616.05564516109608815716,4900.08289484578502337316,155,99.35
2025-12-01,2025-12-01,0,Never monetized,Retail,start,persona_x_initial_plan,1,0.00000000000000000000,0.00000000000000000000,0.00000000000000000000,0.00000000000000000000,0.00000000000000000000,155,0.65
2025-12-01,2025-12-01,0,Active,Wholesale,business,persona_x_initial_plan,5,80.00000000000000000000,65.04550463349817220000,0.00000000000000000000,18.69793129808219416200,163.74343593158036636200,5,100.0
2025-12-01,2025-12-01,0,Active,Wholesale,free,persona_x_initial_plan,12,0.00000000000000000000,27.14738629908101422000,142.00000000000000000000,22.14457279671233338300,191.29195909579334760300,12,100.0
2025-12-01,2025-12-01,0,Active,Wholesale,plus,persona_x_initial_plan,16,178.12500000000000000000,226.30452217645679580000,142.00000000000000000000,80.26121322739726973100,626.69073540385406553100,16,100.0
2025-12-01,2025-12-01,0,Active,Wholesale,start,persona_x_initial_plan,33,154.31250000000000000000,167.16833373193805576000,8.00000000000000000000,190.25218415780826484643,519.73301788974632060643,34,97.06
2025-12-01,2025-12-01,0,Never monetized,Wholesale,start,persona_x_initial_plan,1,0.00000000000000000000,0.00000000000000000000,0.00000000000000000000,0.00000000000000000000,0.00000000000000000000,34,2.94
2025-12-01,2026-01-01,1,Active,ALL,business,initial_plan,42,3110.00000000000000000000,4568.02457579997607630000,0.90000000000000000000,869.37014656821915879110,8548.29472236819523509110,65,64.62
2025-12-01,2026-01-01,1,At-risk,ALL,business,initial_plan,23,0.00000000000000000000,0.00000000000000000000,0.00000000000000000000,0.00000000000000000000,0.00000000000000000000,65,35.38
2025-12-01,2026-01-01,1,Active,ALL,free,initial_plan,1077,411.56323775400000000000,6693.76220039996503988790,814.29999999999999700000,9419.00215187835706101772,17338.62759003232209790562,1129,95.39
2025-12-01,2026-01-01,1,At-risk,ALL,free,initial_plan,48,0.00000000000000000000,0.00000000000000000000,0.00000000000000000000,0.00000000000000000000,0.00000000000000000000,1129,4.25
2025-12-01,2026-01-01,1,Never monetized,ALL,free,initial_plan,4,0.00000000000000000000,0.00000000000000000000,0.00000000000000000000,0.00000000000000000000,0.00000000000000000000,1129,0.35
2025-12-01,2026-01-01,1,Active,ALL,plus,initial_plan,339,7610.32406006300000000000,15118.81045019992127843100,379.02000000000000000000,5052.56834910794565745510,28160.72285937086693588610,357,94.96
2025-12-01,2026-01-01,1,At-risk,ALL,plus,initial_plan,17,0.00000000000000000000,0.00000000000000000000,0.00000000000000000000,0.00000000000000000000,0.00000000000000000000,357,4.76
2025-12-01,2026-01-01,1,Never monetized,ALL,plus,initial_plan,1,0.00000000000000000000,0.00000000000000000000,0.00000000000000000000,0.00000000000000000000,0.00000000000000000000,357,0.28
2025-12-01,2026-01-01,1,Active,ALL,start,initial_plan,1125,11080.98244379400000610000,22444.43648579988076546246,392.34000000000000000000,10261.67154102027465346856,44179.43047061415542503102,1155,97.4
2025-12-01,2026-01-01,1,At-risk,ALL,start,initial_plan,25,0.00000000000000000000,0.00000000000000000000,0.00000000000000000000,0.00000000000000000000,0.00000000000000000000,1155,2.16
2025-12-01,2026-01-01,1,Never monetized,ALL,start,initial_plan,5,0.00000000000000000000,0.00000000000000000000,0.00000000000000000000,0.00000000000000000000,0.00000000000000000000,1155,0.43
2025-12-01,2026-01-01,1,Active,ALL,ALL,overall,2583,22212.86974161100000610000,48825.03371219974316008136,1586.55999999999999700000,25602.61218857479653073248,98227.07564238553969391384,2706,95.45
2025-12-01,2026-01-01,1,At-risk,ALL,ALL,overall,113,0.00000000000000000000,0.00000000000000000000,0.00000000000000000000,0.00000000000000000000,0.00000000000000000000,2706,4.18
2025-12-01,2026-01-01,1,Never monetized,ALL,ALL,overall,10,0.00000000000000000000,0.00000000000000000000,0.00000000000000000000,0.00000000000000000000,0.00000000000000000000,2706,0.37
2025-12-01,2026-01-01,1,Active,Automobile_Trade_Repair,ALL,persona,117,1458.72268817200000000000,2812.25919419998534244700,26.30000000000000000000,927.21356468383569077307,5224.49544705582103322007,123,95.12
2025-12-01,2026-01-01,1,At-risk,Automobile_Trade_Repair,ALL,persona,4,0.00000000000000000000,0.00000000000000000000,0.00000000000000000000,0.00000000000000000000,0.00000000000000000000,123,3.25
2025-12-01,2026-01-01,1,Never monetized,Automobile_Trade_Repair,ALL,persona,2,0.00000000000000000000,0.00000000000000000000,0.00000000000000000000,0.00000000000000000000,0.00000000000000000000,123,1.63
2025-12-01,2026-01-01,1,Active,BTP,ALL,persona,442,5328.28037482600000310000,13105.70959139993190178100,192.22000000000000000000,6039.93997259835658487155,24666.14993882428848975255,461,95.88
2025-12-01,2026-01-01,1,At-risk,BTP,ALL,persona,19,0.00000000000000000000,0.00000000000000000000,0.00000000000000000000,0.00000000000000000000,0.00000000000000000000,461,4.12
2025-12-01,2026-01-01,1,Active,Bankers_Insurance,ALL,persona,37,147.00000000000000000000,388.33860419999796409000,21.78000000000000000000,443.46340476931512499129,1000.58200896931308908129,39,94.87
2025-12-01,2026-01-01,1,At-risk,Bankers_Insurance,ALL,persona,2,0.00000000000000000000,0.00000000000000000000,0.00000000000000000000,0.00000000000000000000,0.00000000000000000000,39,5.13
2025-12-01,2026-01-01,1,Active,Bikers_Drivers,ALL,persona,136,1204.23333333300000000000,1570.44612599999180830700,48.00000000000000000000,513.32068640876719790781,3336.00014574175900621481,152,89.47
2025-12-01,2026-01-01,1,At-risk,Bikers_Drivers,ALL,persona,15,0.00000000000000000000,0.00000000000000000000,0.00000000000000000000,0.00000000000000000000,0.00000000000000000000,152,9.87
2025-12-01,2026-01-01,1,Never monetized,Bikers_Drivers,ALL,persona,1,0.00000000000000000000,0.00000000000000000000,0.00000000000000000000,0.00000000000000000000,0.00000000000000000000,152,0.66
2025-12-01,2026-01-01,1,Active,Cleaning_CallCenters,ALL,persona,9,103.00000000000000000000,637.10123399999654940000,13.44000000000000000000,457.19471134794527197900,1210.73594534794182137900,11,81.82
2025-12-01,2026-01-01,1,At-risk,Cleaning_CallCenters,ALL,persona,1,0.00000000000000000000,0.00000000000000000000,0.00000000000000000000,0.00000000000000000000,0.00000000000000000000,11,9.09
2025-12-01,2026-01-01,1,Never monetized,Cleaning_CallCenters,ALL,persona,1,0.00000000000000000000,0.00000000000000000000,0.00000000000000000000,0.00000000000000000000,0.00000000000000000000,11,9.09
2025-12-01,2026-01-01,1,Active,Consultant,ALL,persona,442,2626.14333333300000000000,8927.91463139995130185600,222.22000000000000000000,5764.63274028821965149067,17540.91070502117095334667,459,96.3
2025-12-01,2026-01-01,1,At-risk,Consultant,ALL,persona,16,0.00000000000000000000,0.00000000000000000000,0.00000000000000000000,0.00000000000000000000,0.00000000000000000000,459,3.49
2025-12-01,2026-01-01,1,Never monetized,Consultant,ALL,persona,1,0.00000000000000000000,0.00000000000000000000,0.00000000000000000000,0.00000000000000000000,0.00000000000000000000,459,0.22
2025-12-01,2026-01-01,1,Active,Developer_IT,ALL,persona,222,1393.51032258100000000000,2409.88663619998731955000,153.20000000000000000000,3058.78309112931530804388,7015.38004991030262759388,231,96.1
2025-12-01,2026-01-01,1,At-risk,Developer_IT,ALL,persona,8,0.00000000000000000000,0.00000000000000000000,0.00000000000000000000,0.00000000000000000000,0.00000000000000000000,231,3.46
2025-12-01,2026-01-01,1,Never monetized,Developer_IT,ALL,persona,1,0.00000000000000000000,0.00000000000000000000,0.00000000000000000000,0.00000000000000000000,0.00000000000000000000,231,0.43
2025-12-01,2026-01-01,1,Active,Media_Publishing,ALL,persona,104,681.14774193500000000000,1316.44963799999309151000,57.50000000000000000000,979.11515825917808727700,3034.21253819417117878700,109,95.41
2025-12-01,2026-01-01,1,At-risk,Media_Publishing,ALL,persona,4,0.00000000000000000000,0.00000000000000000000,0.00000000000000000000,0.00000000000000000000,0.00000000000000000000,109,3.67
2025-12-01,2026-01-01,1,Never monetized,Media_Publishing,ALL,persona,1,0.00000000000000000000,0.00000000000000000000,0.00000000000000000000,0.00000000000000000000,0.00000000000000000000,109,0.92
2025-12-01,2026-01-01,1,Active,Medical_Professionals,ALL,persona,28,196.00000000000000000000,556.28607599999713150000,168.90000000000000000000,132.89733051013699626689,1054.08340651013412776689,28,100.0
2025-12-01,2026-01-01,1,Active,Others,ALL,persona,428,3554.67592592600000000000,6128.46711899996776338000,221.72000000000000000000,3825.27593132164415102273,13730.13897624761191440273,452,94.69
2025-12-01,2026-01-01,1,At-risk,Others,ALL,persona,24,0.00000000000000000000,0.00000000000000000000,0.00000000000000000000,0.00000000000000000000,0.00000000000000000000,452,5.31
2025-12-01,2026-01-01,1,Active,Professeur,ALL,persona,80,666.04935483900000000000,490.26872699999747304600,46.14000000000000000000,434.88585834301375169056,1637.34394018201122473656,83,96.39
2025-12-01,2026-01-01,1,At-risk,Professeur,ALL,persona,3,0.00000000000000000000,0.00000000000000000000,0.00000000000000000000,0.00000000000000000000,0.00000000000000000000,83,3.61
2025-12-01,2026-01-01,1,Active,Repair,ALL,persona,18,125.00000000000000000000,250.17953939999867290000,4.10000000000000000000,10.17284618630137108490,389.45238558630004398490,19,94.74
2025-12-01,2026-01-01,1,At-risk,Repair,ALL,persona,1,0.00000000000000000000,0.00000000000000000000,0.00000000000000000000,0.00000000000000000000,0.00000000000000000000,19,5.26
2025-12-01,2026-01-01,1,Active,Repair_Installation,ALL,persona,4,25.41000000000000000000,59.33512799999968670000,8.00000000000000000000,9.81262213534246518000,102.55775013534215188000,4,100.0
2025-12-01,2026-01-01,1,Active,Restauration,ALL,persona,79,705.09000000000000000000,3049.22521799998416887000,71.20000000000000000000,390.21340854410960593915,4215.72862654409377480915,81,97.53
2025-12-01,2026-01-01,1,At-risk,Restauration,ALL,persona,2,0.00000000000000000000,0.00000000000000000000,0.00000000000000000000,0.00000000000000000000,0.00000000000000000000,81,2.47
2025-12-01,2026-01-01,1,Active,Retail,ALL,persona,372,2907.60666666600000300000,5738.81445179997025823636,280.11999999999999700000,1795.45817494356177564918,10721.99929340953203388554,387,96.12
2025-12-01,2026-01-01,1,At-risk,Retail,ALL,persona,13,0.00000000000000000000,0.00000000000000000000,0.00000000000000000000,0.00000000000000000000,0.00000000000000000000,387,3.36
2025-12-01,2026-01-01,1,Never monetized,Retail,ALL,persona,2,0.00000000000000000000,0.00000000000000000000,0.00000000000000000000,0.00000000000000000000,0.00000000000000000000,387,0.52
2025-12-01,2026-01-01,1,Active,Wholesale,ALL,persona,65,1091.00000000000000000000,1384.35179759999272650800,51.72000000000000000000,820.23268710575349656480,3347.30448470574622307280,67,97.01
2025-12-01,2026-01-01,1,At-risk,Wholesale,ALL,persona,1,0.00000000000000000000,0.00000000000000000000,0.00000000000000000000,0.00000000000000000000,0.00000000000000000000,67,1.49
2025-12-01,2026-01-01,1,Never monetized,Wholesale,ALL,persona,1,0.00000000000000000000,0.00000000000000000000,0.00000000000000000000,0.00000000000000000000,0.00000000000000000000,67,1.49
2025-12-01,2026-01-01,1,Active,Automobile_Trade_Repair,business,persona_x_initial_plan,4,320.00000000000000000000,307.57147379999838500000,0.00000000000000000000,144.76448280767124385800,772.33595660766962885800,4,100.0
2025-12-01,2026-01-01,1,Active,Automobile_Trade_Repair,free,persona_x_initial_plan,27,16.97000000000000000000,207.25741439999893530700,10.00000000000000000000,113.93664989260272628731,348.16406429260166159431,30,90.0
2025-12-01,2026-01-01,1,At-risk,Automobile_Trade_Repair,free,persona_x_initial_plan,2,0.00000000000000000000,0.00000000000000000000,0.00000000000000000000,0.00000000000000000000,0.00000000000000000000,30,6.67
2025-12-01,2026-01-01,1,Never monetized,Automobile_Trade_Repair,free,persona_x_initial_plan,1,0.00000000000000000000,0.00000000000000000000,0.00000000000000000000,0.00000000000000000000,0.00000000000000000000,30,3.33
2025-12-01,2026-01-01,1,Active,Automobile_Trade_Repair,plus,persona_x_initial_plan,24,473.33333333300000000000,916.01562599999520390000,1.86000000000000000000,305.59564761260279482996,1696.80460694559799872996,25,96.0
2025-12-01,2026-01-01,1,At-risk,Automobile_Trade_Repair,plus,persona_x_initial_plan,1,0.00000000000000000000,0.00000000000000000000,0.00000000000000000000,0.00000000000000000000,0.00000000000000000000,25,4.0
2025-12-01,2026-01-01,1,Active,Automobile_Trade_Repair,start,persona_x_initial_plan,62,648.41935483900000000000,1381.41467999999281824000,14.44000000000000000000,362.91678437095892579780,2407.19081920995174403780,64,96.88
2025-12-01,2026-01-01,1,At-risk,Automobile_Trade_Repair,start,persona_x_initial_plan,1,0.00000000000000000000,0.00000000000000000000,0.00000000000000000000,0.00000000000000000000,0.00000000000000000000,64,1.56
2025-12-01,2026-01-01,1,Never monetized,Automobile_Trade_Repair,start,persona_x_initial_plan,1,0.00000000000000000000,0.00000000000000000000,0.00000000000000000000,0.00000000000000000000,0.00000000000000000000,64,1.56
2025-12-01,2026-01-01,1,Active,BTP,business,persona_x_initial_plan,16,1190.00000000000000000000,3101.84400599998394150000,0.00000000000000000000,182.69779794958902787560,4474.54180394957296937560,21,76.19
2025-12-01,2026-01-01,1,At-risk,BTP,business,persona_x_initial_plan,5,0.00000000000000000000,0.00000000000000000000,0.00000000000000000000,0.00000000000000000000,0.00000000000000000000,21,23.81
2025-12-01,2026-01-01,1,Active,BTP,free,persona_x_initial_plan,168,38.30064516100000000000,1554.59100959999178628000,105.74000000000000000000,2826.51434225863032185307,4525.14599701962210813307,175,96.0
2025-12-01,2026-01-01,1,At-risk,BTP,free,persona_x_initial_plan,7,0.00000000000000000000,0.00000000000000000000,0.00000000000000000000,0.00000000000000000000,0.00000000000000000000,175,4.0
2025-12-01,2026-01-01,1,Active,BTP,plus,persona_x_initial_plan,92,2360.48459770000000000000,3831.19647659998033224100,71.56000000000000000000,1383.04461170301383511292,7646.28568600299416735392,96,95.83
2025-12-01,2026-01-01,1,At-risk,BTP,plus,persona_x_initial_plan,4,0.00000000000000000000,0.00000000000000000000,0.00000000000000000000,0.00000000000000000000,0.00000000000000000000,96,4.17
2025-12-01,2026-01-01,1,Active,BTP,start,persona_x_initial_plan,166,1739.49513196500000310000,4618.07809919997584176000,14.92000000000000000000,1647.68322068712340002996,8020.17645185209924488996,169,98.22
2025-12-01,2026-01-01,1,At-risk,BTP,start,persona_x_initial_plan,3,0.00000000000000000000,0.00000000000000000000,0.00000000000000000000,0.00000000000000000000,0.00000000000000000000,169,1.78
2025-12-01,2026-01-01,1,Active,Bankers_Insurance,free,persona_x_initial_plan,24,0.00000000000000000000,1.63115999999999165000,12.00000000000000000000,342.90472883726032019129,356.53588883726031184129,26,92.31
2025-12-01,2026-01-01,1,At-risk,Bankers_Insurance,free,persona_x_initial_plan,2,0.00000000000000000000,0.00000000000000000000,0.00000000000000000000,0.00000000000000000000,0.00000000000000000000,26,7.69
2025-12-01,2026-01-01,1,Active,Bankers_Insurance,plus,persona_x_initial_plan,3,50.00000000000000000000,370.17557819999805900000,0.00000000000000000000,38.14442852219178490000,458.32000672218984390000,3,100.0
2025-12-01,2026-01-01,1,Active,Bankers_Insurance,start,persona_x_initial_plan,10,97.00000000000000000000,16.53186599999991344000,9.78000000000000000000,62.41424740986301990000,185.72611340986293334000,10,100.0
2025-12-01,2026-01-01,1,Active,Bikers_Drivers,business,persona_x_initial_plan,4,240.00000000000000000000,343.37483999999821000000,0.00000000000000000000,64.24157336657534500000,647.61641336657355500000,5,80.0
2025-12-01,2026-01-01,1,At-risk,Bikers_Drivers,business,persona_x_initial_plan,1,0.00000000000000000000,0.00000000000000000000,0.00000000000000000000,0.00000000000000000000,0.00000000000000000000,5,20.0
2025-12-01,2026-01-01,1,Active,Bikers_Drivers,free,persona_x_initial_plan,54,0.00000000000000000000,358.76901599999812055700,26.00000000000000000000,123.88475362849316151793,508.65376962849128207493,62,87.1
2025-12-01,2026-01-01,1,At-risk,Bikers_Drivers,free,persona_x_initial_plan,7,0.00000000000000000000,0.00000000000000000000,0.00000000000000000000,0.00000000000000000000,0.00000000000000000000,62,11.29
2025-12-01,2026-01-01,1,Never monetized,Bikers_Drivers,free,persona_x_initial_plan,1,0.00000000000000000000,0.00000000000000000000,0.00000000000000000000,0.00000000000000000000,0.00000000000000000000,62,1.61
2025-12-01,2026-01-01,1,Active,Bikers_Drivers,plus,persona_x_initial_plan,22,453.23333333300000000000,437.94944999999770350000,22.00000000000000000000,101.13315738246575676388,1014.31594071546346026388,24,91.67
2025-12-01,2026-01-01,1,At-risk,Bikers_Drivers,plus,persona_x_initial_plan,2,0.00000000000000000000,0.00000000000000000000,0.00000000000000000000,0.00000000000000000000,0.00000000000000000000,24,8.33
2025-12-01,2026-01-01,1,Active,Bikers_Drivers,start,persona_x_initial_plan,56,511.00000000000000000000,430.35281999999777425000,0.00000000000000000000,224.06120203123293462600,1165.41402203123070887600,61,91.8
2025-12-01,2026-01-01,1,At-risk,Bikers_Drivers,start,persona_x_initial_plan,5,0.00000000000000000000,0.00000000000000000000,0.00000000000000000000,0.00000000000000000000,0.00000000000000000000,61,8.2
2025-12-01,2026-01-01,1,Active,Cleaning_CallCenters,free,persona_x_initial_plan,3,0.00000000000000000000,21.46472999999989070000,0.00000000000000000000,9.00510784767123172900,30.46983784767112242900,3,100.0
2025-12-01,2026-01-01,1,Active,Cleaning_CallCenters,plus,persona_x_initial_plan,3,70.00000000000000000000,368.16884999999801100000,0.00000000000000000000,436.33587368164390400000,874.50472368164191500000,4,75.0
2025-12-01,2026-01-01,1,Never monetized,Cleaning_CallCenters,plus,persona_x_initial_plan,1,0.00000000000000000000,0.00000000000000000000,0.00000000000000000000,0.00000000000000000000,0.00000000000000000000,4,25.0
2025-12-01,2026-01-01,1,Active,Cleaning_CallCenters,start,persona_x_initial_plan,3,33.00000000000000000000,247.46765399999864770000,13.44000000000000000000,11.85372981863013625000,305.76138381862878395000,4,75.0
2025-12-01,2026-01-01,1,At-risk,Cleaning_CallCenters,start,persona_x_initial_plan,1,0.00000000000000000000,0.00000000000000000000,0.00000000000000000000,0.00000000000000000000,0.00000000000000000000,4,25.0
2025-12-01,2026-01-01,1,Active,Consultant,business,persona_x_initial_plan,1,80.00000000000000000000,0.00000000000000000000,0.00000000000000000000,0.53373788493150676000,80.53373788493150676000,4,25.0
2025-12-01,2026-01-01,1,At-risk,Consultant,business,persona_x_initial_plan,3,0.00000000000000000000,0.00000000000000000000,0.00000000000000000000,0.00000000000000000000,0.00000000000000000000,4,75.0
2025-12-01,2026-01-01,1,Active,Consultant,free,persona_x_initial_plan,214,88.51000000000000000000,1107.41291999999417475700,117.72000000000000000000,3030.83726845479485011429,4344.48018845478902487129,222,96.4
2025-12-01,2026-01-01,1,At-risk,Consultant,free,persona_x_initial_plan,7,0.00000000000000000000,0.00000000000000000000,0.00000000000000000000,0.00000000000000000000,0.00000000000000000000,222,3.15
2025-12-01,2026-01-01,1,Never monetized,Consultant,free,persona_x_initial_plan,1,0.00000000000000000000,0.00000000000000000000,0.00000000000000000000,0.00000000000000000000,0.00000000000000000000,222,0.45
2025-12-01,2026-01-01,1,Active,Consultant,plus,persona_x_initial_plan,26,583.33333333300000000000,1247.98501799999328615000,0.00000000000000000000,545.33823474191783516640,2376.65658607491112131640,28,92.86
2025-12-01,2026-01-01,1,At-risk,Consultant,plus,persona_x_initial_plan,2,0.00000000000000000000,0.00000000000000000000,0.00000000000000000000,0.00000000000000000000,0.00000000000000000000,28,7.14
2025-12-01,2026-01-01,1,Active,Consultant,start,persona_x_initial_plan,201,1874.30000000000000000000,6572.51669339996384094900,104.50000000000000000000,2187.92349920657545944998,10739.24019260653930039898,205,98.05
2025-12-01,2026-01-01,1,At-risk,Consultant,start,persona_x_initial_plan,4,0.00000000000000000000,0.00000000000000000000,0.00000000000000000000,0.00000000000000000000,0.00000000000000000000,205,1.95
2025-12-01,2026-01-01,1,Active,Developer_IT,free,persona_x_initial_plan,94,17.22000000000000000000,498.48696719999738750600,119.66000000000000000000,1192.44994530630151060528,1827.81691250629889811128,101,93.07
2025-12-01,2026-01-01,1,At-risk,Developer_IT,free,persona_x_initial_plan,7,0.00000000000000000000,0.00000000000000000000,0.00000000000000000000,0.00000000000000000000,0.00000000000000000000,101,6.93
2025-12-01,2026-01-01,1,Active,Developer_IT,plus,persona_x_initial_plan,13,244.51612903200000000000,31.62621599999983344000,1.40000000000000000000,232.34722692986308637000,509.88957196186291981000,13,100.0
2025-12-01,2026-01-01,1,Active,Developer_IT,start,persona_x_initial_plan,115,1131.77419354900000000000,1879.77345299999009860400,32.14000000000000000000,1633.98591889315071106860,4677.67356544214080967260,117,98.29
2025-12-01,2026-01-01,1,At-risk,Developer_IT,start,persona_x_initial_plan,1,0.00000000000000000000,0.00000000000000000000,0.00000000000000000000,0.00000000000000000000,0.00000000000000000000,117,0.85
2025-12-01,2026-01-01,1,Never monetized,Developer_IT,start,persona_x_initial_plan,1,0.00000000000000000000,0.00000000000000000000,0.00000000000000000000,0.00000000000000000000,0.00000000000000000000,117,0.85
2025-12-01,2026-01-01,1,Active,Media_Publishing,business,persona_x_initial_plan,1,80.00000000000000000000,7.31708999999996120000,0.00000000000000000000,11.67699941041095900000,98.99408941041092020000,1,100.0
2025-12-01,2026-01-01,1,Active,Media_Publishing,free,persona_x_initial_plan,53,16.18000000000000000000,162.71059679999916193000,18.62000000000000000000,154.09282620931509127750,351.60342300931425320750,55,96.36
2025-12-01,2026-01-01,1,At-risk,Media_Publishing,free,persona_x_initial_plan,2,0.00000000000000000000,0.00000000000000000000,0.00000000000000000000,0.00000000000000000000,0.00000000000000000000,55,3.64
2025-12-01,2026-01-01,1,Active,Media_Publishing,plus,persona_x_initial_plan,7,165.00000000000000000000,203.90540399999891880000,0.00000000000000000000,379.90289457917805156000,748.80829857917697036000,8,87.5
2025-12-01,2026-01-01,1,At-risk,Media_Publishing,plus,persona_x_initial_plan,1,0.00000000000000000000,0.00000000000000000000,0.00000000000000000000,0.00000000000000000000,0.00000000000000000000,8,12.5
2025-12-01,2026-01-01,1,Active,Media_Publishing,start,persona_x_initial_plan,43,419.96774193500000000000,942.51654719999504958000,38.88000000000000000000,433.44243806027398543950,1834.80672719526903501950,45,95.56
2025-12-01,2026-01-01,1,At-risk,Media_Publishing,start,persona_x_initial_plan,1,0.00000000000000000000,0.00000000000000000000,0.00000000000000000000,0.00000000000000000000,0.00000000000000000000,45,2.22
2025-12-01,2026-01-01,1,Never monetized,Media_Publishing,start,persona_x_initial_plan,1,0.00000000000000000000,0.00000000000000000000,0.00000000000000000000,0.00000000000000000000,0.00000000000000000000,45,2.22
2025-12-01,2026-01-01,1,Active,Medical_Professionals,free,persona_x_initial_plan,11,0.00000000000000000000,35.19077399999981600000,4.30000000000000000000,52.57937906904109909999,92.07015306904091509999,11,100.0
2025-12-01,2026-01-01,1,Active,Medical_Professionals,plus,persona_x_initial_plan,3,50.00000000000000000000,459.49796999999764100000,164.60000000000000000000,27.65569935452054754000,701.75366935451818854000,3,100.0
2025-12-01,2026-01-01,1,Active,Medical_Professionals,start,persona_x_initial_plan,14,146.00000000000000000000,61.59733199999967450000,0.00000000000000000000,52.66225208657534962690,260.25958408657502412690,14,100.0
2025-12-01,2026-01-01,1,Active,Others,business,persona_x_initial_plan,8,560.00000000000000000000,532.52198999999704880000,0.90000000000000000000,459.93760013041093835750,1553.35959013040798715750,18,44.44
2025-12-01,2026-01-01,1,At-risk,Others,business,persona_x_initial_plan,10,0.00000000000000000000,0.00000000000000000000,0.00000000000000000000,0.00000000000000000000,0.00000000000000000000,18,55.56
2025-12-01,2026-01-01,1,Active,Others,free,persona_x_initial_plan,177,176.34259259300000000000,950.30887139999507878700,138.28000000000000000000,742.90168735232884883574,2007.83315134532392762274,183,96.72
2025-12-01,2026-01-01,1,At-risk,Others,free,persona_x_initial_plan,6,0.00000000000000000000,0.00000000000000000000,0.00000000000000000000,0.00000000000000000000,0.00000000000000000000,183,3.28
2025-12-01,2026-01-01,1,Active,Others,plus,persona_x_initial_plan,56,1041.66666666600000000000,2313.49295699998782500000,31.44000000000000000000,758.50382111835625049983,4145.10344478434407549983,60,93.33
2025-12-01,2026-01-01,1,At-risk,Others,plus,persona_x_initial_plan,4,0.00000000000000000000,0.00000000000000000000,0.00000000000000000000,0.00000000000000000000,0.00000000000000000000,60,6.67
2025-12-01,2026-01-01,1,Active,Others,start,persona_x_initial_plan,187,1776.66666666700000000000,2332.14330059998781079300,51.10000000000000000000,1863.93282272054811332966,6023.84278998753592412266,191,97.91
2025-12-01,2026-01-01,1,At-risk,Others,start,persona_x_initial_plan,4,0.00000000000000000000,0.00000000000000000000,0.00000000000000000000,0.00000000000000000000,0.00000000000000000000,191,2.09
2025-12-01,2026-01-01,1,Active,Professeur,business,persona_x_initial_plan,1,80.00000000000000000000,31.33043999999984300000,0.00000000000000000000,0.29478417863013700000,111.62522417862998000000,2,50.0
2025-12-01,2026-01-01,1,At-risk,Professeur,business,persona_x_initial_plan,1,0.00000000000000000000,0.00000000000000000000,0.00000000000000000000,0.00000000000000000000,0.00000000000000000000,2,50.0
2025-12-01,2026-01-01,1,Active,Professeur,free,persona_x_initial_plan,31,32.63000000000000000000,132.15100499999933413600,40.38000000000000000000,129.14715693753426055690,334.30816193753359469290,33,93.94
2025-12-01,2026-01-01,1,At-risk,Professeur,free,persona_x_initial_plan,2,0.00000000000000000000,0.00000000000000000000,0.00000000000000000000,0.00000000000000000000,0.00000000000000000000,33,6.06
2025-12-01,2026-01-01,1,Active,Professeur,plus,persona_x_initial_plan,5,120.00000000000000000000,46.55905559999975350000,1.64000000000000000000,76.48486729643837279000,244.68392289643812629000,5,100.0
2025-12-01,2026-01-01,1,Active,Professeur,start,persona_x_initial_plan,43,433.41935483900000000000,280.22822639999854241000,4.12000000000000000000,228.95904993041098134366,946.72663116940952375366,43,100.0
2025-12-01,2026-01-01,1,At-risk,Repair,business,persona_x_initial_plan,1,0.00000000000000000000,0.00000000000000000000,0.00000000000000000000,0.00000000000000000000,0.00000000000000000000,1,100.0
2025-12-01,2026-01-01,1,Active,Repair,free,persona_x_initial_plan,8,0.00000000000000000000,221.23319399999882530000,4.00000000000000000000,6.71816154410958947990,231.95135554410841477990,8,100.0
2025-12-01,2026-01-01,1,Active,Repair,plus,persona_x_initial_plan,2,50.00000000000000000000,5.90332139999996900000,0.10000000000000000000,0.48936080328767134500,56.49268220328764034500,2,100.0
2025-12-01,2026-01-01,1,Active,Repair,start,persona_x_initial_plan,8,75.00000000000000000000,23.04302399999987860000,0.00000000000000000000,2.96532383890411026000,101.00834783890398886000,8,100.0
2025-12-01,2026-01-01,1,Active,Repair_Installation,free,persona_x_initial_plan,2,3.41000000000000000000,52.96717799999972000000,8.00000000000000000000,2.44982240767123318000,66.82700040767095318000,2,100.0
2025-12-01,2026-01-01,1,Active,Repair_Installation,start,persona_x_initial_plan,2,22.00000000000000000000,6.36794999999996670000,0.00000000000000000000,7.36279972767123200000,35.73074972767119870000,2,100.0
2025-12-01,2026-01-01,1,At-risk,Restauration,business,persona_x_initial_plan,1,0.00000000000000000000,0.00000000000000000000,0.00000000000000000000,0.00000000000000000000,0.00000000000000000000,1,100.0
2025-12-01,2026-01-01,1,Active,Restauration,free,persona_x_initial_plan,33,11.00000000000000000000,261.22071599999867077000,66.40000000000000000000,88.95205566739726867540,427.57277166739593944540,34,97.06
2025-12-01,2026-01-01,1,At-risk,Restauration,free,persona_x_initial_plan,1,0.00000000000000000000,0.00000000000000000000,0.00000000000000000000,0.00000000000000000000,0.00000000000000000000,34,2.94
2025-12-01,2026-01-01,1,Active,Restauration,plus,persona_x_initial_plan,13,402.09000000000000000000,2189.06593199998875900000,0.00000000000000000000,137.30454167835616640265,2728.46047367834492540265,13,100.0
2025-12-01,2026-01-01,1,Active,Restauration,start,persona_x_initial_plan,33,292.00000000000000000000,598.93856999999673910000,4.80000000000000000000,163.95681119835617086110,1059.69538119835290996110,33,100.0
2025-12-01,2026-01-01,1,Active,Retail,business,persona_x_initial_plan,2,160.00000000000000000000,164.02670999999912200000,0.00000000000000000000,2.42960277863013762000,326.45631277862925962000,3,66.67
2025-12-01,2026-01-01,1,At-risk,Retail,business,persona_x_initial_plan,1,0.00000000000000000000,0.00000000000000000000,0.00000000000000000000,0.00000000000000000000,0.00000000000000000000,3,33.33
2025-12-01,2026-01-01,1,Active,Retail,free,persona_x_initial_plan,167,11.00000000000000000000,1116.71978399999420741790,134.39999999999999700000,554.80756608328773977412,1816.92735008328194419202,172,97.09
2025-12-01,2026-01-01,1,At-risk,Retail,free,persona_x_initial_plan,4,0.00000000000000000000,0.00000000000000000000,0.00000000000000000000,0.00000000000000000000,0.00000000000000000000,172,2.33
2025-12-01,2026-01-01,1,Never monetized,Retail,free,persona_x_initial_plan,1,0.00000000000000000000,0.00000000000000000000,0.00000000000000000000,0.00000000000000000000,0.00000000000000000000,172,0.58
2025-12-01,2026-01-01,1,Active,Retail,plus,persona_x_initial_plan,54,1181.66666666600000000000,1839.33858599999044853000,72.42000000000000000000,440.41486648657532682086,3533.84011915256577535086,57,94.74
2025-12-01,2026-01-01,1,At-risk,Retail,plus,persona_x_initial_plan,3,0.00000000000000000000,0.00000000000000000000,0.00000000000000000000,0.00000000000000000000,0.00000000000000000000,57,5.26
2025-12-01,2026-01-01,1,Active,Retail,start,persona_x_initial_plan,149,1554.94000000000000300000,2618.72937179998648028846,73.30000000000000000000,797.80613959506857143420,5044.77551139505505472266,155,96.13
2025-12-01,2026-01-01,1,At-risk,Retail,start,persona_x_initial_plan,5,0.00000000000000000000,0.00000000000000000000,0.00000000000000000000,0.00000000000000000000,0.00000000000000000000,155,3.23
2025-12-01,2026-01-01,1,Never monetized,Retail,start,persona_x_initial_plan,1,0.00000000000000000000,0.00000000000000000000,0.00000000000000000000,0.00000000000000000000,0.00000000000000000000,155,0.65
2025-12-01,2026-01-01,1,Active,Wholesale,business,persona_x_initial_plan,5,400.00000000000000000000,80.03802599999956480000,0.00000000000000000000,2.79356806136986332000,482.83159406136942812000,5,100.0
2025-12-01,2026-01-01,1,Active,Wholesale,free,persona_x_initial_plan,11,0.00000000000000000000,11.64686399999993879000,8.80000000000000000000,47.82070038191780784000,68.26756438191774663000,12,91.67
2025-12-01,2026-01-01,1,At-risk,Wholesale,free,persona_x_initial_plan,1,0.00000000000000000000,0.00000000000000000000,0.00000000000000000000,0.00000000000000000000,0.00000000000000000000,12,8.33
2025-12-01,2026-01-01,1,Active,Wholesale,plus,persona_x_initial_plan,16,365.00000000000000000000,857.93000939999553437000,12.00000000000000000000,189.87311721753427335360,1424.80312661752980772360,16,100.0
2025-12-01,2026-01-01,1,Active,Wholesale,start,persona_x_initial_plan,33,326.00000000000000000000,434.73689819999768854800,30.92000000000000000000,579.74530144493155205120,1371.40219964492924059920,34,97.06
2025-12-01,2026-01-01,1,Never monetized,Wholesale,start,persona_x_initial_plan,1,0.00000000000000000000,0.00000000000000000000,0.00000000000000000000,0.00000000000000000000,0.00000000000000000000,34,2.94
2025-12-01,2026-02-01,2,Active,ALL,business,initial_plan,39,2906.00000000000000000000,4464.67015799998183892000,23.46000000000000000000,702.05362944438365659330,8096.18378744436549551330,65,60.0
2025-12-01,2026-02-01,2,At-risk,ALL,business,initial_plan,26,0.00000000000000000000,0.00000000000000000000,0.00000000000000000000,0.00000000000000000000,0.00000000000000000000,65,40.0
2025-12-01,2026-02-01,2,Active,ALL,free,initial_plan,1043,589.03484127000000000000,9262.66111739996352480700,1855.74000000000000840000,11475.65130923561720516803,23183.08726790558073837503,1129,92.38
2025-12-01,2026-02-01,2,At-risk,ALL,free,initial_plan,82,0.00000000000000000000,0.00000000000000000000,0.00000000000000000000,0.00000000000000000000,0.00000000000000000000,1129,7.26
2025-12-01,2026-02-01,2,Never monetized,ALL,free,initial_plan,4,0.00000000000000000000,0.00000000000000000000,0.00000000000000000000,0.00000000000000000000,0.00000000000000000000,1129,0.35
2025-12-01,2026-02-01,2,Active,ALL,plus,initial_plan,323,7816.57999999700000000000,17373.02582159993203724800,892.30000000000000000000,4871.09210706849378696393,30952.99792866542582421193,357,90.48
2025-12-01,2026-02-01,2,At-risk,ALL,plus,initial_plan,33,0.00000000000000000000,0.00000000000000000000,0.00000000000000000000,0.00000000000000000000,0.00000000000000000000,357,9.24
2025-12-01,2026-02-01,2,Never monetized,ALL,plus,initial_plan,1,0.00000000000000000000,0.00000000000000000000,0.00000000000000000000,0.00000000000000000000,0.00000000000000000000,357,0.28
2025-12-01,2026-02-01,2,Active,ALL,start,initial_plan,1097,11142.46646929900000000000,24358.17351239990398208300,3749.67999999999999931800,12455.99997690082315772600,51706.31995859972713912700,1155,94.98
2025-12-01,2026-02-01,2,At-risk,ALL,start,initial_plan,54,0.00000000000000000000,0.00000000000000000000,0.00000000000000000000,0.00000000000000000000,0.00000000000000000000,1155,4.68
2025-12-01,2026-02-01,2,Never monetized,ALL,start,initial_plan,4,0.00000000000000000000,0.00000000000000000000,0.00000000000000000000,0.00000000000000000000,0.00000000000000000000,1155,0.35
2025-12-01,2026-02-01,2,Active,ALL,ALL,overall,2502,22454.08131056600000000000,55458.53060939978138305800,6521.18000000000000771800,29504.79702264931780645126,113938.58894261509919722726,2706,92.46
2025-12-01,2026-02-01,2,At-risk,ALL,ALL,overall,195,0.00000000000000000000,0.00000000000000000000,0.00000000000000000000,0.00000000000000000000,0.00000000000000000000,2706,7.21
2025-12-01,2026-02-01,2,Never monetized,ALL,ALL,overall,9,0.00000000000000000000,0.00000000000000000000,0.00000000000000000000,0.00000000000000000000,0.00000000000000000000,2706,0.33
2025-12-01,2026-02-01,2,Active,Automobile_Trade_Repair,ALL,persona,109,1420.33333333300000000000,3580.08795359998574351300,179.01999999999999940000,915.18068158630149048029,6094.62196851928723339329,123,88.62
2025-12-01,2026-02-01,2,At-risk,Automobile_Trade_Repair,ALL,persona,12,0.00000000000000000000,0.00000000000000000000,0.00000000000000000000,0.00000000000000000000,0.00000000000000000000,123,9.76
2025-12-01,2026-02-01,2,Never monetized,Automobile_Trade_Repair,ALL,persona,2,0.00000000000000000000,0.00000000000000000000,0.00000000000000000000,0.00000000000000000000,0.00000000000000000000,123,1.63
2025-12-01,2026-02-01,2,Active,BTP,ALL,persona,432,5405.34200501200000000000,16353.97350839993550026900,744.94000000000000001800,7015.46990402849377722943,29519.72541744042927751643,461,93.71
2025-12-01,2026-02-01,2,At-risk,BTP,ALL,persona,29,0.00000000000000000000,0.00000000000000000000,0.00000000000000000000,0.00000000000000000000,0.00000000000000000000,461,6.29
2025-12-01,2026-02-01,2,Active,Bankers_Insurance,ALL,persona,34,136.00000000000000000000,566.50967639999773234000,18.48000000000000000000,685.99601574465760750300,1406.98569214465533984300,39,87.18
2025-12-01,2026-02-01,2,At-risk,Bankers_Insurance,ALL,persona,5,0.00000000000000000000,0.00000000000000000000,0.00000000000000000000,0.00000000000000000000,0.00000000000000000000,39,12.82
2025-12-01,2026-02-01,2,Active,Bikers_Drivers,ALL,persona,131,1237.23333333300000000000,2124.87031799999164815000,208.96000000000000000000,560.89159818958908423618,4131.95524952258073238618,152,86.18
2025-12-01,2026-02-01,2,At-risk,Bikers_Drivers,ALL,persona,20,0.00000000000000000000,0.00000000000000000000,0.00000000000000000000,0.00000000000000000000,0.00000000000000000000,152,13.16
2025-12-01,2026-02-01,2,Never monetized,Bikers_Drivers,ALL,persona,1,0.00000000000000000000,0.00000000000000000000,0.00000000000000000000,0.00000000000000000000,0.00000000000000000000,152,0.66
2025-12-01,2026-02-01,2,Active,Cleaning_CallCenters,ALL,persona,9,103.00000000000000000000,121.71320999999950660000,14.00000000000000000000,385.33775851506854418190,624.05096851506805078190,11,81.82
2025-12-01,2026-02-01,2,At-risk,Cleaning_CallCenters,ALL,persona,1,0.00000000000000000000,0.00000000000000000000,0.00000000000000000000,0.00000000000000000000,0.00000000000000000000,11,9.09
2025-12-01,2026-02-01,2,Never monetized,Cleaning_CallCenters,ALL,persona,1,0.00000000000000000000,0.00000000000000000000,0.00000000000000000000,0.00000000000000000000,0.00000000000000000000,11,9.09
2025-12-01,2026-02-01,2,Active,Consultant,ALL,persona,436,2727.43594202900000000000,8605.04467499996607710300,791.22000000000000000000,6904.91067204383622692078,19028.61128907280230402378,459,94.99
2025-12-01,2026-02-01,2,At-risk,Consultant,ALL,persona,22,0.00000000000000000000,0.00000000000000000000,0.00000000000000000000,0.00000000000000000000,0.00000000000000000000,459,4.79
2025-12-01,2026-02-01,2,Never monetized,Consultant,ALL,persona,1,0.00000000000000000000,0.00000000000000000000,0.00000000000000000000,0.00000000000000000000,0.00000000000000000000,459,0.22
2025-12-01,2026-02-01,2,Active,Developer_IT,ALL,persona,217,1404.92614130400000000000,2328.04082339999076567800,411.88000000000000400000,4159.09984504383599213450,8303.94680974782676181250,231,93.94
2025-12-01,2026-02-01,2,At-risk,Developer_IT,ALL,persona,13,0.00000000000000000000,0.00000000000000000000,0.00000000000000000000,0.00000000000000000000,0.00000000000000000000,231,5.63
2025-12-01,2026-02-01,2,Never monetized,Developer_IT,ALL,persona,1,0.00000000000000000000,0.00000000000000000000,0.00000000000000000000,0.00000000000000000000,0.00000000000000000000,231,0.43
2025-12-01,2026-02-01,2,Active,Media_Publishing,ALL,persona,103,659.13750000000000000000,1287.04520519999488014000,338.60000000000000000000,1011.19402598739736871215,3295.97673118739224885215,109,94.5
2025-12-01,2026-02-01,2,At-risk,Media_Publishing,ALL,persona,6,0.00000000000000000000,0.00000000000000000000,0.00000000000000000000,0.00000000000000000000,0.00000000000000000000,109,5.5
2025-12-01,2026-02-01,2,Active,Medical_Professionals,ALL,persona,27,221.00000000000000000000,1219.78407599999520386000,94.50000000000000000000,215.01736673643838242418,1750.30144273643358628418,28,96.43
2025-12-01,2026-02-01,2,At-risk,Medical_Professionals,ALL,persona,1,0.00000000000000000000,0.00000000000000000000,0.00000000000000000000,0.00000000000000000000,0.00000000000000000000,28,3.57
2025-12-01,2026-02-01,2,Active,Others,ALL,persona,413,3614.56888888900000000000,7456.83839279997070021000,1813.54000000000000530000,3839.02660627561678879463,16723.97388796458749430463,452,91.37
2025-12-01,2026-02-01,2,At-risk,Others,ALL,persona,39,0.00000000000000000000,0.00000000000000000000,0.00000000000000000000,0.00000000000000000000,0.00000000000000000000,452,8.63
2025-12-01,2026-02-01,2,Active,Professeur,ALL,persona,77,670.00000000000000000000,1199.03407199999531311000,778.68000000000000000000,536.16464231561649371256,3183.87871431561180682256,83,92.77
2025-12-01,2026-02-01,2,At-risk,Professeur,ALL,persona,6,0.00000000000000000000,0.00000000000000000000,0.00000000000000000000,0.00000000000000000000,0.00000000000000000000,83,7.23
2025-12-01,2026-02-01,2,Active,Repair,ALL,persona,18,125.00000000000000000000,112.07136419999954891000,32.30000000000000000000,8.60683977095890463560,277.97820397095845354560,19,94.74
2025-12-01,2026-02-01,2,At-risk,Repair,ALL,persona,1,0.00000000000000000000,0.00000000000000000000,0.00000000000000000000,0.00000000000000000000,0.00000000000000000000,19,5.26
2025-12-01,2026-02-01,2,Active,Repair_Installation,ALL,persona,4,33.00000000000000000000,78.51257999999968230000,11.20000000000000000000,25.34107928712329313000,148.05365928712297543000,4,100.0
2025-12-01,2026-02-01,2,Active,Restauration,ALL,persona,74,668.80000000000000000000,2777.89948199998921058000,150.80000000000000000000,414.72095777479458897618,4012.22043977478379955618,81,91.36
2025-12-01,2026-02-01,2,At-risk,Restauration,ALL,persona,7,0.00000000000000000000,0.00000000000000000000,0.00000000000000000000,0.00000000000000000000,0.00000000000000000000,81,8.64
2025-12-01,2026-02-01,2,Active,Retail,ALL,persona,355,2848.86416666600000000000,6872.08033079997287363500,889.05999999999999900000,1985.69997906575360532448,12595.70447653172647795948,387,91.73
2025-12-01,2026-02-01,2,At-risk,Retail,ALL,persona,30,0.00000000000000000000,0.00000000000000000000,0.00000000000000000000,0.00000000000000000000,0.00000000000000000000,387,7.75
2025-12-01,2026-02-01,2,Never monetized,Retail,ALL,persona,2,0.00000000000000000000,0.00000000000000000000,0.00000000000000000000,0.00000000000000000000,0.00000000000000000000,387,0.52
2025-12-01,2026-02-01,2,Active,Wholesale,ALL,persona,63,1179.44000000000000000000,775.02494159999699666000,44.00000000000000000000,842.13905028383565805540,2840.60399188383265471540,67,94.03
2025-12-01,2026-02-01,2,At-risk,Wholesale,ALL,persona,3,0.00000000000000000000,0.00000000000000000000,0.00000000000000000000,0.00000000000000000000,0.00000000000000000000,67,4.48
2025-12-01,2026-02-01,2,Never monetized,Wholesale,ALL,persona,1,0.00000000000000000000,0.00000000000000000000,0.00000000000000000000,0.00000000000000000000,0.00000000000000000000,67,1.49
2025-12-01,2026-02-01,2,Active,Automobile_Trade_Repair,business,persona_x_initial_plan,4,320.00000000000000000000,294.86678399999883520000,1.46000000000000000000,128.86873973041096482500,745.19552373040980002500,4,100.0
2025-12-01,2026-02-01,2,Active,Automobile_Trade_Repair,free,persona_x_initial_plan,27,11.00000000000000000000,147.37231799999943059000,42.85999999999999940000,65.05574534739726590663,266.28806334739669589663,30,90.0
2025-12-01,2026-02-01,2,At-risk,Automobile_Trade_Repair,free,persona_x_initial_plan,2,0.00000000000000000000,0.00000000000000000000,0.00000000000000000000,0.00000000000000000000,0.00000000000000000000,30,6.67
2025-12-01,2026-02-01,2,Never monetized,Automobile_Trade_Repair,free,persona_x_initial_plan,1,0.00000000000000000000,0.00000000000000000000,0.00000000000000000000,0.00000000000000000000,0.00000000000000000000,30,3.33
2025-12-01,2026-02-01,2,Active,Automobile_Trade_Repair,plus,persona_x_initial_plan,20,473.33333333300000000000,790.93110599999680295000,12.00000000000000000000,365.84728318465759384870,1642.11172251765439679870,25,80.0
2025-12-01,2026-02-01,2,At-risk,Automobile_Trade_Repair,plus,persona_x_initial_plan,5,0.00000000000000000000,0.00000000000000000000,0.00000000000000000000,0.00000000000000000000,0.00000000000000000000,25,20.0
2025-12-01,2026-02-01,2,Active,Automobile_Trade_Repair,start,persona_x_initial_plan,58,616.00000000000000000000,2346.91774559999067477300,122.70000000000000000000,355.40891332383566589996,3441.02665892382634067296,64,90.63
2025-12-01,2026-02-01,2,At-risk,Automobile_Trade_Repair,start,persona_x_initial_plan,5,0.00000000000000000000,0.00000000000000000000,0.00000000000000000000,0.00000000000000000000,0.00000000000000000000,64,7.81
2025-12-01,2026-02-01,2,Never monetized,Automobile_Trade_Repair,start,persona_x_initial_plan,1,0.00000000000000000000,0.00000000000000000000,0.00000000000000000000,0.00000000000000000000,0.00000000000000000000,64,1.56
2025-12-01,2026-02-01,2,Active,BTP,business,persona_x_initial_plan,15,1190.00000000000000000000,2861.74538999998821840000,10.00000000000000000000,248.07244011342469834440,4309.81783011341291674440,21,71.43
2025-12-01,2026-02-01,2,At-risk,BTP,business,persona_x_initial_plan,6,0.00000000000000000000,0.00000000000000000000,0.00000000000000000000,0.00000000000000000000,0.00000000000000000000,21,28.57
2025-12-01,2026-02-01,2,Active,BTP,free,persona_x_initial_plan,162,84.80428571400000000000,2079.87447239999183255300,240.92000000000000000000,3024.93615907397261397820,5430.53491718796444653120,175,92.57
2025-12-01,2026-02-01,2,At-risk,BTP,free,persona_x_initial_plan,13,0.00000000000000000000,0.00000000000000000000,0.00000000000000000000,0.00000000000000000000,0.00000000000000000000,175,7.43
2025-12-01,2026-02-01,2,Active,BTP,plus,persona_x_initial_plan,93,2426.54666666600000000000,4918.03310519998103981600,173.42000000000000000000,1333.16094769643862259324,8851.16071956241966240924,96,96.88
2025-12-01,2026-02-01,2,At-risk,BTP,plus,persona_x_initial_plan,3,0.00000000000000000000,0.00000000000000000000,0.00000000000000000000,0.00000000000000000000,0.00000000000000000000,96,3.13
2025-12-01,2026-02-01,2,Active,BTP,start,persona_x_initial_plan,162,1703.99105263200000000000,6494.32054079997440950000,320.60000000000000001800,2409.30035714465784231359,10928.21195057663225183159,169,95.86
2025-12-01,2026-02-01,2,At-risk,BTP,start,persona_x_initial_plan,7,0.00000000000000000000,0.00000000000000000000,0.00000000000000000000,0.00000000000000000000,0.00000000000000000000,169,4.14
2025-12-01,2026-02-01,2,Active,Bankers_Insurance,free,persona_x_initial_plan,22,0.00000000000000000000,9.54633599999996214000,4.00000000000000000000,503.78814857917813747300,517.33448457917809961300,26,84.62
2025-12-01,2026-02-01,2,At-risk,Bankers_Insurance,free,persona_x_initial_plan,4,0.00000000000000000000,0.00000000000000000000,0.00000000000000000000,0.00000000000000000000,0.00000000000000000000,26,15.38
2025-12-01,2026-02-01,2,Active,Bankers_Insurance,plus,persona_x_initial_plan,3,50.00000000000000000000,533.69997839999786070000,0.78000000000000000000,52.06656102246575150000,636.54653942246361220000,3,100.0
2025-12-01,2026-02-01,2,Active,Bankers_Insurance,start,persona_x_initial_plan,9,86.00000000000000000000,23.26336199999990950000,13.70000000000000000000,130.14130614301371853000,253.10466814301362803000,10,90.0
2025-12-01,2026-02-01,2,At-risk,Bankers_Insurance,start,persona_x_initial_plan,1,0.00000000000000000000,0.00000000000000000000,0.00000000000000000000,0.00000000000000000000,0.00000000000000000000,10,10.0
2025-12-01,2026-02-01,2,Active,Bikers_Drivers,business,persona_x_initial_plan,3,240.00000000000000000000,480.60633599999812600000,10.00000000000000000000,86.37146764273973470000,816.97780364273786070000,5,60.0
2025-12-01,2026-02-01,2,At-risk,Bikers_Drivers,business,persona_x_initial_plan,2,0.00000000000000000000,0.00000000000000000000,0.00000000000000000000,0.00000000000000000000,0.00000000000000000000,5,40.0
2025-12-01,2026-02-01,2,Active,Bikers_Drivers,free,persona_x_initial_plan,50,0.00000000000000000000,466.87395599999818237000,91.60000000000000000000,166.02064677095891817828,724.49460277095710054828,62,80.65
2025-12-01,2026-02-01,2,At-risk,Bikers_Drivers,free,persona_x_initial_plan,11,0.00000000000000000000,0.00000000000000000000,0.00000000000000000000,0.00000000000000000000,0.00000000000000000000,62,17.74
2025-12-01,2026-02-01,2,Never monetized,Bikers_Drivers,free,persona_x_initial_plan,1,0.00000000000000000000,0.00000000000000000000,0.00000000000000000000,0.00000000000000000000,0.00000000000000000000,62,1.61
2025-12-01,2026-02-01,2,Active,Bikers_Drivers,plus,persona_x_initial_plan,21,464.23333333300000000000,540.61340399999784070000,73.90000000000000000000,107.05010007452056277992,1185.79683740751840347992,24,87.5
2025-12-01,2026-02-01,2,At-risk,Bikers_Drivers,plus,persona_x_initial_plan,3,0.00000000000000000000,0.00000000000000000000,0.00000000000000000000,0.00000000000000000000,0.00000000000000000000,24,12.5
2025-12-01,2026-02-01,2,Active,Bikers_Drivers,start,persona_x_initial_plan,57,533.00000000000000000000,636.77662199999749908000,33.46000000000000000000,201.44938370136986857798,1404.68600570136736765798,61,93.44
2025-12-01,2026-02-01,2,At-risk,Bikers_Drivers,start,persona_x_initial_plan,4,0.00000000000000000000,0.00000000000000000000,0.00000000000000000000,0.00000000000000000000,0.00000000000000000000,61,6.56
2025-12-01,2026-02-01,2,Active,Cleaning_CallCenters,free,persona_x_initial_plan,3,0.00000000000000000000,2.45316599999999060000,4.00000000000000000000,23.92706227397260178190,30.38022827397259238190,3,100.0
2025-12-01,2026-02-01,2,Active,Cleaning_CallCenters,plus,persona_x_initial_plan,3,70.00000000000000000000,63.29651399999974300000,10.00000000000000000000,357.54884062246580600000,500.84535462246554900000,4,75.0
2025-12-01,2026-02-01,2,Never monetized,Cleaning_CallCenters,plus,persona_x_initial_plan,1,0.00000000000000000000,0.00000000000000000000,0.00000000000000000000,0.00000000000000000000,0.00000000000000000000,4,25.0
2025-12-01,2026-02-01,2,Active,Cleaning_CallCenters,start,persona_x_initial_plan,3,33.00000000000000000000,55.96352999999977300000,0.00000000000000000000,3.86185561863013640000,92.82538561862990940000,4,75.0
2025-12-01,2026-02-01,2,At-risk,Cleaning_CallCenters,start,persona_x_initial_plan,1,0.00000000000000000000,0.00000000000000000000,0.00000000000000000000,0.00000000000000000000,0.00000000000000000000,4,25.0
2025-12-01,2026-02-01,2,Active,Consultant,business,persona_x_initial_plan,1,80.00000000000000000000,0.00000000000000000000,0.00000000000000000000,0.26114985205479468000,80.26114985205479468000,4,25.0
2025-12-01,2026-02-01,2,At-risk,Consultant,business,persona_x_initial_plan,3,0.00000000000000000000,0.00000000000000000000,0.00000000000000000000,0.00000000000000000000,0.00000000000000000000,4,75.0
2025-12-01,2026-02-01,2,Active,Consultant,free,persona_x_initial_plan,214,170.10260869600000000000,1779.68610719999294116300,309.24000000000000000000,3604.82637191616462781784,5863.85508781215756898084,222,96.4
2025-12-01,2026-02-01,2,At-risk,Consultant,free,persona_x_initial_plan,7,0.00000000000000000000,0.00000000000000000000,0.00000000000000000000,0.00000000000000000000,0.00000000000000000000,222,3.15
2025-12-01,2026-02-01,2,Never monetized,Consultant,free,persona_x_initial_plan,1,0.00000000000000000000,0.00000000000000000000,0.00000000000000000000,0.00000000000000000000,0.00000000000000000000,222,0.45
2025-12-01,2026-02-01,2,Active,Consultant,plus,persona_x_initial_plan,24,558.33333333300000000000,1025.98039799999582114000,25.02000000000000000000,507.01522420547954227900,2116.34895553847536341900,28,85.71
2025-12-01,2026-02-01,2,At-risk,Consultant,plus,persona_x_initial_plan,4,0.00000000000000000000,0.00000000000000000000,0.00000000000000000000,0.00000000000000000000,0.00000000000000000000,28,14.29
2025-12-01,2026-02-01,2,Active,Consultant,start,persona_x_initial_plan,197,1919.00000000000000000000,5799.37816979997731480000,456.96000000000000000000,2792.80792607013726214394,10968.14609587011457694394,205,96.1
2025-12-01,2026-02-01,2,At-risk,Consultant,start,persona_x_initial_plan,8,0.00000000000000000000,0.00000000000000000000,0.00000000000000000000,0.00000000000000000000,0.00000000000000000000,205,3.9
2025-12-01,2026-02-01,2,Active,Developer_IT,free,persona_x_initial_plan,93,42.55739130400000000000,631.22094179999753047100,222.20000000000000400000,1787.93322224328781031010,2683.91155534728534478110,101,92.08
2025-12-01,2026-02-01,2,At-risk,Developer_IT,free,persona_x_initial_plan,8,0.00000000000000000000,0.00000000000000000000,0.00000000000000000000,0.00000000000000000000,0.00000000000000000000,101,7.92
2025-12-01,2026-02-01,2,Active,Developer_IT,plus,persona_x_initial_plan,10,235.00000000000000000000,25.33053599999989697000,2.42000000000000000000,293.59776801260275794700,556.34830401260265491700,13,76.92
2025-12-01,2026-02-01,2,At-risk,Developer_IT,plus,persona_x_initial_plan,3,0.00000000000000000000,0.00000000000000000000,0.00000000000000000000,0.00000000000000000000,0.00000000000000000000,13,23.08
2025-12-01,2026-02-01,2,Active,Developer_IT,start,persona_x_initial_plan,114,1127.36875000000000000000,1671.48934559999333823700,187.26000000000000000000,2077.56885478794542387740,5063.68695038793876211440,117,97.44
2025-12-01,2026-02-01,2,At-risk,Developer_IT,start,persona_x_initial_plan,2,0.00000000000000000000,0.00000000000000000000,0.00000000000000000000,0.00000000000000000000,0.00000000000000000000,117,1.71
2025-12-01,2026-02-01,2,Never monetized,Developer_IT,start,persona_x_initial_plan,1,0.00000000000000000000,0.00000000000000000000,0.00000000000000000000,0.00000000000000000000,0.00000000000000000000,117,0.85
2025-12-01,2026-02-01,2,Active,Media_Publishing,business,persona_x_initial_plan,1,80.00000000000000000000,64.84845599999974300000,0.00000000000000000000,4.44601447890410920000,149.29447047890385220000,1,100.0
2025-12-01,2026-02-01,2,Active,Media_Publishing,free,persona_x_initial_plan,52,18.13750000000000000000,298.73910599999881144000,52.40000000000000000000,175.21340019342466708940,544.49000619342347852940,55,94.55
2025-12-01,2026-02-01,2,At-risk,Media_Publishing,free,persona_x_initial_plan,3,0.00000000000000000000,0.00000000000000000000,0.00000000000000000000,0.00000000000000000000,0.00000000000000000000,55,5.45
2025-12-01,2026-02-01,2,Active,Media_Publishing,plus,persona_x_initial_plan,7,165.00000000000000000000,185.98492799999926140000,220.14000000000000000000,396.05754995506853946000,967.18247795506780086000,8,87.5
2025-12-01,2026-02-01,2,At-risk,Media_Publishing,plus,persona_x_initial_plan,1,0.00000000000000000000,0.00000000000000000000,0.00000000000000000000,0.00000000000000000000,0.00000000000000000000,8,12.5
2025-12-01,2026-02-01,2,Active,Media_Publishing,start,persona_x_initial_plan,43,396.00000000000000000000,737.47271519999706430000,66.06000000000000000000,435.47706136000005296275,1635.00977655999711726275,45,95.56
2025-12-01,2026-02-01,2,At-risk,Media_Publishing,start,persona_x_initial_plan,2,0.00000000000000000000,0.00000000000000000000,0.00000000000000000000,0.00000000000000000000,0.00000000000000000000,45,4.44
2025-12-01,2026-02-01,2,Active,Medical_Professionals,free,persona_x_initial_plan,10,0.00000000000000000000,91.11932999999963990000,42.42000000000000000000,90.79985836383563447418,224.33918836383527437418,11,90.91
2025-12-01,2026-02-01,2,At-risk,Medical_Professionals,free,persona_x_initial_plan,1,0.00000000000000000000,0.00000000000000000000,0.00000000000000000000,0.00000000000000000000,0.00000000000000000000,11,9.09
2025-12-01,2026-02-01,2,Active,Medical_Professionals,plus,persona_x_initial_plan,3,75.00000000000000000000,1070.63087399999579230000,42.40000000000000000000,33.40304812328766540000,1221.43392212328345770000,3,100.0
2025-12-01,2026-02-01,2,Active,Medical_Professionals,start,persona_x_initial_plan,14,146.00000000000000000000,58.03387199999977166000,9.68000000000000000000,90.81446024931508255000,304.52833224931485421000,14,100.0
2025-12-01,2026-02-01,2,Active,Others,business,persona_x_initial_plan,7,356.00000000000000000000,535.64858999999786600000,0.00000000000000000000,215.73746215232880587590,1107.38605215232667187590,18,38.89
2025-12-01,2026-02-01,2,At-risk,Others,business,persona_x_initial_plan,11,0.00000000000000000000,0.00000000000000000000,0.00000000000000000000,0.00000000000000000000,0.00000000000000000000,18,61.11
2025-12-01,2026-02-01,2,Active,Others,free,persona_x_initial_plan,170,141.43555555600000000000,1096.51377599999563349000,319.62000000000000500000,931.91590547068506788160,2489.48523702668070637160,183,92.9
2025-12-01,2026-02-01,2,At-risk,Others,free,persona_x_initial_plan,13,0.00000000000000000000,0.00000000000000000000,0.00000000000000000000,0.00000000000000000000,0.00000000000000000000,183,7.1
2025-12-01,2026-02-01,2,Active,Others,plus,persona_x_initial_plan,56,1316.46666666600000000000,3449.53925819998670933300,254.16000000000000000000,627.01847188109588560564,5647.18439674708259493864,60,93.33
2025-12-01,2026-02-01,2,At-risk,Others,plus,persona_x_initial_plan,4,0.00000000000000000000,0.00000000000000000000,0.00000000000000000000,0.00000000000000000000,0.00000000000000000000,60,6.67
2025-12-01,2026-02-01,2,Active,Others,start,persona_x_initial_plan,180,1800.66666666700000000000,2375.13676859999049138700,1239.76000000000000030000,2064.35476677150702943149,7479.91820203849752111849,191,94.24
2025-12-01,2026-02-01,2,At-risk,Others,start,persona_x_initial_plan,11,0.00000000000000000000,0.00000000000000000000,0.00000000000000000000,0.00000000000000000000,0.00000000000000000000,191,5.76
2025-12-01,2026-02-01,2,Active,Professeur,business,persona_x_initial_plan,1,80.00000000000000000000,0.17099999999999932000,0.00000000000000000000,0.01347494849315068600,80.18447494849315000600,2,50.0
2025-12-01,2026-02-01,2,At-risk,Professeur,business,persona_x_initial_plan,1,0.00000000000000000000,0.00000000000000000000,0.00000000000000000000,0.00000000000000000000,0.00000000000000000000,2,50.0
2025-12-01,2026-02-01,2,Active,Professeur,free,persona_x_initial_plan,29,36.00000000000000000000,197.94934799999919586000,74.80000000000000000000,158.99407271287674396830,467.74342071287593982830,33,87.88
2025-12-01,2026-02-01,2,At-risk,Professeur,free,persona_x_initial_plan,4,0.00000000000000000000,0.00000000000000000000,0.00000000000000000000,0.00000000000000000000,0.00000000000000000000,33,12.12
2025-12-01,2026-02-01,2,Active,Professeur,plus,persona_x_initial_plan,5,120.00000000000000000000,525.51791999999796300000,53.34000000000000000000,59.33002604164384760000,758.18794604164181060000,5,100.0
2025-12-01,2026-02-01,2,Active,Professeur,start,persona_x_initial_plan,42,434.00000000000000000000,475.39580399999815493000,650.54000000000000000000,317.82706861260275145826,1877.76287261260090638826,43,97.67
2025-12-01,2026-02-01,2,At-risk,Professeur,start,persona_x_initial_plan,1,0.00000000000000000000,0.00000000000000000000,0.00000000000000000000,0.00000000000000000000,0.00000000000000000000,43,2.33
2025-12-01,2026-02-01,2,At-risk,Repair,business,persona_x_initial_plan,1,0.00000000000000000000,0.00000000000000000000,0.00000000000000000000,0.00000000000000000000,0.00000000000000000000,1,100.0
2025-12-01,2026-02-01,2,Active,Repair,free,persona_x_initial_plan,8,0.00000000000000000000,81.40044599999966874000,32.00000000000000000000,4.15481896328767179530,117.55526496328734053530,8,100.0
2025-12-01,2026-02-01,2,Active,Repair,plus,persona_x_initial_plan,2,50.00000000000000000000,12.11979419999995300000,0.30000000000000000000,0.96978591232876711300,63.38958011232872011300,2,100.0
2025-12-01,2026-02-01,2,Active,Repair,start,persona_x_initial_plan,8,75.00000000000000000000,18.55112399999992717000,0.00000000000000000000,3.48223489534246572730,97.03335889534239289730,8,100.0
2025-12-01,2026-02-01,2,Active,Repair_Installation,free,persona_x_initial_plan,2,11.00000000000000000000,76.35257999999969100000,11.20000000000000000000,9.74070697972602930000,108.29328697972572030000,2,100.0
2025-12-01,2026-02-01,2,Active,Repair_Installation,start,persona_x_initial_plan,2,22.00000000000000000000,2.15999999999999130000,0.00000000000000000000,15.60037230739726383000,39.76037230739725513000,2,100.0
2025-12-01,2026-02-01,2,At-risk,Restauration,business,persona_x_initial_plan,1,0.00000000000000000000,0.00000000000000000000,0.00000000000000000000,0.00000000000000000000,0.00000000000000000000,1,100.0
2025-12-01,2026-02-01,2,Active,Restauration,free,persona_x_initial_plan,31,21.80000000000000000000,548.96140799999783450000,79.20000000000000000000,93.35660756273973787728,743.31801556273757237728,34,91.18
2025-12-01,2026-02-01,2,At-risk,Restauration,free,persona_x_initial_plan,3,0.00000000000000000000,0.00000000000000000000,0.00000000000000000000,0.00000000000000000000,0.00000000000000000000,34,8.82
2025-12-01,2026-02-01,2,Active,Restauration,plus,persona_x_initial_plan,11,355.00000000000000000000,1617.12253799999376800000,0.00000000000000000000,73.00777726684933080000,2045.13031526684309880000,13,84.62
2025-12-01,2026-02-01,2,At-risk,Restauration,plus,persona_x_initial_plan,2,0.00000000000000000000,0.00000000000000000000,0.00000000000000000000,0.00000000000000000000,0.00000000000000000000,13,15.38
2025-12-01,2026-02-01,2,Active,Restauration,start,persona_x_initial_plan,32,292.00000000000000000000,611.81553599999760808000,71.60000000000000000000,248.35657294520552029890,1223.77210894520312837890,33,96.97
2025-12-01,2026-02-01,2,At-risk,Restauration,start,persona_x_initial_plan,1,0.00000000000000000000,0.00000000000000000000,0.00000000000000000000,0.00000000000000000000,0.00000000000000000000,33,3.03
2025-12-01,2026-02-01,2,Active,Retail,business,persona_x_initial_plan,2,160.00000000000000000000,187.73346599999920500000,2.00000000000000000000,2.64826983068493201000,352.38173583068413701000,3,66.67
2025-12-01,2026-02-01,2,At-risk,Retail,business,persona_x_initial_plan,1,0.00000000000000000000,0.00000000000000000000,0.00000000000000000000,0.00000000000000000000,0.00000000000000000000,3,33.33
2025-12-01,2026-02-01,2,Active,Retail,free,persona_x_initial_plan,159,52.19750000000000000000,1742.56981199999322780000,315.28000000000000000000,645.81140204986308007502,2755.85871404985630787502,172,92.44
2025-12-01,2026-02-01,2,At-risk,Retail,free,persona_x_initial_plan,12,0.00000000000000000000,0.00000000000000000000,0.00000000000000000000,0.00000000000000000000,0.00000000000000000000,172,6.98
2025-12-01,2026-02-01,2,Never monetized,Retail,free,persona_x_initial_plan,1,0.00000000000000000000,0.00000000000000000000,0.00000000000000000000,0.00000000000000000000,0.00000000000000000000,172,0.58
2025-12-01,2026-02-01,2,Active,Retail,plus,persona_x_initial_plan,50,1106.66666666600000000000,2173.14995759999126445900,14.42000000000000000000,513.01700641643841758753,3807.25363068242968204653,57,87.72
2025-12-01,2026-02-01,2,At-risk,Retail,plus,persona_x_initial_plan,7,0.00000000000000000000,0.00000000000000000000,0.00000000000000000000,0.00000000000000000000,0.00000000000000000000,57,12.28
2025-12-01,2026-02-01,2,Active,Retail,start,persona_x_initial_plan,144,1530.00000000000000000000,2768.62709519998917637600,557.35999999999999900000,824.22330076876717565193,5680.21039596875635102793,155,92.9
2025-12-01,2026-02-01,2,At-risk,Retail,start,persona_x_initial_plan,10,0.00000000000000000000,0.00000000000000000000,0.00000000000000000000,0.00000000000000000000,0.00000000000000000000,155,6.45
2025-12-01,2026-02-01,2,Never monetized,Retail,start,persona_x_initial_plan,1,0.00000000000000000000,0.00000000000000000000,0.00000000000000000000,0.00000000000000000000,0.00000000000000000000,155,0.65
2025-12-01,2026-02-01,2,Active,Wholesale,business,persona_x_initial_plan,5,400.00000000000000000000,39.05013599999984600000,0.00000000000000000000,15.63461069534246627200,454.68474669534231227200,5,100.0
2025-12-01,2026-02-01,2,Active,Wholesale,free,persona_x_initial_plan,11,0.00000000000000000000,12.02801399999995219000,14.00000000000000000000,189.17718073424659726100,215.20519473424654945100,12,91.67
2025-12-01,2026-02-01,2,At-risk,Wholesale,free,persona_x_initial_plan,1,0.00000000000000000000,0.00000000000000000000,0.00000000000000000000,0.00000000000000000000,0.00000000000000000000,12,8.33
2025-12-01,2026-02-01,2,Active,Wholesale,plus,persona_x_initial_plan,15,351.00000000000000000000,441.07550999999832048000,10.00000000000000000000,152.00171665315069644990,954.07722665314901692990,16,93.75
2025-12-01,2026-02-01,2,At-risk,Wholesale,plus,persona_x_initial_plan,1,0.00000000000000000000,0.00000000000000000000,0.00000000000000000000,0.00000000000000000000,0.00000000000000000000,16,6.25
2025-12-01,2026-02-01,2,Active,Wholesale,start,persona_x_initial_plan,32,428.44000000000000000000,282.87128159999887799000,20.00000000000000000000,485.32554220109589807250,1216.63682380109477606250,34,94.12
2025-12-01,2026-02-01,2,At-risk,Wholesale,start,persona_x_initial_plan,1,0.00000000000000000000,0.00000000000000000000,0.00000000000000000000,0.00000000000000000000,0.00000000000000000000,34,2.94
2025-12-01,2026-02-01,2,Never monetized,Wholesale,start,persona_x_initial_plan,1,0.00000000000000000000,0.00000000000000000000,0.00000000000000000000,0.00000000000000000000,0.00000000000000000000,34,2.94
2025-12-01,2026-03-01,3,Active,ALL,business,initial_plan,37,2746.00000000000000000000,3237.20782559998446930000,117.62000000000000000000,989.44150253972606770140,7090.26932813971053700140,65,56.92
2025-12-01,2026-03-01,3,At-risk,ALL,business,initial_plan,5,0.00000000000000000000,0.00000000000000000000,0.00000000000000000000,0.00000000000000000000,0.00000000000000000000,65,7.69
2025-12-01,2026-03-01,3,Churned proxy,ALL,business,initial_plan,23,0.00000000000000000000,0.00000000000000000000,0.00000000000000000000,0.00000000000000000000,0.00000000000000000000,65,35.38
2025-12-01,2026-03-01,3,Active,ALL,free,initial_plan,1026,645.89718750000000000000,8006.65359299996108645400,3787.34000000000000910000,13785.58723380548009506366,26225.47801430544119061766,1129,90.88
2025-12-01,2026-03-01,3,At-risk,ALL,free,initial_plan,61,0.00000000000000000000,0.00000000000000000000,0.00000000000000000000,0.00000000000000000000,0.00000000000000000000,1129,5.4
2025-12-01,2026-03-01,3,Churned proxy,ALL,free,initial_plan,38,0.00000000000000000000,0.00000000000000000000,0.00000000000000000000,0.00000000000000000000,0.00000000000000000000,1129,3.37
2025-12-01,2026-03-01,3,Never monetized,ALL,free,initial_plan,4,0.00000000000000000000,0.00000000000000000000,0.00000000000000000000,0.00000000000000000000,0.00000000000000000000,1129,0.35
2025-12-01,2026-03-01,3,Active,ALL,plus,initial_plan,307,7507.42999999700000000000,13669.53935579993316692500,1636.43999999999999940000,4659.48376623780831439450,27472.89312203474148071950,357,85.99
2025-12-01,2026-03-01,3,At-risk,ALL,plus,initial_plan,37,0.00000000000000000000,0.00000000000000000000,0.00000000000000000000,0.00000000000000000000,0.00000000000000000000,357,10.36
2025-12-01,2026-03-01,3,Churned proxy,ALL,plus,initial_plan,12,0.00000000000000000000,0.00000000000000000000,0.00000000000000000000,0.00000000000000000000,0.00000000000000000000,357,3.36
2025-12-01,2026-03-01,3,Never monetized,ALL,plus,initial_plan,1,0.00000000000000000000,0.00000000000000000000,0.00000000000000000000,0.00000000000000000000,0.00000000000000000000,357,0.28
2025-12-01,2026-03-01,3,Active,ALL,start,initial_plan,1071,10971.35344444499999800000,19392.82014599990603776460,3129.36000000000000230000,13842.68999727506961310655,47336.22358771997565117115,1155,92.73
2025-12-01,2026-03-01,3,At-risk,ALL,start,initial_plan,61,0.00000000000000000000,0.00000000000000000000,0.00000000000000000000,0.00000000000000000000,0.00000000000000000000,1155,5.28
2025-12-01,2026-03-01,3,Churned proxy,ALL,start,initial_plan,19,0.00000000000000000000,0.00000000000000000000,0.00000000000000000000,0.00000000000000000000,0.00000000000000000000,1155,1.65
2025-12-01,2026-03-01,3,Never monetized,ALL,start,initial_plan,4,0.00000000000000000000,0.00000000000000000000,0.00000000000000000000,0.00000000000000000000,0.00000000000000000000,1155,0.35
2025-12-01,2026-03-01,3,Active,ALL,ALL,overall,2441,21870.68063194199999800000,44306.22092039978476044360,8670.76000000000001080000,33277.20249985808409026611,108124.86405219986885950971,2706,90.21
2025-12-01,2026-03-01,3,At-risk,ALL,ALL,overall,164,0.00000000000000000000,0.00000000000000000000,0.00000000000000000000,0.00000000000000000000,0.00000000000000000000,2706,6.06
2025-12-01,2026-03-01,3,Churned proxy,ALL,ALL,overall,92,0.00000000000000000000,0.00000000000000000000,0.00000000000000000000,0.00000000000000000000,0.00000000000000000000,2706,3.4
2025-12-01,2026-03-01,3,Never monetized,ALL,ALL,overall,9,0.00000000000000000000,0.00000000000000000000,0.00000000000000000000,0.00000000000000000000,0.00000000000000000000,2706,0.33
2025-12-01,2026-03-01,3,Active,Automobile_Trade_Repair,ALL,persona,106,1436.25333333300000000000,3168.67814639998415852100,384.88000000000000000000,982.04746291178085871000,5971.85894264476501723100,123,86.18
2025-12-01,2026-03-01,3,At-risk,Automobile_Trade_Repair,ALL,persona,11,0.00000000000000000000,0.00000000000000000000,0.00000000000000000000,0.00000000000000000000,0.00000000000000000000,123,8.94
2025-12-01,2026-03-01,3,Churned proxy,Automobile_Trade_Repair,ALL,persona,4,0.00000000000000000000,0.00000000000000000000,0.00000000000000000000,0.00000000000000000000,0.00000000000000000000,123,3.25
2025-12-01,2026-03-01,3,Never monetized,Automobile_Trade_Repair,ALL,persona,2,0.00000000000000000000,0.00000000000000000000,0.00000000000000000000,0.00000000000000000000,0.00000000000000000000,123,1.63
2025-12-01,2026-03-01,3,Active,BTP,ALL,persona,419,5234.53166666600000000000,10869.84403739994796855900,1232.74000000000000170000,8440.86932557315079406794,25777.98502963909876432694,461,90.89
2025-12-01,2026-03-01,3,At-risk,BTP,ALL,persona,27,0.00000000000000000000,0.00000000000000000000,0.00000000000000000000,0.00000000000000000000,0.00000000000000000000,461,5.86
2025-12-01,2026-03-01,3,Churned proxy,BTP,ALL,persona,15,0.00000000000000000000,0.00000000000000000000,0.00000000000000000000,0.00000000000000000000,0.00000000000000000000,461,3.25
2025-12-01,2026-03-01,3,Active,Bankers_Insurance,ALL,persona,32,136.00000000000000000000,342.85841999999837000000,11.90000000000000000000,621.24298164109587908600,1112.00140164109424908600,39,82.05
2025-12-01,2026-03-01,3,At-risk,Bankers_Insurance,ALL,persona,5,0.00000000000000000000,0.00000000000000000000,0.00000000000000000000,0.00000000000000000000,0.00000000000000000000,39,12.82
2025-12-01,2026-03-01,3,Churned proxy,Bankers_Insurance,ALL,persona,2,0.00000000000000000000,0.00000000000000000000,0.00000000000000000000,0.00000000000000000000,0.00000000000000000000,39,5.13
2025-12-01,2026-03-01,3,Active,Bikers_Drivers,ALL,persona,127,1261.76333333300000000000,1976.54733179999035617400,808.96000000000000900000,689.18363004273974089639,4736.45429517573010607039,152,83.55
2025-12-01,2026-03-01,3,At-risk,Bikers_Drivers,ALL,persona,11,0.00000000000000000000,0.00000000000000000000,0.00000000000000000000,0.00000000000000000000,0.00000000000000000000,152,7.24
2025-12-01,2026-03-01,3,Churned proxy,Bikers_Drivers,ALL,persona,13,0.00000000000000000000,0.00000000000000000000,0.00000000000000000000,0.00000000000000000000,0.00000000000000000000,152,8.55
2025-12-01,2026-03-01,3,Never monetized,Bikers_Drivers,ALL,persona,1,0.00000000000000000000,0.00000000000000000000,0.00000000000000000000,0.00000000000000000000,0.00000000000000000000,152,0.66
2025-12-01,2026-03-01,3,Active,Cleaning_CallCenters,ALL,persona,9,103.00000000000000000000,141.87545999999931470000,20.76000000000000000000,262.95239123123285712080,528.58785123123217182080,11,81.82
2025-12-01,2026-03-01,3,Churned proxy,Cleaning_CallCenters,ALL,persona,1,0.00000000000000000000,0.00000000000000000000,0.00000000000000000000,0.00000000000000000000,0.00000000000000000000,11,9.09
2025-12-01,2026-03-01,3,Never monetized,Cleaning_CallCenters,ALL,persona,1,0.00000000000000000000,0.00000000000000000000,0.00000000000000000000,0.00000000000000000000,0.00000000000000000000,11,9.09
2025-12-01,2026-03-01,3,Active,Consultant,ALL,persona,428,2760.52202083300000000000,6099.03332999997009762000,709.59999999999999920000,7673.19740286137049830009,17242.35275369434059512009,459,93.25
2025-12-01,2026-03-01,3,At-risk,Consultant,ALL,persona,18,0.00000000000000000000,0.00000000000000000000,0.00000000000000000000,0.00000000000000000000,0.00000000000000000000,459,3.92
2025-12-01,2026-03-01,3,Churned proxy,Consultant,ALL,persona,12,0.00000000000000000000,0.00000000000000000000,0.00000000000000000000,0.00000000000000000000,0.00000000000000000000,459,2.61
2025-12-01,2026-03-01,3,Never monetized,Consultant,ALL,persona,1,0.00000000000000000000,0.00000000000000000000,0.00000000000000000000,0.00000000000000000000,0.00000000000000000000,459,0.22
2025-12-01,2026-03-01,3,Active,Developer_IT,ALL,persona,214,1392.13499999999999800000,2319.76778759998876818900,260.58000000000000000000,4889.40882961753466269707,8861.89161721752342888607,231,92.64
2025-12-01,2026-03-01,3,At-risk,Developer_IT,ALL,persona,10,0.00000000000000000000,0.00000000000000000000,0.00000000000000000000,0.00000000000000000000,0.00000000000000000000,231,4.33
2025-12-01,2026-03-01,3,Churned proxy,Developer_IT,ALL,persona,6,0.00000000000000000000,0.00000000000000000000,0.00000000000000000000,0.00000000000000000000,0.00000000000000000000,231,2.6
2025-12-01,2026-03-01,3,Never monetized,Developer_IT,ALL,persona,1,0.00000000000000000000,0.00000000000000000000,0.00000000000000000000,0.00000000000000000000,0.00000000000000000000,231,0.43
2025-12-01,2026-03-01,3,Active,Media_Publishing,ALL,persona,102,673.50000000000000000000,1339.40473919999350564400,345.00000000000000000000,1314.83795388328787203775,3672.74269308328137768175,109,93.58
2025-12-01,2026-03-01,3,At-risk,Media_Publishing,ALL,persona,4,0.00000000000000000000,0.00000000000000000000,0.00000000000000000000,0.00000000000000000000,0.00000000000000000000,109,3.67
2025-12-01,2026-03-01,3,Churned proxy,Media_Publishing,ALL,persona,3,0.00000000000000000000,0.00000000000000000000,0.00000000000000000000,0.00000000000000000000,0.00000000000000000000,109,2.75
2025-12-01,2026-03-01,3,Active,Medical_Professionals,ALL,persona,28,221.00000000000000000000,987.20891999999501712000,397.30000000000000000000,261.41383803890414407510,1866.92275803889916119510,28,100.0
2025-12-01,2026-03-01,3,Active,Others,ALL,persona,404,3515.15111111100000000000,5888.47071959997142669000,2263.18000000000000000000,4029.95012380493191149096,15696.75195451590333818096,452,89.38
2025-12-01,2026-03-01,3,At-risk,Others,ALL,persona,26,0.00000000000000000000,0.00000000000000000000,0.00000000000000000000,0.00000000000000000000,0.00000000000000000000,452,5.75
2025-12-01,2026-03-01,3,Churned proxy,Others,ALL,persona,22,0.00000000000000000000,0.00000000000000000000,0.00000000000000000000,0.00000000000000000000,0.00000000000000000000,452,4.87
2025-12-01,2026-03-01,3,Active,Professeur,ALL,persona,76,590.00000000000000000000,1127.13091199999463411900,104.46000000000000000000,523.73929985589041037790,2345.33021185588504449690,83,91.57
2025-12-01,2026-03-01,3,At-risk,Professeur,ALL,persona,5,0.00000000000000000000,0.00000000000000000000,0.00000000000000000000,0.00000000000000000000,0.00000000000000000000,83,6.02
2025-12-01,2026-03-01,3,Churned proxy,Professeur,ALL,persona,2,0.00000000000000000000,0.00000000000000000000,0.00000000000000000000,0.00000000000000000000,0.00000000000000000000,83,2.41
2025-12-01,2026-03-01,3,Active,Repair,ALL,persona,17,114.00000000000000000000,58.79863439999971410000,13.18000000000000000000,7.47819735835616485480,193.45683175835587895480,19,89.47
2025-12-01,2026-03-01,3,At-risk,Repair,ALL,persona,1,0.00000000000000000000,0.00000000000000000000,0.00000000000000000000,0.00000000000000000000,0.00000000000000000000,19,5.26
2025-12-01,2026-03-01,3,Churned proxy,Repair,ALL,persona,1,0.00000000000000000000,0.00000000000000000000,0.00000000000000000000,0.00000000000000000000,0.00000000000000000000,19,5.26
2025-12-01,2026-03-01,3,Active,Repair_Installation,ALL,persona,4,33.00000000000000000000,139.47773399999932710000,2.00000000000000000000,31.21613254849315417800,205.69386654849248127800,4,100.0
2025-12-01,2026-03-01,3,Active,Restauration,ALL,persona,73,691.00000000000000000000,2463.75491219998828616000,638.56000000000000000000,453.65374342794521096118,4246.96865562793349712118,81,90.12
2025-12-01,2026-03-01,3,At-risk,Restauration,ALL,persona,6,0.00000000000000000000,0.00000000000000000000,0.00000000000000000000,0.00000000000000000000,0.00000000000000000000,81,7.41
2025-12-01,2026-03-01,3,Churned proxy,Restauration,ALL,persona,2,0.00000000000000000000,0.00000000000000000000,0.00000000000000000000,0.00000000000000000000,0.00000000000000000000,81,2.47
2025-12-01,2026-03-01,3,Active,Retail,ALL,persona,343,2664.82416666600000000000,6447.31087859996841654760,1389.40000000000000090000,2251.81270395780825799283,12753.34774922377667544043,387,88.63
2025-12-01,2026-03-01,3,At-risk,Retail,ALL,persona,34,0.00000000000000000000,0.00000000000000000000,0.00000000000000000000,0.00000000000000000000,0.00000000000000000000,387,8.79
2025-12-01,2026-03-01,3,Churned proxy,Retail,ALL,persona,8,0.00000000000000000000,0.00000000000000000000,0.00000000000000000000,0.00000000000000000000,0.00000000000000000000,387,2.07
2025-12-01,2026-03-01,3,Never monetized,Retail,ALL,persona,2,0.00000000000000000000,0.00000000000000000000,0.00000000000000000000,0.00000000000000000000,0.00000000000000000000,387,0.52
2025-12-01,2026-03-01,3,Active,Wholesale,ALL,persona,59,1044.00000000000000000000,936.05895719999539920000,88.26000000000000000000,844.19848310356167341930,2912.51744030355707261930,67,88.06
2025-12-01,2026-03-01,3,At-risk,Wholesale,ALL,persona,6,0.00000000000000000000,0.00000000000000000000,0.00000000000000000000,0.00000000000000000000,0.00000000000000000000,67,8.96
2025-12-01,2026-03-01,3,Churned proxy,Wholesale,ALL,persona,1,0.00000000000000000000,0.00000000000000000000,0.00000000000000000000,0.00000000000000000000,0.00000000000000000000,67,1.49
2025-12-01,2026-03-01,3,Never monetized,Wholesale,ALL,persona,1,0.00000000000000000000,0.00000000000000000000,0.00000000000000000000,0.00000000000000000000,0.00000000000000000000,67,1.49
2025-12-01,2026-03-01,3,Active,Automobile_Trade_Repair,business,persona_x_initial_plan,4,320.00000000000000000000,88.28213399999959210000,45.00000000000000000000,114.68418605589041841000,567.96632005589001051000,4,100.0
2025-12-01,2026-03-01,3,Active,Automobile_Trade_Repair,free,persona_x_initial_plan,26,11.00000000000000000000,101.61512999999948688700,129.16000000000000000000,48.71946052657534784486,290.49459052657483473186,30,86.67
2025-12-01,2026-03-01,3,At-risk,Automobile_Trade_Repair,free,persona_x_initial_plan,1,0.00000000000000000000,0.00000000000000000000,0.00000000000000000000,0.00000000000000000000,0.00000000000000000000,30,3.33
2025-12-01,2026-03-01,3,Churned proxy,Automobile_Trade_Repair,free,persona_x_initial_plan,2,0.00000000000000000000,0.00000000000000000000,0.00000000000000000000,0.00000000000000000000,0.00000000000000000000,30,6.67
2025-12-01,2026-03-01,3,Never monetized,Automobile_Trade_Repair,free,persona_x_initial_plan,1,0.00000000000000000000,0.00000000000000000000,0.00000000000000000000,0.00000000000000000000,0.00000000000000000000,30,3.33
2025-12-01,2026-03-01,3,Active,Automobile_Trade_Repair,plus,persona_x_initial_plan,20,473.33333333300000000000,1266.63037199999337834000,4.96000000000000000000,461.82746615945202545900,2206.75117149244540379900,25,80.0
2025-12-01,2026-03-01,3,At-risk,Automobile_Trade_Repair,plus,persona_x_initial_plan,4,0.00000000000000000000,0.00000000000000000000,0.00000000000000000000,0.00000000000000000000,0.00000000000000000000,25,16.0
2025-12-01,2026-03-01,3,Churned proxy,Automobile_Trade_Repair,plus,persona_x_initial_plan,1,0.00000000000000000000,0.00000000000000000000,0.00000000000000000000,0.00000000000000000000,0.00000000000000000000,25,4.0
2025-12-01,2026-03-01,3,Active,Automobile_Trade_Repair,start,persona_x_initial_plan,56,631.92000000000000000000,1712.15051039999170119400,205.76000000000000000000,356.81635016986306699614,2906.64686056985476819014,64,87.5
2025-12-01,2026-03-01,3,At-risk,Automobile_Trade_Repair,start,persona_x_initial_plan,6,0.00000000000000000000,0.00000000000000000000,0.00000000000000000000,0.00000000000000000000,0.00000000000000000000,64,9.38
2025-12-01,2026-03-01,3,Churned proxy,Automobile_Trade_Repair,start,persona_x_initial_plan,1,0.00000000000000000000,0.00000000000000000000,0.00000000000000000000,0.00000000000000000000,0.00000000000000000000,64,1.56
2025-12-01,2026-03-01,3,Never monetized,Automobile_Trade_Repair,start,persona_x_initial_plan,1,0.00000000000000000000,0.00000000000000000000,0.00000000000000000000,0.00000000000000000000,0.00000000000000000000,64,1.56
2025-12-01,2026-03-01,3,Active,BTP,business,persona_x_initial_plan,15,1190.00000000000000000000,2100.31421399999006260000,9.86000000000000000000,457.19760262246578691060,3757.37181662245584951060,21,71.43
2025-12-01,2026-03-01,3,At-risk,BTP,business,persona_x_initial_plan,1,0.00000000000000000000,0.00000000000000000000,0.00000000000000000000,0.00000000000000000000,0.00000000000000000000,21,4.76
2025-12-01,2026-03-01,3,Churned proxy,BTP,business,persona_x_initial_plan,5,0.00000000000000000000,0.00000000000000000000,0.00000000000000000000,0.00000000000000000000,0.00000000000000000000,21,23.81
2025-12-01,2026-03-01,3,Active,BTP,free,persona_x_initial_plan,161,87.86500000000000000000,1420.66213019999313500900,537.50000000000000000000,4607.28092381753410180732,6653.30805401752723681632,175,92.0
2025-12-01,2026-03-01,3,At-risk,BTP,free,persona_x_initial_plan,8,0.00000000000000000000,0.00000000000000000000,0.00000000000000000000,0.00000000000000000000,0.00000000000000000000,175,4.57
2025-12-01,2026-03-01,3,Churned proxy,BTP,free,persona_x_initial_plan,6,0.00000000000000000000,0.00000000000000000000,0.00000000000000000000,0.00000000000000000000,0.00000000000000000000,175,3.43
2025-12-01,2026-03-01,3,Active,BTP,plus,persona_x_initial_plan,87,2257.66666666600000000000,3507.09958799998324994000,152.69999999999999940000,1273.31682505808228577080,7190.78307972406553511080,96,90.63
2025-12-01,2026-03-01,3,At-risk,BTP,plus,persona_x_initial_plan,7,0.00000000000000000000,0.00000000000000000000,0.00000000000000000000,0.00000000000000000000,0.00000000000000000000,96,7.29
2025-12-01,2026-03-01,3,Churned proxy,BTP,plus,persona_x_initial_plan,2,0.00000000000000000000,0.00000000000000000000,0.00000000000000000000,0.00000000000000000000,0.00000000000000000000,96,2.08
2025-12-01,2026-03-01,3,Active,BTP,start,persona_x_initial_plan,156,1699.00000000000000000000,3841.76810519998152101000,532.68000000000000230000,2103.07397407506861957922,8176.52207927505014288922,169,92.31
2025-12-01,2026-03-01,3,At-risk,BTP,start,persona_x_initial_plan,11,0.00000000000000000000,0.00000000000000000000,0.00000000000000000000,0.00000000000000000000,0.00000000000000000000,169,6.51
2025-12-01,2026-03-01,3,Churned proxy,BTP,start,persona_x_initial_plan,2,0.00000000000000000000,0.00000000000000000000,0.00000000000000000000,0.00000000000000000000,0.00000000000000000000,169,1.18
2025-12-01,2026-03-01,3,Active,Bankers_Insurance,free,persona_x_initial_plan,20,0.00000000000000000000,125.72281799999940370000,5.60000000000000000000,455.64767184657532060600,586.97048984657472430600,26,76.92
2025-12-01,2026-03-01,3,At-risk,Bankers_Insurance,free,persona_x_initial_plan,4,0.00000000000000000000,0.00000000000000000000,0.00000000000000000000,0.00000000000000000000,0.00000000000000000000,26,15.38
2025-12-01,2026-03-01,3,Churned proxy,Bankers_Insurance,free,persona_x_initial_plan,2,0.00000000000000000000,0.00000000000000000000,0.00000000000000000000,0.00000000000000000000,0.00000000000000000000,26,7.69
2025-12-01,2026-03-01,3,Active,Bankers_Insurance,plus,persona_x_initial_plan,3,50.00000000000000000000,192.28026599999908600000,6.30000000000000000000,31.61675334520547890000,280.19701934520456490000,3,100.0
2025-12-01,2026-03-01,3,Active,Bankers_Insurance,start,persona_x_initial_plan,9,86.00000000000000000000,24.85533599999988030000,0.00000000000000000000,133.97855644931507958000,244.83389244931495988000,10,90.0
2025-12-01,2026-03-01,3,At-risk,Bankers_Insurance,start,persona_x_initial_plan,1,0.00000000000000000000,0.00000000000000000000,0.00000000000000000000,0.00000000000000000000,0.00000000000000000000,10,10.0
2025-12-01,2026-03-01,3,Active,Bikers_Drivers,business,persona_x_initial_plan,3,240.00000000000000000000,469.32658199999764560000,0.00000000000000000000,179.07693719616437110000,888.40351919616201670000,5,60.0
2025-12-01,2026-03-01,3,At-risk,Bikers_Drivers,business,persona_x_initial_plan,1,0.00000000000000000000,0.00000000000000000000,0.00000000000000000000,0.00000000000000000000,0.00000000000000000000,5,20.0
2025-12-01,2026-03-01,3,Churned proxy,Bikers_Drivers,business,persona_x_initial_plan,1,0.00000000000000000000,0.00000000000000000000,0.00000000000000000000,0.00000000000000000000,0.00000000000000000000,5,20.0
2025-12-01,2026-03-01,3,Active,Bikers_Drivers,free,persona_x_initial_plan,49,0.00000000000000000000,291.01894199999857938400,480.00000000000000900000,225.87199754739727911400,996.89093954739586749800,62,79.03
2025-12-01,2026-03-01,3,At-risk,Bikers_Drivers,free,persona_x_initial_plan,6,0.00000000000000000000,0.00000000000000000000,0.00000000000000000000,0.00000000000000000000,0.00000000000000000000,62,9.68
2025-12-01,2026-03-01,3,Churned proxy,Bikers_Drivers,free,persona_x_initial_plan,6,0.00000000000000000000,0.00000000000000000000,0.00000000000000000000,0.00000000000000000000,0.00000000000000000000,62,9.68
2025-12-01,2026-03-01,3,Never monetized,Bikers_Drivers,free,persona_x_initial_plan,1,0.00000000000000000000,0.00000000000000000000,0.00000000000000000000,0.00000000000000000000,0.00000000000000000000,62,1.61
2025-12-01,2026-03-01,3,Active,Bikers_Drivers,plus,persona_x_initial_plan,20,510.76333333300000000000,497.85780599999758680000,134.06000000000000000000,82.38039726301369236200,1225.06153659601127916200,24,83.33
2025-12-01,2026-03-01,3,At-risk,Bikers_Drivers,plus,persona_x_initial_plan,2,0.00000000000000000000,0.00000000000000000000,0.00000000000000000000,0.00000000000000000000,0.00000000000000000000,24,8.33
2025-12-01,2026-03-01,3,Churned proxy,Bikers_Drivers,plus,persona_x_initial_plan,2,0.00000000000000000000,0.00000000000000000000,0.00000000000000000000,0.00000000000000000000,0.00000000000000000000,24,8.33
2025-12-01,2026-03-01,3,Active,Bikers_Drivers,start,persona_x_initial_plan,55,511.00000000000000000000,718.34400179999654439000,194.90000000000000000000,201.85429803616439832039,1626.09829983616094271039,61,90.16
2025-12-01,2026-03-01,3,At-risk,Bikers_Drivers,start,persona_x_initial_plan,2,0.00000000000000000000,0.00000000000000000000,0.00000000000000000000,0.00000000000000000000,0.00000000000000000000,61,3.28
2025-12-01,2026-03-01,3,Churned proxy,Bikers_Drivers,start,persona_x_initial_plan,4,0.00000000000000000000,0.00000000000000000000,0.00000000000000000000,0.00000000000000000000,0.00000000000000000000,61,6.56
2025-12-01,2026-03-01,3,Active,Cleaning_CallCenters,free,persona_x_initial_plan,3,0.00000000000000000000,1.84679999999999090000,0.00000000000000000000,34.58108841369863371180,36.42788841369862461180,3,100.0
2025-12-01,2026-03-01,3,Active,Cleaning_CallCenters,plus,persona_x_initial_plan,3,70.00000000000000000000,117.04075199999943600000,14.76000000000000000000,226.24367066520545600000,428.04442266520489200000,4,75.0
2025-12-01,2026-03-01,3,Never monetized,Cleaning_CallCenters,plus,persona_x_initial_plan,1,0.00000000000000000000,0.00000000000000000000,0.00000000000000000000,0.00000000000000000000,0.00000000000000000000,4,25.0
2025-12-01,2026-03-01,3,Active,Cleaning_CallCenters,start,persona_x_initial_plan,3,33.00000000000000000000,22.98790799999988780000,6.00000000000000000000,2.12763215232876740900,64.11554015232865520900,4,75.0
2025-12-01,2026-03-01,3,Churned proxy,Cleaning_CallCenters,start,persona_x_initial_plan,1,0.00000000000000000000,0.00000000000000000000,0.00000000000000000000,0.00000000000000000000,0.00000000000000000000,4,25.0
2025-12-01,2026-03-01,3,Active,Consultant,business,persona_x_initial_plan,1,80.00000000000000000000,0.00000000000000000000,0.00000000000000000000,0.26134660821917821000,80.26134660821917821000,4,25.0
2025-12-01,2026-03-01,3,Churned proxy,Consultant,business,persona_x_initial_plan,3,0.00000000000000000000,0.00000000000000000000,0.00000000000000000000,0.00000000000000000000,0.00000000000000000000,4,75.0
2025-12-01,2026-03-01,3,Active,Consultant,free,persona_x_initial_plan,209,179.98968750000000000000,959.41182419999532152500,368.11999999999999920000,3551.87626740219218569410,5059.39777910218750641910,222,94.14
2025-12-01,2026-03-01,3,At-risk,Consultant,free,persona_x_initial_plan,7,0.00000000000000000000,0.00000000000000000000,0.00000000000000000000,0.00000000000000000000,0.00000000000000000000,222,3.15
2025-12-01,2026-03-01,3,Churned proxy,Consultant,free,persona_x_initial_plan,5,0.00000000000000000000,0.00000000000000000000,0.00000000000000000000,0.00000000000000000000,0.00000000000000000000,222,2.25
2025-12-01,2026-03-01,3,Never monetized,Consultant,free,persona_x_initial_plan,1,0.00000000000000000000,0.00000000000000000000,0.00000000000000000000,0.00000000000000000000,0.00000000000000000000,222,0.45
2025-12-01,2026-03-01,3,Active,Consultant,plus,persona_x_initial_plan,23,533.33333333300000000000,799.92141119999605283500,7.02000000000000000000,528.85037747671234352831,1869.12512200970839636331,28,82.14
2025-12-01,2026-03-01,3,At-risk,Consultant,plus,persona_x_initial_plan,3,0.00000000000000000000,0.00000000000000000000,0.00000000000000000000,0.00000000000000000000,0.00000000000000000000,28,10.71
2025-12-01,2026-03-01,3,Churned proxy,Consultant,plus,persona_x_initial_plan,2,0.00000000000000000000,0.00000000000000000000,0.00000000000000000000,0.00000000000000000000,0.00000000000000000000,28,7.14
2025-12-01,2026-03-01,3,Active,Consultant,start,persona_x_initial_plan,195,1967.19900000000000000000,4339.70009459997872326000,334.46000000000000000000,3592.20941137424679086768,10233.56850597422551412768,205,95.12
2025-12-01,2026-03-01,3,At-risk,Consultant,start,persona_x_initial_plan,8,0.00000000000000000000,0.00000000000000000000,0.00000000000000000000,0.00000000000000000000,0.00000000000000000000,205,3.9
2025-12-01,2026-03-01,3,Churned proxy,Consultant,start,persona_x_initial_plan,2,0.00000000000000000000,0.00000000000000000000,0.00000000000000000000,0.00000000000000000000,0.00000000000000000000,205,0.98
2025-12-01,2026-03-01,3,Active,Developer_IT,free,persona_x_initial_plan,92,49.00000000000000000000,1073.50816139999471853900,182.60000000000000000000,2428.52292090410966902079,3733.63108230410438755979,101,91.09
2025-12-01,2026-03-01,3,At-risk,Developer_IT,free,persona_x_initial_plan,4,0.00000000000000000000,0.00000000000000000000,0.00000000000000000000,0.00000000000000000000,0.00000000000000000000,101,3.96
2025-12-01,2026-03-01,3,Churned proxy,Developer_IT,free,persona_x_initial_plan,5,0.00000000000000000000,0.00000000000000000000,0.00000000000000000000,0.00000000000000000000,0.00000000000000000000,101,4.95
2025-12-01,2026-03-01,3,Active,Developer_IT,plus,persona_x_initial_plan,9,210.00000000000000000000,38.30702399999981566000,0.00000000000000000000,227.01215260109594240970,475.31917660109575806970,13,69.23
2025-12-01,2026-03-01,3,At-risk,Developer_IT,plus,persona_x_initial_plan,4,0.00000000000000000000,0.00000000000000000000,0.00000000000000000000,0.00000000000000000000,0.00000000000000000000,13,30.77
2025-12-01,2026-03-01,3,Active,Developer_IT,start,persona_x_initial_plan,113,1133.13499999999999800000,1207.95260219999423399000,77.98000000000000000000,2233.87375611232905126658,4652.94135831232328325658,117,96.58
2025-12-01,2026-03-01,3,At-risk,Developer_IT,start,persona_x_initial_plan,2,0.00000000000000000000,0.00000000000000000000,0.00000000000000000000,0.00000000000000000000,0.00000000000000000000,117,1.71
2025-12-01,2026-03-01,3,Churned proxy,Developer_IT,start,persona_x_initial_plan,1,0.00000000000000000000,0.00000000000000000000,0.00000000000000000000,0.00000000000000000000,0.00000000000000000000,117,0.85
2025-12-01,2026-03-01,3,Never monetized,Developer_IT,start,persona_x_initial_plan,1,0.00000000000000000000,0.00000000000000000000,0.00000000000000000000,0.00000000000000000000,0.00000000000000000000,117,0.85
2025-12-01,2026-03-01,3,Active,Media_Publishing,business,persona_x_initial_plan,1,80.00000000000000000000,78.03298799999963400000,0.00000000000000000000,3.44368242465753350000,161.47667042465716750000,1,100.0
2025-12-01,2026-03-01,3,Active,Media_Publishing,free,persona_x_initial_plan,51,32.50000000000000000000,408.48274979999802879100,62.04000000000000000000,165.64743539068494867290,668.67018519068297746390,55,92.73
2025-12-01,2026-03-01,3,At-risk,Media_Publishing,free,persona_x_initial_plan,3,0.00000000000000000000,0.00000000000000000000,0.00000000000000000000,0.00000000000000000000,0.00000000000000000000,55,5.45
2025-12-01,2026-03-01,3,Churned proxy,Media_Publishing,free,persona_x_initial_plan,1,0.00000000000000000000,0.00000000000000000000,0.00000000000000000000,0.00000000000000000000,0.00000000000000000000,55,1.82
2025-12-01,2026-03-01,3,Active,Media_Publishing,plus,persona_x_initial_plan,7,165.00000000000000000000,143.09758799999930170000,132.00000000000000000000,413.43505947452058617600,853.53264747451988787600,8,87.5
2025-12-01,2026-03-01,3,Churned proxy,Media_Publishing,plus,persona_x_initial_plan,1,0.00000000000000000000,0.00000000000000000000,0.00000000000000000000,0.00000000000000000000,0.00000000000000000000,8,12.5
2025-12-01,2026-03-01,3,Active,Media_Publishing,start,persona_x_initial_plan,43,396.00000000000000000000,709.79141339999654115300,150.96000000000000000000,732.31177659342480368885,1989.06318999342134484185,45,95.56
2025-12-01,2026-03-01,3,At-risk,Media_Publishing,start,persona_x_initial_plan,1,0.00000000000000000000,0.00000000000000000000,0.00000000000000000000,0.00000000000000000000,0.00000000000000000000,45,2.22
2025-12-01,2026-03-01,3,Churned proxy,Media_Publishing,start,persona_x_initial_plan,1,0.00000000000000000000,0.00000000000000000000,0.00000000000000000000,0.00000000000000000000,0.00000000000000000000,45,2.22
2025-12-01,2026-03-01,3,Active,Medical_Professionals,free,persona_x_initial_plan,11,0.00000000000000000000,3.11506199999998490000,301.38000000000000000000,128.44576447452057902000,432.94082647452056392000,11,100.0
2025-12-01,2026-03-01,3,Active,Medical_Professionals,plus,persona_x_initial_plan,3,75.00000000000000000000,870.41237399999560040000,66.40000000000000000000,16.20604724383561680000,1028.01842124383121720000,3,100.0
2025-12-01,2026-03-01,3,Active,Medical_Professionals,start,persona_x_initial_plan,14,146.00000000000000000000,113.68148399999943182000,29.52000000000000000000,116.76202632054794825510,405.96351032054738007510,14,100.0
2025-12-01,2026-03-01,3,Active,Others,business,persona_x_initial_plan,7,356.00000000000000000000,231.04835999999890600000,7.76000000000000000000,173.54129919452055991880,768.34965919451946591880,18,38.89
2025-12-01,2026-03-01,3,At-risk,Others,business,persona_x_initial_plan,1,0.00000000000000000000,0.00000000000000000000,0.00000000000000000000,0.00000000000000000000,0.00000000000000000000,18,5.56
2025-12-01,2026-03-01,3,Churned proxy,Others,business,persona_x_initial_plan,10,0.00000000000000000000,0.00000000000000000000,0.00000000000000000000,0.00000000000000000000,0.00000000000000000000,18,55.56
2025-12-01,2026-03-01,3,Active,Others,free,persona_x_initial_plan,168,131.00000000000000000000,916.49963159999554507000,1253.80000000000000000000,1000.34175804109607630597,3301.64138964109162137597,183,91.8
2025-12-01,2026-03-01,3,At-risk,Others,free,persona_x_initial_plan,9,0.00000000000000000000,0.00000000000000000000,0.00000000000000000000,0.00000000000000000000,0.00000000000000000000,183,4.92
2025-12-01,2026-03-01,3,Churned proxy,Others,free,persona_x_initial_plan,6,0.00000000000000000000,0.00000000000000000000,0.00000000000000000000,0.00000000000000000000,0.00000000000000000000,183,3.28
2025-12-01,2026-03-01,3,Active,Others,plus,persona_x_initial_plan,53,1243.66666666600000000000,1989.33919199999012564000,172.82000000000000000000,517.59238612493149451698,3923.41824479092162015698,60,88.33
2025-12-01,2026-03-01,3,At-risk,Others,plus,persona_x_initial_plan,4,0.00000000000000000000,0.00000000000000000000,0.00000000000000000000,0.00000000000000000000,0.00000000000000000000,60,6.67
2025-12-01,2026-03-01,3,Churned proxy,Others,plus,persona_x_initial_plan,3,0.00000000000000000000,0.00000000000000000000,0.00000000000000000000,0.00000000000000000000,0.00000000000000000000,60,5.0
2025-12-01,2026-03-01,3,Active,Others,start,persona_x_initial_plan,176,1784.48444444500000000000,2751.58353599998684998000,828.80000000000000000000,2338.47468044438378074921,7703.34266088937063072921,191,92.15
2025-12-01,2026-03-01,3,At-risk,Others,start,persona_x_initial_plan,12,0.00000000000000000000,0.00000000000000000000,0.00000000000000000000,0.00000000000000000000,0.00000000000000000000,191,6.28
2025-12-01,2026-03-01,3,Churned proxy,Others,start,persona_x_initial_plan,3,0.00000000000000000000,0.00000000000000000000,0.00000000000000000000,0.00000000000000000000,0.00000000000000000000,191,1.57
2025-12-01,2026-03-01,3,At-risk,Professeur,business,persona_x_initial_plan,1,0.00000000000000000000,0.00000000000000000000,0.00000000000000000000,0.00000000000000000000,0.00000000000000000000,2,50.0
2025-12-01,2026-03-01,3,Churned proxy,Professeur,business,persona_x_initial_plan,1,0.00000000000000000000,0.00000000000000000000,0.00000000000000000000,0.00000000000000000000,0.00000000000000000000,2,50.0
2025-12-01,2026-03-01,3,Active,Professeur,free,persona_x_initial_plan,30,36.00000000000000000000,157.46734799999922518900,20.00000000000000000000,155.88128165150685545060,369.34862965150608063960,33,90.91
2025-12-01,2026-03-01,3,At-risk,Professeur,free,persona_x_initial_plan,2,0.00000000000000000000,0.00000000000000000000,0.00000000000000000000,0.00000000000000000000,0.00000000000000000000,33,6.06
2025-12-01,2026-03-01,3,Churned proxy,Professeur,free,persona_x_initial_plan,1,0.00000000000000000000,0.00000000000000000000,0.00000000000000000000,0.00000000000000000000,0.00000000000000000000,33,3.03
2025-12-01,2026-03-01,3,Active,Professeur,plus,persona_x_initial_plan,5,120.00000000000000000000,475.40798999999778343000,55.02000000000000000000,48.21362679123287570000,698.64161679123065913000,5,100.0
2025-12-01,2026-03-01,3,Active,Professeur,start,persona_x_initial_plan,41,434.00000000000000000000,494.25557399999762550000,29.44000000000000000000,319.64439141315067922730,1277.33996541314830472730,43,95.35
2025-12-01,2026-03-01,3,At-risk,Professeur,start,persona_x_initial_plan,2,0.00000000000000000000,0.00000000000000000000,0.00000000000000000000,0.00000000000000000000,0.00000000000000000000,43,4.65
2025-12-01,2026-03-01,3,Churned proxy,Repair,business,persona_x_initial_plan,1,0.00000000000000000000,0.00000000000000000000,0.00000000000000000000,0.00000000000000000000,0.00000000000000000000,1,100.0
2025-12-01,2026-03-01,3,Active,Repair,free,persona_x_initial_plan,7,0.00000000000000000000,48.92281199999976150000,8.80000000000000000000,2.75074127397260288530,60.47355327397236438530,8,87.5
2025-12-01,2026-03-01,3,At-risk,Repair,free,persona_x_initial_plan,1,0.00000000000000000000,0.00000000000000000000,0.00000000000000000000,0.00000000000000000000,0.00000000000000000000,8,12.5
2025-12-01,2026-03-01,3,Active,Repair,plus,persona_x_initial_plan,2,50.00000000000000000000,0.91263239999999557000,0.38000000000000000000,0.98550179178082220000,52.27813419178081777000,2,100.0
2025-12-01,2026-03-01,3,Active,Repair,start,persona_x_initial_plan,8,64.00000000000000000000,8.96318999999995703000,4.00000000000000000000,3.74195429260273976950,80.70514429260269679950,8,100.0
2025-12-01,2026-03-01,3,Active,Repair_Installation,free,persona_x_initial_plan,2,11.00000000000000000000,134.18735399999935300000,2.00000000000000000000,10.21741275561643830000,157.40476675561579130000,2,100.0
2025-12-01,2026-03-01,3,Active,Repair_Installation,start,persona_x_initial_plan,2,22.00000000000000000000,5.29037999999997410000,0.00000000000000000000,20.99871979287671587800,48.28909979287668997800,2,100.0
2025-12-01,2026-03-01,3,Churned proxy,Restauration,business,persona_x_initial_plan,1,0.00000000000000000000,0.00000000000000000000,0.00000000000000000000,0.00000000000000000000,0.00000000000000000000,1,100.0
2025-12-01,2026-03-01,3,Active,Restauration,free,persona_x_initial_plan,31,22.00000000000000000000,487.94160599999766857000,68.80000000000000000000,100.17724984438356715758,678.91885584438123572758,34,91.18
2025-12-01,2026-03-01,3,At-risk,Restauration,free,persona_x_initial_plan,2,0.00000000000000000000,0.00000000000000000000,0.00000000000000000000,0.00000000000000000000,0.00000000000000000000,34,5.88
2025-12-01,2026-03-01,3,Churned proxy,Restauration,free,persona_x_initial_plan,1,0.00000000000000000000,0.00000000000000000000,0.00000000000000000000,0.00000000000000000000,0.00000000000000000000,34,2.94
2025-12-01,2026-03-01,3,Active,Restauration,plus,persona_x_initial_plan,11,366.00000000000000000000,1524.25297619999281920000,498.60000000000000000000,61.23893954520548080000,2450.09191574519830000000,13,84.62
2025-12-01,2026-03-01,3,At-risk,Restauration,plus,persona_x_initial_plan,2,0.00000000000000000000,0.00000000000000000000,0.00000000000000000000,0.00000000000000000000,0.00000000000000000000,13,15.38
2025-12-01,2026-03-01,3,Active,Restauration,start,persona_x_initial_plan,31,303.00000000000000000000,451.56032999999779839000,71.16000000000000000000,292.23755403835616300360,1117.95788403835396139360,33,93.94
2025-12-01,2026-03-01,3,At-risk,Restauration,start,persona_x_initial_plan,2,0.00000000000000000000,0.00000000000000000000,0.00000000000000000000,0.00000000000000000000,0.00000000000000000000,33,6.06
2025-12-01,2026-03-01,3,Active,Retail,business,persona_x_initial_plan,2,160.00000000000000000000,249.77955959999872700000,55.00000000000000000000,4.84236453917808270000,469.62192413917680970000,3,66.67
2025-12-01,2026-03-01,3,Churned proxy,Retail,business,persona_x_initial_plan,1,0.00000000000000000000,0.00000000000000000000,0.00000000000000000000,0.00000000000000000000,0.00000000000000000000,3,33.33
2025-12-01,2026-03-01,3,Active,Retail,free,persona_x_initial_plan,156,85.54250000000000000000,1867.38852779999092652000,365.54000000000000090000,641.97083245808221733244,2960.44186025807314475244,172,90.7
2025-12-01,2026-03-01,3,At-risk,Retail,free,persona_x_initial_plan,13,0.00000000000000000000,0.00000000000000000000,0.00000000000000000000,0.00000000000000000000,0.00000000000000000000,172,7.56
2025-12-01,2026-03-01,3,Churned proxy,Retail,free,persona_x_initial_plan,2,0.00000000000000000000,0.00000000000000000000,0.00000000000000000000,0.00000000000000000000,0.00000000000000000000,172,1.16
2025-12-01,2026-03-01,3,Never monetized,Retail,free,persona_x_initial_plan,1,0.00000000000000000000,0.00000000000000000000,0.00000000000000000000,0.00000000000000000000,0.00000000000000000000,172,0.58
2025-12-01,2026-03-01,3,Active,Retail,plus,persona_x_initial_plan,46,1031.66666666600000000000,1752.05946059999137131000,387.90000000000000000000,595.59314667945203184901,3767.21927394544340315901,57,80.7
2025-12-01,2026-03-01,3,At-risk,Retail,plus,persona_x_initial_plan,10,0.00000000000000000000,0.00000000000000000000,0.00000000000000000000,0.00000000000000000000,0.00000000000000000000,57,17.54
2025-12-01,2026-03-01,3,Churned proxy,Retail,plus,persona_x_initial_plan,1,0.00000000000000000000,0.00000000000000000000,0.00000000000000000000,0.00000000000000000000,0.00000000000000000000,57,1.75
2025-12-01,2026-03-01,3,Active,Retail,start,persona_x_initial_plan,139,1387.61500000000000000000,2578.08333059998739171760,580.96000000000000000000,1009.40636028109592611138,5556.06469088108331782898,155,89.68
2025-12-01,2026-03-01,3,At-risk,Retail,start,persona_x_initial_plan,11,0.00000000000000000000,0.00000000000000000000,0.00000000000000000000,0.00000000000000000000,0.00000000000000000000,155,7.1
2025-12-01,2026-03-01,3,Churned proxy,Retail,start,persona_x_initial_plan,4,0.00000000000000000000,0.00000000000000000000,0.00000000000000000000,0.00000000000000000000,0.00000000000000000000,155,2.58
2025-12-01,2026-03-01,3,Never monetized,Retail,start,persona_x_initial_plan,1,0.00000000000000000000,0.00000000000000000000,0.00000000000000000000,0.00000000000000000000,0.00000000000000000000,155,0.65
2025-12-01,2026-03-01,3,Active,Wholesale,business,persona_x_initial_plan,4,320.00000000000000000000,20.42398799999990200000,0.00000000000000000000,56.39408389863013695200,396.81807189863003895200,5,80.0
2025-12-01,2026-03-01,3,At-risk,Wholesale,business,persona_x_initial_plan,1,0.00000000000000000000,0.00000000000000000000,0.00000000000000000000,0.00000000000000000000,0.00000000000000000000,5,20.0
2025-12-01,2026-03-01,3,Active,Wholesale,free,persona_x_initial_plan,10,0.00000000000000000000,8.86269599999995697000,2.00000000000000000000,227.65442745753427214000,238.51712345753422911000,12,83.33
2025-12-01,2026-03-01,3,At-risk,Wholesale,free,persona_x_initial_plan,1,0.00000000000000000000,0.00000000000000000000,0.00000000000000000000,0.00000000000000000000,0.00000000000000000000,12,8.33
2025-12-01,2026-03-01,3,Churned proxy,Wholesale,free,persona_x_initial_plan,1,0.00000000000000000000,0.00000000000000000000,0.00000000000000000000,0.00000000000000000000,0.00000000000000000000,12,8.33
2025-12-01,2026-03-01,3,Active,Wholesale,plus,persona_x_initial_plan,15,351.00000000000000000000,494.91992339999756410000,3.52000000000000000000,174.97141601808218192270,1024.41133941807974602270,16,93.75
2025-12-01,2026-03-01,3,At-risk,Wholesale,plus,persona_x_initial_plan,1,0.00000000000000000000,0.00000000000000000000,0.00000000000000000000,0.00000000000000000000,0.00000000000000000000,16,6.25
2025-12-01,2026-03-01,3,Active,Wholesale,start,persona_x_initial_plan,30,373.00000000000000000000,411.85234979999797613000,82.74000000000000000000,385.17855572931508240460,1252.77090552931305853460,34,88.24
2025-12-01,2026-03-01,3,At-risk,Wholesale,start,persona_x_initial_plan,3,0.00000000000000000000,0.00000000000000000000,0.00000000000000000000,0.00000000000000000000,0.00000000000000000000,34,8.82
2025-12-01,2026-03-01,3,Never monetized,Wholesale,start,persona_x_initial_plan,1,0.00000000000000000000,0.00000000000000000000,0.00000000000000000000,0.00000000000000000000,0.00000000000000000000,34,2.94
2025-12-01,2026-04-01,4,Active,ALL,business,initial_plan,34,2495.00000000000000000000,4033.97744399997819032000,115.00000000000000000000,1043.64498044328772148060,7687.62242444326591180060,65,52.31
2025-12-01,2026-04-01,4,At-risk,ALL,business,initial_plan,5,0.00000000000000000000,0.00000000000000000000,0.00000000000000000000,0.00000000000000000000,0.00000000000000000000,65,7.69
2025-12-01,2026-04-01,4,Churned proxy,ALL,business,initial_plan,26,0.00000000000000000000,0.00000000000000000000,0.00000000000000000000,0.00000000000000000000,0.00000000000000000000,65,40.0
2025-12-01,2026-04-01,4,Active,ALL,free,initial_plan,1005,782.68709677399999500000,8129.34549719995588695460,1854.62000000000000000000,13715.84694552273988876341,24482.49953949669577071801,1129,89.02
2025-12-01,2026-04-01,4,At-risk,ALL,free,initial_plan,46,0.00000000000000000000,0.00000000000000000000,0.00000000000000000000,0.00000000000000000000,0.00000000000000000000,1129,4.07
2025-12-01,2026-04-01,4,Churned proxy,ALL,free,initial_plan,74,0.00000000000000000000,0.00000000000000000000,0.00000000000000000000,0.00000000000000000000,0.00000000000000000000,1129,6.55
2025-12-01,2026-04-01,4,Never monetized,ALL,free,initial_plan,4,0.00000000000000000000,0.00000000000000000000,0.00000000000000000000,0.00000000000000000000,0.00000000000000000000,1129,0.35
2025-12-01,2026-04-01,4,Active,ALL,plus,initial_plan,304,7336.62499999700000000000,13914.98239499992489616600,857.76000000000000000000,4430.87887896219194237453,26540.24627395911683854053,357,85.15
2025-12-01,2026-04-01,4,At-risk,ALL,plus,initial_plan,22,0.00000000000000000000,0.00000000000000000000,0.00000000000000000000,0.00000000000000000000,0.00000000000000000000,357,6.16
2025-12-01,2026-04-01,4,Churned proxy,ALL,plus,initial_plan,30,0.00000000000000000000,0.00000000000000000000,0.00000000000000000000,0.00000000000000000000,0.00000000000000000000,357,8.4
2025-12-01,2026-04-01,4,Never monetized,ALL,plus,initial_plan,1,0.00000000000000000000,0.00000000000000000000,0.00000000000000000000,0.00000000000000000000,0.00000000000000000000,357,0.28
2025-12-01,2026-04-01,4,Active,ALL,start,initial_plan,1050,11041.62599462385383000000,21119.46735599988458095300,2367.76000000000000000000,14456.12305837917883194869,48984.97640900291724290169,1155,90.91
2025-12-01,2026-04-01,4,At-risk,ALL,start,initial_plan,49,0.00000000000000000000,0.00000000000000000000,0.00000000000000000000,0.00000000000000000000,0.00000000000000000000,1155,4.24
2025-12-01,2026-04-01,4,Churned proxy,ALL,start,initial_plan,52,0.00000000000000000000,0.00000000000000000000,0.00000000000000000000,0.00000000000000000000,0.00000000000000000000,1155,4.5
2025-12-01,2026-04-01,4,Never monetized,ALL,start,initial_plan,4,0.00000000000000000000,0.00000000000000000000,0.00000000000000000000,0.00000000000000000000,0.00000000000000000000,1155,0.35
2025-12-01,2026-04-01,4,Active,ALL,ALL,overall,2393,21655.93809139485382500000,47197.77269219974355439360,5195.14000000000000000000,33646.49386330739838456723,107695.34464690199576396083,2706,88.43
2025-12-01,2026-04-01,4,At-risk,ALL,ALL,overall,122,0.00000000000000000000,0.00000000000000000000,0.00000000000000000000,0.00000000000000000000,0.00000000000000000000,2706,4.51
2025-12-01,2026-04-01,4,Churned proxy,ALL,ALL,overall,182,0.00000000000000000000,0.00000000000000000000,0.00000000000000000000,0.00000000000000000000,0.00000000000000000000,2706,6.73
2025-12-01,2026-04-01,4,Never monetized,ALL,ALL,overall,9,0.00000000000000000000,0.00000000000000000000,0.00000000000000000000,0.00000000000000000000,0.00000000000000000000,2706,0.33
2025-12-01,2026-04-01,4,Active,Automobile_Trade_Repair,ALL,persona,104,1447.92333333300000000000,4098.98947679997736164800,292.94000000000000000000,848.16136198027400811636,6688.01417211325136976436,123,84.55
2025-12-01,2026-04-01,4,At-risk,Automobile_Trade_Repair,ALL,persona,7,0.00000000000000000000,0.00000000000000000000,0.00000000000000000000,0.00000000000000000000,0.00000000000000000000,123,5.69
2025-12-01,2026-04-01,4,Churned proxy,Automobile_Trade_Repair,ALL,persona,10,0.00000000000000000000,0.00000000000000000000,0.00000000000000000000,0.00000000000000000000,0.00000000000000000000,123,8.13
2025-12-01,2026-04-01,4,Never monetized,Automobile_Trade_Repair,ALL,persona,2,0.00000000000000000000,0.00000000000000000000,0.00000000000000000000,0.00000000000000000000,0.00000000000000000000,123,1.63
2025-12-01,2026-04-01,4,Active,BTP,ALL,persona,414,5126.43336021400000000000,11978.63555039993518487600,557.90000000000000000000,7910.07690033808196329502,25573.04581095201714817102,461,89.8
2025-12-01,2026-04-01,4,At-risk,BTP,ALL,persona,19,0.00000000000000000000,0.00000000000000000000,0.00000000000000000000,0.00000000000000000000,0.00000000000000000000,461,4.12
2025-12-01,2026-04-01,4,Churned proxy,BTP,ALL,persona,28,0.00000000000000000000,0.00000000000000000000,0.00000000000000000000,0.00000000000000000000,0.00000000000000000000,461,6.07
2025-12-01,2026-04-01,4,Active,Bankers_Insurance,ALL,persona,33,136.00000000000000000000,296.81746199999838772000,113.26000000000000000000,609.24755222246578969800,1155.32501422246417741800,39,84.62
2025-12-01,2026-04-01,4,At-risk,Bankers_Insurance,ALL,persona,1,0.00000000000000000000,0.00000000000000000000,0.00000000000000000000,0.00000000000000000000,0.00000000000000000000,39,2.56
2025-12-01,2026-04-01,4,Churned proxy,Bankers_Insurance,ALL,persona,5,0.00000000000000000000,0.00000000000000000000,0.00000000000000000000,0.00000000000000000000,0.00000000000000000000,39,12.82
2025-12-01,2026-04-01,4,Active,Bikers_Drivers,ALL,persona,123,1241.23958333300000000000,2135.72628179998831946500,239.18000000000000000000,865.18175549589044646010,4481.32762062887876592510,152,80.92
2025-12-01,2026-04-01,4,At-risk,Bikers_Drivers,ALL,persona,10,0.00000000000000000000,0.00000000000000000000,0.00000000000000000000,0.00000000000000000000,0.00000000000000000000,152,6.58
2025-12-01,2026-04-01,4,Churned proxy,Bikers_Drivers,ALL,persona,18,0.00000000000000000000,0.00000000000000000000,0.00000000000000000000,0.00000000000000000000,0.00000000000000000000,152,11.84
2025-12-01,2026-04-01,4,Never monetized,Bikers_Drivers,ALL,persona,1,0.00000000000000000000,0.00000000000000000000,0.00000000000000000000,0.00000000000000000000,0.00000000000000000000,152,0.66
2025-12-01,2026-04-01,4,Active,Cleaning_CallCenters,ALL,persona,9,78.00000000000000000000,122.63583599999931090000,0.00000000000000000000,178.85127422575346969500,379.48711022575278059500,11,81.82
2025-12-01,2026-04-01,4,Churned proxy,Cleaning_CallCenters,ALL,persona,1,0.00000000000000000000,0.00000000000000000000,0.00000000000000000000,0.00000000000000000000,0.00000000000000000000,11,9.09
2025-12-01,2026-04-01,4,Never monetized,Cleaning_CallCenters,ALL,persona,1,0.00000000000000000000,0.00000000000000000000,0.00000000000000000000,0.00000000000000000000,0.00000000000000000000,11,9.09
2025-12-01,2026-04-01,4,Active,Consultant,ALL,persona,416,2748.65599462332257500000,7193.79169739996030540700,594.18000000000000000000,7029.13052488328830637446,17565.75821690657118678146,459,90.63
2025-12-01,2026-04-01,4,At-risk,Consultant,ALL,persona,20,0.00000000000000000000,0.00000000000000000000,0.00000000000000000000,0.00000000000000000000,0.00000000000000000000,459,4.36
2025-12-01,2026-04-01,4,Churned proxy,Consultant,ALL,persona,22,0.00000000000000000000,0.00000000000000000000,0.00000000000000000000,0.00000000000000000000,0.00000000000000000000,459,4.79
2025-12-01,2026-04-01,4,Never monetized,Consultant,ALL,persona,1,0.00000000000000000000,0.00000000000000000000,0.00000000000000000000,0.00000000000000000000,0.00000000000000000000,459,0.22
2025-12-01,2026-04-01,4,Active,Developer_IT,ALL,persona,212,1394.56250000000000000000,1860.60813119998998703000,158.62000000000000000000,5874.33281324547972219978,9288.12344444546970922978,231,91.77
2025-12-01,2026-04-01,4,At-risk,Developer_IT,ALL,persona,6,0.00000000000000000000,0.00000000000000000000,0.00000000000000000000,0.00000000000000000000,0.00000000000000000000,231,2.6
2025-12-01,2026-04-01,4,Churned proxy,Developer_IT,ALL,persona,12,0.00000000000000000000,0.00000000000000000000,0.00000000000000000000,0.00000000000000000000,0.00000000000000000000,231,5.19
2025-12-01,2026-04-01,4,Never monetized,Developer_IT,ALL,persona,1,0.00000000000000000000,0.00000000000000000000,0.00000000000000000000,0.00000000000000000000,0.00000000000000000000,231,0.43
2025-12-01,2026-04-01,4,Active,Media_Publishing,ALL,persona,98,679.29500000000000000000,1294.79481359999295446900,290.26000000000000000000,1412.12217847013707601439,3676.47199207013003048339,109,89.91
2025-12-01,2026-04-01,4,At-risk,Media_Publishing,ALL,persona,6,0.00000000000000000000,0.00000000000000000000,0.00000000000000000000,0.00000000000000000000,0.00000000000000000000,109,5.5
2025-12-01,2026-04-01,4,Churned proxy,Media_Publishing,ALL,persona,5,0.00000000000000000000,0.00000000000000000000,0.00000000000000000000,0.00000000000000000000,0.00000000000000000000,109,4.59
2025-12-01,2026-04-01,4,Active,Medical_Professionals,ALL,persona,28,221.00000000000000000000,424.49574599999771847000,159.80000000000000000000,293.38103728986304387050,1098.67678328986076234050,28,100.0
2025-12-01,2026-04-01,4,Active,Others,ALL,persona,396,3494.67415322553125000000,5650.34362019996940709400,1338.04000000000000000000,4441.63920213041103493142,14924.69697555591169202542,452,87.61
2025-12-01,2026-04-01,4,At-risk,Others,ALL,persona,18,0.00000000000000000000,0.00000000000000000000,0.00000000000000000000,0.00000000000000000000,0.00000000000000000000,452,3.98
2025-12-01,2026-04-01,4,Churned proxy,Others,ALL,persona,38,0.00000000000000000000,0.00000000000000000000,0.00000000000000000000,0.00000000000000000000,0.00000000000000000000,452,8.41
2025-12-01,2026-04-01,4,Active,Professeur,ALL,persona,73,599.65000000000000000000,757.15284239999581973000,46.26000000000000000000,555.89067935068501461990,1958.95352175068083434990,83,87.95
2025-12-01,2026-04-01,4,At-risk,Professeur,ALL,persona,6,0.00000000000000000000,0.00000000000000000000,0.00000000000000000000,0.00000000000000000000,0.00000000000000000000,83,7.23
2025-12-01,2026-04-01,4,Churned proxy,Professeur,ALL,persona,4,0.00000000000000000000,0.00000000000000000000,0.00000000000000000000,0.00000000000000000000,0.00000000000000000000,83,4.82
2025-12-01,2026-04-01,4,Active,Repair,ALL,persona,17,114.00000000000000000000,53.74988999999970345000,14.00000000000000000000,6.36942577972602773350,188.11931577972573118350,19,89.47
2025-12-01,2026-04-01,4,At-risk,Repair,ALL,persona,1,0.00000000000000000000,0.00000000000000000000,0.00000000000000000000,0.00000000000000000000,0.00000000000000000000,19,5.26
2025-12-01,2026-04-01,4,Churned proxy,Repair,ALL,persona,1,0.00000000000000000000,0.00000000000000000000,0.00000000000000000000,0.00000000000000000000,0.00000000000000000000,19,5.26
2025-12-01,2026-04-01,4,Active,Repair_Installation,ALL,persona,3,22.00000000000000000000,87.15013199999951520000,1.60000000000000000000,43.10352774630137210000,153.85365974630088730000,4,75.0
2025-12-01,2026-04-01,4,At-risk,Repair_Installation,ALL,persona,1,0.00000000000000000000,0.00000000000000000000,0.00000000000000000000,0.00000000000000000000,0.00000000000000000000,4,25.0
2025-12-01,2026-04-01,4,Active,Restauration,ALL,persona,72,685.93750000000000000000,2991.77488799998434506500,353.86000000000000000000,360.16772760054795910876,4391.74011560053230417376,81,88.89
2025-12-01,2026-04-01,4,At-risk,Restauration,ALL,persona,2,0.00000000000000000000,0.00000000000000000000,0.00000000000000000000,0.00000000000000000000,0.00000000000000000000,81,2.47
2025-12-01,2026-04-01,4,Churned proxy,Restauration,ALL,persona,7,0.00000000000000000000,0.00000000000000000000,0.00000000000000000000,0.00000000000000000000,0.00000000000000000000,81,8.64
2025-12-01,2026-04-01,4,Active,Retail,ALL,persona,337,2724.56666666600000000000,6869.50646399996235628960,1019.88000000000000000000,2316.23604962246575769914,12930.18918028842811398874,387,87.08
2025-12-01,2026-04-01,4,At-risk,Retail,ALL,persona,20,0.00000000000000000000,0.00000000000000000000,0.00000000000000000000,0.00000000000000000000,0.00000000000000000000,387,5.17
2025-12-01,2026-04-01,4,Churned proxy,Retail,ALL,persona,28,0.00000000000000000000,0.00000000000000000000,0.00000000000000000000,0.00000000000000000000,0.00000000000000000000,387,7.24
2025-12-01,2026-04-01,4,Never monetized,Retail,ALL,persona,2,0.00000000000000000000,0.00000000000000000000,0.00000000000000000000,0.00000000000000000000,0.00000000000000000000,387,0.52
2025-12-01,2026-04-01,4,Active,Wholesale,ALL,persona,58,942.00000000000000000000,1381.59986039999287758000,15.36000000000000000000,902.60185292602739265090,3241.56171332602027023090,67,86.57
2025-12-01,2026-04-01,4,At-risk,Wholesale,ALL,persona,5,0.00000000000000000000,0.00000000000000000000,0.00000000000000000000,0.00000000000000000000,0.00000000000000000000,67,7.46
2025-12-01,2026-04-01,4,Churned proxy,Wholesale,ALL,persona,3,0.00000000000000000000,0.00000000000000000000,0.00000000000000000000,0.00000000000000000000,0.00000000000000000000,67,4.48
2025-12-01,2026-04-01,4,Never monetized,Wholesale,ALL,persona,1,0.00000000000000000000,0.00000000000000000000,0.00000000000000000000,0.00000000000000000000,0.00000000000000000000,67,1.49
2025-12-01,2026-04-01,4,Active,Automobile_Trade_Repair,business,persona_x_initial_plan,4,320.00000000000000000000,207.92782799999877410000,0.00000000000000000000,127.02057553643838020000,654.94840353643715430000,4,100.0
2025-12-01,2026-04-01,4,Active,Automobile_Trade_Repair,free,persona_x_initial_plan,26,23.94000000000000000000,218.84862599999878884000,164.00000000000000000000,45.38104021150685514712,452.16966621150564398712,30,86.67
2025-12-01,2026-04-01,4,At-risk,Automobile_Trade_Repair,free,persona_x_initial_plan,1,0.00000000000000000000,0.00000000000000000000,0.00000000000000000000,0.00000000000000000000,0.00000000000000000000,30,3.33
2025-12-01,2026-04-01,4,Churned proxy,Automobile_Trade_Repair,free,persona_x_initial_plan,2,0.00000000000000000000,0.00000000000000000000,0.00000000000000000000,0.00000000000000000000,0.00000000000000000000,30,6.67
2025-12-01,2026-04-01,4,Never monetized,Automobile_Trade_Repair,free,persona_x_initial_plan,1,0.00000000000000000000,0.00000000000000000000,0.00000000000000000000,0.00000000000000000000,0.00000000000000000000,30,3.33
2025-12-01,2026-04-01,4,Active,Automobile_Trade_Repair,plus,persona_x_initial_plan,21,473.33333333300000000000,1445.73992459999210670000,40.00000000000000000000,415.67137813643836225574,2374.74463606943046895574,25,84.0
2025-12-01,2026-04-01,4,At-risk,Automobile_Trade_Repair,plus,persona_x_initial_plan,1,0.00000000000000000000,0.00000000000000000000,0.00000000000000000000,0.00000000000000000000,0.00000000000000000000,25,4.0
2025-12-01,2026-04-01,4,Churned proxy,Automobile_Trade_Repair,plus,persona_x_initial_plan,3,0.00000000000000000000,0.00000000000000000000,0.00000000000000000000,0.00000000000000000000,0.00000000000000000000,25,12.0
2025-12-01,2026-04-01,4,Active,Automobile_Trade_Repair,start,persona_x_initial_plan,53,630.65000000000000000000,2226.47309819998769200800,88.94000000000000000000,260.08836809589041051350,3206.15146629587810252150,64,82.81
2025-12-01,2026-04-01,4,At-risk,Automobile_Trade_Repair,start,persona_x_initial_plan,5,0.00000000000000000000,0.00000000000000000000,0.00000000000000000000,0.00000000000000000000,0.00000000000000000000,64,7.81
2025-12-01,2026-04-01,4,Churned proxy,Automobile_Trade_Repair,start,persona_x_initial_plan,5,0.00000000000000000000,0.00000000000000000000,0.00000000000000000000,0.00000000000000000000,0.00000000000000000000,64,7.81
2025-12-01,2026-04-01,4,Never monetized,Automobile_Trade_Repair,start,persona_x_initial_plan,1,0.00000000000000000000,0.00000000000000000000,0.00000000000000000000,0.00000000000000000000,0.00000000000000000000,64,1.56
2025-12-01,2026-04-01,4,Active,BTP,business,persona_x_initial_plan,15,1110.00000000000000000000,2185.26389999998811222000,0.00000000000000000000,317.80621406575345173440,3613.07011406574156395440,21,71.43
2025-12-01,2026-04-01,4,Churned proxy,BTP,business,persona_x_initial_plan,6,0.00000000000000000000,0.00000000000000000000,0.00000000000000000000,0.00000000000000000000,0.00000000000000000000,21,28.57
2025-12-01,2026-04-01,4,Active,BTP,free,persona_x_initial_plan,158,98.06419354800000000000,1295.65435139999303408800,216.50000000000000000000,4561.68790064493112646100,6171.90644559292416054900,175,90.29
2025-12-01,2026-04-01,4,At-risk,BTP,free,persona_x_initial_plan,4,0.00000000000000000000,0.00000000000000000000,0.00000000000000000000,0.00000000000000000000,0.00000000000000000000,175,2.29
2025-12-01,2026-04-01,4,Churned proxy,BTP,free,persona_x_initial_plan,13,0.00000000000000000000,0.00000000000000000000,0.00000000000000000000,0.00000000000000000000,0.00000000000000000000,175,7.43
2025-12-01,2026-04-01,4,Active,BTP,plus,persona_x_initial_plan,88,2177.66666666600000000000,3330.51571439998189773000,55.00000000000000000000,992.25448327726030872690,6555.43686434324220645690,96,91.67
2025-12-01,2026-04-01,4,At-risk,BTP,plus,persona_x_initial_plan,5,0.00000000000000000000,0.00000000000000000000,0.00000000000000000000,0.00000000000000000000,0.00000000000000000000,96,5.21
2025-12-01,2026-04-01,4,Churned proxy,BTP,plus,persona_x_initial_plan,3,0.00000000000000000000,0.00000000000000000000,0.00000000000000000000,0.00000000000000000000,0.00000000000000000000,96,3.13
2025-12-01,2026-04-01,4,Active,BTP,start,persona_x_initial_plan,153,1740.70250000000000000000,5167.20158459997214083800,286.40000000000000000000,2038.32830235013707637272,9232.63238695010921721072,169,90.53
2025-12-01,2026-04-01,4,At-risk,BTP,start,persona_x_initial_plan,10,0.00000000000000000000,0.00000000000000000000,0.00000000000000000000,0.00000000000000000000,0.00000000000000000000,169,5.92
2025-12-01,2026-04-01,4,Churned proxy,BTP,start,persona_x_initial_plan,6,0.00000000000000000000,0.00000000000000000000,0.00000000000000000000,0.00000000000000000000,0.00000000000000000000,169,3.55
2025-12-01,2026-04-01,4,Active,Bankers_Insurance,free,persona_x_initial_plan,21,0.00000000000000000000,59.57675999999968200000,110.40000000000000000000,461.70329223397263085800,631.68005223397231285800,26,80.77
2025-12-01,2026-04-01,4,At-risk,Bankers_Insurance,free,persona_x_initial_plan,1,0.00000000000000000000,0.00000000000000000000,0.00000000000000000000,0.00000000000000000000,0.00000000000000000000,26,3.85
2025-12-01,2026-04-01,4,Churned proxy,Bankers_Insurance,free,persona_x_initial_plan,4,0.00000000000000000000,0.00000000000000000000,0.00000000000000000000,0.00000000000000000000,0.00000000000000000000,26,15.38
2025-12-01,2026-04-01,4,Active,Bankers_Insurance,plus,persona_x_initial_plan,3,50.00000000000000000000,199.16470799999890900000,0.00000000000000000000,28.27823642575342280000,277.44294442575233180000,3,100.0
2025-12-01,2026-04-01,4,Active,Bankers_Insurance,start,persona_x_initial_plan,9,86.00000000000000000000,38.07599399999979672000,2.86000000000000000000,119.26602356273973604000,246.20201756273953276000,10,90.0
2025-12-01,2026-04-01,4,Churned proxy,Bankers_Insurance,start,persona_x_initial_plan,1,0.00000000000000000000,0.00000000000000000000,0.00000000000000000000,0.00000000000000000000,0.00000000000000000000,10,10.0
2025-12-01,2026-04-01,4,Active,Bikers_Drivers,business,persona_x_initial_plan,3,240.00000000000000000000,470.74663799999728500000,0.00000000000000000000,207.72262454520547750000,918.46926254520276250000,5,60.0
2025-12-01,2026-04-01,4,Churned proxy,Bikers_Drivers,business,persona_x_initial_plan,2,0.00000000000000000000,0.00000000000000000000,0.00000000000000000000,0.00000000000000000000,0.00000000000000000000,5,40.0
2025-12-01,2026-04-01,4,Active,Bikers_Drivers,free,persona_x_initial_plan,48,0.00000000000000000000,440.27294399999760397000,92.40000000000000000000,280.11216389972604505410,812.78510789972364902410,62,77.42
2025-12-01,2026-04-01,4,At-risk,Bikers_Drivers,free,persona_x_initial_plan,4,0.00000000000000000000,0.00000000000000000000,0.00000000000000000000,0.00000000000000000000,0.00000000000000000000,62,6.45
2025-12-01,2026-04-01,4,Churned proxy,Bikers_Drivers,free,persona_x_initial_plan,9,0.00000000000000000000,0.00000000000000000000,0.00000000000000000000,0.00000000000000000000,0.00000000000000000000,62,14.52
2025-12-01,2026-04-01,4,Never monetized,Bikers_Drivers,free,persona_x_initial_plan,1,0.00000000000000000000,0.00000000000000000000,0.00000000000000000000,0.00000000000000000000,0.00000000000000000000,62,1.61
2025-12-01,2026-04-01,4,Active,Bikers_Drivers,plus,persona_x_initial_plan,18,493.33333333300000000000,345.45481379999813282500,16.88000000000000000000,104.37107174465753915210,960.03921887765567197710,24,75.0
2025-12-01,2026-04-01,4,At-risk,Bikers_Drivers,plus,persona_x_initial_plan,3,0.00000000000000000000,0.00000000000000000000,0.00000000000000000000,0.00000000000000000000,0.00000000000000000000,24,12.5
2025-12-01,2026-04-01,4,Churned proxy,Bikers_Drivers,plus,persona_x_initial_plan,3,0.00000000000000000000,0.00000000000000000000,0.00000000000000000000,0.00000000000000000000,0.00000000000000000000,24,12.5
2025-12-01,2026-04-01,4,Active,Bikers_Drivers,start,persona_x_initial_plan,54,507.90625000000000000000,879.25188599999529767000,129.90000000000000000000,272.97589530630138475390,1790.03403130629668242390,61,88.52
2025-12-01,2026-04-01,4,At-risk,Bikers_Drivers,start,persona_x_initial_plan,3,0.00000000000000000000,0.00000000000000000000,0.00000000000000000000,0.00000000000000000000,0.00000000000000000000,61,4.92
2025-12-01,2026-04-01,4,Churned proxy,Bikers_Drivers,start,persona_x_initial_plan,4,0.00000000000000000000,0.00000000000000000000,0.00000000000000000000,0.00000000000000000000,0.00000000000000000000,61,6.56
2025-12-01,2026-04-01,4,Active,Cleaning_CallCenters,free,persona_x_initial_plan,3,0.00000000000000000000,39.32603999999978190000,0.00000000000000000000,41.77365767780823086500,81.09969767780801276500,3,100.0
2025-12-01,2026-04-01,4,Active,Cleaning_CallCenters,plus,persona_x_initial_plan,3,45.00000000000000000000,72.56804399999958800000,0.00000000000000000000,134.40167889863017060000,251.96972289862975860000,4,75.0
2025-12-01,2026-04-01,4,Never monetized,Cleaning_CallCenters,plus,persona_x_initial_plan,1,0.00000000000000000000,0.00000000000000000000,0.00000000000000000000,0.00000000000000000000,0.00000000000000000000,4,25.0
2025-12-01,2026-04-01,4,Active,Cleaning_CallCenters,start,persona_x_initial_plan,3,33.00000000000000000000,10.74175199999994100000,0.00000000000000000000,2.67593764931506823000,46.41768964931500923000,4,75.0
2025-12-01,2026-04-01,4,Churned proxy,Cleaning_CallCenters,start,persona_x_initial_plan,1,0.00000000000000000000,0.00000000000000000000,0.00000000000000000000,0.00000000000000000000,0.00000000000000000000,4,25.0
2025-12-01,2026-04-01,4,Active,Consultant,business,persona_x_initial_plan,1,80.00000000000000000000,0.00000000000000000000,0.00000000000000000000,0.25313727123287688000,80.25313727123287688000,4,25.0
2025-12-01,2026-04-01,4,Churned proxy,Consultant,business,persona_x_initial_plan,3,0.00000000000000000000,0.00000000000000000000,0.00000000000000000000,0.00000000000000000000,0.00000000000000000000,4,75.0
2025-12-01,2026-04-01,4,Active,Consultant,free,persona_x_initial_plan,206,193.23999999999999500000,1592.35155539999131653700,237.66000000000000000000,2719.38252053150714107654,4742.63407593149845261354,222,92.79
2025-12-01,2026-04-01,4,At-risk,Consultant,free,persona_x_initial_plan,8,0.00000000000000000000,0.00000000000000000000,0.00000000000000000000,0.00000000000000000000,0.00000000000000000000,222,3.6
2025-12-01,2026-04-01,4,Churned proxy,Consultant,free,persona_x_initial_plan,7,0.00000000000000000000,0.00000000000000000000,0.00000000000000000000,0.00000000000000000000,0.00000000000000000000,222,3.15
2025-12-01,2026-04-01,4,Never monetized,Consultant,free,persona_x_initial_plan,1,0.00000000000000000000,0.00000000000000000000,0.00000000000000000000,0.00000000000000000000,0.00000000000000000000,222,0.45
2025-12-01,2026-04-01,4,Active,Consultant,plus,persona_x_initial_plan,21,508.33333333300000000000,944.44489799999499990000,0.00000000000000000000,509.46838727232879920790,1962.24661860532379910790,28,75.0
2025-12-01,2026-04-01,4,At-risk,Consultant,plus,persona_x_initial_plan,3,0.00000000000000000000,0.00000000000000000000,0.00000000000000000000,0.00000000000000000000,0.00000000000000000000,28,10.71
2025-12-01,2026-04-01,4,Churned proxy,Consultant,plus,persona_x_initial_plan,4,0.00000000000000000000,0.00000000000000000000,0.00000000000000000000,0.00000000000000000000,0.00000000000000000000,28,14.29
2025-12-01,2026-04-01,4,Active,Consultant,start,persona_x_initial_plan,188,1967.08266129032258000000,4656.99524399997398897000,356.52000000000000000000,3800.02647980821948921002,10780.62438509851605818002,205,91.71
2025-12-01,2026-04-01,4,At-risk,Consultant,start,persona_x_initial_plan,9,0.00000000000000000000,0.00000000000000000000,0.00000000000000000000,0.00000000000000000000,0.00000000000000000000,205,4.39
2025-12-01,2026-04-01,4,Churned proxy,Consultant,start,persona_x_initial_plan,8,0.00000000000000000000,0.00000000000000000000,0.00000000000000000000,0.00000000000000000000,0.00000000000000000000,205,3.9
2025-12-01,2026-04-01,4,Active,Developer_IT,free,persona_x_initial_plan,91,49.00000000000000000000,631.86378839999660312000,91.80000000000000000000,2996.35604970630146202150,3769.01983810629806514150,101,90.1
2025-12-01,2026-04-01,4,At-risk,Developer_IT,free,persona_x_initial_plan,3,0.00000000000000000000,0.00000000000000000000,0.00000000000000000000,0.00000000000000000000,0.00000000000000000000,101,2.97
2025-12-01,2026-04-01,4,Churned proxy,Developer_IT,free,persona_x_initial_plan,7,0.00000000000000000000,0.00000000000000000000,0.00000000000000000000,0.00000000000000000000,0.00000000000000000000,101,6.93
2025-12-01,2026-04-01,4,Active,Developer_IT,plus,persona_x_initial_plan,8,185.00000000000000000000,222.82649999999884221000,1.88000000000000000000,193.30787454739726902000,603.01437454739611123000,13,61.54
2025-12-01,2026-04-01,4,At-risk,Developer_IT,plus,persona_x_initial_plan,2,0.00000000000000000000,0.00000000000000000000,0.00000000000000000000,0.00000000000000000000,0.00000000000000000000,13,15.38
2025-12-01,2026-04-01,4,Churned proxy,Developer_IT,plus,persona_x_initial_plan,3,0.00000000000000000000,0.00000000000000000000,0.00000000000000000000,0.00000000000000000000,0.00000000000000000000,13,23.08
2025-12-01,2026-04-01,4,Active,Developer_IT,start,persona_x_initial_plan,113,1160.56250000000000000000,1005.91784279999454170000,64.94000000000000000000,2684.66888899178099115828,4916.08923179177553285828,117,96.58
2025-12-01,2026-04-01,4,At-risk,Developer_IT,start,persona_x_initial_plan,1,0.00000000000000000000,0.00000000000000000000,0.00000000000000000000,0.00000000000000000000,0.00000000000000000000,117,0.85
2025-12-01,2026-04-01,4,Churned proxy,Developer_IT,start,persona_x_initial_plan,2,0.00000000000000000000,0.00000000000000000000,0.00000000000000000000,0.00000000000000000000,0.00000000000000000000,117,1.71
2025-12-01,2026-04-01,4,Never monetized,Developer_IT,start,persona_x_initial_plan,1,0.00000000000000000000,0.00000000000000000000,0.00000000000000000000,0.00000000000000000000,0.00000000000000000000,117,0.85
2025-12-01,2026-04-01,4,Active,Media_Publishing,business,persona_x_initial_plan,1,80.00000000000000000000,89.82359999999951600000,0.00000000000000000000,4.85045412273972510000,174.67405412273924110000,1,100.0
2025-12-01,2026-04-01,4,Active,Media_Publishing,free,persona_x_initial_plan,49,31.00000000000000000000,287.96210999999843174800,63.20000000000000000000,153.12958717808219844870,535.29169717808063019670,55,89.09
2025-12-01,2026-04-01,4,At-risk,Media_Publishing,free,persona_x_initial_plan,3,0.00000000000000000000,0.00000000000000000000,0.00000000000000000000,0.00000000000000000000,0.00000000000000000000,55,5.45
2025-12-01,2026-04-01,4,Churned proxy,Media_Publishing,free,persona_x_initial_plan,3,0.00000000000000000000,0.00000000000000000000,0.00000000000000000000,0.00000000000000000000,0.00000000000000000000,55,5.45
2025-12-01,2026-04-01,4,Active,Media_Publishing,plus,persona_x_initial_plan,7,165.00000000000000000000,171.31426199999907854100,154.00000000000000000000,452.66765649041095994218,942.98191849041003848318,8,87.5
2025-12-01,2026-04-01,4,Churned proxy,Media_Publishing,plus,persona_x_initial_plan,1,0.00000000000000000000,0.00000000000000000000,0.00000000000000000000,0.00000000000000000000,0.00000000000000000000,8,12.5
2025-12-01,2026-04-01,4,Active,Media_Publishing,start,persona_x_initial_plan,41,403.29500000000000000000,745.69484159999592818000,73.06000000000000000000,801.47448067890419252351,2023.52432227890012070351,45,91.11
2025-12-01,2026-04-01,4,At-risk,Media_Publishing,start,persona_x_initial_plan,3,0.00000000000000000000,0.00000000000000000000,0.00000000000000000000,0.00000000000000000000,0.00000000000000000000,45,6.67
2025-12-01,2026-04-01,4,Churned proxy,Media_Publishing,start,persona_x_initial_plan,1,0.00000000000000000000,0.00000000000000000000,0.00000000000000000000,0.00000000000000000000,0.00000000000000000000,45,2.22
2025-12-01,2026-04-01,4,Active,Medical_Professionals,free,persona_x_initial_plan,11,0.00000000000000000000,1.60739999999999130000,77.60000000000000000000,148.57622794136989128600,227.78362794136988258600,11,100.0
2025-12-01,2026-04-01,4,Active,Medical_Professionals,plus,persona_x_initial_plan,3,75.00000000000000000000,300.74279399999840120000,74.40000000000000000000,9.50892766246575170000,459.65172166246415290000,3,100.0
2025-12-01,2026-04-01,4,Active,Medical_Professionals,start,persona_x_initial_plan,14,146.00000000000000000000,122.14555199999932597000,7.80000000000000000000,135.29588168602740088450,411.24143368602672685450,14,100.0
2025-12-01,2026-04-01,4,Active,Others,business,persona_x_initial_plan,4,265.00000000000000000000,183.94797599999897600000,80.00000000000000000000,331.30193174958904147400,860.24990774958801747400,18,22.22
2025-12-01,2026-04-01,4,At-risk,Others,business,persona_x_initial_plan,3,0.00000000000000000000,0.00000000000000000000,0.00000000000000000000,0.00000000000000000000,0.00000000000000000000,18,16.67
2025-12-01,2026-04-01,4,Churned proxy,Others,business,persona_x_initial_plan,11,0.00000000000000000000,0.00000000000000000000,0.00000000000000000000,0.00000000000000000000,0.00000000000000000000,18,61.11
2025-12-01,2026-04-01,4,Active,Others,free,persona_x_initial_plan,164,165.89290322600000000000,859.35113999999531909400,350.00000000000000000000,1167.71454802465757405635,2542.95859125065289315035,183,89.62
2025-12-01,2026-04-01,4,At-risk,Others,free,persona_x_initial_plan,7,0.00000000000000000000,0.00000000000000000000,0.00000000000000000000,0.00000000000000000000,0.00000000000000000000,183,3.83
2025-12-01,2026-04-01,4,Churned proxy,Others,free,persona_x_initial_plan,12,0.00000000000000000000,0.00000000000000000000,0.00000000000000000000,0.00000000000000000000,0.00000000000000000000,183,6.56
2025-12-01,2026-04-01,4,Active,Others,plus,persona_x_initial_plan,53,1259.29166666600000000000,2027.15031599998911939000,200.76000000000000000000,577.78472976054798486835,4064.98671242653710425835,60,88.33
2025-12-01,2026-04-01,4,At-risk,Others,plus,persona_x_initial_plan,3,0.00000000000000000000,0.00000000000000000000,0.00000000000000000000,0.00000000000000000000,0.00000000000000000000,60,5.0
2025-12-01,2026-04-01,4,Churned proxy,Others,plus,persona_x_initial_plan,4,0.00000000000000000000,0.00000000000000000000,0.00000000000000000000,0.00000000000000000000,0.00000000000000000000,60,6.67
2025-12-01,2026-04-01,4,Active,Others,start,persona_x_initial_plan,175,1804.48958333353125000000,2579.89418819998599261000,707.28000000000000000000,2364.83799259561643453272,7456.50176412913367714272,191,91.62
2025-12-01,2026-04-01,4,At-risk,Others,start,persona_x_initial_plan,5,0.00000000000000000000,0.00000000000000000000,0.00000000000000000000,0.00000000000000000000,0.00000000000000000000,191,2.62
2025-12-01,2026-04-01,4,Churned proxy,Others,start,persona_x_initial_plan,11,0.00000000000000000000,0.00000000000000000000,0.00000000000000000000,0.00000000000000000000,0.00000000000000000000,191,5.76
2025-12-01,2026-04-01,4,At-risk,Professeur,business,persona_x_initial_plan,1,0.00000000000000000000,0.00000000000000000000,0.00000000000000000000,0.00000000000000000000,0.00000000000000000000,2,50.0
2025-12-01,2026-04-01,4,Churned proxy,Professeur,business,persona_x_initial_plan,1,0.00000000000000000000,0.00000000000000000000,0.00000000000000000000,0.00000000000000000000,0.00000000000000000000,2,50.0
2025-12-01,2026-04-01,4,Active,Professeur,free,persona_x_initial_plan,28,56.65000000000000000000,218.73494699999879943000,5.60000000000000000000,155.27687113369863958280,436.26181813369743901280,33,84.85
2025-12-01,2026-04-01,4,At-risk,Professeur,free,persona_x_initial_plan,3,0.00000000000000000000,0.00000000000000000000,0.00000000000000000000,0.00000000000000000000,0.00000000000000000000,33,9.09
2025-12-01,2026-04-01,4,Churned proxy,Professeur,free,persona_x_initial_plan,2,0.00000000000000000000,0.00000000000000000000,0.00000000000000000000,0.00000000000000000000,0.00000000000000000000,33,6.06
2025-12-01,2026-04-01,4,Active,Professeur,plus,persona_x_initial_plan,5,120.00000000000000000000,210.82604399999876420000,0.00000000000000000000,54.06322617041097179100,384.88927017040973599100,5,100.0
2025-12-01,2026-04-01,4,Active,Professeur,start,persona_x_initial_plan,40,423.00000000000000000000,327.59185139999825610000,40.66000000000000000000,346.55058204657540324610,1137.80243344657365934610,43,93.02
2025-12-01,2026-04-01,4,At-risk,Professeur,start,persona_x_initial_plan,2,0.00000000000000000000,0.00000000000000000000,0.00000000000000000000,0.00000000000000000000,0.00000000000000000000,43,4.65
2025-12-01,2026-04-01,4,Churned proxy,Professeur,start,persona_x_initial_plan,1,0.00000000000000000000,0.00000000000000000000,0.00000000000000000000,0.00000000000000000000,0.00000000000000000000,43,2.33
2025-12-01,2026-04-01,4,Churned proxy,Repair,business,persona_x_initial_plan,1,0.00000000000000000000,0.00000000000000000000,0.00000000000000000000,0.00000000000000000000,0.00000000000000000000,1,100.0
2025-12-01,2026-04-01,4,Active,Repair,free,persona_x_initial_plan,7,0.00000000000000000000,22.09994999999987829000,10.00000000000000000000,2.67500018958904091900,34.77495018958891920900,8,87.5
2025-12-01,2026-04-01,4,At-risk,Repair,free,persona_x_initial_plan,1,0.00000000000000000000,0.00000000000000000000,0.00000000000000000000,0.00000000000000000000,0.00000000000000000000,8,12.5
2025-12-01,2026-04-01,4,Active,Repair,plus,persona_x_initial_plan,2,50.00000000000000000000,0.00000000000000000000,0.00000000000000000000,0.16556496657534248500,50.16556496657534248500,2,100.0
2025-12-01,2026-04-01,4,Active,Repair,start,persona_x_initial_plan,8,64.00000000000000000000,31.64993999999982516000,4.00000000000000000000,3.52886062356164432950,103.17880062356146948950,8,100.0
2025-12-01,2026-04-01,4,Active,Repair_Installation,free,persona_x_initial_plan,2,11.00000000000000000000,81.11860199999954800000,1.60000000000000000000,21.19744047452054910000,114.91604247452009710000,2,100.0
2025-12-01,2026-04-01,4,Active,Repair_Installation,start,persona_x_initial_plan,1,11.00000000000000000000,6.03152999999996720000,0.00000000000000000000,21.90608727178082300000,38.93761727178079020000,2,50.0
2025-12-01,2026-04-01,4,At-risk,Repair_Installation,start,persona_x_initial_plan,1,0.00000000000000000000,0.00000000000000000000,0.00000000000000000000,0.00000000000000000000,0.00000000000000000000,2,50.0
2025-12-01,2026-04-01,4,Churned proxy,Restauration,business,persona_x_initial_plan,1,0.00000000000000000000,0.00000000000000000000,0.00000000000000000000,0.00000000000000000000,0.00000000000000000000,1,100.0
2025-12-01,2026-04-01,4,Active,Restauration,free,persona_x_initial_plan,30,22.00000000000000000000,442.02558599999757533500,77.60000000000000000000,91.10021715397260153834,632.72580315397017687334,34,88.24
2025-12-01,2026-04-01,4,At-risk,Restauration,free,persona_x_initial_plan,1,0.00000000000000000000,0.00000000000000000000,0.00000000000000000000,0.00000000000000000000,0.00000000000000000000,34,2.94
2025-12-01,2026-04-01,4,Churned proxy,Restauration,free,persona_x_initial_plan,3,0.00000000000000000000,0.00000000000000000000,0.00000000000000000000,0.00000000000000000000,0.00000000000000000000,34,8.82
2025-12-01,2026-04-01,4,Active,Restauration,plus,persona_x_initial_plan,11,341.00000000000000000000,1967.59348199998993200000,174.10000000000000000000,58.74885276273972724000,2541.44233476272965924000,13,84.62
2025-12-01,2026-04-01,4,Churned proxy,Restauration,plus,persona_x_initial_plan,2,0.00000000000000000000,0.00000000000000000000,0.00000000000000000000,0.00000000000000000000,0.00000000000000000000,13,15.38
2025-12-01,2026-04-01,4,Active,Restauration,start,persona_x_initial_plan,31,322.93750000000000000000,582.15581999999683773000,102.16000000000000000000,210.31865768383563033042,1217.57197768383246806042,33,93.94
2025-12-01,2026-04-01,4,At-risk,Restauration,start,persona_x_initial_plan,1,0.00000000000000000000,0.00000000000000000000,0.00000000000000000000,0.00000000000000000000,0.00000000000000000000,33,3.03
2025-12-01,2026-04-01,4,Churned proxy,Restauration,start,persona_x_initial_plan,1,0.00000000000000000000,0.00000000000000000000,0.00000000000000000000,0.00000000000000000000,0.00000000000000000000,33,3.03
2025-12-01,2026-04-01,4,Active,Retail,business,persona_x_initial_plan,2,160.00000000000000000000,237.15082799999871700000,35.00000000000000000000,2.24287710191780863000,434.39370510191652563000,3,66.67
2025-12-01,2026-04-01,4,Churned proxy,Retail,business,persona_x_initial_plan,1,0.00000000000000000000,0.00000000000000000000,0.00000000000000000000,0.00000000000000000000,0.00000000000000000000,3,33.33
2025-12-01,2026-04-01,4,Active,Retail,free,persona_x_initial_plan,152,131.90000000000000000000,1934.33750099998955666260,356.26000000000000000000,667.19585212328765827196,3089.69335312327721493456,172,88.37
2025-12-01,2026-04-01,4,At-risk,Retail,free,persona_x_initial_plan,8,0.00000000000000000000,0.00000000000000000000,0.00000000000000000000,0.00000000000000000000,0.00000000000000000000,172,4.65
2025-12-01,2026-04-01,4,Churned proxy,Retail,free,persona_x_initial_plan,11,0.00000000000000000000,0.00000000000000000000,0.00000000000000000000,0.00000000000000000000,0.00000000000000000000,172,6.4
2025-12-01,2026-04-01,4,Never monetized,Retail,free,persona_x_initial_plan,1,0.00000000000000000000,0.00000000000000000000,0.00000000000000000000,0.00000000000000000000,0.00000000000000000000,172,0.58
2025-12-01,2026-04-01,4,Active,Retail,plus,persona_x_initial_plan,46,1042.66666666600000000000,2228.91145019998755867000,140.74000000000000000000,635.58288339616439311736,4047.90100026215195178736,57,80.7
2025-12-01,2026-04-01,4,At-risk,Retail,plus,persona_x_initial_plan,5,0.00000000000000000000,0.00000000000000000000,0.00000000000000000000,0.00000000000000000000,0.00000000000000000000,57,8.77
2025-12-01,2026-04-01,4,Churned proxy,Retail,plus,persona_x_initial_plan,6,0.00000000000000000000,0.00000000000000000000,0.00000000000000000000,0.00000000000000000000,0.00000000000000000000,57,10.53
2025-12-01,2026-04-01,4,Active,Retail,start,persona_x_initial_plan,137,1390.00000000000000000000,2469.10668479998652395700,487.88000000000000000000,1011.21443700109589767982,5358.20112180108242163682,155,88.39
2025-12-01,2026-04-01,4,At-risk,Retail,start,persona_x_initial_plan,7,0.00000000000000000000,0.00000000000000000000,0.00000000000000000000,0.00000000000000000000,0.00000000000000000000,155,4.52
2025-12-01,2026-04-01,4,Churned proxy,Retail,start,persona_x_initial_plan,10,0.00000000000000000000,0.00000000000000000000,0.00000000000000000000,0.00000000000000000000,0.00000000000000000000,155,6.45
2025-12-01,2026-04-01,4,Never monetized,Retail,start,persona_x_initial_plan,1,0.00000000000000000000,0.00000000000000000000,0.00000000000000000000,0.00000000000000000000,0.00000000000000000000,155,0.65
2025-12-01,2026-04-01,4,Active,Wholesale,business,persona_x_initial_plan,4,240.00000000000000000000,659.11667399999681000000,0.00000000000000000000,52.44716605041095996220,951.56384005040776996220,5,80.0
2025-12-01,2026-04-01,4,At-risk,Wholesale,business,persona_x_initial_plan,1,0.00000000000000000000,0.00000000000000000000,0.00000000000000000000,0.00000000000000000000,0.00000000000000000000,5,20.0
2025-12-01,2026-04-01,4,Active,Wholesale,free,persona_x_initial_plan,9,0.00000000000000000000,4.21419599999997664000,0.00000000000000000000,202.58457639780824407700,206.79877239780822071700,12,75.0
2025-12-01,2026-04-01,4,At-risk,Wholesale,free,persona_x_initial_plan,2,0.00000000000000000000,0.00000000000000000000,0.00000000000000000000,0.00000000000000000000,0.00000000000000000000,12,16.67
2025-12-01,2026-04-01,4,Churned proxy,Wholesale,free,persona_x_initial_plan,1,0.00000000000000000000,0.00000000000000000000,0.00000000000000000000,0.00000000000000000000,0.00000000000000000000,12,8.33
2025-12-01,2026-04-01,4,Active,Wholesale,plus,persona_x_initial_plan,15,351.00000000000000000000,447.72944399999756580000,0.00000000000000000000,264.60392745041093946800,1063.33337145040850526800,16,93.75
2025-12-01,2026-04-01,4,Churned proxy,Wholesale,plus,persona_x_initial_plan,1,0.00000000000000000000,0.00000000000000000000,0.00000000000000000000,0.00000000000000000000,0.00000000000000000000,16,6.25
2025-12-01,2026-04-01,4,Active,Wholesale,start,persona_x_initial_plan,30,351.00000000000000000000,270.53954639999852514000,15.36000000000000000000,382.96618302739724914370,1019.86572942739577428370,34,88.24
2025-12-01,2026-04-01,4,At-risk,Wholesale,start,persona_x_initial_plan,2,0.00000000000000000000,0.00000000000000000000,0.00000000000000000000,0.00000000000000000000,0.00000000000000000000,34,5.88
2025-12-01,2026-04-01,4,Churned proxy,Wholesale,start,persona_x_initial_plan,1,0.00000000000000000000,0.00000000000000000000,0.00000000000000000000,0.00000000000000000000,0.00000000000000000000,34,2.94
2025-12-01,2026-04-01,4,Never monetized,Wholesale,start,persona_x_initial_plan,1,0.00000000000000000000,0.00000000000000000000,0.00000000000000000000,0.00000000000000000000,0.00000000000000000000,34,2.94
2026-01-01,2026-01-01,0,Active,ALL,business,initial_plan,53,1600.00000000000000000000,1551.97714679999201004000,36.04000000000000000000,356.28547480602743778765,3544.30262160601944782765,53,100.0
2026-01-01,2026-01-01,0,Active,ALL,free,initial_plan,1125,253.85299641599999440000,3682.80394559998068373546,6612.10000000000000000000,5073.46317205315122744529,15622.22011406913190558075,1130,99.56
2026-01-01,2026-01-01,0,Never monetized,ALL,free,initial_plan,5,0.00000000000000000000,0.00000000000000000000,0.00000000000000000000,0.00000000000000000000,0.00000000000000000000,1130,0.44
2026-01-01,2026-01-01,0,Active,ALL,plus,initial_plan,355,3621.75774193500000000000,6995.91407579996368443400,3498.00000000000000000000,1953.56673367452068622035,16069.23855140948437065435,357,99.44
2026-01-01,2026-01-01,0,Never monetized,ALL,plus,initial_plan,2,0.00000000000000000000,0.00000000000000000000,0.00000000000000000000,0.00000000000000000000,0.00000000000000000000,357,0.56
2026-01-01,2026-01-01,0,Active,ALL,start,initial_plan,1204,6525.34004301300000000000,8523.27069839995525073074,9081.96000000000000000000,3975.18515167232920620222,28105.75589308528445693296,1211,99.42
2026-01-01,2026-01-01,0,Never monetized,ALL,start,initial_plan,7,0.00000000000000000000,0.00000000000000000000,0.00000000000000000000,0.00000000000000000000,0.00000000000000000000,1211,0.58
2026-01-01,2026-01-01,0,Active,ALL,ALL,overall,2737,12000.95078136399999440000,20753.96586659989162894020,19228.10000000000000000000,11358.50053220602855765551,63341.51718016992018099571,2751,99.49
2026-01-01,2026-01-01,0,Never monetized,ALL,ALL,overall,14,0.00000000000000000000,0.00000000000000000000,0.00000000000000000000,0.00000000000000000000,0.00000000000000000000,2751,0.51
2026-01-01,2026-01-01,0,Active,Automobile_Trade_Repair,ALL,persona,126,599.85709677500000000000,1473.65913779999236647300,298.00000000000000000000,312.59658004931510544824,2684.11281462430747192124,126,100.0
2026-01-01,2026-01-01,0,Active,BTP,ALL,persona,488,2401.47934050100000040000,6280.17392159996732371400,1528.80000000000000000000,4082.67387857205521430163,14293.12714067302253841563,491,99.39
2026-01-01,2026-01-01,0,Never monetized,BTP,ALL,persona,3,0.00000000000000000000,0.00000000000000000000,0.00000000000000000000,0.00000000000000000000,0.00000000000000000000,491,0.61
2026-01-01,2026-01-01,0,Active,Bankers_Insurance,ALL,persona,47,161.28516129099999900000,290.67590519999846660000,418.00000000000000000000,552.97790760273973847540,1422.93897409373820407540,47,100.0
2026-01-01,2026-01-01,0,Active,Bikers_Drivers,ALL,persona,153,791.52193548400000000000,1223.77579199999363094882,2126.00000000000000000000,233.01008318794523701972,4374.30781067193886796854,154,99.35
2026-01-01,2026-01-01,0,Never monetized,Bikers_Drivers,ALL,persona,1,0.00000000000000000000,0.00000000000000000000,0.00000000000000000000,0.00000000000000000000,0.00000000000000000000,154,0.65
2026-01-01,2026-01-01,0,Active,Cleaning_CallCenters,ALL,persona,11,36.00000000000000000000,36.55303199999981249400,4.00000000000000000000,10.04816708438356544450,86.60119908438337793850,11,100.0
2026-01-01,2026-01-01,0,Active,Consultant,ALL,persona,487,2144.14064516200000000000,2698.37146619998589981400,4734.80000000000000000000,2350.36452199397275543449,11927.67663335595865524849,488,99.8
2026-01-01,2026-01-01,0,Never monetized,Consultant,ALL,persona,1,0.00000000000000000000,0.00000000000000000000,0.00000000000000000000,0.00000000000000000000,0.00000000000000000000,488,0.2
2026-01-01,2026-01-01,0,Active,Developer_IT,ALL,persona,209,1168.06451612800000000000,1710.63606959999101252200,2011.92000000000000000000,928.96863220438368607332,5819.58921793237469859532,211,99.05
2026-01-01,2026-01-01,0,Never monetized,Developer_IT,ALL,persona,2,0.00000000000000000000,0.00000000000000000000,0.00000000000000000000,0.00000000000000000000,0.00000000000000000000,211,0.95
2026-01-01,2026-01-01,0,Active,Media_Publishing,ALL,persona,102,333.90322580600000000000,541.77212519999717072100,813.00000000000000000000,300.18177393698633413515,1988.85712494298350485615,105,97.14
2026-01-01,2026-01-01,0,Never monetized,Media_Publishing,ALL,persona,3,0.00000000000000000000,0.00000000000000000000,0.00000000000000000000,0.00000000000000000000,0.00000000000000000000,105,2.86
2026-01-01,2026-01-01,0,Active,Medical_Professionals,ALL,persona,30,11.00000000000000000000,43.40014199999977450000,0.00000000000000000000,53.32192112219178927750,107.72206312219156377750,30,100.0
2026-01-01,2026-01-01,0,Active,Others,ALL,persona,435,1495.50451612900000000000,1844.75189699999043142592,1737.02000000000000000000,945.32904228712341966556,6022.60545541611385109148,437,99.54
2026-01-01,2026-01-01,0,Never monetized,Others,ALL,persona,2,0.00000000000000000000,0.00000000000000000000,0.00000000000000000000,0.00000000000000000000,0.00000000000000000000,437,0.46
2026-01-01,2026-01-01,0,Active,Professeur,ALL,persona,86,314.54838709700000000000,409.32030599999787911000,368.64000000000000000000,244.93259221095893743756,1337.44128530795681654756,86,100.0
2026-01-01,2026-01-01,0,Active,Repair,ALL,persona,27,103.73999999999999500000,69.32717999999963408000,248.00000000000000000000,38.07558910465753809916,459.14276910465716717916,27,100.0
2026-01-01,2026-01-01,0,Active,Repair_Installation,ALL,persona,13,79.48387096800000000000,193.22481599999898784000,0.00000000000000000000,49.74826239287671104200,322.45694936087569888200,13,100.0
2026-01-01,2026-01-01,0,Active,Restauration,ALL,persona,77,423.07741935600000000000,682.36549199999642660000,1124.80000000000000000000,133.34260705589043454830,2363.58551841188686114830,78,98.72
2026-01-01,2026-01-01,0,Never monetized,Restauration,ALL,persona,1,0.00000000000000000000,0.00000000000000000000,0.00000000000000000000,0.00000000000000000000,0.00000000000000000000,78,1.28
2026-01-01,2026-01-01,0,Active,Retail,ALL,persona,388,1639.98982795800000000000,2573.58758039998653150646,3520.98000000000000000000,786.44253601424665332946,8520.99994437223318483592,389,99.74
2026-01-01,2026-01-01,0,Never monetized,Retail,ALL,persona,1,0.00000000000000000000,0.00000000000000000000,0.00000000000000000000,0.00000000000000000000,0.00000000000000000000,389,0.26
2026-01-01,2026-01-01,0,Active,Wholesale,ALL,persona,58,297.35483870900000000000,682.37100359999628059100,294.14000000000000000000,336.48643738630143792352,1610.35227969529771851452,58,100.0
2026-01-01,2026-01-01,0,Active,Automobile_Trade_Repair,business,persona_x_initial_plan,3,0.00000000000000000000,343.59647399999826930000,4.00000000000000000000,20.71388959726027620000,368.31036359725854550000,3,100.0
2026-01-01,2026-01-01,0,Active,Automobile_Trade_Repair,free,persona_x_initial_plan,42,0.00000000000000000000,58.86333179999969437000,156.00000000000000000000,56.83294280328767536885,271.69627460328736973885,42,100.0
2026-01-01,2026-01-01,0,Active,Automobile_Trade_Repair,plus,persona_x_initial_plan,37,347.88677419400000000000,575.50364999999700457300,138.00000000000000000000,160.63720070958906067150,1222.02762490358606524450,37,100.0
2026-01-01,2026-01-01,0,Active,Automobile_Trade_Repair,start,persona_x_initial_plan,44,251.97032258100000000000,495.69568199999739823000,0.00000000000000000000,74.41254693917809320789,822.07855152017549143789,44,100.0
2026-01-01,2026-01-01,0,Active,BTP,business,persona_x_initial_plan,15,480.00000000000000000000,660.17379599999659505000,0.00000000000000000000,107.78225885534246557710,1247.95605485533906062710,15,100.0
2026-01-01,2026-01-01,0,Active,BTP,free,persona_x_initial_plan,189,94.17815770600000040000,634.76796959999668649400,484.80000000000000000000,2409.86607867616463432456,3623.61220598216132121856,191,98.95
2026-01-01,2026-01-01,0,Never monetized,BTP,free,persona_x_initial_plan,2,0.00000000000000000000,0.00000000000000000000,0.00000000000000000000,0.00000000000000000000,0.00000000000000000000,191,1.05
2026-01-01,2026-01-01,0,Active,BTP,plus,persona_x_initial_plan,91,882.95698924600000000000,2797.05044699998556750000,886.00000000000000000000,305.68135653863017431281,4871.68879278461574181281,91,100.0
2026-01-01,2026-01-01,0,Active,BTP,start,persona_x_initial_plan,193,944.34419354900000000000,2188.18170899998847467000,158.00000000000000000000,1259.34418450191794008716,4549.87008705090641475716,194,99.48
2026-01-01,2026-01-01,0,Never monetized,BTP,start,persona_x_initial_plan,1,0.00000000000000000000,0.00000000000000000000,0.00000000000000000000,0.00000000000000000000,0.00000000000000000000,194,0.52
2026-01-01,2026-01-01,0,Active,Bankers_Insurance,free,persona_x_initial_plan,26,8.25290322599999900000,171.30013739999908800000,418.00000000000000000000,458.56364547287672641340,1056.11668609887581341340,26,100.0
2026-01-01,2026-01-01,0,Active,Bankers_Insurance,plus,persona_x_initial_plan,3,20.00000000000000000000,39.43645199999979300000,0.00000000000000000000,4.57177296164383565000,64.00822496164362865000,3,100.0
2026-01-01,2026-01-01,0,Active,Bankers_Insurance,start,persona_x_initial_plan,18,133.03225806500000000000,79.93931579999958560000,0.00000000000000000000,89.84248916821917641200,302.81406303321876201200,18,100.0
2026-01-01,2026-01-01,0,Active,Bikers_Drivers,business,persona_x_initial_plan,7,240.00000000000000000000,289.96815599999849500000,4.00000000000000000000,67.85115086904111399500,601.81930686903960899500,7,100.0
2026-01-01,2026-01-01,0,Active,Bikers_Drivers,free,persona_x_initial_plan,44,10.78000000000000000000,146.29276799999924902200,1008.00000000000000000000,30.90048287671233345072,1195.97325087671158247272,44,100.0
2026-01-01,2026-01-01,0,Active,Bikers_Drivers,plus,persona_x_initial_plan,18,163.06451612900000000000,191.67708599999902009100,142.00000000000000000000,54.23213547671232917400,550.97373760571134926500,19,94.74
2026-01-01,2026-01-01,0,Never monetized,Bikers_Drivers,plus,persona_x_initial_plan,1,0.00000000000000000000,0.00000000000000000000,0.00000000000000000000,0.00000000000000000000,0.00000000000000000000,19,5.26
2026-01-01,2026-01-01,0,Active,Bikers_Drivers,start,persona_x_initial_plan,84,377.67741935500000000000,595.83778199999686683582,972.00000000000000000000,80.02631396547946040000,2025.54151532047632723582,84,100.0
2026-01-01,2026-01-01,0,Active,Cleaning_CallCenters,free,persona_x_initial_plan,7,0.00000000000000000000,6.47297999999996684400,4.00000000000000000000,2.36811482465753539750,12.84109482465750224150,7,100.0
2026-01-01,2026-01-01,0,Active,Cleaning_CallCenters,plus,persona_x_initial_plan,1,25.00000000000000000000,29.26096199999985000000,0.00000000000000000000,1.52851809260274040000,55.78948009260259040000,1,100.0
2026-01-01,2026-01-01,0,Active,Cleaning_CallCenters,start,persona_x_initial_plan,3,11.00000000000000000000,0.81908999999999565000,0.00000000000000000000,6.15153416712328964700,17.97062416712328529700,3,100.0
2026-01-01,2026-01-01,0,Active,Consultant,business,persona_x_initial_plan,5,240.00000000000000000000,30.00169799999983849000,0.00000000000000000000,21.74786751945205350100,291.74956551945189199100,5,100.0
2026-01-01,2026-01-01,0,Active,Consultant,free,persona_x_initial_plan,225,42.78193548400000000000,436.90019039999769657000,1604.80000000000000000000,760.04249745917814025593,2844.52462334317583682593,226,99.56
2026-01-01,2026-01-01,0,Never monetized,Consultant,free,persona_x_initial_plan,1,0.00000000000000000000,0.00000000000000000000,0.00000000000000000000,0.00000000000000000000,0.00000000000000000000,226,0.44
2026-01-01,2026-01-01,0,Active,Consultant,plus,persona_x_initial_plan,38,537.36559139800000000000,1036.91302199999459158000,0.00000000000000000000,736.13055023726026422100,2310.40916363525485580100,38,100.0
2026-01-01,2026-01-01,0,Active,Consultant,start,persona_x_initial_plan,219,1323.99311828000000000000,1194.55655579999377317400,3130.00000000000000000000,832.44360677808229745656,6480.99328085807607063056,219,100.0
2026-01-01,2026-01-01,0,Active,Developer_IT,business,persona_x_initial_plan,5,240.00000000000000000000,0.00000000000000000000,0.00000000000000000000,12.98539927671233274165,252.98539927671233274165,5,100.0
2026-01-01,2026-01-01,0,Active,Developer_IT,free,persona_x_initial_plan,93,0.00000000000000000000,460.08019799999754168200,785.16000000000000000000,455.31599799561652784348,1700.55619599561406952548,93,100.0
2026-01-01,2026-01-01,0,Active,Developer_IT,plus,persona_x_initial_plan,21,321.77419354800000000000,800.68923719999579432000,0.00000000000000000000,145.79232776767124654810,1268.25575851566704086810,22,95.45
2026-01-01,2026-01-01,0,Never monetized,Developer_IT,plus,persona_x_initial_plan,1,0.00000000000000000000,0.00000000000000000000,0.00000000000000000000,0.00000000000000000000,0.00000000000000000000,22,4.55
2026-01-01,2026-01-01,0,Active,Developer_IT,start,persona_x_initial_plan,90,606.29032258000000000000,449.86663439999767652000,1226.76000000000000000000,314.87490716438357894009,2597.79186414438125546009,91,98.9
2026-01-01,2026-01-01,0,Never monetized,Developer_IT,start,persona_x_initial_plan,1,0.00000000000000000000,0.00000000000000000000,0.00000000000000000000,0.00000000000000000000,0.00000000000000000000,91,1.1
2026-01-01,2026-01-01,0,Active,Media_Publishing,free,persona_x_initial_plan,42,0.00000000000000000000,178.81246619999905811000,160.00000000000000000000,101.26247651013699837500,440.07494271013605648500,43,97.67
2026-01-01,2026-01-01,0,Never monetized,Media_Publishing,free,persona_x_initial_plan,1,0.00000000000000000000,0.00000000000000000000,0.00000000000000000000,0.00000000000000000000,0.00000000000000000000,43,2.33
2026-01-01,2026-01-01,0,Active,Media_Publishing,plus,persona_x_initial_plan,6,20.00000000000000000000,142.84814399999926352000,0.00000000000000000000,47.46558110520548526000,210.31372510520474878000,6,100.0
2026-01-01,2026-01-01,0,Active,Media_Publishing,start,persona_x_initial_plan,54,313.90322580600000000000,220.11151499999884909100,653.00000000000000000000,151.45371632164385050015,1338.46845712764269959115,56,96.43
2026-01-01,2026-01-01,0,Never monetized,Media_Publishing,start,persona_x_initial_plan,2,0.00000000000000000000,0.00000000000000000000,0.00000000000000000000,0.00000000000000000000,0.00000000000000000000,56,3.57
2026-01-01,2026-01-01,0,Active,Medical_Professionals,free,persona_x_initial_plan,9,0.00000000000000000000,7.48898999999996020000,0.00000000000000000000,18.10047750356164680300,25.58946750356160700300,9,100.0
2026-01-01,2026-01-01,0,Active,Medical_Professionals,plus,persona_x_initial_plan,2,0.00000000000000000000,0.00000000000000000000,0.00000000000000000000,4.72775413479452110000,4.72775413479452110000,2,100.0
2026-01-01,2026-01-01,0,Active,Medical_Professionals,start,persona_x_initial_plan,19,11.00000000000000000000,35.91115199999981430000,0.00000000000000000000,30.49368948383562137450,77.40484148383543567450,19,100.0
2026-01-01,2026-01-01,0,Active,Others,business,persona_x_initial_plan,10,160.00000000000000000000,43.69738679999976580000,24.04000000000000000000,36.36472201260274207000,264.10210881260250787000,10,100.0
2026-01-01,2026-01-01,0,Active,Others,free,persona_x_initial_plan,184,36.44000000000000000000,384.28032419999798890046,792.80000000000000000000,349.67817148931511004012,1563.19849568931309894058,185,99.46
2026-01-01,2026-01-01,0,Never monetized,Others,free,persona_x_initial_plan,1,0.00000000000000000000,0.00000000000000000000,0.00000000000000000000,0.00000000000000000000,0.00000000000000000000,185,0.54
2026-01-01,2026-01-01,0,Active,Others,plus,persona_x_initial_plan,57,420.00000000000000000000,406.62156599999790337900,118.00000000000000000000,147.40800100273975706160,1092.02956700273766044060,57,100.0
2026-01-01,2026-01-01,0,Active,Others,start,persona_x_initial_plan,184,879.06451612900000000000,1010.15261999999477334646,802.18000000000000000000,411.87814778246581049384,3103.27528391146058384030,185,99.46
2026-01-01,2026-01-01,0,Never monetized,Others,start,persona_x_initial_plan,1,0.00000000000000000000,0.00000000000000000000,0.00000000000000000000,0.00000000000000000000,0.00000000000000000000,185,0.54
2026-01-01,2026-01-01,0,Active,Professeur,business,persona_x_initial_plan,1,0.00000000000000000000,42.27964199999977500000,0.00000000000000000000,8.35671983013698670000,50.63636183013676170000,1,100.0
2026-01-01,2026-01-01,0,Active,Professeur,free,persona_x_initial_plan,40,0.00000000000000000000,74.68540199999961063000,130.80000000000000000000,32.14504313315068767273,237.63044513315029830273,40,100.0
2026-01-01,2026-01-01,0,Active,Professeur,plus,persona_x_initial_plan,3,20.00000000000000000000,0.00000000000000000000,118.00000000000000000000,1.14591626520547955600,139.14591626520547955600,3,100.0
2026-01-01,2026-01-01,0,Active,Professeur,start,persona_x_initial_plan,42,294.54838709700000000000,292.35526199999849348000,119.84000000000000000000,203.28491298246578350883,910.02856207946427698883,42,100.0
2026-01-01,2026-01-01,0,Active,Repair,free,persona_x_initial_plan,15,41.73999999999999500000,52.30733399999972398000,12.00000000000000000000,29.25215052657534600746,135.29948452657506498746,15,100.0
2026-01-01,2026-01-01,0,Active,Repair,plus,persona_x_initial_plan,3,20.00000000000000000000,3.79999799999998000000,118.00000000000000000000,0.30430995013698630710,142.10430795013696630710,3,100.0
2026-01-01,2026-01-01,0,Active,Repair,start,persona_x_initial_plan,9,42.00000000000000000000,13.21984799999993010000,118.00000000000000000000,8.51912862794520578460,181.73897662794513588460,9,100.0
2026-01-01,2026-01-01,0,Active,Repair_Installation,free,persona_x_initial_plan,3,0.00000000000000000000,61.62521399999967300000,0.00000000000000000000,21.60716562136986442000,83.23237962136953742000,3,100.0
2026-01-01,2026-01-01,0,Active,Repair_Installation,plus,persona_x_initial_plan,3,45.00000000000000000000,105.47863199999945200000,0.00000000000000000000,22.36212265753424351900,172.84075465753369551900,3,100.0
2026-01-01,2026-01-01,0,Active,Repair_Installation,start,persona_x_initial_plan,7,34.48387096800000000000,26.12096999999986284000,0.00000000000000000000,5.77897411397260310300,66.38381508197246594300,7,100.0
2026-01-01,2026-01-01,0,Active,Restauration,business,persona_x_initial_plan,1,80.00000000000000000000,13.60110599999992700000,0.00000000000000000000,0.47046761260273978000,94.07157361260266678000,1,100.0
2026-01-01,2026-01-01,0,Active,Restauration,free,persona_x_initial_plan,28,7.38000000000000000000,263.39336999999861620000,192.80000000000000000000,35.69094359013699289300,499.26431359013560909300,28,100.0
2026-01-01,2026-01-01,0,Active,Restauration,plus,persona_x_initial_plan,15,144.35483871000000000000,302.21598599999843716000,810.00000000000000000000,31.42552021643835893790,1287.99634492643679609790,15,100.0
2026-01-01,2026-01-01,0,Active,Restauration,start,persona_x_initial_plan,33,191.34258064600000000000,103.15502999999944624000,122.00000000000000000000,65.75567563671234293740,482.25328628271178917740,34,97.06
2026-01-01,2026-01-01,0,Never monetized,Restauration,start,persona_x_initial_plan,1,0.00000000000000000000,0.00000000000000000000,0.00000000000000000000,0.00000000000000000000,0.00000000000000000000,34,2.94
2026-01-01,2026-01-01,0,Active,Retail,business,persona_x_initial_plan,5,160.00000000000000000000,128.65888799999934440000,4.00000000000000000000,17.14250561424657722290,309.80139361424592162290,5,100.0
2026-01-01,2026-01-01,0,Active,Retail,free,persona_x_initial_plan,159,12.30000000000000000000,661.07923199999656391200,714.00000000000000000000,264.80346687726031553154,1652.18269887725687944354,159,100.0
2026-01-01,2026-01-01,0,Active,Retail,plus,persona_x_initial_plan,46,506.77419354900000000000,384.75642599999797294100,1030.00000000000000000000,178.53870050356164993682,2100.06932005255962287782,46,100.0
2026-01-01,2026-01-01,0,Active,Retail,start,persona_x_initial_plan,178,960.91563440900000000000,1399.09303439999265025346,1772.98000000000000000000,325.95786301917811063820,4458.94653182817076089166,179,99.44
2026-01-01,2026-01-01,0,Never monetized,Retail,start,persona_x_initial_plan,1,0.00000000000000000000,0.00000000000000000000,0.00000000000000000000,0.00000000000000000000,0.00000000000000000000,179,0.56
2026-01-01,2026-01-01,0,Active,Wholesale,business,persona_x_initial_plan,1,0.00000000000000000000,0.00000000000000000000,0.00000000000000000000,62.87049361863015000000,62.87049361863015000000,1,100.0
2026-01-01,2026-01-01,0,Active,Wholesale,free,persona_x_initial_plan,19,0.00000000000000000000,84.45403799999956582100,148.94000000000000000000,47.03351669315069264800,280.42755469315025846900,19,100.0
2026-01-01,2026-01-01,0,Active,Wholesale,plus,persona_x_initial_plan,11,147.58064516100000000000,179.66246759999905437000,138.00000000000000000000,111.61496605479455356452,576.85807881579360793452,11,100.0
2026-01-01,2026-01-01,0,Active,Wholesale,start,persona_x_initial_plan,27,149.77419354800000000000,418.25449799999766040000,7.20000000000000000000,114.96746101972604171100,690.19615256772370211100,27,100.0
2026-01-01,2026-02-01,1,Active,ALL,business,initial_plan,51,3600.00000000000000000000,4403.95213859998163885300,21.20000000000000000000,1093.21060259616438271190,9118.36274119614602156490,53,96.23
2026-01-01,2026-02-01,1,At-risk,ALL,business,initial_plan,2,0.00000000000000000000,0.00000000000000000000,0.00000000000000000000,0.00000000000000000000,0.00000000000000000000,53,3.77
2026-01-01,2026-02-01,1,Active,ALL,free,initial_plan,1084,581.55771739100000000000,7813.06288199996913711400,914.47999999999999640000,10694.92033152219346888604,20004.02093091316260240004,1130,95.93
2026-01-01,2026-02-01,1,At-risk,ALL,free,initial_plan,41,0.00000000000000000000,0.00000000000000000000,0.00000000000000000000,0.00000000000000000000,0.00000000000000000000,1130,3.63
2026-01-01,2026-02-01,1,Never monetized,ALL,free,initial_plan,5,0.00000000000000000000,0.00000000000000000000,0.00000000000000000000,0.00000000000000000000,0.00000000000000000000,1130,0.44
2026-01-01,2026-02-01,1,Active,ALL,plus,initial_plan,342,7489.99999999900000000000,18373.69012319992807954500,496.10000000000000000000,4695.92295425369899097694,31055.71307745262707052194,357,95.8
2026-01-01,2026-02-01,1,At-risk,ALL,plus,initial_plan,13,0.00000000000000000000,0.00000000000000000000,0.00000000000000000000,0.00000000000000000000,0.00000000000000000000,357,3.64
2026-01-01,2026-02-01,1,Never monetized,ALL,plus,initial_plan,2,0.00000000000000000000,0.00000000000000000000,0.00000000000000000000,0.00000000000000000000,0.00000000000000000000,357,0.56
2026-01-01,2026-02-01,1,Active,ALL,start,initial_plan,1161,11460.12125000000000300000,21046.79687039991731958200,1269.79999999999999870000,9135.22688733753480650284,42911.94500773745212778484,1211,95.87
2026-01-01,2026-02-01,1,At-risk,ALL,start,initial_plan,46,0.00000000000000000000,0.00000000000000000000,0.00000000000000000000,0.00000000000000000000,0.00000000000000000000,1211,3.8
2026-01-01,2026-02-01,1,Never monetized,ALL,start,initial_plan,4,0.00000000000000000000,0.00000000000000000000,0.00000000000000000000,0.00000000000000000000,0.00000000000000000000,1211,0.33
2026-01-01,2026-02-01,1,Active,ALL,ALL,overall,2638,23131.67896739000000300000,51637.50201419979617509400,2701.57999999999999510000,25619.28077570959164907772,103090.04175729938782227172,2751,95.89
2026-01-01,2026-02-01,1,At-risk,ALL,ALL,overall,102,0.00000000000000000000,0.00000000000000000000,0.00000000000000000000,0.00000000000000000000,0.00000000000000000000,2751,3.71
2026-01-01,2026-02-01,1,Never monetized,ALL,ALL,overall,11,0.00000000000000000000,0.00000000000000000000,0.00000000000000000000,0.00000000000000000000,0.00000000000000000000,2751,0.4
2026-01-01,2026-02-01,1,Active,Automobile_Trade_Repair,ALL,persona,122,1446.50000000000000000000,4746.49863659998151239000,219.18000000000000000000,936.64202608493149170580,7348.82066268491300409580,126,96.83
2026-01-01,2026-02-01,1,At-risk,Automobile_Trade_Repair,ALL,persona,4,0.00000000000000000000,0.00000000000000000000,0.00000000000000000000,0.00000000000000000000,0.00000000000000000000,126,3.17
2026-01-01,2026-02-01,1,Active,BTP,ALL,persona,476,5235.38916666600000300000,17145.93152159993185251900,328.88000000000000070000,8010.37259953479552707552,30720.57328780072738329452,491,96.95
2026-01-01,2026-02-01,1,At-risk,BTP,ALL,persona,13,0.00000000000000000000,0.00000000000000000000,0.00000000000000000000,0.00000000000000000000,0.00000000000000000000,491,2.65
2026-01-01,2026-02-01,1,Never monetized,BTP,ALL,persona,2,0.00000000000000000000,0.00000000000000000000,0.00000000000000000000,0.00000000000000000000,0.00000000000000000000,491,0.41
2026-01-01,2026-02-01,1,Active,Bankers_Insurance,ALL,persona,46,229.00000000000000000000,219.74610599999910726000,14.14000000000000000000,1806.07218866027444628550,2268.95829466027355354550,47,97.87
2026-01-01,2026-02-01,1,At-risk,Bankers_Insurance,ALL,persona,1,0.00000000000000000000,0.00000000000000000000,0.00000000000000000000,0.00000000000000000000,0.00000000000000000000,47,2.13
2026-01-01,2026-02-01,1,Active,Bikers_Drivers,ALL,persona,141,1782.02000000000000000000,2575.37377799998992054500,137.00000000000000000000,742.89947230794523043852,5237.29325030793515098352,154,91.56
2026-01-01,2026-02-01,1,At-risk,Bikers_Drivers,ALL,persona,12,0.00000000000000000000,0.00000000000000000000,0.00000000000000000000,0.00000000000000000000,0.00000000000000000000,154,7.79
2026-01-01,2026-02-01,1,Never monetized,Bikers_Drivers,ALL,persona,1,0.00000000000000000000,0.00000000000000000000,0.00000000000000000000,0.00000000000000000000,0.00000000000000000000,154,0.65
2026-01-01,2026-02-01,1,Active,Cleaning_CallCenters,ALL,persona,11,47.00000000000000000000,80.57431799999968425000,15.58000000000000000000,38.93904366301369921700,182.09336166301338346700,11,100.0
2026-01-01,2026-02-01,1,Active,Consultant,ALL,persona,472,3282.51791666600000000000,6235.68199679997557648100,251.65999999999999800000,4506.19291498356205190639,14276.05282844953762638739,488,96.72
2026-01-01,2026-02-01,1,At-risk,Consultant,ALL,persona,15,0.00000000000000000000,0.00000000000000000000,0.00000000000000000000,0.00000000000000000000,0.00000000000000000000,488,3.07
2026-01-01,2026-02-01,1,Never monetized,Consultant,ALL,persona,1,0.00000000000000000000,0.00000000000000000000,0.00000000000000000000,0.00000000000000000000,0.00000000000000000000,488,0.2
2026-01-01,2026-02-01,1,Active,Developer_IT,ALL,persona,200,1668.91000000000000000000,1958.03699759999235447000,88.95999999999999700000,1856.45609335287680689078,5572.36309095286915836078,211,94.79
2026-01-01,2026-02-01,1,At-risk,Developer_IT,ALL,persona,9,0.00000000000000000000,0.00000000000000000000,0.00000000000000000000,0.00000000000000000000,0.00000000000000000000,211,4.27
2026-01-01,2026-02-01,1,Never monetized,Developer_IT,ALL,persona,2,0.00000000000000000000,0.00000000000000000000,0.00000000000000000000,0.00000000000000000000,0.00000000000000000000,211,0.95
2026-01-01,2026-02-01,1,Active,Media_Publishing,ALL,persona,101,649.38000000000000000000,1079.31044519999583800300,47.86000000000000000000,805.46912176657544732150,2582.01956696657128532450,105,96.19
2026-01-01,2026-02-01,1,At-risk,Media_Publishing,ALL,persona,2,0.00000000000000000000,0.00000000000000000000,0.00000000000000000000,0.00000000000000000000,0.00000000000000000000,105,1.9
2026-01-01,2026-02-01,1,Never monetized,Media_Publishing,ALL,persona,2,0.00000000000000000000,0.00000000000000000000,0.00000000000000000000,0.00000000000000000000,0.00000000000000000000,105,1.9
2026-01-01,2026-02-01,1,Active,Medical_Professionals,ALL,persona,29,232.79000000000000000000,123.61318199999951177000,4.80000000000000000000,241.97339622630140102700,603.17657822630091279700,30,96.67
2026-01-01,2026-02-01,1,At-risk,Medical_Professionals,ALL,persona,1,0.00000000000000000000,0.00000000000000000000,0.00000000000000000000,0.00000000000000000000,0.00000000000000000000,30,3.33
2026-01-01,2026-02-01,1,Active,Others,ALL,persona,423,3263.88000000000000000000,6173.43109379997563941900,818.14000000000000000000,2257.15620642191796894880,12512.60730022189360836780,437,96.8
2026-01-01,2026-02-01,1,At-risk,Others,ALL,persona,13,0.00000000000000000000,0.00000000000000000000,0.00000000000000000000,0.00000000000000000000,0.00000000000000000000,437,2.97
2026-01-01,2026-02-01,1,Never monetized,Others,ALL,persona,1,0.00000000000000000000,0.00000000000000000000,0.00000000000000000000,0.00000000000000000000,0.00000000000000000000,437,0.23
2026-01-01,2026-02-01,1,Active,Professeur,ALL,persona,83,546.66666666700000000000,1582.07198399999372892000,44.48000000000000000000,805.67699979835616877701,2978.89565046534989769701,86,96.51
2026-01-01,2026-02-01,1,At-risk,Professeur,ALL,persona,3,0.00000000000000000000,0.00000000000000000000,0.00000000000000000000,0.00000000000000000000,0.00000000000000000000,86,3.49
2026-01-01,2026-02-01,1,Active,Repair,ALL,persona,25,176.15000000000000000000,356.45234399999861520000,22.20000000000000000000,94.93871462191780957640,649.74105862191642477640,27,92.59
2026-01-01,2026-02-01,1,At-risk,Repair,ALL,persona,2,0.00000000000000000000,0.00000000000000000000,0.00000000000000000000,0.00000000000000000000,0.00000000000000000000,27,7.41
2026-01-01,2026-02-01,1,Active,Repair_Installation,ALL,persona,13,132.00000000000000000000,446.39899199999831900000,0.00000000000000000000,100.59428914849316057400,678.99328114849147957400,13,100.0
2026-01-01,2026-02-01,1,Active,Restauration,ALL,persona,74,833.12000000000000000000,2113.29176399999163014000,49.30000000000000000000,420.48513377863016588126,3416.19689777862179602126,78,94.87
2026-01-01,2026-02-01,1,At-risk,Restauration,ALL,persona,3,0.00000000000000000000,0.00000000000000000000,0.00000000000000000000,0.00000000000000000000,0.00000000000000000000,78,3.85
2026-01-01,2026-02-01,1,Never monetized,Restauration,ALL,persona,1,0.00000000000000000000,0.00000000000000000000,0.00000000000000000000,0.00000000000000000000,0.00000000000000000000,78,1.28
2026-01-01,2026-02-01,1,Active,Retail,ALL,persona,367,3047.93771739100000000000,6069.68383679997584145300,627.65999999999999940000,1853.69199124493164976204,11598.97354543590749061504,389,94.34
2026-01-01,2026-02-01,1,At-risk,Retail,ALL,persona,21,0.00000000000000000000,0.00000000000000000000,0.00000000000000000000,0.00000000000000000000,0.00000000000000000000,389,5.4
2026-01-01,2026-02-01,1,Never monetized,Retail,ALL,persona,1,0.00000000000000000000,0.00000000000000000000,0.00000000000000000000,0.00000000000000000000,0.00000000000000000000,389,0.26
2026-01-01,2026-02-01,1,Active,Wholesale,ALL,persona,55,558.41750000000000000000,731.40501779999704327400,31.74000000000000000000,1141.72058411506862369020,2463.28310191506566696420,58,94.83
2026-01-01,2026-02-01,1,At-risk,Wholesale,ALL,persona,3,0.00000000000000000000,0.00000000000000000000,0.00000000000000000000,0.00000000000000000000,0.00000000000000000000,58,5.17
2026-01-01,2026-02-01,1,Active,Automobile_Trade_Repair,business,persona_x_initial_plan,3,160.00000000000000000000,647.34544799999745000000,0.00000000000000000000,255.13846464219176400000,1062.48391264218921400000,3,100.0
2026-01-01,2026-02-01,1,Active,Automobile_Trade_Repair,free,persona_x_initial_plan,41,12.45000000000000000000,232.99450919999905789000,35.96000000000000000000,105.20338004876712511100,386.60788924876618300100,42,97.62
2026-01-01,2026-02-01,1,At-risk,Automobile_Trade_Repair,free,persona_x_initial_plan,1,0.00000000000000000000,0.00000000000000000000,0.00000000000000000000,0.00000000000000000000,0.00000000000000000000,42,2.38
2026-01-01,2026-02-01,1,Active,Automobile_Trade_Repair,plus,persona_x_initial_plan,36,800.00000000000000000000,2921.50681739998871426000,15.22000000000000000000,451.85279617534246490560,4188.57961357533117916560,37,97.3
2026-01-01,2026-02-01,1,At-risk,Automobile_Trade_Repair,plus,persona_x_initial_plan,1,0.00000000000000000000,0.00000000000000000000,0.00000000000000000000,0.00000000000000000000,0.00000000000000000000,37,2.7
2026-01-01,2026-02-01,1,Active,Automobile_Trade_Repair,start,persona_x_initial_plan,42,474.05000000000000000000,944.65186199999629024000,168.00000000000000000000,124.44738521863013768920,1711.14924721862642792920,44,95.45
2026-01-01,2026-02-01,1,At-risk,Automobile_Trade_Repair,start,persona_x_initial_plan,2,0.00000000000000000000,0.00000000000000000000,0.00000000000000000000,0.00000000000000000000,0.00000000000000000000,44,4.55
2026-01-01,2026-02-01,1,Active,BTP,business,persona_x_initial_plan,14,1120.00000000000000000000,2442.13552799998941451000,0.00000000000000000000,193.98587595780824457650,3756.12140395779765908650,15,93.33
2026-01-01,2026-02-01,1,At-risk,BTP,business,persona_x_initial_plan,1,0.00000000000000000000,0.00000000000000000000,0.00000000000000000000,0.00000000000000000000,0.00000000000000000000,15,6.67
2026-01-01,2026-02-01,1,Active,BTP,free,persona_x_initial_plan,183,96.00000000000000000000,1605.75169859999367425000,182.84000000000000000000,4733.07817468274054492181,6617.66987328273421917181,191,95.81
2026-01-01,2026-02-01,1,At-risk,BTP,free,persona_x_initial_plan,6,0.00000000000000000000,0.00000000000000000000,0.00000000000000000000,0.00000000000000000000,0.00000000000000000000,191,3.14
2026-01-01,2026-02-01,1,Never monetized,BTP,free,persona_x_initial_plan,2,0.00000000000000000000,0.00000000000000000000,0.00000000000000000000,0.00000000000000000000,0.00000000000000000000,191,1.05
2026-01-01,2026-02-01,1,Active,BTP,plus,persona_x_initial_plan,90,2026.66666666600000000000,8404.51372199996698688900,34.66000000000000000000,816.35524412547957189380,11282.19563279144655878280,91,98.9
2026-01-01,2026-02-01,1,At-risk,BTP,plus,persona_x_initial_plan,1,0.00000000000000000000,0.00000000000000000000,0.00000000000000000000,0.00000000000000000000,0.00000000000000000000,91,1.1
2026-01-01,2026-02-01,1,Active,BTP,start,persona_x_initial_plan,189,1992.72250000000000300000,4693.53057299998177687000,111.38000000000000070000,2266.95330476876716568341,9064.58637776874894625341,194,97.42
2026-01-01,2026-02-01,1,At-risk,BTP,start,persona_x_initial_plan,5,0.00000000000000000000,0.00000000000000000000,0.00000000000000000000,0.00000000000000000000,0.00000000000000000000,194,2.58
2026-01-01,2026-02-01,1,Active,Bankers_Insurance,free,persona_x_initial_plan,26,9.00000000000000000000,55.54979999999977746000,9.60000000000000000000,1485.83396223945253239850,1559.98376223945230985850,26,100.0
2026-01-01,2026-02-01,1,Active,Bankers_Insurance,plus,persona_x_initial_plan,3,70.00000000000000000000,111.81760199999954000000,0.00000000000000000000,60.81139942630135720000,242.62900142630089720000,3,100.0
2026-01-01,2026-02-01,1,Active,Bankers_Insurance,start,persona_x_initial_plan,17,150.00000000000000000000,52.37870399999978980000,4.54000000000000000000,259.42682699452055668700,466.34553099452034648700,18,94.44
2026-01-01,2026-02-01,1,At-risk,Bankers_Insurance,start,persona_x_initial_plan,1,0.00000000000000000000,0.00000000000000000000,0.00000000000000000000,0.00000000000000000000,0.00000000000000000000,18,5.56
2026-01-01,2026-02-01,1,Active,Bikers_Drivers,business,persona_x_initial_plan,7,560.00000000000000000000,427.94398799999837133000,0.00000000000000000000,323.03876435999998117280,1310.98275235999835250280,7,100.0
2026-01-01,2026-02-01,1,Active,Bikers_Drivers,free,persona_x_initial_plan,41,76.02000000000000000000,291.67972199999887250000,34.36000000000000000000,87.62586731287671546059,489.68558931287558796059,44,93.18
2026-01-01,2026-02-01,1,At-risk,Bikers_Drivers,free,persona_x_initial_plan,3,0.00000000000000000000,0.00000000000000000000,0.00000000000000000000,0.00000000000000000000,0.00000000000000000000,44,6.82
2026-01-01,2026-02-01,1,Active,Bikers_Drivers,plus,persona_x_initial_plan,18,440.00000000000000000000,293.42024999999885561500,80.00000000000000000000,114.57786850684933901106,927.99811850684819462606,19,94.74
2026-01-01,2026-02-01,1,Never monetized,Bikers_Drivers,plus,persona_x_initial_plan,1,0.00000000000000000000,0.00000000000000000000,0.00000000000000000000,0.00000000000000000000,0.00000000000000000000,19,5.26
2026-01-01,2026-02-01,1,Active,Bikers_Drivers,start,persona_x_initial_plan,75,706.00000000000000000000,1562.32981799999382110000,22.64000000000000000000,217.65697212821919479407,2508.62679012821301589407,84,89.29
2026-01-01,2026-02-01,1,At-risk,Bikers_Drivers,start,persona_x_initial_plan,9,0.00000000000000000000,0.00000000000000000000,0.00000000000000000000,0.00000000000000000000,0.00000000000000000000,84,10.71
2026-01-01,2026-02-01,1,Active,Cleaning_CallCenters,free,persona_x_initial_plan,7,0.00000000000000000000,29.32187399999988565000,1.60000000000000000000,6.81555865479452078700,37.73743265479440643700,7,100.0
2026-01-01,2026-02-01,1,Active,Cleaning_CallCenters,plus,persona_x_initial_plan,1,25.00000000000000000000,46.88126999999981600000,13.98000000000000000000,25.91954445205479400000,111.78081445205461000000,1,100.0
2026-01-01,2026-02-01,1,Active,Cleaning_CallCenters,start,persona_x_initial_plan,3,22.00000000000000000000,4.37117399999998260000,0.00000000000000000000,6.20394055616438443000,32.57511455616436703000,3,100.0
2026-01-01,2026-02-01,1,Active,Consultant,business,persona_x_initial_plan,5,320.00000000000000000000,57.82975199999978034000,3.28000000000000000000,62.37298223835616873000,443.48273423835594907000,5,100.0
2026-01-01,2026-02-01,1,Active,Consultant,free,persona_x_initial_plan,217,79.29500000000000000000,808.85091779999677725200,153.56000000000000000000,1463.58706121808229912438,2505.29297901807907637638,226,96.02
2026-01-01,2026-02-01,1,At-risk,Consultant,free,persona_x_initial_plan,8,0.00000000000000000000,0.00000000000000000000,0.00000000000000000000,0.00000000000000000000,0.00000000000000000000,226,3.54
2026-01-01,2026-02-01,1,Never monetized,Consultant,free,persona_x_initial_plan,1,0.00000000000000000000,0.00000000000000000000,0.00000000000000000000,0.00000000000000000000,0.00000000000000000000,226,0.44
2026-01-01,2026-02-01,1,Active,Consultant,plus,persona_x_initial_plan,36,773.33333333300000000000,1483.34112539999420844000,11.64000000000000000000,1195.06649444547957537700,3463.38095317847378381700,38,94.74
2026-01-01,2026-02-01,1,At-risk,Consultant,plus,persona_x_initial_plan,2,0.00000000000000000000,0.00000000000000000000,0.00000000000000000000,0.00000000000000000000,0.00000000000000000000,38,5.26
2026-01-01,2026-02-01,1,Active,Consultant,start,persona_x_initial_plan,214,2109.88958333300000000000,3885.66020159998481044900,83.17999999999999800000,1785.16637708164400867501,7863.89616201462881712401,219,97.72
2026-01-01,2026-02-01,1,At-risk,Consultant,start,persona_x_initial_plan,5,0.00000000000000000000,0.00000000000000000000,0.00000000000000000000,0.00000000000000000000,0.00000000000000000000,219,2.28
2026-01-01,2026-02-01,1,Active,Developer_IT,business,persona_x_initial_plan,5,400.00000000000000000000,3.99038399999998460000,0.00000000000000000000,8.59978659452054927260,412.59017059452053387260,5,100.0
2026-01-01,2026-02-01,1,Active,Developer_IT,free,persona_x_initial_plan,87,3.91000000000000000000,722.96880839999715359000,39.65999999999999700000,813.09008826356173687850,1579.62889666355888746850,93,93.55
2026-01-01,2026-02-01,1,At-risk,Developer_IT,free,persona_x_initial_plan,6,0.00000000000000000000,0.00000000000000000000,0.00000000000000000000,0.00000000000000000000,0.00000000000000000000,93,6.45
2026-01-01,2026-02-01,1,Active,Developer_IT,plus,persona_x_initial_plan,21,425.00000000000000000000,648.68497559999748203000,2.66000000000000000000,308.38653992986300543400,1384.73151552986048746400,22,95.45
2026-01-01,2026-02-01,1,Never monetized,Developer_IT,plus,persona_x_initial_plan,1,0.00000000000000000000,0.00000000000000000000,0.00000000000000000000,0.00000000000000000000,0.00000000000000000000,22,4.55
2026-01-01,2026-02-01,1,Active,Developer_IT,start,persona_x_initial_plan,87,840.00000000000000000000,582.39282959999773425000,46.64000000000000000000,726.37967856493151530568,2195.41250816492924955568,91,95.6
2026-01-01,2026-02-01,1,At-risk,Developer_IT,start,persona_x_initial_plan,3,0.00000000000000000000,0.00000000000000000000,0.00000000000000000000,0.00000000000000000000,0.00000000000000000000,91,3.3
2026-01-01,2026-02-01,1,Never monetized,Developer_IT,start,persona_x_initial_plan,1,0.00000000000000000000,0.00000000000000000000,0.00000000000000000000,0.00000000000000000000,0.00000000000000000000,91,1.1
2026-01-01,2026-02-01,1,Active,Media_Publishing,free,persona_x_initial_plan,40,11.38000000000000000000,277.84642499999890941600,28.40000000000000000000,163.23548057698632686680,480.86190557698523628280,43,93.02
2026-01-01,2026-02-01,1,At-risk,Media_Publishing,free,persona_x_initial_plan,2,0.00000000000000000000,0.00000000000000000000,0.00000000000000000000,0.00000000000000000000,0.00000000000000000000,43,4.65
2026-01-01,2026-02-01,1,Never monetized,Media_Publishing,free,persona_x_initial_plan,1,0.00000000000000000000,0.00000000000000000000,0.00000000000000000000,0.00000000000000000000,0.00000000000000000000,43,2.33
2026-01-01,2026-02-01,1,Active,Media_Publishing,plus,persona_x_initial_plan,6,120.00000000000000000000,129.00787199999950570000,4.00000000000000000000,35.06001914191781452000,288.06789114191732022000,6,100.0
2026-01-01,2026-02-01,1,Active,Media_Publishing,start,persona_x_initial_plan,55,518.00000000000000000000,672.45614819999742288700,15.46000000000000000000,607.17362204767130593470,1813.08977024766872882170,56,98.21
2026-01-01,2026-02-01,1,Never monetized,Media_Publishing,start,persona_x_initial_plan,1,0.00000000000000000000,0.00000000000000000000,0.00000000000000000000,0.00000000000000000000,0.00000000000000000000,56,1.79
2026-01-01,2026-02-01,1,Active,Medical_Professionals,free,persona_x_initial_plan,9,6.79000000000000000000,44.65191599999982474000,4.80000000000000000000,73.89243937205480120000,130.13435537205462594000,9,100.0
2026-01-01,2026-02-01,1,Active,Medical_Professionals,plus,persona_x_initial_plan,2,50.00000000000000000000,2.98223999999998850000,0.00000000000000000000,24.82612103013699190000,77.80836103013698040000,2,100.0
2026-01-01,2026-02-01,1,Active,Medical_Professionals,start,persona_x_initial_plan,18,176.00000000000000000000,75.97902599999969853000,0.00000000000000000000,143.25483582410960792700,395.23386182410930645700,19,94.74
2026-01-01,2026-02-01,1,At-risk,Medical_Professionals,start,persona_x_initial_plan,1,0.00000000000000000000,0.00000000000000000000,0.00000000000000000000,0.00000000000000000000,0.00000000000000000000,19,5.26
2026-01-01,2026-02-01,1,Active,Others,business,persona_x_initial_plan,9,480.00000000000000000000,515.04658199999788397300,17.92000000000000000000,95.06839925095891589900,1108.03498125095679987200,10,90.0
2026-01-01,2026-02-01,1,At-risk,Others,business,persona_x_initial_plan,1,0.00000000000000000000,0.00000000000000000000,0.00000000000000000000,0.00000000000000000000,0.00000000000000000000,10,10.0
2026-01-01,2026-02-01,1,Active,Others,free,persona_x_initial_plan,181,99.88000000000000000000,1128.76090199999556561000,155.70000000000000000000,729.47570352767129475632,2113.81660552766686036632,185,97.84
2026-01-01,2026-02-01,1,At-risk,Others,free,persona_x_initial_plan,3,0.00000000000000000000,0.00000000000000000000,0.00000000000000000000,0.00000000000000000000,0.00000000000000000000,185,1.62
2026-01-01,2026-02-01,1,Never monetized,Others,free,persona_x_initial_plan,1,0.00000000000000000000,0.00000000000000000000,0.00000000000000000000,0.00000000000000000000,0.00000000000000000000,185,0.54
2026-01-01,2026-02-01,1,Active,Others,plus,persona_x_initial_plan,54,1020.00000000000000000000,1259.96097059999504636200,319.68000000000000000000,355.25071796328768077998,2954.89168856328272714198,57,94.74
2026-01-01,2026-02-01,1,At-risk,Others,plus,persona_x_initial_plan,3,0.00000000000000000000,0.00000000000000000000,0.00000000000000000000,0.00000000000000000000,0.00000000000000000000,57,5.26
2026-01-01,2026-02-01,1,Active,Others,start,persona_x_initial_plan,179,1664.00000000000000000000,3269.66263919998714347400,324.84000000000000000000,1077.36138568000007751350,6335.86402487998722098750,185,96.76
2026-01-01,2026-02-01,1,At-risk,Others,start,persona_x_initial_plan,6,0.00000000000000000000,0.00000000000000000000,0.00000000000000000000,0.00000000000000000000,0.00000000000000000000,185,3.24
2026-01-01,2026-02-01,1,Active,Professeur,business,persona_x_initial_plan,1,80.00000000000000000000,80.48894399999966300000,0.00000000000000000000,7.64769994904109750000,168.13664394904076050000,1,100.0
2026-01-01,2026-02-01,1,Active,Professeur,free,persona_x_initial_plan,39,0.00000000000000000000,294.03527399999883886000,33.64000000000000000000,86.28797738465753924848,413.96325138465637810848,40,97.5
2026-01-01,2026-02-01,1,At-risk,Professeur,free,persona_x_initial_plan,1,0.00000000000000000000,0.00000000000000000000,0.00000000000000000000,0.00000000000000000000,0.00000000000000000000,40,2.5
2026-01-01,2026-02-01,1,Active,Professeur,plus,persona_x_initial_plan,3,70.00000000000000000000,3.04037999999998790000,0.00000000000000000000,2.67733344986301401200,75.71771344986300191200,3,100.0
2026-01-01,2026-02-01,1,Active,Professeur,start,persona_x_initial_plan,40,396.66666666700000000000,1204.50738599999523916000,10.84000000000000000000,709.06398901479451801653,2321.07804168178975717653,42,95.24
2026-01-01,2026-02-01,1,At-risk,Professeur,start,persona_x_initial_plan,2,0.00000000000000000000,0.00000000000000000000,0.00000000000000000000,0.00000000000000000000,0.00000000000000000000,42,4.76
2026-01-01,2026-02-01,1,Active,Repair,free,persona_x_initial_plan,14,45.15000000000000000000,116.37597599999956180000,18.20000000000000000000,59.35830544438356154440,239.08428144438312334440,15,93.33
2026-01-01,2026-02-01,1,At-risk,Repair,free,persona_x_initial_plan,1,0.00000000000000000000,0.00000000000000000000,0.00000000000000000000,0.00000000000000000000,0.00000000000000000000,15,6.67
2026-01-01,2026-02-01,1,Active,Repair,plus,persona_x_initial_plan,3,45.00000000000000000000,106.13012399999957600000,0.00000000000000000000,4.48545167287671220100,155.61557567287628820100,3,100.0
2026-01-01,2026-02-01,1,Active,Repair,start,persona_x_initial_plan,8,86.00000000000000000000,133.94624399999947740000,4.00000000000000000000,31.09495750465753583100,255.04120150465701323100,9,88.89
2026-01-01,2026-02-01,1,At-risk,Repair,start,persona_x_initial_plan,1,0.00000000000000000000,0.00000000000000000000,0.00000000000000000000,0.00000000000000000000,0.00000000000000000000,9,11.11
2026-01-01,2026-02-01,1,Active,Repair_Installation,free,persona_x_initial_plan,3,0.00000000000000000000,61.30470599999974700000,0.00000000000000000000,33.57800825150685372000,94.88271425150660072000,3,100.0
2026-01-01,2026-02-01,1,Active,Repair_Installation,plus,persona_x_initial_plan,3,70.00000000000000000000,261.78238799999906000000,0.00000000000000000000,37.35329668547945891000,369.13568468547851891000,3,100.0
2026-01-01,2026-02-01,1,Active,Repair_Installation,start,persona_x_initial_plan,7,62.00000000000000000000,123.31189799999951200000,0.00000000000000000000,29.66298421150684794400,214.97488221150635994400,7,100.0
2026-01-01,2026-02-01,1,Active,Restauration,business,persona_x_initial_plan,1,80.00000000000000000000,0.00000000000000000000,0.00000000000000000000,0.07758101041095890000,80.07758101041095890000,1,100.0
2026-01-01,2026-02-01,1,Active,Restauration,free,persona_x_initial_plan,27,79.12000000000000000000,782.99103599999690702000,31.20000000000000000000,85.51734589589041890800,978.82838189588732592800,28,96.43
2026-01-01,2026-02-01,1,At-risk,Restauration,free,persona_x_initial_plan,1,0.00000000000000000000,0.00000000000000000000,0.00000000000000000000,0.00000000000000000000,0.00000000000000000000,28,3.57
2026-01-01,2026-02-01,1,Active,Restauration,plus,persona_x_initial_plan,15,370.00000000000000000000,746.54866799999703980000,12.10000000000000000000,74.23592041369863602000,1202.88458841369567582000,15,100.0
2026-01-01,2026-02-01,1,Active,Restauration,start,persona_x_initial_plan,31,304.00000000000000000000,583.75205999999768332000,6.00000000000000000000,260.65428645863015205326,1154.40634645862783537326,34,91.18
2026-01-01,2026-02-01,1,At-risk,Restauration,start,persona_x_initial_plan,2,0.00000000000000000000,0.00000000000000000000,0.00000000000000000000,0.00000000000000000000,0.00000000000000000000,34,5.88
2026-01-01,2026-02-01,1,Never monetized,Restauration,start,persona_x_initial_plan,1,0.00000000000000000000,0.00000000000000000000,0.00000000000000000000,0.00000000000000000000,0.00000000000000000000,34,2.94
2026-01-01,2026-02-01,1,Active,Retail,business,persona_x_initial_plan,5,320.00000000000000000000,182.61847259999926610000,0.00000000000000000000,22.12113831671233266100,524.73961091671159876100,5,100.0
2026-01-01,2026-02-01,1,Active,Retail,free,persona_x_initial_plan,151,38.14521739100000000000,1246.61124899999503234200,153.21999999999999940000,471.07714507726030501946,1909.05361146825533676146,159,94.97
2026-01-01,2026-02-01,1,At-risk,Retail,free,persona_x_initial_plan,8,0.00000000000000000000,0.00000000000000000000,0.00000000000000000000,0.00000000000000000000,0.00000000000000000000,159,5.03
2026-01-01,2026-02-01,1,Active,Retail,plus,persona_x_initial_plan,41,985.00000000000000000000,1573.09197839999378684900,2.16000000000000000000,594.40498860273973095650,3154.65696700273351780550,46,89.13
2026-01-01,2026-02-01,1,At-risk,Retail,plus,persona_x_initial_plan,5,0.00000000000000000000,0.00000000000000000000,0.00000000000000000000,0.00000000000000000000,0.00000000000000000000,46,10.87
2026-01-01,2026-02-01,1,Active,Retail,start,persona_x_initial_plan,170,1704.79250000000000000000,3067.36213679998775616200,472.28000000000000000000,766.08871924821928112508,6010.52335604820703728708,179,94.97
2026-01-01,2026-02-01,1,At-risk,Retail,start,persona_x_initial_plan,8,0.00000000000000000000,0.00000000000000000000,0.00000000000000000000,0.00000000000000000000,0.00000000000000000000,179,4.47
2026-01-01,2026-02-01,1,Never monetized,Retail,start,persona_x_initial_plan,1,0.00000000000000000000,0.00000000000000000000,0.00000000000000000000,0.00000000000000000000,0.00000000000000000000,179,0.56
2026-01-01,2026-02-01,1,Active,Wholesale,business,persona_x_initial_plan,1,80.00000000000000000000,46.55303999999982500000,0.00000000000000000000,125.15991027616437000000,251.71295027616419500000,1,100.0
2026-01-01,2026-02-01,1,Active,Wholesale,free,persona_x_initial_plan,18,24.41750000000000000000,113.36806799999955173400,31.74000000000000000000,297.26383357150689294080,466.78940157150644467480,19,94.74
2026-01-01,2026-02-01,1,At-risk,Wholesale,free,persona_x_initial_plan,1,0.00000000000000000000,0.00000000000000000000,0.00000000000000000000,0.00000000000000000000,0.00000000000000000000,19,5.26
2026-01-01,2026-02-01,1,Active,Wholesale,plus,persona_x_initial_plan,10,200.00000000000000000000,380.97973979999848520000,0.00000000000000000000,594.65921823232884385600,1175.63895803232732905600,11,90.91
2026-01-01,2026-02-01,1,At-risk,Wholesale,plus,persona_x_initial_plan,1,0.00000000000000000000,0.00000000000000000000,0.00000000000000000000,0.00000000000000000000,0.00000000000000000000,11,9.09
2026-01-01,2026-02-01,1,Active,Wholesale,start,persona_x_initial_plan,26,254.00000000000000000000,190.50416999999918134000,0.00000000000000000000,124.63762203506851689340,569.14179203506769823340,27,96.3
2026-01-01,2026-02-01,1,At-risk,Wholesale,start,persona_x_initial_plan,1,0.00000000000000000000,0.00000000000000000000,0.00000000000000000000,0.00000000000000000000,0.00000000000000000000,27,3.7
2026-01-01,2026-03-01,2,Active,ALL,business,initial_plan,44,3200.00000000000000000000,2465.90990279998806809000,1330.00000000000000000000,583.36740980657539052090,7579.27731260656345861090,53,83.02
2026-01-01,2026-03-01,2,At-risk,ALL,business,initial_plan,9,0.00000000000000000000,0.00000000000000000000,0.00000000000000000000,0.00000000000000000000,0.00000000000000000000,53,16.98
2026-01-01,2026-03-01,2,Active,ALL,free,initial_plan,1037,729.74208333300000000000,7467.51323879996377094600,2129.79999999999999120000,9971.31686261260316807803,20298.37218474556693022403,1130,91.77
2026-01-01,2026-03-01,2,At-risk,ALL,free,initial_plan,88,0.00000000000000000000,0.00000000000000000000,0.00000000000000000000,0.00000000000000000000,0.00000000000000000000,1130,7.79
2026-01-01,2026-03-01,2,Never monetized,ALL,free,initial_plan,5,0.00000000000000000000,0.00000000000000000000,0.00000000000000000000,0.00000000000000000000,0.00000000000000000000,1130,0.44
2026-01-01,2026-03-01,2,Active,ALL,plus,initial_plan,328,7835.44999999900000000000,16621.93981799991890424300,2346.01999999999999800000,5029.42488819506905462573,31832.83470619398795686873,357,91.88
2026-01-01,2026-03-01,2,At-risk,ALL,plus,initial_plan,27,0.00000000000000000000,0.00000000000000000000,0.00000000000000000000,0.00000000000000000000,0.00000000000000000000,357,7.56
2026-01-01,2026-03-01,2,Never monetized,ALL,plus,initial_plan,2,0.00000000000000000000,0.00000000000000000000,0.00000000000000000000,0.00000000000000000000,0.00000000000000000000,357,0.56
2026-01-01,2026-03-01,2,Active,ALL,start,initial_plan,1108,11552.80125000000000000000,16741.29165659991911905700,3310.05999999999999770000,10474.15112521589111901106,42078.30403181581023576806,1211,91.49
2026-01-01,2026-03-01,2,At-risk,ALL,start,initial_plan,99,0.00000000000000000000,0.00000000000000000000,0.00000000000000000000,0.00000000000000000000,0.00000000000000000000,1211,8.18
2026-01-01,2026-03-01,2,Never monetized,ALL,start,initial_plan,4,0.00000000000000000000,0.00000000000000000000,0.00000000000000000000,0.00000000000000000000,0.00000000000000000000,1211,0.33
2026-01-01,2026-03-01,2,Active,ALL,ALL,overall,2517,23317.99333333200000000000,43296.65461619978986233600,9115.87999999999998690000,26058.26028583013873223572,101788.78823536192858147172,2751,91.49
2026-01-01,2026-03-01,2,At-risk,ALL,ALL,overall,223,0.00000000000000000000,0.00000000000000000000,0.00000000000000000000,0.00000000000000000000,0.00000000000000000000,2751,8.11
2026-01-01,2026-03-01,2,Never monetized,ALL,ALL,overall,11,0.00000000000000000000,0.00000000000000000000,0.00000000000000000000,0.00000000000000000000,0.00000000000000000000,2751,0.4
2026-01-01,2026-03-01,2,Active,Automobile_Trade_Repair,ALL,persona,118,1444.34000000000000000000,3430.44738719998323295000,1577.84000000000000000000,898.07386438082198061073,7350.70125158080521356073,126,93.65
2026-01-01,2026-03-01,2,At-risk,Automobile_Trade_Repair,ALL,persona,8,0.00000000000000000000,0.00000000000000000000,0.00000000000000000000,0.00000000000000000000,0.00000000000000000000,126,6.35
2026-01-01,2026-03-01,2,Active,BTP,ALL,persona,453,5284.71666666600000000000,12254.59268459994017295800,1105.11999999999999400000,6382.79939621589036759463,25027.22874748183053455263,491,92.26
2026-01-01,2026-03-01,2,At-risk,BTP,ALL,persona,36,0.00000000000000000000,0.00000000000000000000,0.00000000000000000000,0.00000000000000000000,0.00000000000000000000,491,7.33
2026-01-01,2026-03-01,2,Never monetized,BTP,ALL,persona,2,0.00000000000000000000,0.00000000000000000000,0.00000000000000000000,0.00000000000000000000,0.00000000000000000000,491,0.41
2026-01-01,2026-03-01,2,Active,Bankers_Insurance,ALL,persona,46,229.00000000000000000000,268.70698799999871156000,77.19999999999999400000,1216.70160624493158305000,1791.60859424493028861000,47,97.87
2026-01-01,2026-03-01,2,At-risk,Bankers_Insurance,ALL,persona,1,0.00000000000000000000,0.00000000000000000000,0.00000000000000000000,0.00000000000000000000,0.00000000000000000000,47,2.13
2026-01-01,2026-03-01,2,Active,Bikers_Drivers,ALL,persona,132,1677.43000000000000000000,3018.11259599998560540000,301.77999999999999800000,803.07264210739733001179,5800.39523810738293341179,154,85.71
2026-01-01,2026-03-01,2,At-risk,Bikers_Drivers,ALL,persona,21,0.00000000000000000000,0.00000000000000000000,0.00000000000000000000,0.00000000000000000000,0.00000000000000000000,154,13.64
2026-01-01,2026-03-01,2,Never monetized,Bikers_Drivers,ALL,persona,1,0.00000000000000000000,0.00000000000000000000,0.00000000000000000000,0.00000000000000000000,0.00000000000000000000,154,0.65
2026-01-01,2026-03-01,2,Active,Cleaning_CallCenters,ALL,persona,11,58.00000000000000000000,63.70390799999969493000,20.54000000000000000000,36.17329247780821674500,178.41720047780791167500,11,100.0
2026-01-01,2026-03-01,2,Active,Consultant,ALL,persona,453,3178.66666666600000000000,5539.20398999997342247000,815.39999999999999940000,5742.33164312328855435812,15275.60229978926197622812,488,92.83
2026-01-01,2026-03-01,2,At-risk,Consultant,ALL,persona,34,0.00000000000000000000,0.00000000000000000000,0.00000000000000000000,0.00000000000000000000,0.00000000000000000000,488,6.97
2026-01-01,2026-03-01,2,Never monetized,Consultant,ALL,persona,1,0.00000000000000000000,0.00000000000000000000,0.00000000000000000000,0.00000000000000000000,0.00000000000000000000,488,0.2
2026-01-01,2026-03-01,2,Active,Developer_IT,ALL,persona,191,1628.40333333300000000000,3986.12015999998036518000,152.63999999999999950000,2560.90670794739742824890,8328.07020128037779292890,211,90.52
2026-01-01,2026-03-01,2,At-risk,Developer_IT,ALL,persona,18,0.00000000000000000000,0.00000000000000000000,0.00000000000000000000,0.00000000000000000000,0.00000000000000000000,211,8.53
2026-01-01,2026-03-01,2,Never monetized,Developer_IT,ALL,persona,2,0.00000000000000000000,0.00000000000000000000,0.00000000000000000000,0.00000000000000000000,0.00000000000000000000,211,0.95
2026-01-01,2026-03-01,2,Active,Media_Publishing,ALL,persona,100,678.87500000000000000000,1135.03701419999459402000,129.82000000000000200000,865.73598894356168306400,2809.46800314355627908400,105,95.24
2026-01-01,2026-03-01,2,At-risk,Media_Publishing,ALL,persona,3,0.00000000000000000000,0.00000000000000000000,0.00000000000000000000,0.00000000000000000000,0.00000000000000000000,105,2.86
2026-01-01,2026-03-01,2,Never monetized,Media_Publishing,ALL,persona,2,0.00000000000000000000,0.00000000000000000000,0.00000000000000000000,0.00000000000000000000,0.00000000000000000000,105,1.9
2026-01-01,2026-03-01,2,Active,Medical_Professionals,ALL,persona,29,259.00000000000000000000,115.61198399999944130000,12.40000000000000000000,297.19401628000002271400,684.20600027999946401400,30,96.67
2026-01-01,2026-03-01,2,At-risk,Medical_Professionals,ALL,persona,1,0.00000000000000000000,0.00000000000000000000,0.00000000000000000000,0.00000000000000000000,0.00000000000000000000,30,3.33
2026-01-01,2026-03-01,2,Active,Others,ALL,persona,395,3584.92625000000000000000,3842.31182039998122061000,1515.82000000000000000000,2712.02900067232899108244,11655.08707107231021169244,437,90.39
2026-01-01,2026-03-01,2,At-risk,Others,ALL,persona,41,0.00000000000000000000,0.00000000000000000000,0.00000000000000000000,0.00000000000000000000,0.00000000000000000000,437,9.38
2026-01-01,2026-03-01,2,Never monetized,Others,ALL,persona,1,0.00000000000000000000,0.00000000000000000000,0.00000000000000000000,0.00000000000000000000,0.00000000000000000000,437,0.23
2026-01-01,2026-03-01,2,Active,Professeur,ALL,persona,83,568.66666666700000000000,826.24210199999592514400,349.40000000000000000000,774.91305174739728680048,2519.22182041439321194448,86,96.51
2026-01-01,2026-03-01,2,At-risk,Professeur,ALL,persona,3,0.00000000000000000000,0.00000000000000000000,0.00000000000000000000,0.00000000000000000000,0.00000000000000000000,86,3.49
2026-01-01,2026-03-01,2,Active,Repair,ALL,persona,23,156.00000000000000000000,223.10483399999890965000,40.80000000000000000000,125.01210203178082379290,544.91693603177973344290,27,85.19
2026-01-01,2026-03-01,2,At-risk,Repair,ALL,persona,4,0.00000000000000000000,0.00000000000000000000,0.00000000000000000000,0.00000000000000000000,0.00000000000000000000,27,14.81
2026-01-01,2026-03-01,2,Active,Repair_Installation,ALL,persona,13,143.00000000000000000000,612.52585199999704365000,9.60000000000000000000,213.89161967397262203700,979.01747167396966568700,13,100.0
2026-01-01,2026-03-01,2,Active,Restauration,ALL,persona,70,849.57000000000000000000,2310.04821599998876939300,533.48000000000000000000,646.18676008493151561613,4339.28497608492028500913,78,89.74
2026-01-01,2026-03-01,2,At-risk,Restauration,ALL,persona,7,0.00000000000000000000,0.00000000000000000000,0.00000000000000000000,0.00000000000000000000,0.00000000000000000000,78,8.97
2026-01-01,2026-03-01,2,Never monetized,Restauration,ALL,persona,1,0.00000000000000000000,0.00000000000000000000,0.00000000000000000000,0.00000000000000000000,0.00000000000000000000,78,1.28
2026-01-01,2026-03-01,2,Active,Retail,ALL,persona,349,2989.39875000000000000000,4765.10509799997710225100,2336.80000000000000000000,1816.11501777917818268037,11907.41886577915528493137,389,89.72
2026-01-01,2026-03-01,2,At-risk,Retail,ALL,persona,39,0.00000000000000000000,0.00000000000000000000,0.00000000000000000000,0.00000000000000000000,0.00000000000000000000,389,10.03
2026-01-01,2026-03-01,2,Never monetized,Retail,ALL,persona,1,0.00000000000000000000,0.00000000000000000000,0.00000000000000000000,0.00000000000000000000,0.00000000000000000000,389,0.26
2026-01-01,2026-03-01,2,Active,Wholesale,ALL,persona,51,588.00000000000000000000,905.77998179999565087000,137.24000000000000000000,967.12357611945214382923,2598.14355791944779469923,58,87.93
2026-01-01,2026-03-01,2,At-risk,Wholesale,ALL,persona,7,0.00000000000000000000,0.00000000000000000000,0.00000000000000000000,0.00000000000000000000,0.00000000000000000000,58,12.07
2026-01-01,2026-03-01,2,Active,Automobile_Trade_Repair,business,persona_x_initial_plan,3,160.00000000000000000000,596.01871799999725000000,974.00000000000000000000,124.75547414904110090000,1854.77419214903835090000,3,100.0
2026-01-01,2026-03-01,2,Active,Automobile_Trade_Repair,free,persona_x_initial_plan,40,26.34000000000000000000,155.74911299999921973000,65.40000000000000000000,135.48530808054795279693,382.97442108054717252693,42,95.24
2026-01-01,2026-03-01,2,At-risk,Automobile_Trade_Repair,free,persona_x_initial_plan,2,0.00000000000000000000,0.00000000000000000000,0.00000000000000000000,0.00000000000000000000,0.00000000000000000000,42,4.76
2026-01-01,2026-03-01,2,Active,Automobile_Trade_Repair,plus,persona_x_initial_plan,34,800.00000000000000000000,2161.18882619998927847000,427.20000000000000000000,519.51039171506854222850,3907.89921791505782069850,37,91.89
2026-01-01,2026-03-01,2,At-risk,Automobile_Trade_Repair,plus,persona_x_initial_plan,3,0.00000000000000000000,0.00000000000000000000,0.00000000000000000000,0.00000000000000000000,0.00000000000000000000,37,8.11
2026-01-01,2026-03-01,2,Active,Automobile_Trade_Repair,start,persona_x_initial_plan,41,458.00000000000000000000,517.49072999999748475000,111.24000000000000000000,118.32269043616438468530,1205.05342043616186943530,44,93.18
2026-01-01,2026-03-01,2,At-risk,Automobile_Trade_Repair,start,persona_x_initial_plan,3,0.00000000000000000000,0.00000000000000000000,0.00000000000000000000,0.00000000000000000000,0.00000000000000000000,44,6.82
2026-01-01,2026-03-01,2,Active,BTP,business,persona_x_initial_plan,14,1120.00000000000000000000,738.91760399999636319000,9.64000000000000000000,126.85019417753423975010,1995.40779817753060294010,15,93.33
2026-01-01,2026-03-01,2,At-risk,BTP,business,persona_x_initial_plan,1,0.00000000000000000000,0.00000000000000000000,0.00000000000000000000,0.00000000000000000000,0.00000000000000000000,15,6.67
2026-01-01,2026-03-01,2,Active,BTP,free,persona_x_initial_plan,174,144.05000000000000000000,1917.54264419999067518000,548.25999999999999670000,3109.51701485753407780184,5719.36965905752474968184,191,91.1
2026-01-01,2026-03-01,2,At-risk,BTP,free,persona_x_initial_plan,15,0.00000000000000000000,0.00000000000000000000,0.00000000000000000000,0.00000000000000000000,0.00000000000000000000,191,7.85
2026-01-01,2026-03-01,2,Never monetized,BTP,free,persona_x_initial_plan,2,0.00000000000000000000,0.00000000000000000000,0.00000000000000000000,0.00000000000000000000,0.00000000000000000000,191,1.05
2026-01-01,2026-03-01,2,Active,BTP,plus,persona_x_initial_plan,87,2062.66666666600000000000,6101.18382599997004395900,286.29999999999999800000,1050.58749251342476464540,9500.73798517939480660440,91,95.6
2026-01-01,2026-03-01,2,At-risk,BTP,plus,persona_x_initial_plan,4,0.00000000000000000000,0.00000000000000000000,0.00000000000000000000,0.00000000000000000000,0.00000000000000000000,91,4.4
2026-01-01,2026-03-01,2,Active,BTP,start,persona_x_initial_plan,178,1958.00000000000000000000,3496.94861039998309062900,260.91999999999999930000,2095.84469466739728539729,7811.71330506738037532629,194,91.75
2026-01-01,2026-03-01,2,At-risk,BTP,start,persona_x_initial_plan,16,0.00000000000000000000,0.00000000000000000000,0.00000000000000000000,0.00000000000000000000,0.00000000000000000000,194,8.25
2026-01-01,2026-03-01,2,Active,Bankers_Insurance,free,persona_x_initial_plan,26,9.00000000000000000000,181.73039399999913680000,73.19999999999999400000,871.88621712273976956100,1135.81661112273890036100,26,100.0
2026-01-01,2026-03-01,2,Active,Bankers_Insurance,plus,persona_x_initial_plan,3,70.00000000000000000000,68.50394999999966520000,0.00000000000000000000,101.15298171726028938000,239.65693171725995458000,3,100.0
2026-01-01,2026-03-01,2,Active,Bankers_Insurance,start,persona_x_initial_plan,17,150.00000000000000000000,18.47264399999990956000,4.00000000000000000000,243.66240740493152410900,416.13505140493143366900,18,94.44
2026-01-01,2026-03-01,2,At-risk,Bankers_Insurance,start,persona_x_initial_plan,1,0.00000000000000000000,0.00000000000000000000,0.00000000000000000000,0.00000000000000000000,0.00000000000000000000,18,5.56
2026-01-01,2026-03-01,2,Active,Bikers_Drivers,business,persona_x_initial_plan,6,480.00000000000000000000,421.93691999999797000000,0.00000000000000000000,201.85518324986305669000,1103.79210324986102669000,7,85.71
2026-01-01,2026-03-01,2,At-risk,Bikers_Drivers,business,persona_x_initial_plan,1,0.00000000000000000000,0.00000000000000000000,0.00000000000000000000,0.00000000000000000000,0.00000000000000000000,7,14.29
2026-01-01,2026-03-01,2,Active,Bikers_Drivers,free,persona_x_initial_plan,39,87.43000000000000000000,261.44063999999877629000,88.23999999999999800000,122.51517746575342473275,559.62581746575219902275,44,88.64
2026-01-01,2026-03-01,2,At-risk,Bikers_Drivers,free,persona_x_initial_plan,5,0.00000000000000000000,0.00000000000000000000,0.00000000000000000000,0.00000000000000000000,0.00000000000000000000,44,11.36
2026-01-01,2026-03-01,2,Active,Bikers_Drivers,plus,persona_x_initial_plan,18,415.00000000000000000000,207.99847799999898897000,95.12000000000000000000,102.77819719726028736498,820.89667519725927633498,19,94.74
2026-01-01,2026-03-01,2,Never monetized,Bikers_Drivers,plus,persona_x_initial_plan,1,0.00000000000000000000,0.00000000000000000000,0.00000000000000000000,0.00000000000000000000,0.00000000000000000000,19,5.26
2026-01-01,2026-03-01,2,Active,Bikers_Drivers,start,persona_x_initial_plan,69,695.00000000000000000000,2126.73655799998987014000,118.42000000000000000000,375.92408419452056122406,3316.08064219451043136406,84,82.14
2026-01-01,2026-03-01,2,At-risk,Bikers_Drivers,start,persona_x_initial_plan,15,0.00000000000000000000,0.00000000000000000000,0.00000000000000000000,0.00000000000000000000,0.00000000000000000000,84,17.86
2026-01-01,2026-03-01,2,Active,Cleaning_CallCenters,free,persona_x_initial_plan,7,0.00000000000000000000,0.71711999999999643000,10.40000000000000000000,8.82106323342465631500,19.93818323342465274500,7,100.0
2026-01-01,2026-03-01,2,Active,Cleaning_CallCenters,plus,persona_x_initial_plan,1,25.00000000000000000000,59.45459399999971600000,10.14000000000000000000,19.42457072273972300000,114.01916472273943900000,1,100.0
2026-01-01,2026-03-01,2,Active,Cleaning_CallCenters,start,persona_x_initial_plan,3,33.00000000000000000000,3.53219399999998250000,0.00000000000000000000,7.92765852164383743000,44.45985252164381993000,3,100.0
2026-01-01,2026-03-01,2,Active,Consultant,business,persona_x_initial_plan,3,240.00000000000000000000,80.01881999999961180000,7.84000000000000000000,8.36683992767123414880,336.22565992767084594880,5,60.0
2026-01-01,2026-03-01,2,At-risk,Consultant,business,persona_x_initial_plan,2,0.00000000000000000000,0.00000000000000000000,0.00000000000000000000,0.00000000000000000000,0.00000000000000000000,5,40.0
2026-01-01,2026-03-01,2,Active,Consultant,free,persona_x_initial_plan,207,73.00000000000000000000,893.48479379999568706000,258.48000000000000100000,1925.46743895178101818542,3150.43223275177670624542,226,91.59
2026-01-01,2026-03-01,2,At-risk,Consultant,free,persona_x_initial_plan,18,0.00000000000000000000,0.00000000000000000000,0.00000000000000000000,0.00000000000000000000,0.00000000000000000000,226,7.96
2026-01-01,2026-03-01,2,Never monetized,Consultant,free,persona_x_initial_plan,1,0.00000000000000000000,0.00000000000000000000,0.00000000000000000000,0.00000000000000000000,0.00000000000000000000,226,0.44
2026-01-01,2026-03-01,2,Active,Consultant,plus,persona_x_initial_plan,34,778.33333333300000000000,1183.40542079999432670000,35.06000000000000000000,1423.30724284054829605030,3420.10599697354262275030,38,89.47
2026-01-01,2026-03-01,2,At-risk,Consultant,plus,persona_x_initial_plan,4,0.00000000000000000000,0.00000000000000000000,0.00000000000000000000,0.00000000000000000000,0.00000000000000000000,38,10.53
2026-01-01,2026-03-01,2,Active,Consultant,start,persona_x_initial_plan,209,2087.33333333300000000000,3382.29495539998379691000,514.01999999999999840000,2385.19012140328800597360,8368.83841013627180128360,219,95.43
2026-01-01,2026-03-01,2,At-risk,Consultant,start,persona_x_initial_plan,10,0.00000000000000000000,0.00000000000000000000,0.00000000000000000000,0.00000000000000000000,0.00000000000000000000,219,4.57
2026-01-01,2026-03-01,2,Active,Developer_IT,business,persona_x_initial_plan,5,320.00000000000000000000,5.21911799999997420000,0.70000000000000000000,10.23336513863013825000,336.15248313863011245000,5,100.0
2026-01-01,2026-03-01,2,Active,Developer_IT,free,persona_x_initial_plan,83,13.95333333300000000000,620.66041919999685239000,82.37999999999999950000,1037.91698758136988282850,1754.91074011436673471850,93,89.25
2026-01-01,2026-03-01,2,At-risk,Developer_IT,free,persona_x_initial_plan,10,0.00000000000000000000,0.00000000000000000000,0.00000000000000000000,0.00000000000000000000,0.00000000000000000000,93,10.75
2026-01-01,2026-03-01,2,Active,Developer_IT,plus,persona_x_initial_plan,20,518.45000000000000000000,2911.99058819998569820000,12.26000000000000000000,360.40183312164384593490,3803.10242132162954413490,22,90.91
2026-01-01,2026-03-01,2,At-risk,Developer_IT,plus,persona_x_initial_plan,1,0.00000000000000000000,0.00000000000000000000,0.00000000000000000000,0.00000000000000000000,0.00000000000000000000,22,4.55
2026-01-01,2026-03-01,2,Never monetized,Developer_IT,plus,persona_x_initial_plan,1,0.00000000000000000000,0.00000000000000000000,0.00000000000000000000,0.00000000000000000000,0.00000000000000000000,22,4.55
2026-01-01,2026-03-01,2,Active,Developer_IT,start,persona_x_initial_plan,83,776.00000000000000000000,448.25003459999784039000,57.30000000000000000000,1152.35452210575356123550,2433.90455670575140162550,91,91.21
2026-01-01,2026-03-01,2,At-risk,Developer_IT,start,persona_x_initial_plan,7,0.00000000000000000000,0.00000000000000000000,0.00000000000000000000,0.00000000000000000000,0.00000000000000000000,91,7.69
2026-01-01,2026-03-01,2,Never monetized,Developer_IT,start,persona_x_initial_plan,1,0.00000000000000000000,0.00000000000000000000,0.00000000000000000000,0.00000000000000000000,0.00000000000000000000,91,1.1
2026-01-01,2026-03-01,2,Active,Media_Publishing,free,persona_x_initial_plan,39,11.00000000000000000000,252.82011599999877721000,92.50000000000000200000,235.76358335506852912570,592.08369935506730833570,43,90.7
2026-01-01,2026-03-01,2,At-risk,Media_Publishing,free,persona_x_initial_plan,3,0.00000000000000000000,0.00000000000000000000,0.00000000000000000000,0.00000000000000000000,0.00000000000000000000,43,6.98
2026-01-01,2026-03-01,2,Never monetized,Media_Publishing,free,persona_x_initial_plan,1,0.00000000000000000000,0.00000000000000000000,0.00000000000000000000,0.00000000000000000000,0.00000000000000000000,43,2.33
2026-01-01,2026-03-01,2,Active,Media_Publishing,plus,persona_x_initial_plan,6,120.00000000000000000000,205.08794999999904927000,20.96000000000000000000,22.48241427780821755000,368.53036427780726682000,6,100.0
2026-01-01,2026-03-01,2,Active,Media_Publishing,start,persona_x_initial_plan,55,547.87500000000000000000,677.12894819999676754000,16.36000000000000000000,607.48999131068493638830,1848.85393951068170392830,56,98.21
2026-01-01,2026-03-01,2,Never monetized,Media_Publishing,start,persona_x_initial_plan,1,0.00000000000000000000,0.00000000000000000000,0.00000000000000000000,0.00000000000000000000,0.00000000000000000000,56,1.79
2026-01-01,2026-03-01,2,Active,Medical_Professionals,free,persona_x_initial_plan,9,11.00000000000000000000,32.71985999999983820000,12.40000000000000000000,80.41109269205479931000,136.53095269205463751000,9,100.0
2026-01-01,2026-03-01,2,Active,Medical_Professionals,plus,persona_x_initial_plan,2,50.00000000000000000000,0.24623999999999882000,0.00000000000000000000,25.64081487999999660000,75.88705487999999542000,2,100.0
2026-01-01,2026-03-01,2,Active,Medical_Professionals,start,persona_x_initial_plan,18,198.00000000000000000000,82.64588399999960428000,0.00000000000000000000,191.14210870794522680400,471.78799270794483108400,19,94.74
2026-01-01,2026-03-01,2,At-risk,Medical_Professionals,start,persona_x_initial_plan,1,0.00000000000000000000,0.00000000000000000000,0.00000000000000000000,0.00000000000000000000,0.00000000000000000000,19,5.26
2026-01-01,2026-03-01,2,Active,Others,business,persona_x_initial_plan,7,400.00000000000000000000,190.36084679999902400000,47.88000000000000000000,42.02064393260273740200,680.26149073260176140200,10,70.0
2026-01-01,2026-03-01,2,At-risk,Others,business,persona_x_initial_plan,3,0.00000000000000000000,0.00000000000000000000,0.00000000000000000000,0.00000000000000000000,0.00000000000000000000,10,30.0
2026-01-01,2026-03-01,2,Active,Others,free,persona_x_initial_plan,172,145.25000000000000000000,790.42172399999614443900,436.38000000000000000000,1257.32398231671249619607,2629.37570631670864063507,185,92.97
2026-01-01,2026-03-01,2,At-risk,Others,free,persona_x_initial_plan,12,0.00000000000000000000,0.00000000000000000000,0.00000000000000000000,0.00000000000000000000,0.00000000000000000000,185,6.49
2026-01-01,2026-03-01,2,Never monetized,Others,free,persona_x_initial_plan,1,0.00000000000000000000,0.00000000000000000000,0.00000000000000000000,0.00000000000000000000,0.00000000000000000000,185,0.54
2026-01-01,2026-03-01,2,Active,Others,plus,persona_x_initial_plan,51,1245.00000000000000000000,896.11838819999567006000,505.42000000000000000000,340.30171243452053214577,2986.84010063451620220577,57,89.47
2026-01-01,2026-03-01,2,At-risk,Others,plus,persona_x_initial_plan,6,0.00000000000000000000,0.00000000000000000000,0.00000000000000000000,0.00000000000000000000,0.00000000000000000000,57,10.53
2026-01-01,2026-03-01,2,Active,Others,start,persona_x_initial_plan,165,1794.67625000000000000000,1965.41086139999038211100,526.14000000000000000000,1072.38266198849322533860,5358.60977338848360744960,185,89.19
2026-01-01,2026-03-01,2,At-risk,Others,start,persona_x_initial_plan,20,0.00000000000000000000,0.00000000000000000000,0.00000000000000000000,0.00000000000000000000,0.00000000000000000000,185,10.81
2026-01-01,2026-03-01,2,Active,Professeur,business,persona_x_initial_plan,1,80.00000000000000000000,227.44889999999887000000,287.50000000000000000000,18.03023795506849700000,612.97913795506736700000,1,100.0
2026-01-01,2026-03-01,2,Active,Professeur,free,persona_x_initial_plan,39,0.00000000000000000000,188.80630199999909045000,41.20000000000000000000,156.19488388712332036502,386.20118588712241081502,40,97.5
2026-01-01,2026-03-01,2,At-risk,Professeur,free,persona_x_initial_plan,1,0.00000000000000000000,0.00000000000000000000,0.00000000000000000000,0.00000000000000000000,0.00000000000000000000,40,2.5
2026-01-01,2026-03-01,2,Active,Professeur,plus,persona_x_initial_plan,3,70.00000000000000000000,15.32078999999992600000,0.00000000000000000000,7.52319483342465792200,92.84398483342458392200,3,100.0
2026-01-01,2026-03-01,2,Active,Professeur,start,persona_x_initial_plan,40,418.66666666700000000000,394.66610999999803869400,20.70000000000000000000,593.16473507178081151346,1427.19751173877885020746,42,95.24
2026-01-01,2026-03-01,2,At-risk,Professeur,start,persona_x_initial_plan,2,0.00000000000000000000,0.00000000000000000000,0.00000000000000000000,0.00000000000000000000,0.00000000000000000000,42,4.76
2026-01-01,2026-03-01,2,Active,Repair,free,persona_x_initial_plan,14,36.00000000000000000000,55.24408799999972605000,20.80000000000000000000,51.28109993424657421590,163.32518793424630026590,15,93.33
2026-01-01,2026-03-01,2,At-risk,Repair,free,persona_x_initial_plan,1,0.00000000000000000000,0.00000000000000000000,0.00000000000000000000,0.00000000000000000000,0.00000000000000000000,15,6.67
2026-01-01,2026-03-01,2,Active,Repair,plus,persona_x_initial_plan,2,45.00000000000000000000,10.07256599999995130000,0.00000000000000000000,0.74008792000000015000,55.81265391999995145000,3,66.67
2026-01-01,2026-03-01,2,At-risk,Repair,plus,persona_x_initial_plan,1,0.00000000000000000000,0.00000000000000000000,0.00000000000000000000,0.00000000000000000000,0.00000000000000000000,3,33.33
2026-01-01,2026-03-01,2,Active,Repair,start,persona_x_initial_plan,7,75.00000000000000000000,157.78817999999923230000,20.00000000000000000000,72.99091417753424942700,325.77909417753348172700,9,77.78
2026-01-01,2026-03-01,2,At-risk,Repair,start,persona_x_initial_plan,2,0.00000000000000000000,0.00000000000000000000,0.00000000000000000000,0.00000000000000000000,0.00000000000000000000,9,22.22
2026-01-01,2026-03-01,2,Active,Repair_Installation,free,persona_x_initial_plan,3,0.00000000000000000000,56.15447399999971600000,9.60000000000000000000,36.14537054958904526700,101.89984454958876126700,3,100.0
2026-01-01,2026-03-01,2,Active,Repair_Installation,plus,persona_x_initial_plan,3,70.00000000000000000000,322.60391999999848000000,0.00000000000000000000,38.98407836054794860000,431.58799836054642860000,3,100.0
2026-01-01,2026-03-01,2,Active,Repair_Installation,start,persona_x_initial_plan,7,73.00000000000000000000,233.76745799999884765000,0.00000000000000000000,138.76217076383562817000,445.52962876383447582000,7,100.0
2026-01-01,2026-03-01,2,Active,Restauration,business,persona_x_initial_plan,1,80.00000000000000000000,3.67199999999998190000,0.00000000000000000000,0.22478428000000006000,83.89678427999998196000,1,100.0
2026-01-01,2026-03-01,2,Active,Restauration,free,persona_x_initial_plan,25,94.32000000000000000000,713.01144599999654447000,43.56000000000000000000,107.46138230301370082460,958.35282830301024529460,28,89.29
2026-01-01,2026-03-01,2,At-risk,Restauration,free,persona_x_initial_plan,3,0.00000000000000000000,0.00000000000000000000,0.00000000000000000000,0.00000000000000000000,0.00000000000000000000,28,10.71
2026-01-01,2026-03-01,2,Active,Restauration,plus,persona_x_initial_plan,14,345.00000000000000000000,739.07602199999642867000,66.92000000000000000000,97.44392941808220058233,1248.43995141807862925233,15,93.33
2026-01-01,2026-03-01,2,At-risk,Restauration,plus,persona_x_initial_plan,1,0.00000000000000000000,0.00000000000000000000,0.00000000000000000000,0.00000000000000000000,0.00000000000000000000,15,6.67
2026-01-01,2026-03-01,2,Active,Restauration,start,persona_x_initial_plan,30,330.25000000000000000000,854.28874799999581435300,423.00000000000000000000,441.05666408383561414920,2048.59541208383142850220,34,88.24
2026-01-01,2026-03-01,2,At-risk,Restauration,start,persona_x_initial_plan,3,0.00000000000000000000,0.00000000000000000000,0.00000000000000000000,0.00000000000000000000,0.00000000000000000000,34,8.82
2026-01-01,2026-03-01,2,Never monetized,Restauration,start,persona_x_initial_plan,1,0.00000000000000000000,0.00000000000000000000,0.00000000000000000000,0.00000000000000000000,0.00000000000000000000,34,2.94
2026-01-01,2026-03-01,2,Active,Retail,business,persona_x_initial_plan,3,240.00000000000000000000,202.31697599999902300000,2.44000000000000000000,28.35442627671233332000,473.11140227671135632000,5,60.0
2026-01-01,2026-03-01,2,At-risk,Retail,business,persona_x_initial_plan,2,0.00000000000000000000,0.00000000000000000000,0.00000000000000000000,0.00000000000000000000,0.00000000000000000000,5,40.0
2026-01-01,2026-03-01,2,Active,Retail,free,persona_x_initial_plan,143,49.39875000000000000000,1239.18187859999411097700,313.46000000000000000000,556.29409675890416487150,2158.33472535889827584850,159,89.94
2026-01-01,2026-03-01,2,At-risk,Retail,free,persona_x_initial_plan,16,0.00000000000000000000,0.00000000000000000000,0.00000000000000000000,0.00000000000000000000,0.00000000000000000000,159,10.06
2026-01-01,2026-03-01,2,Active,Retail,plus,persona_x_initial_plan,41,996.00000000000000000000,1311.12447479999374052400,805.34000000000000000000,434.52642492602732924155,3546.99089972602106976555,46,89.13
2026-01-01,2026-03-01,2,At-risk,Retail,plus,persona_x_initial_plan,5,0.00000000000000000000,0.00000000000000000000,0.00000000000000000000,0.00000000000000000000,0.00000000000000000000,46,10.87
2026-01-01,2026-03-01,2,Active,Retail,start,persona_x_initial_plan,162,1704.00000000000000000000,2012.48176859999022775000,1215.56000000000000000000,796.94006981753435524732,5728.98183841752458299732,179,90.5
2026-01-01,2026-03-01,2,At-risk,Retail,start,persona_x_initial_plan,16,0.00000000000000000000,0.00000000000000000000,0.00000000000000000000,0.00000000000000000000,0.00000000000000000000,179,8.94
2026-01-01,2026-03-01,2,Never monetized,Retail,start,persona_x_initial_plan,1,0.00000000000000000000,0.00000000000000000000,0.00000000000000000000,0.00000000000000000000,0.00000000000000000000,179,0.56
2026-01-01,2026-03-01,2,Active,Wholesale,business,persona_x_initial_plan,1,80.00000000000000000000,0.00000000000000000000,0.00000000000000000000,22.67626071945205300000,102.67626071945205300000,1,100.0
2026-01-01,2026-03-01,2,Active,Wholesale,free,persona_x_initial_plan,17,29.00000000000000000000,107.82822599999947927000,33.54000000000000000000,278.83216352273975568080,449.20038952273923495080,19,89.47
2026-01-01,2026-03-01,2,At-risk,Wholesale,free,persona_x_initial_plan,2,0.00000000000000000000,0.00000000000000000000,0.00000000000000000000,0.00000000000000000000,0.00000000000000000000,19,10.53
2026-01-01,2026-03-01,2,Active,Wholesale,plus,persona_x_initial_plan,9,225.00000000000000000000,428.56378379999794210000,81.30000000000000000000,484.61952131671242323000,1219.48330511671036533000,11,81.82
2026-01-01,2026-03-01,2,At-risk,Wholesale,plus,persona_x_initial_plan,2,0.00000000000000000000,0.00000000000000000000,0.00000000000000000000,0.00000000000000000000,0.00000000000000000000,11,18.18
2026-01-01,2026-03-01,2,Active,Wholesale,start,persona_x_initial_plan,24,254.00000000000000000000,369.38797199999822950000,22.40000000000000000000,180.99563056054791191843,826.78360256054614141843,27,88.89
2026-01-01,2026-03-01,2,At-risk,Wholesale,start,persona_x_initial_plan,3,0.00000000000000000000,0.00000000000000000000,0.00000000000000000000,0.00000000000000000000,0.00000000000000000000,27,11.11
2026-01-01,2026-04-01,3,Active,ALL,business,initial_plan,42,2941.00000000000000000000,3062.96030159998337647000,227.00000000000000000000,535.65122620219183106410,6766.61152780217520753410,53,79.25
2026-01-01,2026-04-01,3,At-risk,ALL,business,initial_plan,9,0.00000000000000000000,0.00000000000000000000,0.00000000000000000000,0.00000000000000000000,0.00000000000000000000,53,16.98
2026-01-01,2026-04-01,3,Churned proxy,ALL,business,initial_plan,2,0.00000000000000000000,0.00000000000000000000,0.00000000000000000000,0.00000000000000000000,0.00000000000000000000,53,3.77
2026-01-01,2026-04-01,3,Active,ALL,free,initial_plan,1016,840.59016685200000200000,7029.82049759996198066800,1598.90000000000000308000,9074.21604884273982678960,18543.52671329470181253760,1130,89.91
2026-01-01,2026-04-01,3,At-risk,ALL,free,initial_plan,76,0.00000000000000000000,0.00000000000000000000,0.00000000000000000000,0.00000000000000000000,0.00000000000000000000,1130,6.73
2026-01-01,2026-04-01,3,Churned proxy,ALL,free,initial_plan,34,0.00000000000000000000,0.00000000000000000000,0.00000000000000000000,0.00000000000000000000,0.00000000000000000000,1130,3.01
2026-01-01,2026-04-01,3,Never monetized,ALL,free,initial_plan,4,0.00000000000000000000,0.00000000000000000000,0.00000000000000000000,0.00000000000000000000,0.00000000000000000000,1130,0.35
2026-01-01,2026-04-01,3,Active,ALL,plus,initial_plan,314,7431.86568548300000000000,16154.80741439991208281700,1870.36000000000000200000,5084.27119906246571823156,30541.30429894537780304856,357,87.96
2026-01-01,2026-04-01,3,At-risk,ALL,plus,initial_plan,30,0.00000000000000000000,0.00000000000000000000,0.00000000000000000000,0.00000000000000000000,0.00000000000000000000,357,8.4
2026-01-01,2026-04-01,3,Churned proxy,ALL,plus,initial_plan,11,0.00000000000000000000,0.00000000000000000000,0.00000000000000000000,0.00000000000000000000,0.00000000000000000000,357,3.08
2026-01-01,2026-04-01,3,Never monetized,ALL,plus,initial_plan,2,0.00000000000000000000,0.00000000000000000000,0.00000000000000000000,0.00000000000000000000,0.00000000000000000000,357,0.56
2026-01-01,2026-04-01,3,Active,ALL,start,initial_plan,1090,11359.48125000000000000000,18436.28028659989971603400,3010.76000000000000000000,12050.72151947835690930461,44857.24305607825662533861,1211,90.01
2026-01-01,2026-04-01,3,At-risk,ALL,start,initial_plan,74,0.00000000000000000000,0.00000000000000000000,0.00000000000000000000,0.00000000000000000000,0.00000000000000000000,1211,6.11
2026-01-01,2026-04-01,3,Churned proxy,ALL,start,initial_plan,43,0.00000000000000000000,0.00000000000000000000,0.00000000000000000000,0.00000000000000000000,0.00000000000000000000,1211,3.55
2026-01-01,2026-04-01,3,Never monetized,ALL,start,initial_plan,4,0.00000000000000000000,0.00000000000000000000,0.00000000000000000000,0.00000000000000000000,0.00000000000000000000,1211,0.33
2026-01-01,2026-04-01,3,Active,ALL,ALL,overall,2462,22572.93710233500000200000,44683.86850019975715598900,6707.02000000000000508000,26744.85999358575428538987,100708.68559612051144845887,2751,89.49
2026-01-01,2026-04-01,3,At-risk,ALL,ALL,overall,189,0.00000000000000000000,0.00000000000000000000,0.00000000000000000000,0.00000000000000000000,0.00000000000000000000,2751,6.87
2026-01-01,2026-04-01,3,Churned proxy,ALL,ALL,overall,90,0.00000000000000000000,0.00000000000000000000,0.00000000000000000000,0.00000000000000000000,0.00000000000000000000,2751,3.27
2026-01-01,2026-04-01,3,Never monetized,ALL,ALL,overall,10,0.00000000000000000000,0.00000000000000000000,0.00000000000000000000,0.00000000000000000000,0.00000000000000000000,2751,0.36
2026-01-01,2026-04-01,3,Active,Automobile_Trade_Repair,ALL,persona,114,1382.00000000000000000000,3328.31083139998201314600,659.28000000000000200000,837.00015790027405459500,6206.59098930025606974100,126,90.48
2026-01-01,2026-04-01,3,At-risk,Automobile_Trade_Repair,ALL,persona,9,0.00000000000000000000,0.00000000000000000000,0.00000000000000000000,0.00000000000000000000,0.00000000000000000000,126,7.14
2026-01-01,2026-04-01,3,Churned proxy,Automobile_Trade_Repair,ALL,persona,3,0.00000000000000000000,0.00000000000000000000,0.00000000000000000000,0.00000000000000000000,0.00000000000000000000,126,2.38
2026-01-01,2026-04-01,3,Active,BTP,ALL,persona,446,5206.22041666600000000000,11257.40879459993895526100,489.86000000000000000000,6025.69959027397264366452,22979.18880153991159892552,491,90.84
2026-01-01,2026-04-01,3,At-risk,BTP,ALL,persona,31,0.00000000000000000000,0.00000000000000000000,0.00000000000000000000,0.00000000000000000000,0.00000000000000000000,491,6.31
2026-01-01,2026-04-01,3,Churned proxy,BTP,ALL,persona,12,0.00000000000000000000,0.00000000000000000000,0.00000000000000000000,0.00000000000000000000,0.00000000000000000000,491,2.44
2026-01-01,2026-04-01,3,Never monetized,BTP,ALL,persona,2,0.00000000000000000000,0.00000000000000000000,0.00000000000000000000,0.00000000000000000000,0.00000000000000000000,491,0.41
2026-01-01,2026-04-01,3,Active,Bankers_Insurance,ALL,persona,44,211.00000000000000000000,169.11538199999907507000,36.00000000000000000000,1219.60766367506833883330,1635.72304567506741390330,47,93.62
2026-01-01,2026-04-01,3,At-risk,Bankers_Insurance,ALL,persona,2,0.00000000000000000000,0.00000000000000000000,0.00000000000000000000,0.00000000000000000000,0.00000000000000000000,47,4.26
2026-01-01,2026-04-01,3,Churned proxy,Bankers_Insurance,ALL,persona,1,0.00000000000000000000,0.00000000000000000000,0.00000000000000000000,0.00000000000000000000,0.00000000000000000000,47,2.13
2026-01-01,2026-04-01,3,Active,Bikers_Drivers,ALL,persona,127,1555.06000000000000000000,3198.34605599998260445200,267.64000000000000008000,706.81764246520553650271,5727.86369846518814103471,154,82.47
2026-01-01,2026-04-01,3,At-risk,Bikers_Drivers,ALL,persona,14,0.00000000000000000000,0.00000000000000000000,0.00000000000000000000,0.00000000000000000000,0.00000000000000000000,154,9.09
2026-01-01,2026-04-01,3,Churned proxy,Bikers_Drivers,ALL,persona,12,0.00000000000000000000,0.00000000000000000000,0.00000000000000000000,0.00000000000000000000,0.00000000000000000000,154,7.79
2026-01-01,2026-04-01,3,Never monetized,Bikers_Drivers,ALL,persona,1,0.00000000000000000000,0.00000000000000000000,0.00000000000000000000,0.00000000000000000000,0.00000000000000000000,154,0.65
2026-01-01,2026-04-01,3,Active,Cleaning_CallCenters,ALL,persona,11,58.00000000000000000000,7.53721199999995937500,4.00000000000000000000,18.67396897479451845640,88.21118097479447783140,11,100.0
2026-01-01,2026-04-01,3,Active,Consultant,ALL,persona,445,3125.48925287300000000000,7346.86136639995969774800,520.24000000000000000000,6945.06899270137011603511,17937.65961197432981378311,488,91.19
2026-01-01,2026-04-01,3,At-risk,Consultant,ALL,persona,29,0.00000000000000000000,0.00000000000000000000,0.00000000000000000000,0.00000000000000000000,0.00000000000000000000,488,5.94
2026-01-01,2026-04-01,3,Churned proxy,Consultant,ALL,persona,13,0.00000000000000000000,0.00000000000000000000,0.00000000000000000000,0.00000000000000000000,0.00000000000000000000,488,2.66
2026-01-01,2026-04-01,3,Never monetized,Consultant,ALL,persona,1,0.00000000000000000000,0.00000000000000000000,0.00000000000000000000,0.00000000000000000000,0.00000000000000000000,488,0.2
2026-01-01,2026-04-01,3,Active,Developer_IT,ALL,persona,190,1506.00000000000000000000,2107.19783699998839638000,481.44000000000000000000,3285.54097921917820815369,7380.17881621916660453369,211,90.05
2026-01-01,2026-04-01,3,At-risk,Developer_IT,ALL,persona,12,0.00000000000000000000,0.00000000000000000000,0.00000000000000000000,0.00000000000000000000,0.00000000000000000000,211,5.69
2026-01-01,2026-04-01,3,Churned proxy,Developer_IT,ALL,persona,7,0.00000000000000000000,0.00000000000000000000,0.00000000000000000000,0.00000000000000000000,0.00000000000000000000,211,3.32
2026-01-01,2026-04-01,3,Never monetized,Developer_IT,ALL,persona,2,0.00000000000000000000,0.00000000000000000000,0.00000000000000000000,0.00000000000000000000,0.00000000000000000000,211,0.95
2026-01-01,2026-04-01,3,Active,Media_Publishing,ALL,persona,99,659.71875000000000000000,1236.95617859999309624000,165.60000000000000000000,863.11507816767129909374,2925.39000676766439533374,105,94.29
2026-01-01,2026-04-01,3,At-risk,Media_Publishing,ALL,persona,4,0.00000000000000000000,0.00000000000000000000,0.00000000000000000000,0.00000000000000000000,0.00000000000000000000,105,3.81
2026-01-01,2026-04-01,3,Churned proxy,Media_Publishing,ALL,persona,1,0.00000000000000000000,0.00000000000000000000,0.00000000000000000000,0.00000000000000000000,0.00000000000000000000,105,0.95
2026-01-01,2026-04-01,3,Never monetized,Media_Publishing,ALL,persona,1,0.00000000000000000000,0.00000000000000000000,0.00000000000000000000,0.00000000000000000000,0.00000000000000000000,105,0.95
2026-01-01,2026-04-01,3,Active,Medical_Professionals,ALL,persona,28,259.00000000000000000000,202.99532399999889700000,33.30000000000000000000,370.34670043397257890100,865.64202443397147590100,30,93.33
2026-01-01,2026-04-01,3,At-risk,Medical_Professionals,ALL,persona,1,0.00000000000000000000,0.00000000000000000000,0.00000000000000000000,0.00000000000000000000,0.00000000000000000000,30,3.33
2026-01-01,2026-04-01,3,Churned proxy,Medical_Professionals,ALL,persona,1,0.00000000000000000000,0.00000000000000000000,0.00000000000000000000,0.00000000000000000000,0.00000000000000000000,30,3.33
2026-01-01,2026-04-01,3,Active,Others,ALL,persona,384,3474.76758064500000200000,4367.78347139997640148200,1467.82000000000000000000,2461.81527751616449458196,11772.18632956114089806396,437,87.87
2026-01-01,2026-04-01,3,At-risk,Others,ALL,persona,40,0.00000000000000000000,0.00000000000000000000,0.00000000000000000000,0.00000000000000000000,0.00000000000000000000,437,9.15
2026-01-01,2026-04-01,3,Churned proxy,Others,ALL,persona,12,0.00000000000000000000,0.00000000000000000000,0.00000000000000000000,0.00000000000000000000,0.00000000000000000000,437,2.75
2026-01-01,2026-04-01,3,Never monetized,Others,ALL,persona,1,0.00000000000000000000,0.00000000000000000000,0.00000000000000000000,0.00000000000000000000,0.00000000000000000000,437,0.23
2026-01-01,2026-04-01,3,Active,Professeur,ALL,persona,82,564.03666666700000000000,977.16850199999490488000,500.80000000000000000000,717.88083570136998843702,2759.88600436836489331702,86,95.35
2026-01-01,2026-04-01,3,At-risk,Professeur,ALL,persona,1,0.00000000000000000000,0.00000000000000000000,0.00000000000000000000,0.00000000000000000000,0.00000000000000000000,86,1.16
2026-01-01,2026-04-01,3,Churned proxy,Professeur,ALL,persona,3,0.00000000000000000000,0.00000000000000000000,0.00000000000000000000,0.00000000000000000000,0.00000000000000000000,86,3.49
2026-01-01,2026-04-01,3,Active,Repair,ALL,persona,21,156.00000000000000000000,215.42867999999884399000,23.20000000000000000000,114.64141425643835694740,509.27009425643720093740,27,77.78
2026-01-01,2026-04-01,3,At-risk,Repair,ALL,persona,4,0.00000000000000000000,0.00000000000000000000,0.00000000000000000000,0.00000000000000000000,0.00000000000000000000,27,14.81
2026-01-01,2026-04-01,3,Churned proxy,Repair,ALL,persona,2,0.00000000000000000000,0.00000000000000000000,0.00000000000000000000,0.00000000000000000000,0.00000000000000000000,27,7.41
2026-01-01,2026-04-01,3,Active,Repair_Installation,ALL,persona,13,143.00000000000000000000,615.55847399999654533000,12.80000000000000000000,286.57630374958904140900,1057.93477774958558673900,13,100.0
2026-01-01,2026-04-01,3,Active,Restauration,ALL,persona,68,812.00000000000000000000,2297.56129199998771548900,305.88000000000000000000,641.50326945534253569940,4056.94456145533025118840,78,87.18
2026-01-01,2026-04-01,3,At-risk,Restauration,ALL,persona,6,0.00000000000000000000,0.00000000000000000000,0.00000000000000000000,0.00000000000000000000,0.00000000000000000000,78,7.69
2026-01-01,2026-04-01,3,Churned proxy,Restauration,ALL,persona,3,0.00000000000000000000,0.00000000000000000000,0.00000000000000000000,0.00000000000000000000,0.00000000000000000000,78,3.85
2026-01-01,2026-04-01,3,Never monetized,Restauration,ALL,persona,1,0.00000000000000000000,0.00000000000000000000,0.00000000000000000000,0.00000000000000000000,0.00000000000000000000,78,1.28
2026-01-01,2026-04-01,3,Active,Retail,ALL,persona,340,2878.90250000000000000000,6229.17322919996616732600,1582.80000000000000300000,1596.97142306575347272725,12287.84715226571964305325,389,87.4
2026-01-01,2026-04-01,3,At-risk,Retail,ALL,persona,31,0.00000000000000000000,0.00000000000000000000,0.00000000000000000000,0.00000000000000000000,0.00000000000000000000,389,7.97
2026-01-01,2026-04-01,3,Churned proxy,Retail,ALL,persona,17,0.00000000000000000000,0.00000000000000000000,0.00000000000000000000,0.00000000000000000000,0.00000000000000000000,389,4.37
2026-01-01,2026-04-01,3,Never monetized,Retail,ALL,persona,1,0.00000000000000000000,0.00000000000000000000,0.00000000000000000000,0.00000000000000000000,0.00000000000000000000,389,0.26
2026-01-01,2026-04-01,3,Active,Wholesale,ALL,persona,50,581.74193548400000000000,1126.46586959999388282000,156.36000000000000000000,653.60069602958910135237,2518.16850111358298417237,58,86.21
2026-01-01,2026-04-01,3,At-risk,Wholesale,ALL,persona,5,0.00000000000000000000,0.00000000000000000000,0.00000000000000000000,0.00000000000000000000,0.00000000000000000000,58,8.62
2026-01-01,2026-04-01,3,Churned proxy,Wholesale,ALL,persona,3,0.00000000000000000000,0.00000000000000000000,0.00000000000000000000,0.00000000000000000000,0.00000000000000000000,58,5.17
2026-01-01,2026-04-01,3,Active,Automobile_Trade_Repair,business,persona_x_initial_plan,3,160.00000000000000000000,237.26993399999873000000,8.00000000000000000000,113.54663165041098154700,518.81656565040971154700,3,100.0
2026-01-01,2026-04-01,3,Active,Automobile_Trade_Repair,free,persona_x_initial_plan,38,22.00000000000000000000,193.12975799999896006600,64.38000000000000000000,94.82251708547945847360,374.33227508547841853960,42,90.48
2026-01-01,2026-04-01,3,At-risk,Automobile_Trade_Repair,free,persona_x_initial_plan,4,0.00000000000000000000,0.00000000000000000000,0.00000000000000000000,0.00000000000000000000,0.00000000000000000000,42,9.52
2026-01-01,2026-04-01,3,Active,Automobile_Trade_Repair,plus,persona_x_initial_plan,32,775.00000000000000000000,1999.86723539998916505400,68.50000000000000200000,509.94696978136990872470,3353.31420518135907577870,37,86.49
2026-01-01,2026-04-01,3,At-risk,Automobile_Trade_Repair,plus,persona_x_initial_plan,4,0.00000000000000000000,0.00000000000000000000,0.00000000000000000000,0.00000000000000000000,0.00000000000000000000,37,10.81
2026-01-01,2026-04-01,3,Churned proxy,Automobile_Trade_Repair,plus,persona_x_initial_plan,1,0.00000000000000000000,0.00000000000000000000,0.00000000000000000000,0.00000000000000000000,0.00000000000000000000,37,2.7
2026-01-01,2026-04-01,3,Active,Automobile_Trade_Repair,start,persona_x_initial_plan,41,425.00000000000000000000,898.04390399999515802600,518.40000000000000000000,118.68403938301370584970,1960.12794338300886387570,44,93.18
2026-01-01,2026-04-01,3,At-risk,Automobile_Trade_Repair,start,persona_x_initial_plan,1,0.00000000000000000000,0.00000000000000000000,0.00000000000000000000,0.00000000000000000000,0.00000000000000000000,44,2.27
2026-01-01,2026-04-01,3,Churned proxy,Automobile_Trade_Repair,start,persona_x_initial_plan,2,0.00000000000000000000,0.00000000000000000000,0.00000000000000000000,0.00000000000000000000,0.00000000000000000000,44,4.55
2026-01-01,2026-04-01,3,Active,BTP,business,persona_x_initial_plan,14,1065.00000000000000000000,1584.46638359999132770000,0.00000000000000000000,95.82037186904111113450,2745.28675546903243883450,15,93.33
2026-01-01,2026-04-01,3,Churned proxy,BTP,business,persona_x_initial_plan,1,0.00000000000000000000,0.00000000000000000000,0.00000000000000000000,0.00000000000000000000,0.00000000000000000000,15,6.67
2026-01-01,2026-04-01,3,Active,BTP,free,persona_x_initial_plan,173,167.86000000000000000000,1623.67329599999124150100,262.44000000000000000000,2377.92323756328758081450,4431.89653356327882231550,191,90.58
2026-01-01,2026-04-01,3,At-risk,BTP,free,persona_x_initial_plan,11,0.00000000000000000000,0.00000000000000000000,0.00000000000000000000,0.00000000000000000000,0.00000000000000000000,191,5.76
2026-01-01,2026-04-01,3,Churned proxy,BTP,free,persona_x_initial_plan,5,0.00000000000000000000,0.00000000000000000000,0.00000000000000000000,0.00000000000000000000,0.00000000000000000000,191,2.62
2026-01-01,2026-04-01,3,Never monetized,BTP,free,persona_x_initial_plan,2,0.00000000000000000000,0.00000000000000000000,0.00000000000000000000,0.00000000000000000000,0.00000000000000000000,191,1.05
2026-01-01,2026-04-01,3,Active,BTP,plus,persona_x_initial_plan,84,2001.66666666600000000000,4395.40664939997599377000,97.26000000000000000000,925.58450809424658636869,7419.91782416022258013869,91,92.31
2026-01-01,2026-04-01,3,At-risk,BTP,plus,persona_x_initial_plan,6,0.00000000000000000000,0.00000000000000000000,0.00000000000000000000,0.00000000000000000000,0.00000000000000000000,91,6.59
2026-01-01,2026-04-01,3,Churned proxy,BTP,plus,persona_x_initial_plan,1,0.00000000000000000000,0.00000000000000000000,0.00000000000000000000,0.00000000000000000000,0.00000000000000000000,91,1.1
2026-01-01,2026-04-01,3,Active,BTP,start,persona_x_initial_plan,175,1971.69375000000000000000,3653.86246559998039229000,130.16000000000000000000,2626.37147274739736534683,8382.08768834737775763683,194,90.21
2026-01-01,2026-04-01,3,At-risk,BTP,start,persona_x_initial_plan,14,0.00000000000000000000,0.00000000000000000000,0.00000000000000000000,0.00000000000000000000,0.00000000000000000000,194,7.22
2026-01-01,2026-04-01,3,Churned proxy,BTP,start,persona_x_initial_plan,5,0.00000000000000000000,0.00000000000000000000,0.00000000000000000000,0.00000000000000000000,0.00000000000000000000,194,2.58
2026-01-01,2026-04-01,3,Active,Bankers_Insurance,free,persona_x_initial_plan,26,9.00000000000000000000,131.20135199999928090000,32.00000000000000000000,785.16811021315052869300,957.36946221314980959300,26,100.0
2026-01-01,2026-04-01,3,Active,Bankers_Insurance,plus,persona_x_initial_plan,3,70.00000000000000000000,8.42601599999995440000,0.00000000000000000000,209.00554683452056165000,287.43156283452051605000,3,100.0
2026-01-01,2026-04-01,3,Active,Bankers_Insurance,start,persona_x_initial_plan,15,132.00000000000000000000,29.48801399999983977000,4.00000000000000000000,225.43400662739724849030,390.92202062739708826030,18,83.33
2026-01-01,2026-04-01,3,At-risk,Bankers_Insurance,start,persona_x_initial_plan,2,0.00000000000000000000,0.00000000000000000000,0.00000000000000000000,0.00000000000000000000,0.00000000000000000000,18,11.11
2026-01-01,2026-04-01,3,Churned proxy,Bankers_Insurance,start,persona_x_initial_plan,1,0.00000000000000000000,0.00000000000000000000,0.00000000000000000000,0.00000000000000000000,0.00000000000000000000,18,5.56
2026-01-01,2026-04-01,3,Active,Bikers_Drivers,business,persona_x_initial_plan,6,411.00000000000000000000,668.40339599999651467000,0.00000000000000000000,138.36984115945205671300,1217.77323715944857138300,7,85.71
2026-01-01,2026-04-01,3,At-risk,Bikers_Drivers,business,persona_x_initial_plan,1,0.00000000000000000000,0.00000000000000000000,0.00000000000000000000,0.00000000000000000000,0.00000000000000000000,7,14.29
2026-01-01,2026-04-01,3,Active,Bikers_Drivers,free,persona_x_initial_plan,39,94.00000000000000000000,185.60451599999901075000,83.24000000000000008000,92.59670575780822757932,455.44122175780723840932,44,88.64
2026-01-01,2026-04-01,3,At-risk,Bikers_Drivers,free,persona_x_initial_plan,2,0.00000000000000000000,0.00000000000000000000,0.00000000000000000000,0.00000000000000000000,0.00000000000000000000,44,4.55
2026-01-01,2026-04-01,3,Churned proxy,Bikers_Drivers,free,persona_x_initial_plan,3,0.00000000000000000000,0.00000000000000000000,0.00000000000000000000,0.00000000000000000000,0.00000000000000000000,44,6.82
2026-01-01,2026-04-01,3,Active,Bikers_Drivers,plus,persona_x_initial_plan,15,341.28000000000000000000,386.54965799999786919000,110.40000000000000000000,135.26719431068494573350,973.49685231068281492350,19,78.95
2026-01-01,2026-04-01,3,At-risk,Bikers_Drivers,plus,persona_x_initial_plan,3,0.00000000000000000000,0.00000000000000000000,0.00000000000000000000,0.00000000000000000000,0.00000000000000000000,19,15.79
2026-01-01,2026-04-01,3,Never monetized,Bikers_Drivers,plus,persona_x_initial_plan,1,0.00000000000000000000,0.00000000000000000000,0.00000000000000000000,0.00000000000000000000,0.00000000000000000000,19,5.26
2026-01-01,2026-04-01,3,Active,Bikers_Drivers,start,persona_x_initial_plan,67,708.78000000000000000000,1957.78848599998920984200,74.00000000000000000000,340.58390123726030647689,3081.15238723724951631889,84,79.76
2026-01-01,2026-04-01,3,At-risk,Bikers_Drivers,start,persona_x_initial_plan,8,0.00000000000000000000,0.00000000000000000000,0.00000000000000000000,0.00000000000000000000,0.00000000000000000000,84,9.52
2026-01-01,2026-04-01,3,Churned proxy,Bikers_Drivers,start,persona_x_initial_plan,9,0.00000000000000000000,0.00000000000000000000,0.00000000000000000000,0.00000000000000000000,0.00000000000000000000,84,10.71
2026-01-01,2026-04-01,3,Active,Cleaning_CallCenters,free,persona_x_initial_plan,7,0.00000000000000000000,0.05939999999999967500,4.00000000000000000000,9.82750973150684794640,13.88690973150684762140,7,100.0
2026-01-01,2026-04-01,3,Active,Cleaning_CallCenters,plus,persona_x_initial_plan,1,25.00000000000000000000,3.20846399999998290000,0.00000000000000000000,0.14411379068493155000,28.35257779068491445000,1,100.0
2026-01-01,2026-04-01,3,Active,Cleaning_CallCenters,start,persona_x_initial_plan,3,33.00000000000000000000,4.26934799999997680000,0.00000000000000000000,8.70234545260273896000,45.97169345260271576000,3,100.0
2026-01-01,2026-04-01,3,Active,Consultant,business,persona_x_initial_plan,3,240.00000000000000000000,160.92916199999902000000,0.00000000000000000000,35.42373509863013793290,436.35289709862915793290,5,60.0
2026-01-01,2026-04-01,3,At-risk,Consultant,business,persona_x_initial_plan,2,0.00000000000000000000,0.00000000000000000000,0.00000000000000000000,0.00000000000000000000,0.00000000000000000000,5,40.0
2026-01-01,2026-04-01,3,Active,Consultant,free,persona_x_initial_plan,202,95.69758620700000000000,1092.01565519999407418800,264.30000000000000000000,2200.49959929095894069661,3652.51284069795301488461,226,89.38
2026-01-01,2026-04-01,3,At-risk,Consultant,free,persona_x_initial_plan,17,0.00000000000000000000,0.00000000000000000000,0.00000000000000000000,0.00000000000000000000,0.00000000000000000000,226,7.52
2026-01-01,2026-04-01,3,Churned proxy,Consultant,free,persona_x_initial_plan,6,0.00000000000000000000,0.00000000000000000000,0.00000000000000000000,0.00000000000000000000,0.00000000000000000000,226,2.65
2026-01-01,2026-04-01,3,Never monetized,Consultant,free,persona_x_initial_plan,1,0.00000000000000000000,0.00000000000000000000,0.00000000000000000000,0.00000000000000000000,0.00000000000000000000,226,0.44
2026-01-01,2026-04-01,3,Active,Consultant,plus,persona_x_initial_plan,33,759.17708333300000000000,2154.65097059998821065000,138.30000000000000000000,1768.34670913424650442900,4820.47476306723471507900,38,86.84
2026-01-01,2026-04-01,3,At-risk,Consultant,plus,persona_x_initial_plan,3,0.00000000000000000000,0.00000000000000000000,0.00000000000000000000,0.00000000000000000000,0.00000000000000000000,38,7.89
2026-01-01,2026-04-01,3,Churned proxy,Consultant,plus,persona_x_initial_plan,2,0.00000000000000000000,0.00000000000000000000,0.00000000000000000000,0.00000000000000000000,0.00000000000000000000,38,5.26
2026-01-01,2026-04-01,3,Active,Consultant,start,persona_x_initial_plan,207,2030.61458333300000000000,3939.26557859997839291000,117.64000000000000000000,2940.79894917753453297660,9028.31911111051292588660,219,94.52
2026-01-01,2026-04-01,3,At-risk,Consultant,start,persona_x_initial_plan,7,0.00000000000000000000,0.00000000000000000000,0.00000000000000000000,0.00000000000000000000,0.00000000000000000000,219,3.2
2026-01-01,2026-04-01,3,Churned proxy,Consultant,start,persona_x_initial_plan,5,0.00000000000000000000,0.00000000000000000000,0.00000000000000000000,0.00000000000000000000,0.00000000000000000000,219,2.28
2026-01-01,2026-04-01,3,Active,Developer_IT,business,persona_x_initial_plan,5,265.00000000000000000000,10.08496799999994450000,0.00000000000000000000,10.22004410136986441000,285.30501210136980891000,5,100.0
2026-01-01,2026-04-01,3,Active,Developer_IT,free,persona_x_initial_plan,82,29.00000000000000000000,311.01781679999829453000,51.60000000000000000000,1283.73199869808232686160,1675.34981549808062139160,93,88.17
2026-01-01,2026-04-01,3,At-risk,Developer_IT,free,persona_x_initial_plan,6,0.00000000000000000000,0.00000000000000000000,0.00000000000000000000,0.00000000000000000000,0.00000000000000000000,93,6.45
2026-01-01,2026-04-01,3,Churned proxy,Developer_IT,free,persona_x_initial_plan,5,0.00000000000000000000,0.00000000000000000000,0.00000000000000000000,0.00000000000000000000,0.00000000000000000000,93,5.38
2026-01-01,2026-04-01,3,Active,Developer_IT,plus,persona_x_initial_plan,19,425.00000000000000000000,1195.83181799999334850000,-5.68000000000000000000,453.09543885534242568800,2068.24725685533577418800,22,86.36
2026-01-01,2026-04-01,3,At-risk,Developer_IT,plus,persona_x_initial_plan,2,0.00000000000000000000,0.00000000000000000000,0.00000000000000000000,0.00000000000000000000,0.00000000000000000000,22,9.09
2026-01-01,2026-04-01,3,Never monetized,Developer_IT,plus,persona_x_initial_plan,1,0.00000000000000000000,0.00000000000000000000,0.00000000000000000000,0.00000000000000000000,0.00000000000000000000,22,4.55
2026-01-01,2026-04-01,3,Active,Developer_IT,start,persona_x_initial_plan,84,787.00000000000000000000,590.26323419999680885000,435.52000000000000000000,1538.49349756438359119409,3351.27673176438040004409,91,92.31
2026-01-01,2026-04-01,3,At-risk,Developer_IT,start,persona_x_initial_plan,4,0.00000000000000000000,0.00000000000000000000,0.00000000000000000000,0.00000000000000000000,0.00000000000000000000,91,4.4
2026-01-01,2026-04-01,3,Churned proxy,Developer_IT,start,persona_x_initial_plan,2,0.00000000000000000000,0.00000000000000000000,0.00000000000000000000,0.00000000000000000000,0.00000000000000000000,91,2.2
2026-01-01,2026-04-01,3,Never monetized,Developer_IT,start,persona_x_initial_plan,1,0.00000000000000000000,0.00000000000000000000,0.00000000000000000000,0.00000000000000000000,0.00000000000000000000,91,1.1
2026-01-01,2026-04-01,3,Active,Media_Publishing,free,persona_x_initial_plan,40,11.00000000000000000000,208.39892399999887695000,73.60000000000000000000,204.31555791397262496360,497.31448191397150191360,43,93.02
2026-01-01,2026-04-01,3,At-risk,Media_Publishing,free,persona_x_initial_plan,2,0.00000000000000000000,0.00000000000000000000,0.00000000000000000000,0.00000000000000000000,0.00000000000000000000,43,4.65
2026-01-01,2026-04-01,3,Churned proxy,Media_Publishing,free,persona_x_initial_plan,1,0.00000000000000000000,0.00000000000000000000,0.00000000000000000000,0.00000000000000000000,0.00000000000000000000,43,2.33
2026-01-01,2026-04-01,3,Active,Media_Publishing,plus,persona_x_initial_plan,6,120.00000000000000000000,465.31948499999730740000,51.60000000000000000000,17.15222849205479494000,654.07171349205210234000,6,100.0
2026-01-01,2026-04-01,3,Active,Media_Publishing,start,persona_x_initial_plan,53,528.71875000000000000000,563.23776959999691189000,40.40000000000000000000,641.64729176164387919014,1774.00381136164079108014,56,94.64
2026-01-01,2026-04-01,3,At-risk,Media_Publishing,start,persona_x_initial_plan,2,0.00000000000000000000,0.00000000000000000000,0.00000000000000000000,0.00000000000000000000,0.00000000000000000000,56,3.57
2026-01-01,2026-04-01,3,Never monetized,Media_Publishing,start,persona_x_initial_plan,1,0.00000000000000000000,0.00000000000000000000,0.00000000000000000000,0.00000000000000000000,0.00000000000000000000,56,1.79
2026-01-01,2026-04-01,3,Active,Medical_Professionals,free,persona_x_initial_plan,8,11.00000000000000000000,43.84128599999976280000,4.00000000000000000000,102.18262768602738922100,161.02391368602715202100,9,88.89
2026-01-01,2026-04-01,3,At-risk,Medical_Professionals,free,persona_x_initial_plan,1,0.00000000000000000000,0.00000000000000000000,0.00000000000000000000,0.00000000000000000000,0.00000000000000000000,9,11.11
2026-01-01,2026-04-01,3,Active,Medical_Professionals,plus,persona_x_initial_plan,2,50.00000000000000000000,41.91517799999977700000,0.00000000000000000000,23.08050655287671060000,114.99568455287648760000,2,100.0
2026-01-01,2026-04-01,3,Active,Medical_Professionals,start,persona_x_initial_plan,18,198.00000000000000000000,117.23885999999935720000,29.30000000000000000000,245.08356619506847908000,589.62242619506783628000,19,94.74
2026-01-01,2026-04-01,3,Churned proxy,Medical_Professionals,start,persona_x_initial_plan,1,0.00000000000000000000,0.00000000000000000000,0.00000000000000000000,0.00000000000000000000,0.00000000000000000000,19,5.26
2026-01-01,2026-04-01,3,Active,Others,business,persona_x_initial_plan,5,320.00000000000000000000,36.05212799999980470000,119.00000000000000000000,106.58219218246576534670,581.63432018246557004670,10,50.0
2026-01-01,2026-04-01,3,At-risk,Others,business,persona_x_initial_plan,4,0.00000000000000000000,0.00000000000000000000,0.00000000000000000000,0.00000000000000000000,0.00000000000000000000,10,40.0
2026-01-01,2026-04-01,3,Churned proxy,Others,business,persona_x_initial_plan,1,0.00000000000000000000,0.00000000000000000000,0.00000000000000000000,0.00000000000000000000,0.00000000000000000000,10,10.0
2026-01-01,2026-04-01,3,Active,Others,free,persona_x_initial_plan,167,168.82258064500000200000,1042.13830679999433949800,252.00000000000000000000,718.65300486027401409456,2181.61389230526835559256,185,90.27
2026-01-01,2026-04-01,3,At-risk,Others,free,persona_x_initial_plan,14,0.00000000000000000000,0.00000000000000000000,0.00000000000000000000,0.00000000000000000000,0.00000000000000000000,185,7.57
2026-01-01,2026-04-01,3,Churned proxy,Others,free,persona_x_initial_plan,3,0.00000000000000000000,0.00000000000000000000,0.00000000000000000000,0.00000000000000000000,0.00000000000000000000,185,1.62
2026-01-01,2026-04-01,3,Never monetized,Others,free,persona_x_initial_plan,1,0.00000000000000000000,0.00000000000000000000,0.00000000000000000000,0.00000000000000000000,0.00000000000000000000,185,0.54
2026-01-01,2026-04-01,3,Active,Others,plus,persona_x_initial_plan,49,1220.00000000000000000000,1104.83272439999415141000,805.60000000000000000000,378.95440449643832457397,3509.38712889643247598397,57,85.96
2026-01-01,2026-04-01,3,At-risk,Others,plus,persona_x_initial_plan,5,0.00000000000000000000,0.00000000000000000000,0.00000000000000000000,0.00000000000000000000,0.00000000000000000000,57,8.77
2026-01-01,2026-04-01,3,Churned proxy,Others,plus,persona_x_initial_plan,3,0.00000000000000000000,0.00000000000000000000,0.00000000000000000000,0.00000000000000000000,0.00000000000000000000,57,5.26
2026-01-01,2026-04-01,3,Active,Others,start,persona_x_initial_plan,163,1765.94500000000000000000,2184.76031219998810587400,291.22000000000000000000,1257.62567597698639056673,5499.55098817697449644073,185,88.11
2026-01-01,2026-04-01,3,At-risk,Others,start,persona_x_initial_plan,17,0.00000000000000000000,0.00000000000000000000,0.00000000000000000000,0.00000000000000000000,0.00000000000000000000,185,9.19
2026-01-01,2026-04-01,3,Churned proxy,Others,start,persona_x_initial_plan,5,0.00000000000000000000,0.00000000000000000000,0.00000000000000000000,0.00000000000000000000,0.00000000000000000000,185,2.7
2026-01-01,2026-04-01,3,Active,Professeur,business,persona_x_initial_plan,1,80.00000000000000000000,198.96233399999895000000,100.00000000000000000000,7.59801874027397340000,386.56035274027292340000,1,100.0
2026-01-01,2026-04-01,3,Active,Professeur,free,persona_x_initial_plan,38,6.37000000000000000000,347.36520599999823352000,133.60000000000000000000,200.86769707068498827662,688.20290307068322179662,40,95.0
2026-01-01,2026-04-01,3,At-risk,Professeur,free,persona_x_initial_plan,1,0.00000000000000000000,0.00000000000000000000,0.00000000000000000000,0.00000000000000000000,0.00000000000000000000,40,2.5
2026-01-01,2026-04-01,3,Churned proxy,Professeur,free,persona_x_initial_plan,1,0.00000000000000000000,0.00000000000000000000,0.00000000000000000000,0.00000000000000000000,0.00000000000000000000,40,2.5
2026-01-01,2026-04-01,3,Active,Professeur,plus,persona_x_initial_plan,3,70.00000000000000000000,23.89778999999986900000,0.00000000000000000000,10.74120988712328748200,104.63899988712315648200,3,100.0
2026-01-01,2026-04-01,3,Active,Professeur,start,persona_x_initial_plan,40,407.66666666700000000000,406.94317199999785236000,267.20000000000000000000,498.67391000328773927840,1580.48374867028559163840,42,95.24
2026-01-01,2026-04-01,3,Churned proxy,Professeur,start,persona_x_initial_plan,2,0.00000000000000000000,0.00000000000000000000,0.00000000000000000000,0.00000000000000000000,0.00000000000000000000,42,4.76
2026-01-01,2026-04-01,3,Active,Repair,free,persona_x_initial_plan,12,36.00000000000000000000,92.60294399999949080000,11.20000000000000000000,51.15888817972602965130,190.96183217972552045130,15,80.0
2026-01-01,2026-04-01,3,At-risk,Repair,free,persona_x_initial_plan,2,0.00000000000000000000,0.00000000000000000000,0.00000000000000000000,0.00000000000000000000,0.00000000000000000000,15,13.33
2026-01-01,2026-04-01,3,Churned proxy,Repair,free,persona_x_initial_plan,1,0.00000000000000000000,0.00000000000000000000,0.00000000000000000000,0.00000000000000000000,0.00000000000000000000,15,6.67
2026-01-01,2026-04-01,3,Active,Repair,plus,persona_x_initial_plan,2,45.00000000000000000000,4.30919999999997750000,0.00000000000000000000,1.63095502520547953410,50.94015502520545703410,3,66.67
2026-01-01,2026-04-01,3,At-risk,Repair,plus,persona_x_initial_plan,1,0.00000000000000000000,0.00000000000000000000,0.00000000000000000000,0.00000000000000000000,0.00000000000000000000,3,33.33
2026-01-01,2026-04-01,3,Active,Repair,start,persona_x_initial_plan,7,75.00000000000000000000,118.51653599999937569000,12.00000000000000000000,61.85157105150684776200,267.36810705150622345200,9,77.78
2026-01-01,2026-04-01,3,At-risk,Repair,start,persona_x_initial_plan,1,0.00000000000000000000,0.00000000000000000000,0.00000000000000000000,0.00000000000000000000,0.00000000000000000000,9,11.11
2026-01-01,2026-04-01,3,Churned proxy,Repair,start,persona_x_initial_plan,1,0.00000000000000000000,0.00000000000000000000,0.00000000000000000000,0.00000000000000000000,0.00000000000000000000,9,11.11
2026-01-01,2026-04-01,3,Active,Repair_Installation,free,persona_x_initial_plan,3,0.00000000000000000000,56.64607199999968400000,12.80000000000000000000,20.35324425589041265800,89.79931625589009665800,3,100.0
2026-01-01,2026-04-01,3,Active,Repair_Installation,plus,persona_x_initial_plan,3,70.00000000000000000000,389.61800999999776690000,0.00000000000000000000,46.75814191232876830000,506.37615191232653520000,3,100.0
2026-01-01,2026-04-01,3,Active,Repair_Installation,start,persona_x_initial_plan,7,73.00000000000000000000,169.29439199999909443000,0.00000000000000000000,219.46491758136986045100,461.75930958136895488100,7,100.0
2026-01-01,2026-04-01,3,Active,Restauration,business,persona_x_initial_plan,1,80.00000000000000000000,1.65590999999999090000,0.00000000000000000000,0.13115673863013702000,81.78706673863012792000,1,100.0
2026-01-01,2026-04-01,3,Active,Restauration,free,persona_x_initial_plan,24,83.00000000000000000000,486.23129999999732400000,12.40000000000000000000,120.08934257424658242700,701.72064257424390642700,28,85.71
2026-01-01,2026-04-01,3,At-risk,Restauration,free,persona_x_initial_plan,3,0.00000000000000000000,0.00000000000000000000,0.00000000000000000000,0.00000000000000000000,0.00000000000000000000,28,10.71
2026-01-01,2026-04-01,3,Churned proxy,Restauration,free,persona_x_initial_plan,1,0.00000000000000000000,0.00000000000000000000,0.00000000000000000000,0.00000000000000000000,0.00000000000000000000,28,3.57
2026-01-01,2026-04-01,3,Active,Restauration,plus,persona_x_initial_plan,13,320.00000000000000000000,1120.17587399999425657000,50.28000000000000000000,98.88266274082191401800,1589.33853674081617058800,15,86.67
2026-01-01,2026-04-01,3,At-risk,Restauration,plus,persona_x_initial_plan,2,0.00000000000000000000,0.00000000000000000000,0.00000000000000000000,0.00000000000000000000,0.00000000000000000000,15,13.33
2026-01-01,2026-04-01,3,Active,Restauration,start,persona_x_initial_plan,30,329.00000000000000000000,689.49820799999614401900,243.20000000000000000000,422.40010740164390223440,1684.09831540164004625340,34,88.24
2026-01-01,2026-04-01,3,At-risk,Restauration,start,persona_x_initial_plan,1,0.00000000000000000000,0.00000000000000000000,0.00000000000000000000,0.00000000000000000000,0.00000000000000000000,34,2.94
2026-01-01,2026-04-01,3,Churned proxy,Restauration,start,persona_x_initial_plan,2,0.00000000000000000000,0.00000000000000000000,0.00000000000000000000,0.00000000000000000000,0.00000000000000000000,34,5.88
2026-01-01,2026-04-01,3,Never monetized,Restauration,start,persona_x_initial_plan,1,0.00000000000000000000,0.00000000000000000000,0.00000000000000000000,0.00000000000000000000,0.00000000000000000000,34,2.94
2026-01-01,2026-04-01,3,Active,Retail,business,persona_x_initial_plan,3,240.00000000000000000000,165.13608599999909400000,0.00000000000000000000,14.64844419835616356000,419.78453019835525756000,5,60.0
2026-01-01,2026-04-01,3,At-risk,Retail,business,persona_x_initial_plan,2,0.00000000000000000000,0.00000000000000000000,0.00000000000000000000,0.00000000000000000000,0.00000000000000000000,5,40.0
2026-01-01,2026-04-01,3,Active,Retail,free,persona_x_initial_plan,141,77.84000000000000000000,1075.40582219999417406000,288.70000000000000300000,530.46392354904109163509,1972.40974574903526869509,159,88.68
2026-01-01,2026-04-01,3,At-risk,Retail,free,persona_x_initial_plan,11,0.00000000000000000000,0.00000000000000000000,0.00000000000000000000,0.00000000000000000000,0.00000000000000000000,159,6.92
2026-01-01,2026-04-01,3,Churned proxy,Retail,free,persona_x_initial_plan,7,0.00000000000000000000,0.00000000000000000000,0.00000000000000000000,0.00000000000000000000,0.00000000000000000000,159,4.4
2026-01-01,2026-04-01,3,Active,Retail,plus,persona_x_initial_plan,40,921.00000000000000000000,2189.90479859998808518300,464.38000000000000000000,294.36922438410960721560,3869.65402298409769239860,46,86.96
2026-01-01,2026-04-01,3,At-risk,Retail,plus,persona_x_initial_plan,3,0.00000000000000000000,0.00000000000000000000,0.00000000000000000000,0.00000000000000000000,0.00000000000000000000,46,6.52
2026-01-01,2026-04-01,3,Churned proxy,Retail,plus,persona_x_initial_plan,3,0.00000000000000000000,0.00000000000000000000,0.00000000000000000000,0.00000000000000000000,0.00000000000000000000,46,6.52
2026-01-01,2026-04-01,3,Active,Retail,start,persona_x_initial_plan,156,1640.06250000000000000000,2798.72652239998481408300,829.72000000000000000000,757.48983093424661031656,6025.99885333423142439956,179,87.15
2026-01-01,2026-04-01,3,At-risk,Retail,start,persona_x_initial_plan,15,0.00000000000000000000,0.00000000000000000000,0.00000000000000000000,0.00000000000000000000,0.00000000000000000000,179,8.38
2026-01-01,2026-04-01,3,Churned proxy,Retail,start,persona_x_initial_plan,7,0.00000000000000000000,0.00000000000000000000,0.00000000000000000000,0.00000000000000000000,0.00000000000000000000,179,3.91
2026-01-01,2026-04-01,3,Never monetized,Retail,start,persona_x_initial_plan,1,0.00000000000000000000,0.00000000000000000000,0.00000000000000000000,0.00000000000000000000,0.00000000000000000000,179,0.56
2026-01-01,2026-04-01,3,Active,Wholesale,business,persona_x_initial_plan,1,80.00000000000000000000,0.00000000000000000000,0.00000000000000000000,13.31079046356164000000,93.31079046356164000000,1,100.0
2026-01-01,2026-04-01,3,Active,Wholesale,free,persona_x_initial_plan,16,29.00000000000000000000,140.48884259999923343000,48.64000000000000000000,281.56208441260278279740,499.69092701260201622740,19,84.21
2026-01-01,2026-04-01,3,At-risk,Wholesale,free,persona_x_initial_plan,2,0.00000000000000000000,0.00000000000000000000,0.00000000000000000000,0.00000000000000000000,0.00000000000000000000,19,10.53
2026-01-01,2026-04-01,3,Churned proxy,Wholesale,free,persona_x_initial_plan,1,0.00000000000000000000,0.00000000000000000000,0.00000000000000000000,0.00000000000000000000,0.00000000000000000000,19,5.26
2026-01-01,2026-04-01,3,Active,Wholesale,plus,persona_x_initial_plan,9,218.74193548400000000000,670.89354299999636739000,89.72000000000000000000,211.31138477041096742400,1190.66686325440733481400,11,81.82
2026-01-01,2026-04-01,3,At-risk,Wholesale,plus,persona_x_initial_plan,1,0.00000000000000000000,0.00000000000000000000,0.00000000000000000000,0.00000000000000000000,0.00000000000000000000,11,9.09
2026-01-01,2026-04-01,3,Churned proxy,Wholesale,plus,persona_x_initial_plan,1,0.00000000000000000000,0.00000000000000000000,0.00000000000000000000,0.00000000000000000000,0.00000000000000000000,11,9.09
2026-01-01,2026-04-01,3,Active,Wholesale,start,persona_x_initial_plan,24,254.00000000000000000000,315.08348399999828200000,18.00000000000000000000,147.41643638301371113097,734.49992038301199313097,27,88.89
2026-01-01,2026-04-01,3,At-risk,Wholesale,start,persona_x_initial_plan,2,0.00000000000000000000,0.00000000000000000000,0.00000000000000000000,0.00000000000000000000,0.00000000000000000000,27,7.41
2026-01-01,2026-04-01,3,Churned proxy,Wholesale,start,persona_x_initial_plan,1,0.00000000000000000000,0.00000000000000000000,0.00000000000000000000,0.00000000000000000000,0.00000000000000000000,27,3.7
2026-02-01,2026-02-01,0,Active,ALL,business,initial_plan,60,1710.62500000000000000000,3242.53483919998728503200,130.00000000000000000000,259.90062164109590723125,5343.06046084108319226325,61,98.36
2026-02-01,2026-02-01,0,Never monetized,ALL,business,initial_plan,1,0.00000000000000000000,0.00000000000000000000,0.00000000000000000000,0.00000000000000000000,0.00000000000000000000,61,1.64
2026-02-01,2026-02-01,0,Active,ALL,free,initial_plan,1285,180.20827956999999900000,5259.33182159997927171133,6962.20000000000000000000,5431.19906253260312416472,17832.93916370258239487605,1289,99.69
2026-02-01,2026-02-01,0,Never monetized,ALL,free,initial_plan,4,0.00000000000000000000,0.00000000000000000000,0.00000000000000000000,0.00000000000000000000,0.00000000000000000000,1289,0.31
2026-02-01,2026-02-01,0,Active,ALL,plus,initial_plan,393,4391.42677083100000000000,10533.37472459995800330400,2228.00000000000000000000,3057.23550246794545109549,20210.03699789890345439949,396,99.24
2026-02-01,2026-02-01,0,Never monetized,ALL,plus,initial_plan,3,0.00000000000000000000,0.00000000000000000000,0.00000000000000000000,0.00000000000000000000,0.00000000000000000000,396,0.76
2026-02-01,2026-02-01,0,Active,ALL,start,initial_plan,1480,8657.35283995099999800000,10870.24436639995686768100,9507.86000000000000000000,5464.35977153369899898672,34499.81697788465586466772,1482,99.87
2026-02-01,2026-02-01,0,Never monetized,ALL,start,initial_plan,2,0.00000000000000000000,0.00000000000000000000,0.00000000000000000000,0.00000000000000000000,0.00000000000000000000,1482,0.13
2026-02-01,2026-02-01,0,Active,ALL,ALL,overall,3218,14939.61289035199999700000,29905.48575179988142772833,18828.06000000000000000000,14212.69495817534348147818,77885.85360032722490620651,3228,99.69
2026-02-01,2026-02-01,0,Never monetized,ALL,ALL,overall,10,0.00000000000000000000,0.00000000000000000000,0.00000000000000000000,0.00000000000000000000,0.00000000000000000000,3228,0.31
2026-02-01,2026-02-01,0,Active,Automobile_Trade_Repair,ALL,persona,130,828.70000000000000000000,2521.14675299998965498000,698.08000000000000000000,520.24534505150688403524,4568.17209805149653901524,130,100.0
2026-02-01,2026-02-01,0,Active,BTP,ALL,persona,624,3418.34952956899999900000,9802.46175659996127981300,1408.24000000000000000000,4761.02265665643867238065,19390.07394282539995119365,624,100.0
2026-02-01,2026-02-01,0,Active,Bankers_Insurance,ALL,persona,57,214.37500000000000000000,243.10691099999896634000,288.54000000000000000000,677.82076975780826939532,1423.84268075780723573532,57,100.0
2026-02-01,2026-02-01,0,Active,Bikers_Drivers,ALL,persona,164,984.45708333300000000000,1418.10947459999463069700,684.80000000000000000000,212.31981343013700874371,3299.68637136313163944071,164,100.0
2026-02-01,2026-02-01,0,Active,Cleaning_CallCenters,ALL,persona,26,137.06250000000000000000,65.95946999999974024000,10.00000000000000000000,70.47651427123288434690,283.49848427123262458690,26,100.0
2026-02-01,2026-02-01,0,Active,Consultant,ALL,persona,559,2242.92083333300000000000,3192.36022799998742934500,4531.42000000000000000000,2919.14401629917822744850,12885.84507763216565679350,562,99.47
2026-02-01,2026-02-01,0,Never monetized,Consultant,ALL,persona,3,0.00000000000000000000,0.00000000000000000000,0.00000000000000000000,0.00000000000000000000,0.00000000000000000000,562,0.53
2026-02-01,2026-02-01,0,Active,Developer_IT,ALL,persona,266,1166.63862745100000000000,1177.43255459999536890800,3681.22000000000000000000,1153.68439480712336065680,7178.97557685811872956480,266,100.0
2026-02-01,2026-02-01,0,Active,Media_Publishing,ALL,persona,114,461.86187500000000000000,955.33528859999631713000,990.00000000000000000000,328.76742601424659598135,2735.96458961424291311135,114,100.0
2026-02-01,2026-02-01,0,Active,Medical_Professionals,ALL,persona,41,72.12500000000000000000,284.83860599999888194000,134.00000000000000000000,64.40687162575342253587,555.37047762575230447587,41,100.0
2026-02-01,2026-02-01,0,Active,Others,ALL,persona,515,2200.26608749999999800000,3685.58013599998565559000,1331.16000000000000000000,1546.78220267178097494316,8763.78842617176662853316,517,99.61
2026-02-01,2026-02-01,0,Never monetized,Others,ALL,persona,2,0.00000000000000000000,0.00000000000000000000,0.00000000000000000000,0.00000000000000000000,0.00000000000000000000,517,0.39
2026-02-01,2026-02-01,0,Active,Professeur,ALL,persona,91,341.79875000000000000000,278.99453159999889640000,541.60000000000000000000,235.17782396000000872303,1397.57110555999890512303,92,98.91
2026-02-01,2026-02-01,0,Never monetized,Professeur,ALL,persona,1,0.00000000000000000000,0.00000000000000000000,0.00000000000000000000,0.00000000000000000000,0.00000000000000000000,92,1.09
2026-02-01,2026-02-01,0,Active,Repair,ALL,persona,11,30.53125000000000000000,5.73879599999997760000,0.00000000000000000000,7.23419921205479591110,43.50424521205477351110,11,100.0
2026-02-01,2026-02-01,0,Active,Repair_Installation,ALL,persona,2,11.00000000000000000000,0.00000000000000000000,0.00000000000000000000,0.19583898849315067100,11.19583898849315067100,2,100.0
2026-02-01,2026-02-01,0,Active,Restauration,ALL,persona,84,375.33208333300000000000,958.42628999999626125000,196.00000000000000000000,203.24787548657535807987,1733.00624881957161932987,85,98.82
2026-02-01,2026-02-01,0,Never monetized,Restauration,ALL,persona,1,0.00000000000000000000,0.00000000000000000000,0.00000000000000000000,0.00000000000000000000,0.00000000000000000000,85,1.18
2026-02-01,2026-02-01,0,Active,Retail,ALL,persona,448,1887.19427083300000000000,4432.16604419998189376533,4327.40000000000000000000,942.54338360109598657758,11589.30369863407788034291,451,99.33
2026-02-01,2026-02-01,0,Never monetized,Retail,ALL,persona,3,0.00000000000000000000,0.00000000000000000000,0.00000000000000000000,0.00000000000000000000,0.00000000000000000000,451,0.67
2026-02-01,2026-02-01,0,Active,Wholesale,ALL,persona,86,567.00000000000000000000,883.82891159999647373000,5.60000000000000000000,569.62582634191788104810,2026.05473794191435477810,86,100.0
2026-02-01,2026-02-01,0,Active,Automobile_Trade_Repair,business,persona_x_initial_plan,3,80.00000000000000000000,109.56049199999956000000,0.00000000000000000000,19.82876069643835692900,209.38925269643791692900,3,100.0
2026-02-01,2026-02-01,0,Active,Automobile_Trade_Repair,free,persona_x_initial_plan,29,0.00000000000000000000,146.96200799999939685000,150.00000000000000000000,118.79937250520547766494,415.76138050520487451494,29,100.0
2026-02-01,2026-02-01,0,Active,Automobile_Trade_Repair,plus,persona_x_initial_plan,26,305.62500000000000000000,635.38624799999745540000,138.00000000000000000000,107.86127530520549176000,1186.87252330520294716000,26,100.0
2026-02-01,2026-02-01,0,Active,Automobile_Trade_Repair,start,persona_x_initial_plan,72,443.07500000000000000000,1629.23800499999324273000,410.08000000000000000000,273.75593654465755768130,2756.14894154465080041130,72,100.0
2026-02-01,2026-02-01,0,Active,BTP,business,persona_x_initial_plan,22,830.62500000000000000000,1076.27347799999587024000,4.00000000000000000000,129.78584891506850583150,2040.68432691506437607150,22,100.0
2026-02-01,2026-02-01,0,Active,BTP,free,persona_x_initial_plan,243,95.39161290299999900000,1911.99046859999243738000,616.24000000000000000000,2239.61806892383578813713,4863.24015042682822451713,243,100.0
2026-02-01,2026-02-01,0,Active,BTP,plus,persona_x_initial_plan,109,983.54166666600000000000,3938.93423999998440400000,406.00000000000000000000,392.60204470684934357232,5721.07795137283374757232,109,100.0
2026-02-01,2026-02-01,0,Active,BTP,start,persona_x_initial_plan,250,1508.79125000000000000000,2875.26356999998856819300,382.00000000000000000000,1999.01669411068503483970,6765.07151411067360303270,250,100.0
2026-02-01,2026-02-01,0,Active,Bankers_Insurance,free,persona_x_initial_plan,29,0.00000000000000000000,26.29419299999989140000,150.00000000000000000000,207.70660849260276170730,384.00080149260265310730,29,100.0
2026-02-01,2026-02-01,0,Active,Bankers_Insurance,plus,persona_x_initial_plan,2,25.00000000000000000000,173.36962799999924000000,0.00000000000000000000,395.36329608657535620000,593.73292408657459620000,2,100.0
2026-02-01,2026-02-01,0,Active,Bankers_Insurance,start,persona_x_initial_plan,26,189.37500000000000000000,43.44308999999983494000,138.54000000000000000000,74.75086517863015148802,446.10895517862998642802,26,100.0
2026-02-01,2026-02-01,0,Active,Bikers_Drivers,business,persona_x_initial_plan,7,80.00000000000000000000,148.53355199999940867200,0.00000000000000000000,12.85722333808219199330,241.39077533808160066530,7,100.0
2026-02-01,2026-02-01,0,Active,Bikers_Drivers,free,persona_x_initial_plan,39,25.78000000000000000000,100.43999459999960470500,394.80000000000000000000,37.47945625972602962768,558.49945085972563433268,39,100.0
2026-02-01,2026-02-01,0,Active,Bikers_Drivers,plus,persona_x_initial_plan,29,369.37500000000000000000,818.88438599999698185000,0.00000000000000000000,68.01243315835617447300,1256.27181915835315632300,29,100.0
2026-02-01,2026-02-01,0,Active,Bikers_Drivers,start,persona_x_initial_plan,89,509.30208333300000000000,350.25154199999863547000,290.00000000000000000000,93.97070067397261264973,1243.52432600697124811973,89,100.0
2026-02-01,2026-02-01,0,Active,Cleaning_CallCenters,business,persona_x_initial_plan,1,0.00000000000000000000,0.00000000000000000000,0.00000000000000000000,0.83063303452054793000,0.83063303452054793000,1,100.0
2026-02-01,2026-02-01,0,Active,Cleaning_CallCenters,free,persona_x_initial_plan,5,0.00000000000000000000,0.80972999999999684000,0.00000000000000000000,2.99085475835616475600,3.80058475835616159600,5,100.0
2026-02-01,2026-02-01,0,Active,Cleaning_CallCenters,plus,persona_x_initial_plan,5,64.21875000000000000000,43.58062799999982700000,10.00000000000000000000,46.57939935671233389340,164.37877735671216089340,5,100.0
2026-02-01,2026-02-01,0,Active,Cleaning_CallCenters,start,persona_x_initial_plan,15,72.84375000000000000000,21.56911199999991640000,0.00000000000000000000,20.07562712164383776750,114.48848912164375416750,15,100.0
2026-02-01,2026-02-01,0,Active,Consultant,business,persona_x_initial_plan,5,160.00000000000000000000,518.52261599999795000000,0.00000000000000000000,27.15195619068493159500,705.67457219068288159500,5,100.0
2026-02-01,2026-02-01,0,Active,Consultant,free,persona_x_initial_plan,260,2.81666666700000000000,584.18535599999771230500,1405.20000000000000000000,1122.85914457589044402518,3115.06116724288815633018,262,99.24
2026-02-01,2026-02-01,0,Never monetized,Consultant,free,persona_x_initial_plan,2,0.00000000000000000000,0.00000000000000000000,0.00000000000000000000,0.00000000000000000000,0.00000000000000000000,262,0.76
2026-02-01,2026-02-01,0,Active,Consultant,plus,persona_x_initial_plan,49,617.44791666600000000000,1075.70523239999572138000,988.00000000000000000000,635.97307903232883689650,3317.12622809832455827650,49,100.0
2026-02-01,2026-02-01,0,Active,Consultant,start,persona_x_initial_plan,245,1462.65625000000000000000,1013.94702359999604566000,2138.22000000000000000000,1133.15983650027401493182,5747.98311010027006059182,246,99.59
2026-02-01,2026-02-01,0,Never monetized,Consultant,start,persona_x_initial_plan,1,0.00000000000000000000,0.00000000000000000000,0.00000000000000000000,0.00000000000000000000,0.00000000000000000000,246,0.41
2026-02-01,2026-02-01,0,Active,Developer_IT,business,persona_x_initial_plan,5,80.00000000000000000000,5.43369599999997737000,0.00000000000000000000,13.80565959506849304200,99.23935559506847041200,5,100.0
2026-02-01,2026-02-01,0,Active,Developer_IT,free,persona_x_initial_plan,123,26.42000000000000000000,268.80888419999896102000,1263.20000000000000000000,522.01783347232879087915,2080.44671767232775189915,123,100.0
2026-02-01,2026-02-01,0,Active,Developer_IT,plus,persona_x_initial_plan,23,295.36458333300000000000,484.04084579999805887000,10.00000000000000000000,126.56339533534247727760,915.96882446834053614760,23,100.0
2026-02-01,2026-02-01,0,Active,Developer_IT,start,persona_x_initial_plan,115,764.85404411800000000000,419.14912859999837164800,2408.02000000000000000000,491.29750640438359945805,4083.32067912238197110605,115,100.0
2026-02-01,2026-02-01,0,Active,Media_Publishing,business,persona_x_initial_plan,1,0.00000000000000000000,0.22289399999999915000,0.00000000000000000000,0.00980180109589041000,0.23269580109588956000,1,100.0
2026-02-01,2026-02-01,0,Active,Media_Publishing,free,persona_x_initial_plan,50,0.00000000000000000000,286.28645939999891458000,334.00000000000000000000,147.36505465369862559043,767.65151405369754017043,50,100.0
2026-02-01,2026-02-01,0,Active,Media_Publishing,plus,persona_x_initial_plan,8,135.00000000000000000000,449.20501559999827080000,534.00000000000000000000,35.50361240000000300836,1153.70862799999827380836,8,100.0
2026-02-01,2026-02-01,0,Active,Media_Publishing,start,persona_x_initial_plan,55,326.86187500000000000000,219.62091959999913260000,122.00000000000000000000,145.88895715945207697256,814.37175175945120957256,55,100.0
2026-02-01,2026-02-01,0,Active,Medical_Professionals,free,persona_x_initial_plan,17,0.00000000000000000000,241.49899799999905400000,16.00000000000000000000,25.32166576931506506100,282.82066376931411906100,17,100.0
2026-02-01,2026-02-01,0,Active,Medical_Professionals,plus,persona_x_initial_plan,3,6.25000000000000000000,0.00000000000000000000,0.00000000000000000000,9.40360811232876698757,15.65360811232876698757,3,100.0
2026-02-01,2026-02-01,0,Active,Medical_Professionals,start,persona_x_initial_plan,21,65.87500000000000000000,43.33960799999982794000,118.00000000000000000000,29.68159774410959048730,256.89620574410941842730,21,100.0
2026-02-01,2026-02-01,0,Active,Others,business,persona_x_initial_plan,6,160.00000000000000000000,564.51937319999777410000,122.00000000000000000000,7.19480998849315092300,853.71418318849092502300,7,85.71
2026-02-01,2026-02-01,0,Never monetized,Others,business,persona_x_initial_plan,1,0.00000000000000000000,0.00000000000000000000,0.00000000000000000000,0.00000000000000000000,0.00000000000000000000,7,14.29
2026-02-01,2026-02-01,0,Active,Others,free,persona_x_initial_plan,194,16.32000000000000000000,830.23117739999676160000,705.56000000000000000000,373.92501289424661499159,1926.03619029424337659159,194,100.0
2026-02-01,2026-02-01,0,Active,Others,plus,persona_x_initial_plan,65,655.00000000000000000000,915.90484139999647506800,142.00000000000000000000,719.83323576328773823490,2432.73807716328421330290,66,98.48
2026-02-01,2026-02-01,0,Never monetized,Others,plus,persona_x_initial_plan,1,0.00000000000000000000,0.00000000000000000000,0.00000000000000000000,0.00000000000000000000,0.00000000000000000000,66,1.52
2026-02-01,2026-02-01,0,Active,Others,start,persona_x_initial_plan,250,1368.94608749999999800000,1374.92474399999464482200,361.60000000000000000000,445.82914402575347079367,3551.29997552574811361567,250,100.0
2026-02-01,2026-02-01,0,Active,Professeur,business,persona_x_initial_plan,1,0.00000000000000000000,0.00000000000000000000,0.00000000000000000000,32.68796438356164900000,32.68796438356164900000,1,100.0
2026-02-01,2026-02-01,0,Active,Professeur,free,persona_x_initial_plan,40,0.00000000000000000000,41.81789159999983487000,285.60000000000000000000,82.72119340547945489199,410.13908500547928976199,41,97.56
2026-02-01,2026-02-01,0,Never monetized,Professeur,free,persona_x_initial_plan,1,0.00000000000000000000,0.00000000000000000000,0.00000000000000000000,0.00000000000000000000,0.00000000000000000000,41,2.44
2026-02-01,2026-02-01,0,Active,Professeur,plus,persona_x_initial_plan,4,45.00000000000000000000,107.88424199999956600000,0.00000000000000000000,64.97989602465753169550,217.86413802465709769550,4,100.0
2026-02-01,2026-02-01,0,Active,Professeur,start,persona_x_initial_plan,46,296.79875000000000000000,129.29239799999949553000,256.00000000000000000000,54.78877014630137313554,736.87991814630086866554,46,100.0
2026-02-01,2026-02-01,0,Active,Repair,free,persona_x_initial_plan,7,0.00000000000000000000,4.02879599999998450000,0.00000000000000000000,6.90125015452054930510,10.93004615452053380510,7,100.0
2026-02-01,2026-02-01,0,Active,Repair,plus,persona_x_initial_plan,2,19.53125000000000000000,0.00000000000000000000,0.00000000000000000000,0.10128330410958904800,19.63253330410958904800,2,100.0
2026-02-01,2026-02-01,0,Active,Repair,start,persona_x_initial_plan,2,11.00000000000000000000,1.70999999999999310000,0.00000000000000000000,0.23166575342465755800,12.94166575342465065800,2,100.0
2026-02-01,2026-02-01,0,Active,Repair_Installation,start,persona_x_initial_plan,2,11.00000000000000000000,0.00000000000000000000,0.00000000000000000000,0.19583898849315067100,11.19583898849315067100,2,100.0
2026-02-01,2026-02-01,0,Active,Restauration,free,persona_x_initial_plan,31,7.78000000000000000000,128.52629999999951180000,24.00000000000000000000,53.99604492000000619094,214.30234491999951799094,31,100.0
2026-02-01,2026-02-01,0,Active,Restauration,plus,persona_x_initial_plan,12,128.33333333300000000000,223.79572799999911730000,0.00000000000000000000,49.43664818136986058453,401.56570951436897788453,13,92.31
2026-02-01,2026-02-01,0,Never monetized,Restauration,plus,persona_x_initial_plan,1,0.00000000000000000000,0.00000000000000000000,0.00000000000000000000,0.00000000000000000000,0.00000000000000000000,13,7.69
2026-02-01,2026-02-01,0,Active,Restauration,start,persona_x_initial_plan,41,239.21875000000000000000,606.10426199999763215000,172.00000000000000000000,99.81518238520549130440,1117.13819438520312345440,41,100.0
2026-02-01,2026-02-01,0,Active,Retail,business,persona_x_initial_plan,8,320.00000000000000000000,819.46873799999674550000,4.00000000000000000000,15.21829520493150457745,1158.68703320492825007745,8,100.0
2026-02-01,2026-02-01,0,Active,Retail,free,persona_x_initial_plan,192,5.70000000000000000000,644.80947479999738079133,1612.00000000000000000000,240.13615797369866647389,2502.64563277369604726522,193,99.48
2026-02-01,2026-02-01,0,Never monetized,Retail,free,persona_x_initial_plan,1,0.00000000000000000000,0.00000000000000000000,0.00000000000000000000,0.00000000000000000000,0.00000000000000000000,193,0.52
2026-02-01,2026-02-01,0,Active,Retail,plus,persona_x_initial_plan,40,439.23927083300000000000,1183.10197139999482403600,0.00000000000000000000,303.90934024547947643241,1926.25058247847430046841,41,97.56
2026-02-01,2026-02-01,0,Never monetized,Retail,plus,persona_x_initial_plan,1,0.00000000000000000000,0.00000000000000000000,0.00000000000000000000,0.00000000000000000000,0.00000000000000000000,41,2.44
2026-02-01,2026-02-01,0,Active,Retail,start,persona_x_initial_plan,208,1122.25500000000000000000,1784.78585999999294343800,2711.40000000000000000000,383.27959017698633909383,6001.72045017697928253183,209,99.52
2026-02-01,2026-02-01,0,Never monetized,Retail,start,persona_x_initial_plan,1,0.00000000000000000000,0.00000000000000000000,0.00000000000000000000,0.00000000000000000000,0.00000000000000000000,209,0.48
2026-02-01,2026-02-01,0,Active,Wholesale,business,persona_x_initial_plan,1,0.00000000000000000000,0.00000000000000000000,0.00000000000000000000,0.52966849315068500000,0.52966849315068500000,1,100.0
2026-02-01,2026-02-01,0,Active,Wholesale,free,persona_x_initial_plan,26,0.00000000000000000000,42.64208999999982907000,5.60000000000000000000,249.36134377369868486240,297.60343377369851393240,26,100.0
2026-02-01,2026-02-01,0,Active,Wholesale,plus,persona_x_initial_plan,16,302.50000000000000000000,483.58171799999806160000,0.00000000000000000000,101.11295545534247103140,887.19467345534053263140,16,100.0
2026-02-01,2026-02-01,0,Active,Wholesale,start,persona_x_initial_plan,43,264.50000000000000000000,357.60510359999858306000,0.00000000000000000000,218.62185861972604015430,840.72696221972462321430,43,100.0
2026-02-01,2026-03-01,1,Active,ALL,business,initial_plan,54,3786.00000000000000000000,3274.21969739998419215700,8.00000000000000000000,477.09248028986303039672,7545.31217768984722255372,61,88.52
2026-02-01,2026-03-01,1,At-risk,ALL,business,initial_plan,6,0.00000000000000000000,0.00000000000000000000,0.00000000000000000000,0.00000000000000000000,0.00000000000000000000,61,9.84
2026-02-01,2026-03-01,1,Never monetized,ALL,business,initial_plan,1,0.00000000000000000000,0.00000000000000000000,0.00000000000000000000,0.00000000000000000000,0.00000000000000000000,61,1.64
2026-02-01,2026-03-01,1,Active,ALL,free,initial_plan,1213,342.53728260900000000000,7475.80282379996386770100,1015.36000000000000000000,15106.91045653479538062681,23940.61056294375924832781,1289,94.1
2026-02-01,2026-03-01,1,At-risk,ALL,free,initial_plan,72,0.00000000000000000000,0.00000000000000000000,0.00000000000000000000,0.00000000000000000000,0.00000000000000000000,1289,5.59
2026-02-01,2026-03-01,1,Never monetized,ALL,free,initial_plan,4,0.00000000000000000000,0.00000000000000000000,0.00000000000000000000,0.00000000000000000000,0.00000000000000000000,1289,0.31
2026-02-01,2026-03-01,1,Active,ALL,plus,initial_plan,382,8749.56833333100000000000,15513.38776079992425709700,745.34000000000000000000,7048.64129863506866597831,32056.93739276599292307531,396,96.46
2026-02-01,2026-03-01,1,At-risk,ALL,plus,initial_plan,13,0.00000000000000000000,0.00000000000000000000,0.00000000000000000000,0.00000000000000000000,0.00000000000000000000,396,3.28
2026-02-01,2026-03-01,1,Never monetized,ALL,plus,initial_plan,1,0.00000000000000000000,0.00000000000000000000,0.00000000000000000000,0.00000000000000000000,0.00000000000000000000,396,0.25
2026-02-01,2026-03-01,1,Active,ALL,start,initial_plan,1422,14176.92496819200000000000,20789.05238279989918609500,753.92000000000000200000,12295.73346517643943539971,48015.63081616833862349471,1482,95.95
2026-02-01,2026-03-01,1,At-risk,ALL,start,initial_plan,60,0.00000000000000000000,0.00000000000000000000,0.00000000000000000000,0.00000000000000000000,0.00000000000000000000,1482,4.05
2026-02-01,2026-03-01,1,Active,ALL,ALL,overall,3071,27055.03058413200000000000,47052.46266479977150305000,2522.62000000000000200000,34928.37770063616651240155,111558.49094956793801745155,3228,95.14
2026-02-01,2026-03-01,1,At-risk,ALL,ALL,overall,151,0.00000000000000000000,0.00000000000000000000,0.00000000000000000000,0.00000000000000000000,0.00000000000000000000,3228,4.68
2026-02-01,2026-03-01,1,Never monetized,ALL,ALL,overall,6,0.00000000000000000000,0.00000000000000000000,0.00000000000000000000,0.00000000000000000000,0.00000000000000000000,3228,0.19
2026-02-01,2026-03-01,1,Active,Automobile_Trade_Repair,ALL,persona,127,1492.18995967700000000000,4992.52795379997585177000,669.10000000000000000000,1132.47253359726024644897,8286.29044707423609821897,130,97.69
2026-02-01,2026-03-01,1,At-risk,Automobile_Trade_Repair,ALL,persona,3,0.00000000000000000000,0.00000000000000000000,0.00000000000000000000,0.00000000000000000000,0.00000000000000000000,130,2.31
2026-02-01,2026-03-01,1,Active,BTP,ALL,persona,604,6998.83403985500000000000,16449.50178899992108123100,420.74000000000000000000,9342.04823795123341334906,33211.12406680615449458006,624,96.79
2026-02-01,2026-03-01,1,At-risk,BTP,ALL,persona,20,0.00000000000000000000,0.00000000000000000000,0.00000000000000000000,0.00000000000000000000,0.00000000000000000000,624,3.21
2026-02-01,2026-03-01,1,Active,Bankers_Insurance,ALL,persona,55,285.00000000000000000000,584.88749279999694050400,10.98000000000000000000,4258.36916324000043565920,5139.23665603999737616320,57,96.49
2026-02-01,2026-03-01,1,At-risk,Bankers_Insurance,ALL,persona,2,0.00000000000000000000,0.00000000000000000000,0.00000000000000000000,0.00000000000000000000,0.00000000000000000000,57,3.51
2026-02-01,2026-03-01,1,Active,Bikers_Drivers,ALL,persona,142,1739.33333333300000000000,2217.90211379998908565000,54.74000000000000000000,427.15325149917811580827,4439.12869863216720145827,164,86.59
2026-02-01,2026-03-01,1,At-risk,Bikers_Drivers,ALL,persona,22,0.00000000000000000000,0.00000000000000000000,0.00000000000000000000,0.00000000000000000000,0.00000000000000000000,164,13.41
2026-02-01,2026-03-01,1,Active,Cleaning_CallCenters,ALL,persona,25,327.00000000000000000000,118.58120999999943695500,16.80000000000000000000,178.12007251452055470903,640.50128251451999166403,26,96.15
2026-02-01,2026-03-01,1,At-risk,Cleaning_CallCenters,ALL,persona,1,0.00000000000000000000,0.00000000000000000000,0.00000000000000000000,0.00000000000000000000,0.00000000000000000000,26,3.85
2026-02-01,2026-03-01,1,Active,Consultant,ALL,persona,538,3733.01999999900000000000,4712.74068959997681823400,229.30000000000000200000,8843.87310676712395343172,17518.93379636610077366572,562,95.73
2026-02-01,2026-03-01,1,At-risk,Consultant,ALL,persona,22,0.00000000000000000000,0.00000000000000000000,0.00000000000000000000,0.00000000000000000000,0.00000000000000000000,562,3.91
2026-02-01,2026-03-01,1,Never monetized,Consultant,ALL,persona,2,0.00000000000000000000,0.00000000000000000000,0.00000000000000000000,0.00000000000000000000,0.00000000000000000000,562,0.36
2026-02-01,2026-03-01,1,Active,Developer_IT,ALL,persona,251,1881.66666666600000000000,1963.03491179999051645100,178.30000000000000000000,2722.04217762575352978955,6745.04375609174404624055,266,94.36
2026-02-01,2026-03-01,1,At-risk,Developer_IT,ALL,persona,15,0.00000000000000000000,0.00000000000000000000,0.00000000000000000000,0.00000000000000000000,0.00000000000000000000,266,5.64
2026-02-01,2026-03-01,1,Active,Media_Publishing,ALL,persona,110,789.00000000000000000000,1285.35843959999386108000,52.54000000000000000000,801.27771553041100933902,2928.17615513040487041902,114,96.49
2026-02-01,2026-03-01,1,At-risk,Media_Publishing,ALL,persona,4,0.00000000000000000000,0.00000000000000000000,0.00000000000000000000,0.00000000000000000000,0.00000000000000000000,114,3.51
2026-02-01,2026-03-01,1,Active,Medical_Professionals,ALL,persona,39,253.71865384600000000000,263.43248399999871545000,46.40000000000000000000,328.26615534410960420600,891.81729319010831965600,41,95.12
2026-02-01,2026-03-01,1,At-risk,Medical_Professionals,ALL,persona,2,0.00000000000000000000,0.00000000000000000000,0.00000000000000000000,0.00000000000000000000,0.00000000000000000000,41,4.88
2026-02-01,2026-03-01,1,Active,Others,ALL,persona,491,4113.66228260900000000000,4966.32105719997593208400,305.62000000000000000000,2683.01064434465768402002,12068.61398415363361610402,517,94.97
2026-02-01,2026-03-01,1,At-risk,Others,ALL,persona,25,0.00000000000000000000,0.00000000000000000000,0.00000000000000000000,0.00000000000000000000,0.00000000000000000000,517,4.84
2026-02-01,2026-03-01,1,Never monetized,Others,ALL,persona,1,0.00000000000000000000,0.00000000000000000000,0.00000000000000000000,0.00000000000000000000,0.00000000000000000000,517,0.19
2026-02-01,2026-03-01,1,Active,Professeur,ALL,persona,85,615.00000000000000000000,664.18369919999693668000,62.46000000000000000000,540.11186612986306885273,1881.75556532986000553273,92,92.39
2026-02-01,2026-03-01,1,At-risk,Professeur,ALL,persona,6,0.00000000000000000000,0.00000000000000000000,0.00000000000000000000,0.00000000000000000000,0.00000000000000000000,92,6.52
2026-02-01,2026-03-01,1,Never monetized,Professeur,ALL,persona,1,0.00000000000000000000,0.00000000000000000000,0.00000000000000000000,0.00000000000000000000,0.00000000000000000000,92,1.09
2026-02-01,2026-03-01,1,Active,Repair,ALL,persona,10,72.00000000000000000000,23.14092599999988644000,0.00000000000000000000,7.37345696821917908600,102.51438296821906552600,11,90.91
2026-02-01,2026-03-01,1,At-risk,Repair,ALL,persona,1,0.00000000000000000000,0.00000000000000000000,0.00000000000000000000,0.00000000000000000000,0.00000000000000000000,11,9.09
2026-02-01,2026-03-01,1,Active,Repair_Installation,ALL,persona,2,22.00000000000000000000,0.00000000000000000000,0.00000000000000000000,1.73945026191780912000,23.73945026191780912000,2,100.0
2026-02-01,2026-03-01,1,Active,Restauration,ALL,persona,83,698.33333333300000000000,2243.87389979998893390000,13.00000000000000000000,517.08273436000009495410,3472.28996749298902885410,85,97.65
2026-02-01,2026-03-01,1,At-risk,Restauration,ALL,persona,2,0.00000000000000000000,0.00000000000000000000,0.00000000000000000000,0.00000000000000000000,0.00000000000000000000,85,2.35
2026-02-01,2026-03-01,1,Active,Retail,ALL,persona,425,3189.27231481400000000000,5224.85820899997416695100,319.44000000000000000000,2325.92571559232874608620,11059.49623940630291303720,451,94.24
2026-02-01,2026-03-01,1,At-risk,Retail,ALL,persona,24,0.00000000000000000000,0.00000000000000000000,0.00000000000000000000,0.00000000000000000000,0.00000000000000000000,451,5.32
2026-02-01,2026-03-01,1,Never monetized,Retail,ALL,persona,2,0.00000000000000000000,0.00000000000000000000,0.00000000000000000000,0.00000000000000000000,0.00000000000000000000,451,0.44
2026-02-01,2026-03-01,1,Active,Wholesale,ALL,persona,84,845.00000000000000000000,1342.11778919999333967000,143.20000000000000000000,819.51141890958906754168,3149.82920810958240721168,86,97.67
2026-02-01,2026-03-01,1,At-risk,Wholesale,ALL,persona,2,0.00000000000000000000,0.00000000000000000000,0.00000000000000000000,0.00000000000000000000,0.00000000000000000000,86,2.33
2026-02-01,2026-03-01,1,Active,Automobile_Trade_Repair,business,persona_x_initial_plan,3,160.00000000000000000000,416.43495539999793000000,4.00000000000000000000,5.03639690191780852300,585.47135230191573852300,3,100.0
2026-02-01,2026-03-01,1,Active,Automobile_Trade_Repair,free,persona_x_initial_plan,28,0.00000000000000000000,379.37368799999813968000,75.80000000000000000000,110.41785771835616147317,565.59154571835430115317,29,96.55
2026-02-01,2026-03-01,1,At-risk,Automobile_Trade_Repair,free,persona_x_initial_plan,1,0.00000000000000000000,0.00000000000000000000,0.00000000000000000000,0.00000000000000000000,0.00000000000000000000,29,3.45
2026-02-01,2026-03-01,1,Active,Automobile_Trade_Repair,plus,persona_x_initial_plan,26,635.00000000000000000000,1449.96956639999315060000,486.76000000000000000000,395.36982871780820342800,2967.09939511780135402800,26,100.0
2026-02-01,2026-03-01,1,Active,Automobile_Trade_Repair,start,persona_x_initial_plan,70,697.18995967700000000000,2746.74974399998663149000,102.54000000000000000000,621.64845025917807302480,4168.12815393616470451480,72,97.22
2026-02-01,2026-03-01,1,At-risk,Automobile_Trade_Repair,start,persona_x_initial_plan,2,0.00000000000000000000,0.00000000000000000000,0.00000000000000000000,0.00000000000000000000,0.00000000000000000000,72,2.78
2026-02-01,2026-03-01,1,Active,BTP,business,persona_x_initial_plan,21,1546.00000000000000000000,2367.64906199998857846000,0.00000000000000000000,221.75723101041097619240,4135.40629301039955465240,22,95.45
2026-02-01,2026-03-01,1,At-risk,BTP,business,persona_x_initial_plan,1,0.00000000000000000000,0.00000000000000000000,0.00000000000000000000,0.00000000000000000000,0.00000000000000000000,22,4.55
2026-02-01,2026-03-01,1,Active,BTP,free,persona_x_initial_plan,233,223.48000000000000000000,2693.21500799998700405000,258.64000000000000000000,5204.55066048054829551381,8379.88566848053529956381,243,95.88
2026-02-01,2026-03-01,1,At-risk,BTP,free,persona_x_initial_plan,10,0.00000000000000000000,0.00000000000000000000,0.00000000000000000000,0.00000000000000000000,0.00000000000000000000,243,4.12
2026-02-01,2026-03-01,1,Active,BTP,plus,persona_x_initial_plan,106,2639.94333333300000000000,5262.65747639997486701000,12.08000000000000000000,842.73058065205482702987,8757.41139038502969403987,109,97.25
2026-02-01,2026-03-01,1,At-risk,BTP,plus,persona_x_initial_plan,3,0.00000000000000000000,0.00000000000000000000,0.00000000000000000000,0.00000000000000000000,0.00000000000000000000,109,2.75
2026-02-01,2026-03-01,1,Active,BTP,start,persona_x_initial_plan,244,2589.41070652200000000000,6125.98024259997063171100,150.02000000000000000000,3073.00976580821931461298,11938.42071493018994632398,250,97.6
2026-02-01,2026-03-01,1,At-risk,BTP,start,persona_x_initial_plan,6,0.00000000000000000000,0.00000000000000000000,0.00000000000000000000,0.00000000000000000000,0.00000000000000000000,250,2.4
2026-02-01,2026-03-01,1,Active,Bankers_Insurance,free,persona_x_initial_plan,27,0.00000000000000000000,135.21658679999935738400,10.64000000000000000000,3180.83692445095919214520,3326.69351125095854952920,29,93.1
2026-02-01,2026-03-01,1,At-risk,Bankers_Insurance,free,persona_x_initial_plan,2,0.00000000000000000000,0.00000000000000000000,0.00000000000000000000,0.00000000000000000000,0.00000000000000000000,29,6.9
2026-02-01,2026-03-01,1,Active,Bankers_Insurance,plus,persona_x_initial_plan,2,50.00000000000000000000,362.01299399999800000000,0.00000000000000000000,911.00948935890424380000,1323.02248335890224380000,2,100.0
2026-02-01,2026-03-01,1,Active,Bankers_Insurance,start,persona_x_initial_plan,26,235.00000000000000000000,87.65791199999958312000,0.34000000000000000000,166.52274943013699971400,489.52066143013658283400,26,100.0
2026-02-01,2026-03-01,1,Active,Bikers_Drivers,business,persona_x_initial_plan,6,400.00000000000000000000,114.83162999999949630000,0.00000000000000000000,41.50280243397260523720,556.33443243397210153720,7,85.71
2026-02-01,2026-03-01,1,At-risk,Bikers_Drivers,business,persona_x_initial_plan,1,0.00000000000000000000,0.00000000000000000000,0.00000000000000000000,0.00000000000000000000,0.00000000000000000000,7,14.29
2026-02-01,2026-03-01,1,Active,Bikers_Drivers,free,persona_x_initial_plan,33,25.00000000000000000000,118.60997399999941561000,17.60000000000000000000,68.25473227287672466930,229.46470627287614027930,39,84.62
2026-02-01,2026-03-01,1,At-risk,Bikers_Drivers,free,persona_x_initial_plan,6,0.00000000000000000000,0.00000000000000000000,0.00000000000000000000,0.00000000000000000000,0.00000000000000000000,39,15.38
2026-02-01,2026-03-01,1,Active,Bikers_Drivers,plus,persona_x_initial_plan,28,570.00000000000000000000,1071.36586979999469565000,28.74000000000000000000,146.19455677808219838798,1816.30042657807689403798,29,96.55
2026-02-01,2026-03-01,1,At-risk,Bikers_Drivers,plus,persona_x_initial_plan,1,0.00000000000000000000,0.00000000000000000000,0.00000000000000000000,0.00000000000000000000,0.00000000000000000000,29,3.45
2026-02-01,2026-03-01,1,Active,Bikers_Drivers,start,persona_x_initial_plan,75,744.33333333300000000000,913.09463999999547809000,8.40000000000000000000,171.20116001424658751379,1837.02913334724206560379,89,84.27
2026-02-01,2026-03-01,1,At-risk,Bikers_Drivers,start,persona_x_initial_plan,14,0.00000000000000000000,0.00000000000000000000,0.00000000000000000000,0.00000000000000000000,0.00000000000000000000,89,15.73
2026-02-01,2026-03-01,1,Active,Cleaning_CallCenters,business,persona_x_initial_plan,1,80.00000000000000000000,0.00000000000000000000,0.00000000000000000000,0.06198430027397261500,80.06198430027397261500,1,100.0
2026-02-01,2026-03-01,1,Active,Cleaning_CallCenters,free,persona_x_initial_plan,4,0.00000000000000000000,2.50721999999998730000,16.80000000000000000000,10.50983785589041218000,29.81705785589039948000,5,80.0
2026-02-01,2026-03-01,1,At-risk,Cleaning_CallCenters,free,persona_x_initial_plan,1,0.00000000000000000000,0.00000000000000000000,0.00000000000000000000,0.00000000000000000000,0.00000000000000000000,5,20.0
2026-02-01,2026-03-01,1,Active,Cleaning_CallCenters,plus,persona_x_initial_plan,5,115.00000000000000000000,65.15337599999969300000,0.00000000000000000000,78.16935920602740576153,258.32273520602709876153,5,100.0
2026-02-01,2026-03-01,1,Active,Cleaning_CallCenters,start,persona_x_initial_plan,15,132.00000000000000000000,50.92061399999975665500,0.00000000000000000000,89.37889115232876415250,272.29950515232852080750,15,100.0
2026-02-01,2026-03-01,1,Active,Consultant,business,persona_x_initial_plan,5,320.00000000000000000000,51.96689999999974875600,4.00000000000000000000,64.60997864273972342260,440.57687864273947217860,5,100.0
2026-02-01,2026-03-01,1,Active,Consultant,free,persona_x_initial_plan,246,11.02000000000000000000,1193.30282879999422704800,93.60000000000000000000,2892.77620399726027963883,4190.69903279725450668683,262,93.89
2026-02-01,2026-03-01,1,At-risk,Consultant,free,persona_x_initial_plan,14,0.00000000000000000000,0.00000000000000000000,0.00000000000000000000,0.00000000000000000000,0.00000000000000000000,262,5.34
2026-02-01,2026-03-01,1,Never monetized,Consultant,free,persona_x_initial_plan,2,0.00000000000000000000,0.00000000000000000000,0.00000000000000000000,0.00000000000000000000,0.00000000000000000000,262,0.76
2026-02-01,2026-03-01,1,Active,Consultant,plus,persona_x_initial_plan,46,1046.66666666600000000000,838.14821279999595400000,0.26000000000000000000,1874.85980858520534181057,3759.93468805120129581057,49,93.88
2026-02-01,2026-03-01,1,At-risk,Consultant,plus,persona_x_initial_plan,3,0.00000000000000000000,0.00000000000000000000,0.00000000000000000000,0.00000000000000000000,0.00000000000000000000,49,6.12
2026-02-01,2026-03-01,1,Active,Consultant,start,persona_x_initial_plan,241,2355.33333333300000000000,2629.32274799998688843000,131.44000000000000200000,4011.62711554191860855972,9127.72319687490549898972,246,97.97
2026-02-01,2026-03-01,1,At-risk,Consultant,start,persona_x_initial_plan,5,0.00000000000000000000,0.00000000000000000000,0.00000000000000000000,0.00000000000000000000,0.00000000000000000000,246,2.03
2026-02-01,2026-03-01,1,Active,Developer_IT,business,persona_x_initial_plan,4,320.00000000000000000000,2.73599999999998780000,0.00000000000000000000,45.39710388164382582500,368.13310388164381362500,5,80.0
2026-02-01,2026-03-01,1,At-risk,Developer_IT,business,persona_x_initial_plan,1,0.00000000000000000000,0.00000000000000000000,0.00000000000000000000,0.00000000000000000000,0.00000000000000000000,5,20.0
2026-02-01,2026-03-01,1,Active,Developer_IT,free,persona_x_initial_plan,115,11.00000000000000000000,446.67197999999785552100,83.02000000000000000000,1095.74433532054806365543,1636.43631532054591917643,123,93.5
2026-02-01,2026-03-01,1,At-risk,Developer_IT,free,persona_x_initial_plan,8,0.00000000000000000000,0.00000000000000000000,0.00000000000000000000,0.00000000000000000000,0.00000000000000000000,123,6.5
2026-02-01,2026-03-01,1,Active,Developer_IT,plus,persona_x_initial_plan,22,496.66666666600000000000,697.79642399999665124000,57.16000000000000000000,218.68890473698630741600,1470.31199540298295865600,23,95.65
2026-02-01,2026-03-01,1,At-risk,Developer_IT,plus,persona_x_initial_plan,1,0.00000000000000000000,0.00000000000000000000,0.00000000000000000000,0.00000000000000000000,0.00000000000000000000,23,4.35
2026-02-01,2026-03-01,1,Active,Developer_IT,start,persona_x_initial_plan,110,1054.00000000000000000000,815.83050779999602189000,38.12000000000000000000,1362.21183368657533289312,3270.16234148657135478312,115,95.65
2026-02-01,2026-03-01,1,At-risk,Developer_IT,start,persona_x_initial_plan,5,0.00000000000000000000,0.00000000000000000000,0.00000000000000000000,0.00000000000000000000,0.00000000000000000000,115,4.35
2026-02-01,2026-03-01,1,Active,Media_Publishing,business,persona_x_initial_plan,1,80.00000000000000000000,0.00000000000000000000,0.00000000000000000000,0.00018859561643835618,80.00018859561643835618,1,100.0
2026-02-01,2026-03-01,1,Active,Media_Publishing,free,persona_x_initial_plan,48,0.00000000000000000000,203.19554519999901614000,18.12000000000000000000,345.27592952109591260882,566.59147472109492874882,50,96.0
2026-02-01,2026-03-01,1,At-risk,Media_Publishing,free,persona_x_initial_plan,2,0.00000000000000000000,0.00000000000000000000,0.00000000000000000000,0.00000000000000000000,0.00000000000000000000,50,4.0
2026-02-01,2026-03-01,1,Active,Media_Publishing,plus,persona_x_initial_plan,8,180.00000000000000000000,818.91819719999608700000,16.64000000000000000000,99.55498816164384177672,1115.11318536163992877672,8,100.0
2026-02-01,2026-03-01,1,Active,Media_Publishing,start,persona_x_initial_plan,53,529.00000000000000000000,263.24469719999875794000,17.78000000000000000000,356.44660925205481659730,1166.47130645205357453730,55,96.36
2026-02-01,2026-03-01,1,At-risk,Media_Publishing,start,persona_x_initial_plan,2,0.00000000000000000000,0.00000000000000000000,0.00000000000000000000,0.00000000000000000000,0.00000000000000000000,55,3.64
2026-02-01,2026-03-01,1,Active,Medical_Professionals,free,persona_x_initial_plan,17,7.78250000000000000000,85.86581399999957883000,46.40000000000000000000,76.95390634630137106400,217.00222034630094989400,17,100.0
2026-02-01,2026-03-01,1,Active,Medical_Professionals,plus,persona_x_initial_plan,2,50.00000000000000000000,31.62653999999984730000,0.00000000000000000000,143.65641668438356460000,225.28295668438341190000,3,66.67
2026-02-01,2026-03-01,1,At-risk,Medical_Professionals,plus,persona_x_initial_plan,1,0.00000000000000000000,0.00000000000000000000,0.00000000000000000000,0.00000000000000000000,0.00000000000000000000,3,33.33
2026-02-01,2026-03-01,1,Active,Medical_Professionals,start,persona_x_initial_plan,20,195.93615384600000000000,145.94012999999928932000,0.00000000000000000000,107.65583231342466854200,449.53211615942395786200,21,95.24
2026-02-01,2026-03-01,1,At-risk,Medical_Professionals,start,persona_x_initial_plan,1,0.00000000000000000000,0.00000000000000000000,0.00000000000000000000,0.00000000000000000000,0.00000000000000000000,21,4.76
2026-02-01,2026-03-01,1,Active,Others,business,persona_x_initial_plan,5,400.00000000000000000000,276.77813399999865731100,0.00000000000000000000,4.70513023726027393822,681.48326423725893124922,7,71.43
2026-02-01,2026-03-01,1,At-risk,Others,business,persona_x_initial_plan,1,0.00000000000000000000,0.00000000000000000000,0.00000000000000000000,0.00000000000000000000,0.00000000000000000000,7,14.29
2026-02-01,2026-03-01,1,Never monetized,Others,business,persona_x_initial_plan,1,0.00000000000000000000,0.00000000000000000000,0.00000000000000000000,0.00000000000000000000,0.00000000000000000000,7,14.29
2026-02-01,2026-03-01,1,Active,Others,free,persona_x_initial_plan,186,35.23478260900000000000,985.83013799999522531000,130.50000000000000000000,811.09389738301370468147,1962.65881799200892999147,194,95.88
2026-02-01,2026-03-01,1,At-risk,Others,free,persona_x_initial_plan,8,0.00000000000000000000,0.00000000000000000000,0.00000000000000000000,0.00000000000000000000,0.00000000000000000000,194,4.12
2026-02-01,2026-03-01,1,Active,Others,plus,persona_x_initial_plan,63,1330.00000000000000000000,1542.52697759999253636900,46.86000000000000000000,1109.22464801095900465429,4028.61162561095154102329,66,95.45
2026-02-01,2026-03-01,1,At-risk,Others,plus,persona_x_initial_plan,3,0.00000000000000000000,0.00000000000000000000,0.00000000000000000000,0.00000000000000000000,0.00000000000000000000,66,4.55
2026-02-01,2026-03-01,1,Active,Others,start,persona_x_initial_plan,237,2348.42750000000000000000,2161.18580759998951309400,128.26000000000000000000,757.98696871342470074604,5395.86027631341421384004,250,94.8
2026-02-01,2026-03-01,1,At-risk,Others,start,persona_x_initial_plan,13,0.00000000000000000000,0.00000000000000000000,0.00000000000000000000,0.00000000000000000000,0.00000000000000000000,250,5.2
2026-02-01,2026-03-01,1,Active,Professeur,business,persona_x_initial_plan,1,80.00000000000000000000,0.00000000000000000000,0.00000000000000000000,91.45531079452055700000,171.45531079452055700000,1,100.0
2026-02-01,2026-03-01,1,Active,Professeur,free,persona_x_initial_plan,36,0.00000000000000000000,58.15106459999971768000,20.40000000000000000000,264.59298376602743702733,343.14404836602715470733,41,87.8
2026-02-01,2026-03-01,1,At-risk,Professeur,free,persona_x_initial_plan,4,0.00000000000000000000,0.00000000000000000000,0.00000000000000000000,0.00000000000000000000,0.00000000000000000000,41,9.76
2026-02-01,2026-03-01,1,Never monetized,Professeur,free,persona_x_initial_plan,1,0.00000000000000000000,0.00000000000000000000,0.00000000000000000000,0.00000000000000000000,0.00000000000000000000,41,2.44
2026-02-01,2026-03-01,1,Active,Professeur,plus,persona_x_initial_plan,4,70.00000000000000000000,85.32937259999959590000,31.80000000000000000000,38.44068026958904325200,225.57005286958863915200,4,100.0
2026-02-01,2026-03-01,1,Active,Professeur,start,persona_x_initial_plan,44,465.00000000000000000000,520.70326199999762310000,10.26000000000000000000,145.62289129972603157340,1141.58615329972365467340,46,95.65
2026-02-01,2026-03-01,1,At-risk,Professeur,start,persona_x_initial_plan,2,0.00000000000000000000,0.00000000000000000000,0.00000000000000000000,0.00000000000000000000,0.00000000000000000000,46,4.35
2026-02-01,2026-03-01,1,Active,Repair,free,persona_x_initial_plan,6,0.00000000000000000000,14.07295799999993034000,0.00000000000000000000,6.24205033753424745600,20.31500833753417779600,7,85.71
2026-02-01,2026-03-01,1,At-risk,Repair,free,persona_x_initial_plan,1,0.00000000000000000000,0.00000000000000000000,0.00000000000000000000,0.00000000000000000000,0.00000000000000000000,7,14.29
2026-02-01,2026-03-01,1,Active,Repair,plus,persona_x_initial_plan,2,50.00000000000000000000,0.00000000000000000000,0.00000000000000000000,0.35116956219178080000,50.35116956219178080000,2,100.0
2026-02-01,2026-03-01,1,Active,Repair,start,persona_x_initial_plan,2,22.00000000000000000000,9.06796799999995610000,0.00000000000000000000,0.78023706849315083000,31.84820506849310693000,2,100.0
2026-02-01,2026-03-01,1,Active,Repair_Installation,start,persona_x_initial_plan,2,22.00000000000000000000,0.00000000000000000000,0.00000000000000000000,1.73945026191780912000,23.73945026191780912000,2,100.0
2026-02-01,2026-03-01,1,Active,Restauration,free,persona_x_initial_plan,30,11.00000000000000000000,314.39624579999849750000,4.00000000000000000000,125.16545906082193126910,454.56170486082042876910,31,96.77
2026-02-01,2026-03-01,1,At-risk,Restauration,free,persona_x_initial_plan,1,0.00000000000000000000,0.00000000000000000000,0.00000000000000000000,0.00000000000000000000,0.00000000000000000000,31,3.23
2026-02-01,2026-03-01,1,Active,Restauration,plus,persona_x_initial_plan,13,278.33333333300000000000,1003.78751399999488750000,0.00000000000000000000,150.77464728054796971700,1432.89549461354285721700,13,100.0
2026-02-01,2026-03-01,1,Active,Restauration,start,persona_x_initial_plan,40,409.00000000000000000000,925.69013999999554890000,9.00000000000000000000,241.14262801863019396800,1584.83276801862574286800,41,97.56
2026-02-01,2026-03-01,1,At-risk,Restauration,start,persona_x_initial_plan,1,0.00000000000000000000,0.00000000000000000000,0.00000000000000000000,0.00000000000000000000,0.00000000000000000000,41,2.44
2026-02-01,2026-03-01,1,Active,Retail,business,persona_x_initial_plan,6,320.00000000000000000000,4.48356599999997853000,0.00000000000000000000,0.68366623232876698712,325.16723223232874551712,8,75.0
2026-02-01,2026-03-01,1,At-risk,Retail,business,persona_x_initial_plan,2,0.00000000000000000000,0.00000000000000000000,0.00000000000000000000,0.00000000000000000000,0.00000000000000000000,8,25.0
2026-02-01,2026-03-01,1,Active,Retail,free,persona_x_initial_plan,179,18.02000000000000000000,784.52529659999620826800,226.24000000000000000000,576.37252085972603503795,1605.15781745972224330595,193,92.75
2026-02-01,2026-03-01,1,At-risk,Retail,free,persona_x_initial_plan,13,0.00000000000000000000,0.00000000000000000000,0.00000000000000000000,0.00000000000000000000,0.00000000000000000000,193,6.74
2026-02-01,2026-03-01,1,Never monetized,Retail,free,persona_x_initial_plan,1,0.00000000000000000000,0.00000000000000000000,0.00000000000000000000,0.00000000000000000000,0.00000000000000000000,193,0.52
2026-02-01,2026-03-01,1,Active,Retail,plus,persona_x_initial_plan,39,862.95833333300000000000,1503.48382199999216154800,49.80000000000000000000,899.08054472383561176135,3315.32270005682777330935,41,95.12
2026-02-01,2026-03-01,1,At-risk,Retail,plus,persona_x_initial_plan,1,0.00000000000000000000,0.00000000000000000000,0.00000000000000000000,0.00000000000000000000,0.00000000000000000000,41,2.44
2026-02-01,2026-03-01,1,Never monetized,Retail,plus,persona_x_initial_plan,1,0.00000000000000000000,0.00000000000000000000,0.00000000000000000000,0.00000000000000000000,0.00000000000000000000,41,2.44
2026-02-01,2026-03-01,1,Active,Retail,start,persona_x_initial_plan,201,1988.29398148100000000000,2932.36552439998581860500,43.40000000000000000000,849.78898377643833229978,5813.84848965742415090478,209,96.17
2026-02-01,2026-03-01,1,At-risk,Retail,start,persona_x_initial_plan,8,0.00000000000000000000,0.00000000000000000000,0.00000000000000000000,0.00000000000000000000,0.00000000000000000000,209,3.83
2026-02-01,2026-03-01,1,Active,Wholesale,business,persona_x_initial_plan,1,80.00000000000000000000,39.33944999999981500000,0.00000000000000000000,1.88268725917808230000,121.22213725917789730000,1,100.0
2026-02-01,2026-03-01,1,Active,Wholesale,free,persona_x_initial_plan,25,0.00000000000000000000,60.86847599999970704000,13.60000000000000000000,338.12315716383561220640,412.59163316383531924640,26,96.15
2026-02-01,2026-03-01,1,At-risk,Wholesale,free,persona_x_initial_plan,1,0.00000000000000000000,0.00000000000000000000,0.00000000000000000000,0.00000000000000000000,0.00000000000000000000,26,3.85
2026-02-01,2026-03-01,1,Active,Wholesale,plus,persona_x_initial_plan,16,375.00000000000000000000,780.61141799999612998000,15.24000000000000000000,140.53567590684932178300,1311.38709390684545176300,16,100.0
2026-02-01,2026-03-01,1,Active,Wholesale,start,persona_x_initial_plan,42,390.00000000000000000000,461.29844519999768765000,114.36000000000000000000,338.96989857972605125228,1304.62834377972373890228,43,97.67
2026-02-01,2026-03-01,1,At-risk,Wholesale,start,persona_x_initial_plan,1,0.00000000000000000000,0.00000000000000000000,0.00000000000000000000,0.00000000000000000000,0.00000000000000000000,43,2.33
2026-02-01,2026-04-01,2,Active,ALL,business,initial_plan,48,3251.00000000000000000000,5884.06990679996714122400,6.00000000000000000000,548.26829046027399775704,9689.33819726024113898104,61,78.69
2026-02-01,2026-04-01,2,At-risk,ALL,business,initial_plan,12,0.00000000000000000000,0.00000000000000000000,0.00000000000000000000,0.00000000000000000000,0.00000000000000000000,61,19.67
2026-02-01,2026-04-01,2,Never monetized,ALL,business,initial_plan,1,0.00000000000000000000,0.00000000000000000000,0.00000000000000000000,0.00000000000000000000,0.00000000000000000000,61,1.64
2026-02-01,2026-04-01,2,Active,ALL,free,initial_plan,1172,456.37827957099999800000,8030.68749539995668575000,2023.73999999999999920000,15499.92425576219256710604,26010.73003073314925005604,1289,90.92
2026-02-01,2026-04-01,2,At-risk,ALL,free,initial_plan,113,0.00000000000000000000,0.00000000000000000000,0.00000000000000000000,0.00000000000000000000,0.00000000000000000000,1289,8.77
2026-02-01,2026-04-01,2,Never monetized,ALL,free,initial_plan,4,0.00000000000000000000,0.00000000000000000000,0.00000000000000000000,0.00000000000000000000,0.00000000000000000000,1289,0.31
2026-02-01,2026-04-01,2,Active,ALL,plus,initial_plan,370,8581.33333333100000000000,16235.69760179991202464710,866.40000000000000700000,7195.31694912986293758248,32878.74788426077496922958,396,93.43
2026-02-01,2026-04-01,2,At-risk,ALL,plus,initial_plan,25,0.00000000000000000000,0.00000000000000000000,0.00000000000000000000,0.00000000000000000000,0.00000000000000000000,396,6.31
2026-02-01,2026-04-01,2,Never monetized,ALL,plus,initial_plan,1,0.00000000000000000000,0.00000000000000000000,0.00000000000000000000,0.00000000000000000000,0.00000000000000000000,396,0.25
2026-02-01,2026-04-01,2,Active,ALL,start,initial_plan,1397,14300.20687403900000400000,22230.17845739988026197000,2104.86000000000000000000,13373.57322944438452039038,52008.81856088326478636038,1482,94.26
2026-02-01,2026-04-01,2,At-risk,ALL,start,initial_plan,85,0.00000000000000000000,0.00000000000000000000,0.00000000000000000000,0.00000000000000000000,0.00000000000000000000,1482,5.74
2026-02-01,2026-04-01,2,Active,ALL,ALL,overall,2987,26588.91848694100000200000,52380.63346139971611359110,5001.00000000000000620000,36617.08272479671402283594,120587.63467313743014462704,3228,92.53
2026-02-01,2026-04-01,2,At-risk,ALL,ALL,overall,235,0.00000000000000000000,0.00000000000000000000,0.00000000000000000000,0.00000000000000000000,0.00000000000000000000,3228,7.28
2026-02-01,2026-04-01,2,Never monetized,ALL,ALL,overall,6,0.00000000000000000000,0.00000000000000000000,0.00000000000000000000,0.00000000000000000000,0.00000000000000000000,3228,0.19
2026-02-01,2026-04-01,2,Active,Automobile_Trade_Repair,ALL,persona,119,1463.00000000000000000000,5435.03657879997089699000,380.48000000000000700000,819.63458840493158475082,8098.15116720490248874082,130,91.54
2026-02-01,2026-04-01,2,At-risk,Automobile_Trade_Repair,ALL,persona,11,0.00000000000000000000,0.00000000000000000000,0.00000000000000000000,0.00000000000000000000,0.00000000000000000000,130,8.46
2026-02-01,2026-04-01,2,Active,BTP,ALL,persona,587,6814.39123655900000100000,18420.49601639989990736230,561.80000000000000000000,9610.09783014027424586893,35406.78508309917415423123,624,94.07
2026-02-01,2026-04-01,2,At-risk,BTP,ALL,persona,37,0.00000000000000000000,0.00000000000000000000,0.00000000000000000000,0.00000000000000000000,0.00000000000000000000,624,5.93
2026-02-01,2026-04-01,2,Active,Bankers_Insurance,ALL,persona,55,301.55000000000000000000,604.18870199999672837000,12.80000000000000000000,3213.21950062410997793010,4131.75820262410670630010,57,96.49
2026-02-01,2026-04-01,2,At-risk,Bankers_Insurance,ALL,persona,2,0.00000000000000000000,0.00000000000000000000,0.00000000000000000000,0.00000000000000000000,0.00000000000000000000,57,3.51
2026-02-01,2026-04-01,2,Active,Bikers_Drivers,ALL,persona,139,1718.76208333300000000000,3248.60677199998242040800,312.36000000000000000000,441.55009251835618046502,5721.27894785133860087302,164,84.76
2026-02-01,2026-04-01,2,At-risk,Bikers_Drivers,ALL,persona,25,0.00000000000000000000,0.00000000000000000000,0.00000000000000000000,0.00000000000000000000,0.00000000000000000000,164,15.24
2026-02-01,2026-04-01,2,Active,Cleaning_CallCenters,ALL,persona,24,338.00000000000000000000,470.91074399999749430000,0.00000000000000000000,265.53223403890409478797,1074.44297803890158908797,26,92.31
2026-02-01,2026-04-01,2,At-risk,Cleaning_CallCenters,ALL,persona,2,0.00000000000000000000,0.00000000000000000000,0.00000000000000000000,0.00000000000000000000,0.00000000000000000000,26,7.69
2026-02-01,2026-04-01,2,Active,Consultant,ALL,persona,523,3714.54416666600000100000,5972.24402279996758020580,542.44000000000000000000,10341.36546596931549112070,20570.59365543528307232650,562,93.06
2026-02-01,2026-04-01,2,At-risk,Consultant,ALL,persona,37,0.00000000000000000000,0.00000000000000000000,0.00000000000000000000,0.00000000000000000000,0.00000000000000000000,562,6.58
2026-02-01,2026-04-01,2,Never monetized,Consultant,ALL,persona,2,0.00000000000000000000,0.00000000000000000000,0.00000000000000000000,0.00000000000000000000,0.00000000000000000000,562,0.36
2026-02-01,2026-04-01,2,Active,Developer_IT,ALL,persona,249,1754.96505952300000000000,3027.68463779998368985000,590.24000000000000000000,3555.32166336547963996299,8928.21136068846332981299,266,93.61
2026-02-01,2026-04-01,2,At-risk,Developer_IT,ALL,persona,17,0.00000000000000000000,0.00000000000000000000,0.00000000000000000000,0.00000000000000000000,0.00000000000000000000,266,6.39
2026-02-01,2026-04-01,2,Active,Media_Publishing,ALL,persona,107,733.19000000000000000000,1107.33175259999397933000,43.60000000000000000000,903.16105685315070205609,2787.28280945314468138609,114,93.86
2026-02-01,2026-04-01,2,At-risk,Media_Publishing,ALL,persona,7,0.00000000000000000000,0.00000000000000000000,0.00000000000000000000,0.00000000000000000000,0.00000000000000000000,114,6.14
2026-02-01,2026-04-01,2,Active,Medical_Professionals,ALL,persona,38,248.00000000000000000000,624.76995599999659122400,62.39999999999999960000,574.60807910575335776000,1509.77803510574994858400,41,92.68
2026-02-01,2026-04-01,2,At-risk,Medical_Professionals,ALL,persona,3,0.00000000000000000000,0.00000000000000000000,0.00000000000000000000,0.00000000000000000000,0.00000000000000000000,41,7.32
2026-02-01,2026-04-01,2,Active,Others,ALL,persona,478,4189.00000000000000000000,5061.05923859997268302300,673.62000000000000000000,2432.15166040712341647140,12355.83089900709609949440,517,92.46
2026-02-01,2026-04-01,2,At-risk,Others,ALL,persona,38,0.00000000000000000000,0.00000000000000000000,0.00000000000000000000,0.00000000000000000000,0.00000000000000000000,517,7.35
2026-02-01,2026-04-01,2,Never monetized,Others,ALL,persona,1,0.00000000000000000000,0.00000000000000000000,0.00000000000000000000,0.00000000000000000000,0.00000000000000000000,517,0.19
2026-02-01,2026-04-01,2,Active,Professeur,ALL,persona,83,640.67000000000000000000,665.47840319999639382400,57.76000000000000000000,626.52038411780830142820,1990.42878731780469525220,92,90.22
2026-02-01,2026-04-01,2,At-risk,Professeur,ALL,persona,8,0.00000000000000000000,0.00000000000000000000,0.00000000000000000000,0.00000000000000000000,0.00000000000000000000,92,8.7
2026-02-01,2026-04-01,2,Never monetized,Professeur,ALL,persona,1,0.00000000000000000000,0.00000000000000000000,0.00000000000000000000,0.00000000000000000000,0.00000000000000000000,92,1.09
2026-02-01,2026-04-01,2,Active,Repair,ALL,persona,10,61.00000000000000000000,16.26712199999990999000,0.00000000000000000000,7.16619992493150793500,84.43332192493141792500,11,90.91
2026-02-01,2026-04-01,2,At-risk,Repair,ALL,persona,1,0.00000000000000000000,0.00000000000000000000,0.00000000000000000000,0.00000000000000000000,0.00000000000000000000,11,9.09
2026-02-01,2026-04-01,2,Active,Repair_Installation,ALL,persona,2,22.00000000000000000000,0.00000000000000000000,0.00000000000000000000,2.43231190356164410000,24.43231190356164410000,2,100.0
2026-02-01,2026-04-01,2,Active,Restauration,ALL,persona,81,688.62260752700000000000,1910.12340959998959214000,1113.88000000000000000000,518.68379703726034021580,4231.30981416424993235580,85,95.29
2026-02-01,2026-04-01,2,At-risk,Restauration,ALL,persona,4,0.00000000000000000000,0.00000000000000000000,0.00000000000000000000,0.00000000000000000000,0.00000000000000000000,85,4.71
2026-02-01,2026-04-01,2,Active,Retail,ALL,persona,410,3045.22333333300000000000,4563.01597319997501481400,592.01999999999999960000,2398.96624371506856285560,10599.22555024804357726960,451,90.91
2026-02-01,2026-04-01,2,At-risk,Retail,ALL,persona,39,0.00000000000000000000,0.00000000000000000000,0.00000000000000000000,0.00000000000000000000,0.00000000000000000000,451,8.65
2026-02-01,2026-04-01,2,Never monetized,Retail,ALL,persona,2,0.00000000000000000000,0.00000000000000000000,0.00000000000000000000,0.00000000000000000000,0.00000000000000000000,451,0.44
2026-02-01,2026-04-01,2,Active,Wholesale,ALL,persona,82,856.00000000000000000000,1253.42013239999323176000,57.60000000000000000000,906.67161667068497512732,3073.69174907067820688732,86,95.35
2026-02-01,2026-04-01,2,At-risk,Wholesale,ALL,persona,4,0.00000000000000000000,0.00000000000000000000,0.00000000000000000000,0.00000000000000000000,0.00000000000000000000,86,4.65
2026-02-01,2026-04-01,2,Active,Automobile_Trade_Repair,business,persona_x_initial_plan,3,160.00000000000000000000,759.34189979999564000000,4.00000000000000000000,12.22882786410959225230,935.57072766410523225230,3,100.0
2026-02-01,2026-04-01,2,Active,Automobile_Trade_Repair,free,persona_x_initial_plan,26,0.00000000000000000000,160.20152999999913815000,48.40000000000000000000,87.28853875123287826880,295.89006875123201641880,29,89.66
2026-02-01,2026-04-01,2,At-risk,Automobile_Trade_Repair,free,persona_x_initial_plan,3,0.00000000000000000000,0.00000000000000000000,0.00000000000000000000,0.00000000000000000000,0.00000000000000000000,29,10.34
2026-02-01,2026-04-01,2,Active,Automobile_Trade_Repair,plus,persona_x_initial_plan,25,610.00000000000000000000,1860.63722459999007093400,110.24000000000000700000,263.43125328876715457700,2844.30847788875723251100,26,96.15
2026-02-01,2026-04-01,2,At-risk,Automobile_Trade_Repair,plus,persona_x_initial_plan,1,0.00000000000000000000,0.00000000000000000000,0.00000000000000000000,0.00000000000000000000,0.00000000000000000000,26,3.85
2026-02-01,2026-04-01,2,Active,Automobile_Trade_Repair,start,persona_x_initial_plan,65,693.00000000000000000000,2654.85592439998604790600,217.84000000000000000000,456.68596850082195965272,4022.38189290080800755872,72,90.28
2026-02-01,2026-04-01,2,At-risk,Automobile_Trade_Repair,start,persona_x_initial_plan,7,0.00000000000000000000,0.00000000000000000000,0.00000000000000000000,0.00000000000000000000,0.00000000000000000000,72,9.72
2026-02-01,2026-04-01,2,Active,BTP,business,persona_x_initial_plan,21,1466.00000000000000000000,5048.39319659997192070000,0.00000000000000000000,328.99229982246578233520,6843.38549642243770303520,22,95.45
2026-02-01,2026-04-01,2,At-risk,BTP,business,persona_x_initial_plan,1,0.00000000000000000000,0.00000000000000000000,0.00000000000000000000,0.00000000000000000000,0.00000000000000000000,22,4.55
2026-02-01,2026-04-01,2,Active,BTP,free,persona_x_initial_plan,227,173.51483870999999600000,2140.96478759998849016000,260.02000000000000000000,5842.21980684054810713262,8416.71943315053659329262,243,93.42
2026-02-01,2026-04-01,2,At-risk,BTP,free,persona_x_initial_plan,16,0.00000000000000000000,0.00000000000000000000,0.00000000000000000000,0.00000000000000000000,0.00000000000000000000,243,6.58
2026-02-01,2026-04-01,2,Active,BTP,plus,persona_x_initial_plan,103,2528.33333333300000000000,5434.10151839997068860830,38.30000000000000000000,673.53096996273975364574,8674.26582169571044225404,109,94.5
2026-02-01,2026-04-01,2,At-risk,BTP,plus,persona_x_initial_plan,6,0.00000000000000000000,0.00000000000000000000,0.00000000000000000000,0.00000000000000000000,0.00000000000000000000,109,5.5
2026-02-01,2026-04-01,2,Active,BTP,start,persona_x_initial_plan,236,2646.54306451600000500000,5797.03651379996880789400,263.48000000000000000000,2765.35475351452060275537,11472.41433183048941564937,250,94.4
2026-02-01,2026-04-01,2,At-risk,BTP,start,persona_x_initial_plan,14,0.00000000000000000000,0.00000000000000000000,0.00000000000000000000,0.00000000000000000000,0.00000000000000000000,250,5.6
2026-02-01,2026-04-01,2,Active,Bankers_Insurance,free,persona_x_initial_plan,27,16.55000000000000000000,186.37963199999900627000,12.80000000000000000000,1970.90941443835658013010,2186.63904643835558640010,29,93.1
2026-02-01,2026-04-01,2,At-risk,Bankers_Insurance,free,persona_x_initial_plan,2,0.00000000000000000000,0.00000000000000000000,0.00000000000000000000,0.00000000000000000000,0.00000000000000000000,29,6.9
2026-02-01,2026-04-01,2,Active,Bankers_Insurance,plus,persona_x_initial_plan,2,50.00000000000000000000,16.31959199999991500000,0.00000000000000000000,883.06306762136977000000,949.38265962136968500000,2,100.0
2026-02-01,2026-04-01,2,Active,Bankers_Insurance,start,persona_x_initial_plan,26,235.00000000000000000000,401.48947799999780710000,0.00000000000000000000,359.24701856438362780000,995.73649656438143490000,26,100.0
2026-02-01,2026-04-01,2,Active,Bikers_Drivers,business,persona_x_initial_plan,5,265.00000000000000000000,6.84746999999996220000,-2.00000000000000000000,12.43017572383561829060,282.27764572383558049060,7,71.43
2026-02-01,2026-04-01,2,At-risk,Bikers_Drivers,business,persona_x_initial_plan,2,0.00000000000000000000,0.00000000000000000000,0.00000000000000000000,0.00000000000000000000,0.00000000000000000000,7,28.57
2026-02-01,2026-04-01,2,Active,Bikers_Drivers,free,persona_x_initial_plan,31,25.00000000000000000000,257.22286199999860652000,83.16000000000000000000,75.03111605698630145099,440.41397805698490797099,39,79.49
2026-02-01,2026-04-01,2,At-risk,Bikers_Drivers,free,persona_x_initial_plan,8,0.00000000000000000000,0.00000000000000000000,0.00000000000000000000,0.00000000000000000000,0.00000000000000000000,39,20.51
2026-02-01,2026-04-01,2,Active,Bikers_Drivers,plus,persona_x_initial_plan,27,620.00000000000000000000,1517.43081599999177698000,181.20000000000000000000,160.44643673041095691400,2479.07725273040273389400,29,93.1
2026-02-01,2026-04-01,2,At-risk,Bikers_Drivers,plus,persona_x_initial_plan,2,0.00000000000000000000,0.00000000000000000000,0.00000000000000000000,0.00000000000000000000,0.00000000000000000000,29,6.9
2026-02-01,2026-04-01,2,Active,Bikers_Drivers,start,persona_x_initial_plan,76,808.76208333300000000000,1467.10562399999207470800,50.00000000000000000000,193.64236400712330380943,2519.51007134011537851743,89,85.39
2026-02-01,2026-04-01,2,At-risk,Bikers_Drivers,start,persona_x_initial_plan,13,0.00000000000000000000,0.00000000000000000000,0.00000000000000000000,0.00000000000000000000,0.00000000000000000000,89,14.61
2026-02-01,2026-04-01,2,Active,Cleaning_CallCenters,business,persona_x_initial_plan,1,80.00000000000000000000,23.28650999999987500000,0.00000000000000000000,0.67798394082191793000,103.96449394082179293000,1,100.0
2026-02-01,2026-04-01,2,Active,Cleaning_CallCenters,free,persona_x_initial_plan,4,0.00000000000000000000,7.18199999999995950000,0.00000000000000000000,11.35309085315068673000,18.53509085315064623000,5,80.0
2026-02-01,2026-04-01,2,At-risk,Cleaning_CallCenters,free,persona_x_initial_plan,1,0.00000000000000000000,0.00000000000000000000,0.00000000000000000000,0.00000000000000000000,0.00000000000000000000,5,20.0
2026-02-01,2026-04-01,2,Active,Cleaning_CallCenters,plus,persona_x_initial_plan,5,115.00000000000000000000,140.60869199999925700000,0.00000000000000000000,156.05345612493147757647,411.66214812493073457647,5,100.0
2026-02-01,2026-04-01,2,Active,Cleaning_CallCenters,start,persona_x_initial_plan,14,143.00000000000000000000,299.83354199999840280000,0.00000000000000000000,97.44770312000001255150,540.28124511999841535150,15,93.33
2026-02-01,2026-04-01,2,At-risk,Cleaning_CallCenters,start,persona_x_initial_plan,1,0.00000000000000000000,0.00000000000000000000,0.00000000000000000000,0.00000000000000000000,0.00000000000000000000,15,6.67
2026-02-01,2026-04-01,2,Active,Consultant,business,persona_x_initial_plan,5,320.00000000000000000000,6.49799999999996560000,4.00000000000000000000,56.43839253753422987610,386.93639253753419547610,5,100.0
2026-02-01,2026-04-01,2,Active,Consultant,free,persona_x_initial_plan,234,66.60666666700000100000,1636.68188699999116683800,322.22000000000000000000,3460.39152128712332719370,5485.90007495411449503170,262,89.31
2026-02-01,2026-04-01,2,At-risk,Consultant,free,persona_x_initial_plan,26,0.00000000000000000000,0.00000000000000000000,0.00000000000000000000,0.00000000000000000000,0.00000000000000000000,262,9.92
2026-02-01,2026-04-01,2,Never monetized,Consultant,free,persona_x_initial_plan,2,0.00000000000000000000,0.00000000000000000000,0.00000000000000000000,0.00000000000000000000,0.00000000000000000000,262,0.76
2026-02-01,2026-04-01,2,Active,Consultant,plus,persona_x_initial_plan,45,1018.66666666600000000000,1308.42900539999284457680,170.10000000000000000000,2354.26829360657524279600,4851.46396567256808737280,49,91.84
2026-02-01,2026-04-01,2,At-risk,Consultant,plus,persona_x_initial_plan,4,0.00000000000000000000,0.00000000000000000000,0.00000000000000000000,0.00000000000000000000,0.00000000000000000000,49,8.16
2026-02-01,2026-04-01,2,Active,Consultant,start,persona_x_initial_plan,239,2309.27083333300000000000,3020.63513039998360319100,46.12000000000000000000,4470.26725853808269125490,9846.29322227106629444590,246,97.15
2026-02-01,2026-04-01,2,At-risk,Consultant,start,persona_x_initial_plan,7,0.00000000000000000000,0.00000000000000000000,0.00000000000000000000,0.00000000000000000000,0.00000000000000000000,246,2.85
2026-02-01,2026-04-01,2,Active,Developer_IT,business,persona_x_initial_plan,2,160.00000000000000000000,1.80107639999999040000,0.00000000000000000000,76.01781232164383700000,237.81888872164382740000,5,40.0
2026-02-01,2026-04-01,2,At-risk,Developer_IT,business,persona_x_initial_plan,3,0.00000000000000000000,0.00000000000000000000,0.00000000000000000000,0.00000000000000000000,0.00000000000000000000,5,60.0
2026-02-01,2026-04-01,2,Active,Developer_IT,free,persona_x_initial_plan,112,19.11000000000000000000,679.17783599999630147000,144.04000000000000000000,1316.77547745424661598626,2159.10331345424291745626,123,91.06
2026-02-01,2026-04-01,2,At-risk,Developer_IT,free,persona_x_initial_plan,11,0.00000000000000000000,0.00000000000000000000,0.00000000000000000000,0.00000000000000000000,0.00000000000000000000,123,8.94
2026-02-01,2026-04-01,2,Active,Developer_IT,plus,persona_x_initial_plan,23,521.66666666600000000000,901.73439539999514028000,4.80000000000000000000,230.99809016219182279143,1659.19915222818696307143,23,100.0
2026-02-01,2026-04-01,2,Active,Developer_IT,start,persona_x_initial_plan,112,1054.18839285700000000000,1444.97132999999225770000,441.40000000000000000000,1931.53028342739736418530,4872.09000628438962188530,115,97.39
2026-02-01,2026-04-01,2,At-risk,Developer_IT,start,persona_x_initial_plan,3,0.00000000000000000000,0.00000000000000000000,0.00000000000000000000,0.00000000000000000000,0.00000000000000000000,115,2.61
2026-02-01,2026-04-01,2,At-risk,Media_Publishing,business,persona_x_initial_plan,1,0.00000000000000000000,0.00000000000000000000,0.00000000000000000000,0.00000000000000000000,0.00000000000000000000,1,100.0
2026-02-01,2026-04-01,2,Active,Media_Publishing,free,persona_x_initial_plan,46,26.19000000000000000000,351.90786959999809210000,39.60000000000000000000,403.10085278356163907267,820.79872238355973117267,50,92.0
2026-02-01,2026-04-01,2,At-risk,Media_Publishing,free,persona_x_initial_plan,4,0.00000000000000000000,0.00000000000000000000,0.00000000000000000000,0.00000000000000000000,0.00000000000000000000,50,8.0
2026-02-01,2026-04-01,2,Active,Media_Publishing,plus,persona_x_initial_plan,8,180.00000000000000000000,440.84991419999758750000,0.00000000000000000000,62.46057667561643540152,683.31049087561402290152,8,100.0
2026-02-01,2026-04-01,2,Active,Media_Publishing,start,persona_x_initial_plan,53,527.00000000000000000000,314.57396879999829973000,4.00000000000000000000,437.59962739397262758190,1283.17359619397092731190,55,96.36
2026-02-01,2026-04-01,2,At-risk,Media_Publishing,start,persona_x_initial_plan,2,0.00000000000000000000,0.00000000000000000000,0.00000000000000000000,0.00000000000000000000,0.00000000000000000000,55,3.64
2026-02-01,2026-04-01,2,Active,Medical_Professionals,free,persona_x_initial_plan,16,9.00000000000000000000,213.41262599999885144400,62.39999999999999960000,97.44092308602738851900,382.25354908602623956300,17,94.12
2026-02-01,2026-04-01,2,At-risk,Medical_Professionals,free,persona_x_initial_plan,1,0.00000000000000000000,0.00000000000000000000,0.00000000000000000000,0.00000000000000000000,0.00000000000000000000,17,5.88
2026-02-01,2026-04-01,2,Active,Medical_Professionals,plus,persona_x_initial_plan,2,50.00000000000000000000,245.02370399999865620000,0.00000000000000000000,284.34036836054788930000,579.36407236054654550000,3,66.67
2026-02-01,2026-04-01,2,At-risk,Medical_Professionals,plus,persona_x_initial_plan,1,0.00000000000000000000,0.00000000000000000000,0.00000000000000000000,0.00000000000000000000,0.00000000000000000000,3,33.33
2026-02-01,2026-04-01,2,Active,Medical_Professionals,start,persona_x_initial_plan,20,189.00000000000000000000,166.33362599999908358000,0.00000000000000000000,192.82678765917807994100,548.16041365917716352100,21,95.24
2026-02-01,2026-04-01,2,At-risk,Medical_Professionals,start,persona_x_initial_plan,1,0.00000000000000000000,0.00000000000000000000,0.00000000000000000000,0.00000000000000000000,0.00000000000000000000,21,4.76
2026-02-01,2026-04-01,2,Active,Others,business,persona_x_initial_plan,5,400.00000000000000000000,1.76693399999999022400,0.00000000000000000000,0.03028462246575342896,401.79721862246574365296,7,71.43
2026-02-01,2026-04-01,2,At-risk,Others,business,persona_x_initial_plan,1,0.00000000000000000000,0.00000000000000000000,0.00000000000000000000,0.00000000000000000000,0.00000000000000000000,7,14.29
2026-02-01,2026-04-01,2,Never monetized,Others,business,persona_x_initial_plan,1,0.00000000000000000000,0.00000000000000000000,0.00000000000000000000,0.00000000000000000000,0.00000000000000000000,7,14.29
2026-02-01,2026-04-01,2,Active,Others,free,persona_x_initial_plan,180,55.12000000000000100000,1146.64211279999384769000,252.54000000000000000000,809.46151360438361563134,2263.76362640437746432134,194,92.78
2026-02-01,2026-04-01,2,At-risk,Others,free,persona_x_initial_plan,14,0.00000000000000000000,0.00000000000000000000,0.00000000000000000000,0.00000000000000000000,0.00000000000000000000,194,7.22
2026-02-01,2026-04-01,2,Active,Others,plus,persona_x_initial_plan,60,1352.00000000000000000000,1763.10551699999045467200,201.32000000000000000000,773.62306783178086105342,4090.04858483177131572542,66,90.91
2026-02-01,2026-04-01,2,At-risk,Others,plus,persona_x_initial_plan,6,0.00000000000000000000,0.00000000000000000000,0.00000000000000000000,0.00000000000000000000,0.00000000000000000000,66,9.09
2026-02-01,2026-04-01,2,Active,Others,start,persona_x_initial_plan,233,2381.87999999999999900000,2149.54467479998839043700,219.76000000000000000000,849.03679434849318635768,5600.22146914848157579468,250,93.2
2026-02-01,2026-04-01,2,At-risk,Others,start,persona_x_initial_plan,17,0.00000000000000000000,0.00000000000000000000,0.00000000000000000000,0.00000000000000000000,0.00000000000000000000,250,6.8
2026-02-01,2026-04-01,2,Active,Professeur,business,persona_x_initial_plan,1,80.00000000000000000000,32.84891999999981500000,0.00000000000000000000,60.20826817095891000000,173.05718817095872500000,1,100.0
2026-02-01,2026-04-01,2,Active,Professeur,free,persona_x_initial_plan,35,16.67000000000000000000,72.97577999999961035400,24.40000000000000000000,334.97804134246582349090,449.02382134246543384490,41,85.37
2026-02-01,2026-04-01,2,At-risk,Professeur,free,persona_x_initial_plan,5,0.00000000000000000000,0.00000000000000000000,0.00000000000000000000,0.00000000000000000000,0.00000000000000000000,41,12.2
2026-02-01,2026-04-01,2,Never monetized,Professeur,free,persona_x_initial_plan,1,0.00000000000000000000,0.00000000000000000000,0.00000000000000000000,0.00000000000000000000,0.00000000000000000000,41,2.44
2026-02-01,2026-04-01,2,Active,Professeur,plus,persona_x_initial_plan,4,90.00000000000000000000,71.18269919999961500000,22.00000000000000000000,65.93109817479453108900,249.11379737479414608900,4,100.0
2026-02-01,2026-04-01,2,Active,Professeur,start,persona_x_initial_plan,43,454.00000000000000000000,488.47100399999735347000,11.36000000000000000000,165.40297642958903684830,1119.23398042958639031830,46,93.48
2026-02-01,2026-04-01,2,At-risk,Professeur,start,persona_x_initial_plan,3,0.00000000000000000000,0.00000000000000000000,0.00000000000000000000,0.00000000000000000000,0.00000000000000000000,46,6.52
2026-02-01,2026-04-01,2,Active,Repair,free,persona_x_initial_plan,6,0.00000000000000000000,9.67822199999994650000,0.00000000000000000000,4.33211631123287753500,14.01033831123282403500,7,85.71
2026-02-01,2026-04-01,2,At-risk,Repair,free,persona_x_initial_plan,1,0.00000000000000000000,0.00000000000000000000,0.00000000000000000000,0.00000000000000000000,0.00000000000000000000,7,14.29
2026-02-01,2026-04-01,2,Active,Repair,plus,persona_x_initial_plan,2,50.00000000000000000000,1.09439999999999419000,0.00000000000000000000,2.11660837972602757000,53.21100837972602176000,2,100.0
2026-02-01,2026-04-01,2,Active,Repair,start,persona_x_initial_plan,2,11.00000000000000000000,5.49449999999996930000,0.00000000000000000000,0.71747523397260283000,17.21197523397257213000,2,100.0
2026-02-01,2026-04-01,2,Active,Repair_Installation,start,persona_x_initial_plan,2,22.00000000000000000000,0.00000000000000000000,0.00000000000000000000,2.43231190356164410000,24.43231190356164410000,2,100.0
2026-02-01,2026-04-01,2,Active,Restauration,free,persona_x_initial_plan,30,18.72677419400000000000,154.84165199999916044000,433.60000000000000000000,148.96392283671233010590,756.13234903071149054590,31,96.77
2026-02-01,2026-04-01,2,At-risk,Restauration,free,persona_x_initial_plan,1,0.00000000000000000000,0.00000000000000000000,0.00000000000000000000,0.00000000000000000000,0.00000000000000000000,31,3.23
2026-02-01,2026-04-01,2,Active,Restauration,plus,persona_x_initial_plan,12,253.33333333300000000000,902.31458759999509121000,99.00000000000000000000,143.21986258191784271190,1397.86778351491293392190,13,92.31
2026-02-01,2026-04-01,2,At-risk,Restauration,plus,persona_x_initial_plan,1,0.00000000000000000000,0.00000000000000000000,0.00000000000000000000,0.00000000000000000000,0.00000000000000000000,13,7.69
2026-02-01,2026-04-01,2,Active,Restauration,start,persona_x_initial_plan,39,416.56250000000000000000,852.96716999999534049000,581.28000000000000000000,226.50001161863016739800,2077.30968161862550788800,41,95.12
2026-02-01,2026-04-01,2,At-risk,Restauration,start,persona_x_initial_plan,2,0.00000000000000000000,0.00000000000000000000,0.00000000000000000000,0.00000000000000000000,0.00000000000000000000,41,4.88
2026-02-01,2026-04-01,2,Active,Retail,business,persona_x_initial_plan,4,240.00000000000000000000,3.28589999999998210000,0.00000000000000000000,0.03372384438356164388,243.31962384438354374388,8,50.0
2026-02-01,2026-04-01,2,At-risk,Retail,business,persona_x_initial_plan,4,0.00000000000000000000,0.00000000000000000000,0.00000000000000000000,0.00000000000000000000,0.00000000000000000000,8,50.0
2026-02-01,2026-04-01,2,Active,Retail,free,persona_x_initial_plan,174,29.89000000000000000000,909.91355039999508280400,308.55999999999999960000,591.89144196328767223766,1840.25499236328275464166,193,90.16
2026-02-01,2026-04-01,2,At-risk,Retail,free,persona_x_initial_plan,18,0.00000000000000000000,0.00000000000000000000,0.00000000000000000000,0.00000000000000000000,0.00000000000000000000,193,9.33
2026-02-01,2026-04-01,2,Never monetized,Retail,free,persona_x_initial_plan,1,0.00000000000000000000,0.00000000000000000000,0.00000000000000000000,0.00000000000000000000,0.00000000000000000000,193,0.52
2026-02-01,2026-04-01,2,Active,Retail,plus,persona_x_initial_plan,36,767.33333333300000000000,940.25026799999461609600,29.84000000000000000000,923.74757414849315537100,2661.17117548148777146700,41,87.8
2026-02-01,2026-04-01,2,At-risk,Retail,plus,persona_x_initial_plan,4,0.00000000000000000000,0.00000000000000000000,0.00000000000000000000,0.00000000000000000000,0.00000000000000000000,41,9.76
2026-02-01,2026-04-01,2,Never monetized,Retail,plus,persona_x_initial_plan,1,0.00000000000000000000,0.00000000000000000000,0.00000000000000000000,0.00000000000000000000,0.00000000000000000000,41,2.44
2026-02-01,2026-04-01,2,Active,Retail,start,persona_x_initial_plan,196,2008.00000000000000000000,2709.56625479998533381400,253.62000000000000000000,883.29350375890417360306,5854.47975855888950741706,209,93.78
2026-02-01,2026-04-01,2,At-risk,Retail,start,persona_x_initial_plan,13,0.00000000000000000000,0.00000000000000000000,0.00000000000000000000,0.00000000000000000000,0.00000000000000000000,209,6.22
2026-02-01,2026-04-01,2,Active,Wholesale,business,persona_x_initial_plan,1,80.00000000000000000000,0.00000000000000000000,0.00000000000000000000,1.21052161205479500000,81.21052161205479500000,1,100.0
2026-02-01,2026-04-01,2,Active,Wholesale,free,persona_x_initial_plan,24,0.00000000000000000000,103.50514799999942551000,32.00000000000000000000,345.78647815287672362110,481.29162615287614913110,26,92.31
2026-02-01,2026-04-01,2,At-risk,Wholesale,free,persona_x_initial_plan,2,0.00000000000000000000,0.00000000000000000000,0.00000000000000000000,0.00000000000000000000,0.00000000000000000000,26,7.69
2026-02-01,2026-04-01,2,Active,Wholesale,plus,persona_x_initial_plan,16,375.00000000000000000000,692.61526799999631640000,9.60000000000000000000,218.08622548000001678500,1295.30149347999633318500,16,100.0
2026-02-01,2026-04-01,2,Active,Wholesale,start,persona_x_initial_plan,41,401.00000000000000000000,457.29971639999748985000,16.00000000000000000000,341.58839142575343972122,1215.88810782575092957122,43,95.35
2026-02-01,2026-04-01,2,At-risk,Wholesale,start,persona_x_initial_plan,2,0.00000000000000000000,0.00000000000000000000,0.00000000000000000000,0.00000000000000000000,0.00000000000000000000,43,4.65
2026-03-01,2026-03-01,0,Active,ALL,business,initial_plan,40,1065.00000000000000000000,1034.34689339999517623000,256.00000000000000000000,670.72001681808226461279,3026.06691021807744084279,40,100.0
2026-03-01,2026-03-01,0,Active,ALL,free,initial_plan,971,390.42733333300000000000,4207.80652559997946287100,6078.38000000000000000000,4991.88766943945234090409,15668.50152837243180377509,978,99.28
2026-03-01,2026-03-01,0,Never monetized,ALL,free,initial_plan,7,0.00000000000000000000,0.00000000000000000000,0.00000000000000000000,0.00000000000000000000,0.00000000000000000000,978,0.72
2026-03-01,2026-03-01,0,Active,ALL,plus,initial_plan,288,3292.85333333200000000000,5385.47959439997378164200,867.00000000000000000000,1601.36117585753432202844,11146.69410358950810367044,289,99.65
2026-03-01,2026-03-01,0,Never monetized,ALL,plus,initial_plan,1,0.00000000000000000000,0.00000000000000000000,0.00000000000000000000,0.00000000000000000000,0.00000000000000000000,289,0.35
2026-03-01,2026-03-01,0,Active,ALL,start,initial_plan,1128,6980.93708333300000000000,6568.37317799996824326679,7465.30000000000000000000,2882.26463208821941578922,23896.87489342118765905601,1132,99.65
2026-03-01,2026-03-01,0,Never monetized,ALL,start,initial_plan,4,0.00000000000000000000,0.00000000000000000000,0.00000000000000000000,0.00000000000000000000,0.00000000000000000000,1132,0.35
2026-03-01,2026-03-01,0,Active,ALL,ALL,overall,2427,11729.21774999800000000000,17196.00619139991666400979,14666.68000000000000000000,10146.23349420328834333454,53738.13743560120500734433,2439,99.51
2026-03-01,2026-03-01,0,Never monetized,ALL,ALL,overall,12,0.00000000000000000000,0.00000000000000000000,0.00000000000000000000,0.00000000000000000000,0.00000000000000000000,2439,0.49
2026-03-01,2026-03-01,0,Active,Automobile_Trade_Repair,ALL,persona,115,596.55875000000000000000,956.22780599999521987800,673.28000000000000000000,250.63180384054795056402,2476.69835984054317044202,115,100.0
2026-03-01,2026-03-01,0,Active,BTP,ALL,persona,377,2452.88291666600000000000,3560.64616799998297317400,601.00000000000000000000,4368.07305103287704939732,10982.60213569886002257132,378,99.74
2026-03-01,2026-03-01,0,Never monetized,BTP,ALL,persona,1,0.00000000000000000000,0.00000000000000000000,0.00000000000000000000,0.00000000000000000000,0.00000000000000000000,378,0.26
2026-03-01,2026-03-01,0,Active,Bankers_Insurance,ALL,persona,27,77.84375000000000000000,161.97713999999924462000,452.00000000000000000000,453.31560583561655504805,1145.13649583561579966805,28,96.43
2026-03-01,2026-03-01,0,Never monetized,Bankers_Insurance,ALL,persona,1,0.00000000000000000000,0.00000000000000000000,0.00000000000000000000,0.00000000000000000000,0.00000000000000000000,28,3.57
2026-03-01,2026-03-01,0,Active,Bikers_Drivers,ALL,persona,148,707.53375000000000000000,1159.50377699999434079900,877.20000000000000000000,137.83674183726028431893,2882.07426883725462511793,148,100.0
2026-03-01,2026-03-01,0,Active,Cleaning_CallCenters,ALL,persona,15,51.00000000000000000000,66.30206399999968010000,8.00000000000000000000,15.52619083013698852865,140.82825483013666862865,15,100.0
2026-03-01,2026-03-01,0,Active,Consultant,ALL,persona,440,2148.00858333300000000000,2340.20015459998862626600,2705.84000000000000000000,1357.00766118301372993640,8551.05639911600235620240,442,99.55
2026-03-01,2026-03-01,0,Never monetized,Consultant,ALL,persona,2,0.00000000000000000000,0.00000000000000000000,0.00000000000000000000,0.00000000000000000000,0.00000000000000000000,442,0.45
2026-03-01,2026-03-01,0,Active,Developer_IT,ALL,persona,194,854.80083333300000000000,1151.70370019999443414000,2292.00000000000000000000,845.29307833534247966163,5143.79761186833691380163,195,99.49
2026-03-01,2026-03-01,0,Never monetized,Developer_IT,ALL,persona,1,0.00000000000000000000,0.00000000000000000000,0.00000000000000000000,0.00000000000000000000,0.00000000000000000000,195,0.51
2026-03-01,2026-03-01,0,Active,Media_Publishing,ALL,persona,91,408.34375000000000000000,587.17691999999715468000,1235.08000000000000000000,112.65200752054795212999,2343.25267752054510680999,92,98.91
2026-03-01,2026-03-01,0,Never monetized,Media_Publishing,ALL,persona,1,0.00000000000000000000,0.00000000000000000000,0.00000000000000000000,0.00000000000000000000,0.00000000000000000000,92,1.09
2026-03-01,2026-03-01,0,Active,Medical_Professionals,ALL,persona,37,51.53125000000000000000,288.91982699999859854000,4.00000000000000000000,231.52397716767121602294,575.97505416766981456294,38,97.37
2026-03-01,2026-03-01,0,Never monetized,Medical_Professionals,ALL,persona,1,0.00000000000000000000,0.00000000000000000000,0.00000000000000000000,0.00000000000000000000,0.00000000000000000000,38,2.63
2026-03-01,2026-03-01,0,Active,Others,ALL,persona,452,2034.55125000000000000000,2939.27861699998562968500,2834.24000000000000000000,1126.04495745150694218696,8934.11482445149257187196,453,99.78
2026-03-01,2026-03-01,0,Never monetized,Others,ALL,persona,1,0.00000000000000000000,0.00000000000000000000,0.00000000000000000000,0.00000000000000000000,0.00000000000000000000,453,0.22
2026-03-01,2026-03-01,0,Active,Professeur,ALL,persona,81,323.93375000000000000000,285.04414799999862357000,91.08000000000000000000,156.31382752931507147324,856.37172552931369504324,81,100.0
2026-03-01,2026-03-01,0,Active,Repair,ALL,persona,17,39.73958333300000000000,25.63446599999987405500,126.00000000000000000000,22.80142399342465622494,214.17547332642453027994,18,94.44
2026-03-01,2026-03-01,0,Never monetized,Repair,ALL,persona,1,0.00000000000000000000,0.00000000000000000000,0.00000000000000000000,0.00000000000000000000,0.00000000000000000000,18,5.56
2026-03-01,2026-03-01,0,Active,Repair_Installation,ALL,persona,5,89.00000000000000000000,2.92094999999998570000,4.00000000000000000000,2.83192121095890464670,98.75287121095889034670,5,100.0
2026-03-01,2026-03-01,0,Active,Restauration,ALL,persona,57,354.12500000000000000000,603.81053999999714825000,46.00000000000000000000,91.06292393424657903292,1094.99846393424372728292,58,98.28
2026-03-01,2026-03-01,0,Never monetized,Restauration,ALL,persona,1,0.00000000000000000000,0.00000000000000000000,0.00000000000000000000,0.00000000000000000000,0.00000000000000000000,58,1.72
2026-03-01,2026-03-01,0,Active,Retail,ALL,persona,310,1124.73958333300000000000,2775.21049979998652450279,2152.96000000000000000000,558.15815968493155892556,6611.06824281791808342835,311,99.68
2026-03-01,2026-03-01,0,Never monetized,Retail,ALL,persona,1,0.00000000000000000000,0.00000000000000000000,0.00000000000000000000,0.00000000000000000000,0.00000000000000000000,311,0.32
2026-03-01,2026-03-01,0,Active,Wholesale,ALL,persona,61,414.62500000000000000000,291.44941379999860605000,564.00000000000000000000,417.16016281589042523629,1687.23457661588903128629,62,98.39
2026-03-01,2026-03-01,0,Never monetized,Wholesale,ALL,persona,1,0.00000000000000000000,0.00000000000000000000,0.00000000000000000000,0.00000000000000000000,0.00000000000000000000,62,1.61
2026-03-01,2026-03-01,0,Active,Automobile_Trade_Repair,business,persona_x_initial_plan,3,80.00000000000000000000,52.14115799999975200000,0.00000000000000000000,6.89882604986301555000,139.03998404986276755000,3,100.0
2026-03-01,2026-03-01,0,Active,Automobile_Trade_Repair,free,persona_x_initial_plan,30,46.84000000000000000000,48.93496199999976346400,418.00000000000000000000,53.04295355452054921764,566.81791555452031268164,30,100.0
2026-03-01,2026-03-01,0,Active,Automobile_Trade_Repair,plus,persona_x_initial_plan,17,120.00000000000000000000,322.87003199999834506000,3.28000000000000000000,46.14762415123286941320,492.29765615123121447320,17,100.0
2026-03-01,2026-03-01,0,Active,Automobile_Trade_Repair,start,persona_x_initial_plan,65,349.71875000000000000000,532.28165399999735935400,252.00000000000000000000,144.54240008493151638318,1278.54280408492887573718,65,100.0
2026-03-01,2026-03-01,0,Active,BTP,business,persona_x_initial_plan,12,480.00000000000000000000,667.56079799999693920000,0.00000000000000000000,519.93198890630144220119,1667.49278690629838140119,12,100.0
2026-03-01,2026-03-01,0,Active,BTP,free,persona_x_initial_plan,140,128.84000000000000000000,810.20712599999601561000,450.00000000000000000000,2647.86533152876721191378,4036.91245752876322752378,140,100.0
2026-03-01,2026-03-01,0,Active,BTP,plus,persona_x_initial_plan,71,903.54166666600000000000,1072.03139999999487293700,151.00000000000000000000,668.53111267342470317611,2795.10417933941957611311,71,100.0
2026-03-01,2026-03-01,0,Active,BTP,start,persona_x_initial_plan,154,940.50125000000000000000,1010.84684399999514542700,0.00000000000000000000,531.74461792438369210624,2483.09271192437883753324,155,99.35
2026-03-01,2026-03-01,0,Never monetized,BTP,start,persona_x_initial_plan,1,0.00000000000000000000,0.00000000000000000000,0.00000000000000000000,0.00000000000000000000,0.00000000000000000000,155,0.65
2026-03-01,2026-03-01,0,Active,Bankers_Insurance,free,persona_x_initial_plan,17,0.00000000000000000000,6.10424999999997102000,452.00000000000000000000,434.46423943726039223660,892.56848943726036325660,18,94.44
2026-03-01,2026-03-01,0,Never monetized,Bankers_Insurance,free,persona_x_initial_plan,1,0.00000000000000000000,0.00000000000000000000,0.00000000000000000000,0.00000000000000000000,0.00000000000000000000,18,5.56
2026-03-01,2026-03-01,0,Active,Bankers_Insurance,plus,persona_x_initial_plan,4,38.75000000000000000000,153.87157799999928360000,0.00000000000000000000,8.79247912273972465145,201.41405712273900825145,4,100.0
2026-03-01,2026-03-01,0,Active,Bankers_Insurance,start,persona_x_initial_plan,6,39.09375000000000000000,2.00131199999999000000,0.00000000000000000000,10.05888727561643816000,51.15394927561642816000,6,100.0
2026-03-01,2026-03-01,0,Active,Bikers_Drivers,business,persona_x_initial_plan,2,0.00000000000000000000,5.28274799999997400000,0.00000000000000000000,0.42303863671232885000,5.70578663671230285000,2,100.0
2026-03-01,2026-03-01,0,Active,Bikers_Drivers,free,persona_x_initial_plan,55,25.69000000000000000000,188.30439899999908248000,499.20000000000000000000,38.24729415671233010279,751.44169315671141258279,55,100.0
2026-03-01,2026-03-01,0,Active,Bikers_Drivers,plus,persona_x_initial_plan,23,275.00000000000000000000,413.85718799999797955000,118.00000000000000000000,39.45781105095890860090,846.31499905095688815090,23,100.0
2026-03-01,2026-03-01,0,Active,Bikers_Drivers,start,persona_x_initial_plan,68,406.84375000000000000000,552.05944199999730476900,260.00000000000000000000,59.70859799287671676524,1278.61178999287402153424,68,100.0
2026-03-01,2026-03-01,0,Active,Cleaning_CallCenters,free,persona_x_initial_plan,8,0.00000000000000000000,1.41587999999999290000,8.00000000000000000000,6.45323897698630292000,15.86911897698629582000,8,100.0
2026-03-01,2026-03-01,0,Active,Cleaning_CallCenters,plus,persona_x_initial_plan,2,20.00000000000000000000,31.13720999999985000000,0.00000000000000000000,0.94051956602739734000,52.07772956602724734000,2,100.0
2026-03-01,2026-03-01,0,Active,Cleaning_CallCenters,start,persona_x_initial_plan,5,31.00000000000000000000,33.74897399999983720000,0.00000000000000000000,8.13243228712328826865,72.88140628712312546865,5,100.0
2026-03-01,2026-03-01,0,Active,Consultant,business,persona_x_initial_plan,7,240.00000000000000000000,194.23947599999906420000,138.00000000000000000000,58.65373049753424371000,630.89320649753330791000,7,100.0
2026-03-01,2026-03-01,0,Active,Consultant,free,persona_x_initial_plan,188,127.97733333300000000000,740.78986319999635248600,1067.20000000000000000000,562.49714596273974686103,2498.46434249573609934703,189,99.47
2026-03-01,2026-03-01,0,Never monetized,Consultant,free,persona_x_initial_plan,1,0.00000000000000000000,0.00000000000000000000,0.00000000000000000000,0.00000000000000000000,0.00000000000000000000,189,0.53
2026-03-01,2026-03-01,0,Active,Consultant,plus,persona_x_initial_plan,33,419.37500000000000000000,591.37187939999716879000,0.00000000000000000000,200.96939828547945785350,1211.71627768547662664350,33,100.0
2026-03-01,2026-03-01,0,Active,Consultant,start,persona_x_initial_plan,212,1360.65625000000000000000,813.79893599999604079000,1500.64000000000000000000,534.88738643726028151187,4209.98257243725632230187,213,99.53
2026-03-01,2026-03-01,0,Never monetized,Consultant,start,persona_x_initial_plan,1,0.00000000000000000000,0.00000000000000000000,0.00000000000000000000,0.00000000000000000000,0.00000000000000000000,213,0.47
2026-03-01,2026-03-01,0,Active,Developer_IT,business,persona_x_initial_plan,2,0.00000000000000000000,25.05532139999988000000,0.00000000000000000000,13.55207270246575528000,38.60739410246563528000,2,100.0
2026-03-01,2026-03-01,0,Active,Developer_IT,free,persona_x_initial_plan,93,23.92000000000000000000,198.57927779999903303000,198.00000000000000000000,281.82102118246576375263,702.32029898246479678263,93,100.0
2026-03-01,2026-03-01,0,Active,Developer_IT,plus,persona_x_initial_plan,14,207.08333333300000000000,438.71550299999787050000,34.00000000000000000000,167.29264285808219089200,847.09147919108006139200,15,93.33
2026-03-01,2026-03-01,0,Never monetized,Developer_IT,plus,persona_x_initial_plan,1,0.00000000000000000000,0.00000000000000000000,0.00000000000000000000,0.00000000000000000000,0.00000000000000000000,15,6.67
2026-03-01,2026-03-01,0,Active,Developer_IT,start,persona_x_initial_plan,85,623.79750000000000000000,489.35359799999765061000,2060.00000000000000000000,382.62734159232876973700,3555.77843959232642034700,85,100.0
2026-03-01,2026-03-01,0,Active,Media_Publishing,free,persona_x_initial_plan,33,0.00000000000000000000,175.19637599999915468000,414.00000000000000000000,23.67300959506849380565,612.86938559506764848565,34,97.06
2026-03-01,2026-03-01,0,Never monetized,Media_Publishing,free,persona_x_initial_plan,1,0.00000000000000000000,0.00000000000000000000,0.00000000000000000000,0.00000000000000000000,0.00000000000000000000,34,2.94
2026-03-01,2026-03-01,0,Active,Media_Publishing,plus,persona_x_initial_plan,4,35.00000000000000000000,3.20399999999998510000,0.00000000000000000000,0.50465968000000015930,38.70865967999998525930,4,100.0
2026-03-01,2026-03-01,0,Active,Media_Publishing,start,persona_x_initial_plan,54,373.34375000000000000000,408.77654399999801490000,821.08000000000000000000,88.47433824547945816504,1691.67463224547747306504,54,100.0
2026-03-01,2026-03-01,0,Active,Medical_Professionals,free,persona_x_initial_plan,23,0.00000000000000000000,90.99696599999955204000,4.00000000000000000000,202.26345016383559956500,297.26041616383515160500,23,100.0
2026-03-01,2026-03-01,0,Active,Medical_Professionals,start,persona_x_initial_plan,14,51.53125000000000000000,197.92286099999904650000,0.00000000000000000000,29.26052700383561645794,278.71463800383466295794,15,93.33
2026-03-01,2026-03-01,0,Never monetized,Medical_Professionals,start,persona_x_initial_plan,1,0.00000000000000000000,0.00000000000000000000,0.00000000000000000000,0.00000000000000000000,0.00000000000000000000,15,6.67
2026-03-01,2026-03-01,0,Active,Others,business,persona_x_initial_plan,6,105.00000000000000000000,29.16770399999986083000,0.00000000000000000000,20.23650888109589048000,154.40421288109575131000,6,100.0
2026-03-01,2026-03-01,0,Active,Others,free,persona_x_initial_plan,174,27.57000000000000000000,544.10376239999737341000,1307.98000000000000000000,215.87524968547946201221,2095.52901208547683542221,175,99.43
2026-03-01,2026-03-01,0,Never monetized,Others,free,persona_x_initial_plan,1,0.00000000000000000000,0.00000000000000000000,0.00000000000000000000,0.00000000000000000000,0.00000000000000000000,175,0.57
2026-03-01,2026-03-01,0,Active,Others,plus,persona_x_initial_plan,59,597.02000000000000000000,1363.06846799999325049000,295.76000000000000000000,195.29042375561644162448,2451.13889175560969211448,59,100.0
2026-03-01,2026-03-01,0,Active,Others,start,persona_x_initial_plan,213,1304.96125000000000000000,1002.93868259999514495500,1230.50000000000000000000,694.64277512931514807027,4233.04270772931029302527,213,100.0
2026-03-01,2026-03-01,0,Active,Professeur,free,persona_x_initial_plan,33,9.59000000000000000000,16.69177799999992000000,4.00000000000000000000,35.19167696273972584614,65.47345496273964584614,33,100.0
2026-03-01,2026-03-01,0,Active,Professeur,plus,persona_x_initial_plan,7,60.00000000000000000000,173.24420399999916870000,0.00000000000000000000,43.02814578136986841680,276.27234978136903711680,7,100.0
2026-03-01,2026-03-01,0,Active,Professeur,start,persona_x_initial_plan,41,254.34375000000000000000,95.10816599999953487000,87.08000000000000000000,78.09400478520547721030,514.62592078520501208030,41,100.0
2026-03-01,2026-03-01,0,Active,Repair,free,persona_x_initial_plan,11,0.00000000000000000000,14.06548799999993110000,126.00000000000000000000,6.83975942136986347294,146.90524742136979457294,12,91.67
2026-03-01,2026-03-01,0,Never monetized,Repair,free,persona_x_initial_plan,1,0.00000000000000000000,0.00000000000000000000,0.00000000000000000000,0.00000000000000000000,0.00000000000000000000,12,8.33
2026-03-01,2026-03-01,0,Active,Repair,plus,persona_x_initial_plan,2,20.00000000000000000000,0.04859999999999975500,0.00000000000000000000,9.94196942465753209850,29.99056942465753185350,2,100.0
2026-03-01,2026-03-01,0,Active,Repair,start,persona_x_initial_plan,4,19.73958333300000000000,11.52037799999994320000,0.00000000000000000000,6.01969514739726065350,37.27965648039720385350,4,100.0
2026-03-01,2026-03-01,0,Active,Repair_Installation,business,persona_x_initial_plan,1,80.00000000000000000000,0.00000000000000000000,0.00000000000000000000,0.36394432876712329000,80.36394432876712329000,1,100.0
2026-03-01,2026-03-01,0,Active,Repair_Installation,free,persona_x_initial_plan,3,0.00000000000000000000,2.92094999999998570000,4.00000000000000000000,1.52926455342465794670,8.45021455342464364670,3,100.0
2026-03-01,2026-03-01,0,Active,Repair_Installation,start,persona_x_initial_plan,1,9.00000000000000000000,0.00000000000000000000,0.00000000000000000000,0.93871232876712341000,9.93871232876712341000,1,100.0
2026-03-01,2026-03-01,0,Active,Restauration,business,persona_x_initial_plan,1,0.00000000000000000000,9.83901599999995000000,0.00000000000000000000,0.16564690027397264000,10.00466290027392264000,1,100.0
2026-03-01,2026-03-01,0,Active,Restauration,free,persona_x_initial_plan,16,0.00000000000000000000,87.46214399999956270000,16.00000000000000000000,17.75695492219178170122,121.21909892219134440122,17,94.12
2026-03-01,2026-03-01,0,Never monetized,Restauration,free,persona_x_initial_plan,1,0.00000000000000000000,0.00000000000000000000,0.00000000000000000000,0.00000000000000000000,0.00000000000000000000,17,5.88
2026-03-01,2026-03-01,0,Active,Restauration,plus,persona_x_initial_plan,9,140.00000000000000000000,121.93234199999940550000,0.00000000000000000000,36.31724178191781197000,298.24958378191721747000,9,100.0
2026-03-01,2026-03-01,0,Active,Restauration,start,persona_x_initial_plan,31,214.12500000000000000000,384.57703799999823005000,30.00000000000000000000,36.82308032986301272170,665.52511832986124277170,31,100.0
2026-03-01,2026-03-01,0,Active,Retail,business,persona_x_initial_plan,4,0.00000000000000000000,51.06067199999975600000,118.00000000000000000000,1.28671432931506851160,170.34738632931482451160,4,100.0
2026-03-01,2026-03-01,0,Active,Retail,free,persona_x_initial_plan,126,0.00000000000000000000,1199.39648939999416523100,822.00000000000000000000,255.63486821369866894376,2277.03135761369283417476,126,100.0
2026-03-01,2026-03-01,0,Active,Retail,plus,persona_x_initial_plan,29,287.08333333300000000000,581.21474399999717475000,126.96000000000000000000,101.37356538465754514139,1096.63164271765471989139,29,100.0
2026-03-01,2026-03-01,0,Active,Retail,start,persona_x_initial_plan,151,837.65625000000000000000,943.53859439999542852179,1086.00000000000000000000,199.86301175726027632881,3067.05785615725570485060,152,99.34
2026-03-01,2026-03-01,0,Never monetized,Retail,start,persona_x_initial_plan,1,0.00000000000000000000,0.00000000000000000000,0.00000000000000000000,0.00000000000000000000,0.00000000000000000000,152,0.66
2026-03-01,2026-03-01,0,Active,Wholesale,business,persona_x_initial_plan,2,80.00000000000000000000,0.00000000000000000000,0.00000000000000000000,49.20754558575342410000,129.20754558575342410000,2,100.0
2026-03-01,2026-03-01,0,Active,Wholesale,free,persona_x_initial_plan,21,0.00000000000000000000,82.63681379999960702000,288.00000000000000000000,208.73221112219179060600,579.36902492219139762600,22,95.45
2026-03-01,2026-03-01,0,Never monetized,Wholesale,free,persona_x_initial_plan,1,0.00000000000000000000,0.00000000000000000000,0.00000000000000000000,0.00000000000000000000,0.00000000000000000000,22,4.55
2026-03-01,2026-03-01,0,Active,Wholesale,plus,persona_x_initial_plan,14,170.00000000000000000000,118.91244599999942691000,138.00000000000000000000,82.77358234136987069081,509.68602834136929760081,14,100.0
2026-03-01,2026-03-01,0,Active,Wholesale,start,persona_x_initial_plan,24,164.62500000000000000000,89.90015399999957212000,138.00000000000000000000,76.44682376657533983948,468.97197776657491195948,24,100.0
2026-03-01,2026-04-01,1,Active,ALL,business,initial_plan,39,2905.00000000000000000000,2859.86793959998448744500,0.00000000000000000000,1037.61218433753430369260,6802.48012393751879113760,40,97.5
2026-03-01,2026-04-01,1,At-risk,ALL,business,initial_plan,1,0.00000000000000000000,0.00000000000000000000,0.00000000000000000000,0.00000000000000000000,0.00000000000000000000,40,2.5
2026-03-01,2026-04-01,1,Active,ALL,free,initial_plan,917,514.16035842300000100000,7586.17479719995878875638,2655.92000000000000000000,6553.21753353260305854749,17309.47268915556184830387,978,93.76
2026-03-01,2026-04-01,1,At-risk,ALL,free,initial_plan,57,0.00000000000000000000,0.00000000000000000000,0.00000000000000000000,0.00000000000000000000,0.00000000000000000000,978,5.83
2026-03-01,2026-04-01,1,Never monetized,ALL,free,initial_plan,4,0.00000000000000000000,0.00000000000000000000,0.00000000000000000000,0.00000000000000000000,0.00000000000000000000,978,0.41
2026-03-01,2026-04-01,1,Active,ALL,plus,initial_plan,278,6265.17204300900000000000,12648.95872919993099527800,387.60000000000000000000,3825.54635493315048739290,23127.27712714208148267090,289,96.19
2026-03-01,2026-04-01,1,At-risk,ALL,plus,initial_plan,10,0.00000000000000000000,0.00000000000000000000,0.00000000000000000000,0.00000000000000000000,0.00000000000000000000,289,3.46
2026-03-01,2026-04-01,1,Never monetized,ALL,plus,initial_plan,1,0.00000000000000000000,0.00000000000000000000,0.00000000000000000000,0.00000000000000000000,0.00000000000000000000,289,0.35
2026-03-01,2026-04-01,1,Active,ALL,start,initial_plan,1090,10839.67226633600000000000,15325.32551399991720849900,1073.78000000000000000000,7418.35407726301398974034,34657.13185759893119823934,1132,96.29
2026-03-01,2026-04-01,1,At-risk,ALL,start,initial_plan,38,0.00000000000000000000,0.00000000000000000000,0.00000000000000000000,0.00000000000000000000,0.00000000000000000000,1132,3.36
2026-03-01,2026-04-01,1,Never monetized,ALL,start,initial_plan,4,0.00000000000000000000,0.00000000000000000000,0.00000000000000000000,0.00000000000000000000,0.00000000000000000000,1132,0.35
2026-03-01,2026-04-01,1,Active,ALL,ALL,overall,2324,20524.00466776800000100000,38420.32697999979147997838,4117.30000000000000000000,18834.73015006630183937333,81896.36179783409332035171,2439,95.28
2026-03-01,2026-04-01,1,At-risk,ALL,ALL,overall,106,0.00000000000000000000,0.00000000000000000000,0.00000000000000000000,0.00000000000000000000,0.00000000000000000000,2439,4.35
2026-03-01,2026-04-01,1,Never monetized,ALL,ALL,overall,9,0.00000000000000000000,0.00000000000000000000,0.00000000000000000000,0.00000000000000000000,0.00000000000000000000,2439,0.37
2026-03-01,2026-04-01,1,Active,Automobile_Trade_Repair,ALL,persona,110,1318.32000000000000000000,1585.96421939999138992600,25.34000000000000000000,487.77550472931508181424,3417.39972412930647174024,115,95.65
2026-03-01,2026-04-01,1,At-risk,Automobile_Trade_Repair,ALL,persona,5,0.00000000000000000000,0.00000000000000000000,0.00000000000000000000,0.00000000000000000000,0.00000000000000000000,115,4.35
2026-03-01,2026-04-01,1,Active,BTP,ALL,persona,360,4200.25537634300000100000,9716.33411459994749477000,688.32000000000000000000,5991.40782831452072234916,20596.31731925746821811916,378,95.24
2026-03-01,2026-04-01,1,At-risk,BTP,ALL,persona,17,0.00000000000000000000,0.00000000000000000000,0.00000000000000000000,0.00000000000000000000,0.00000000000000000000,378,4.5
2026-03-01,2026-04-01,1,Never monetized,BTP,ALL,persona,1,0.00000000000000000000,0.00000000000000000000,0.00000000000000000000,0.00000000000000000000,0.00000000000000000000,378,0.26
2026-03-01,2026-04-01,1,Active,Bankers_Insurance,ALL,persona,25,117.63258064500000000000,310.93397819999834080000,4.80000000000000000000,391.35734553205475809830,824.72390437705309889830,28,89.29
2026-03-01,2026-04-01,1,At-risk,Bankers_Insurance,ALL,persona,2,0.00000000000000000000,0.00000000000000000000,0.00000000000000000000,0.00000000000000000000,0.00000000000000000000,28,7.14
2026-03-01,2026-04-01,1,Never monetized,Bankers_Insurance,ALL,persona,1,0.00000000000000000000,0.00000000000000000000,0.00000000000000000000,0.00000000000000000000,0.00000000000000000000,28,3.57
2026-03-01,2026-04-01,1,Active,Bikers_Drivers,ALL,persona,140,1354.65000000000000000000,2257.11748079998777024300,40.00000000000000000000,370.72980664876712520309,4022.49728744875489544609,148,94.59
2026-03-01,2026-04-01,1,At-risk,Bikers_Drivers,ALL,persona,8,0.00000000000000000000,0.00000000000000000000,0.00000000000000000000,0.00000000000000000000,0.00000000000000000000,148,5.41
2026-03-01,2026-04-01,1,Active,Cleaning_CallCenters,ALL,persona,14,87.00000000000000000000,119.46236399999935160000,13.60000000000000000000,51.28446805424658710400,271.34683205424593870400,15,93.33
2026-03-01,2026-04-01,1,At-risk,Cleaning_CallCenters,ALL,persona,1,0.00000000000000000000,0.00000000000000000000,0.00000000000000000000,0.00000000000000000000,0.00000000000000000000,15,6.67
2026-03-01,2026-04-01,1,Active,Consultant,ALL,persona,424,3149.61777777800000000000,5240.65724819997107859800,259.08000000000000000000,3328.60432935232884423943,11977.95935533029992283743,442,95.93
2026-03-01,2026-04-01,1,At-risk,Consultant,ALL,persona,17,0.00000000000000000000,0.00000000000000000000,0.00000000000000000000,0.00000000000000000000,0.00000000000000000000,442,3.85
2026-03-01,2026-04-01,1,Never monetized,Consultant,ALL,persona,1,0.00000000000000000000,0.00000000000000000000,0.00000000000000000000,0.00000000000000000000,0.00000000000000000000,442,0.23
2026-03-01,2026-04-01,1,Active,Developer_IT,ALL,persona,186,1221.06333333299999800000,3191.10088859998290435654,897.20000000000000000000,1721.70932336821920655134,7031.07354530120210890788,195,95.38
2026-03-01,2026-04-01,1,At-risk,Developer_IT,ALL,persona,8,0.00000000000000000000,0.00000000000000000000,0.00000000000000000000,0.00000000000000000000,0.00000000000000000000,195,4.1
2026-03-01,2026-04-01,1,Never monetized,Developer_IT,ALL,persona,1,0.00000000000000000000,0.00000000000000000000,0.00000000000000000000,0.00000000000000000000,0.00000000000000000000,195,0.51
2026-03-01,2026-04-01,1,Active,Media_Publishing,ALL,persona,89,629.32538461500000200000,333.93357539999820730300,148.80000000000000000000,537.98907905150685444631,1650.04803906650506374931,92,96.74
2026-03-01,2026-04-01,1,At-risk,Media_Publishing,ALL,persona,3,0.00000000000000000000,0.00000000000000000000,0.00000000000000000000,0.00000000000000000000,0.00000000000000000000,92,3.26
2026-03-01,2026-04-01,1,Active,Medical_Professionals,ALL,persona,36,133.00000000000000000000,326.99366999999825361000,16.00000000000000000000,517.20761468219181292400,993.20128468219006653400,38,94.74
2026-03-01,2026-04-01,1,At-risk,Medical_Professionals,ALL,persona,1,0.00000000000000000000,0.00000000000000000000,0.00000000000000000000,0.00000000000000000000,0.00000000000000000000,38,2.63
2026-03-01,2026-04-01,1,Never monetized,Medical_Professionals,ALL,persona,1,0.00000000000000000000,0.00000000000000000000,0.00000000000000000000,0.00000000000000000000,0.00000000000000000000,38,2.63
2026-03-01,2026-04-01,1,Active,Others,ALL,persona,432,3824.06419354900000100000,6786.78582419996345655200,552.34000000000000000000,2410.08500418904115285477,13573.27502193800461040677,453,95.36
2026-03-01,2026-04-01,1,At-risk,Others,ALL,persona,20,0.00000000000000000000,0.00000000000000000000,0.00000000000000000000,0.00000000000000000000,0.00000000000000000000,453,4.42
2026-03-01,2026-04-01,1,Never monetized,Others,ALL,persona,1,0.00000000000000000000,0.00000000000000000000,0.00000000000000000000,0.00000000000000000000,0.00000000000000000000,453,0.22
2026-03-01,2026-04-01,1,Active,Professeur,ALL,persona,79,572.89000000000000000000,502.84394999999724466000,102.64000000000000000000,346.34813175178083509610,1524.72208175177807975610,81,97.53
2026-03-01,2026-04-01,1,At-risk,Professeur,ALL,persona,2,0.00000000000000000000,0.00000000000000000000,0.00000000000000000000,0.00000000000000000000,0.00000000000000000000,81,2.47
2026-03-01,2026-04-01,1,Active,Repair,ALL,persona,17,83.33333333300000000000,202.69868399999891240000,15.84000000000000000000,123.29175879835615346564,425.16377613135506586564,18,94.44
2026-03-01,2026-04-01,1,At-risk,Repair,ALL,persona,1,0.00000000000000000000,0.00000000000000000000,0.00000000000000000000,0.00000000000000000000,0.00000000000000000000,18,5.56
2026-03-01,2026-04-01,1,Active,Repair_Installation,ALL,persona,5,97.84000000000000000000,8.57991599999995410000,0.00000000000000000000,16.04222415945205906000,122.46214015945201316000,5,100.0
2026-03-01,2026-04-01,1,Active,Restauration,ALL,persona,54,596.00000000000000000000,1704.04781219999077667000,516.32000000000000000000,139.65362805589041544290,2956.02144025588119211290,58,93.1
2026-03-01,2026-04-01,1,At-risk,Restauration,ALL,persona,3,0.00000000000000000000,0.00000000000000000000,0.00000000000000000000,0.00000000000000000000,0.00000000000000000000,58,5.17
2026-03-01,2026-04-01,1,Never monetized,Restauration,ALL,persona,1,0.00000000000000000000,0.00000000000000000000,0.00000000000000000000,0.00000000000000000000,0.00000000000000000000,58,1.72
2026-03-01,2026-04-01,1,Active,Retail,ALL,persona,293,2378.00333333299999900000,4823.25818219997353665984,817.42000000000000000000,1624.93038684328777619605,9643.61190237626131185589,311,94.21
2026-03-01,2026-04-01,1,At-risk,Retail,ALL,persona,17,0.00000000000000000000,0.00000000000000000000,0.00000000000000000000,0.00000000000000000000,0.00000000000000000000,311,5.47
2026-03-01,2026-04-01,1,Never monetized,Retail,ALL,persona,1,0.00000000000000000000,0.00000000000000000000,0.00000000000000000000,0.00000000000000000000,0.00000000000000000000,311,0.32
2026-03-01,2026-04-01,1,Active,Wholesale,ALL,persona,60,761.00935483900000000000,1309.61507219999280773000,19.60000000000000000000,776.31371653534245452800,2866.53814357433526225800,62,96.77
2026-03-01,2026-04-01,1,At-risk,Wholesale,ALL,persona,1,0.00000000000000000000,0.00000000000000000000,0.00000000000000000000,0.00000000000000000000,0.00000000000000000000,62,1.61
2026-03-01,2026-04-01,1,Never monetized,Wholesale,ALL,persona,1,0.00000000000000000000,0.00000000000000000000,0.00000000000000000000,0.00000000000000000000,0.00000000000000000000,62,1.61
2026-03-01,2026-04-01,1,Active,Automobile_Trade_Repair,business,persona_x_initial_plan,3,240.00000000000000000000,35.20492199999980800000,0.00000000000000000000,2.66643267890411033800,277.87135467890391833800,3,100.0
2026-03-01,2026-04-01,1,Active,Automobile_Trade_Repair,free,persona_x_initial_plan,29,50.00000000000000000000,251.05652999999862695600,18.32000000000000000000,48.78526687013698952421,368.16179687013561648021,30,96.67
2026-03-01,2026-04-01,1,At-risk,Automobile_Trade_Repair,free,persona_x_initial_plan,1,0.00000000000000000000,0.00000000000000000000,0.00000000000000000000,0.00000000000000000000,0.00000000000000000000,30,3.33
2026-03-01,2026-04-01,1,Active,Automobile_Trade_Repair,plus,persona_x_initial_plan,17,395.00000000000000000000,641.18302199999654777000,7.02000000000000000000,88.88722172109589217420,1132.09024372109243994420,17,100.0
2026-03-01,2026-04-01,1,Active,Automobile_Trade_Repair,start,persona_x_initial_plan,61,633.32000000000000000000,658.51974539999640720000,0.00000000000000000000,347.43658345917808977783,1639.27632885917449697783,65,93.85
2026-03-01,2026-04-01,1,At-risk,Automobile_Trade_Repair,start,persona_x_initial_plan,4,0.00000000000000000000,0.00000000000000000000,0.00000000000000000000,0.00000000000000000000,0.00000000000000000000,65,6.15
2026-03-01,2026-04-01,1,Active,BTP,business,persona_x_initial_plan,12,960.00000000000000000000,1443.36798719999219950000,0.00000000000000000000,355.44946057589049771000,2758.81744777588269721000,12,100.0
2026-03-01,2026-04-01,1,Active,BTP,free,persona_x_initial_plan,128,75.75000000000000100000,1347.19997399999255613000,618.64000000000000000000,2615.39154044547964666404,4656.98151444547220379404,140,91.43
2026-03-01,2026-04-01,1,At-risk,BTP,free,persona_x_initial_plan,12,0.00000000000000000000,0.00000000000000000000,0.00000000000000000000,0.00000000000000000000,0.00000000000000000000,140,8.57
2026-03-01,2026-04-01,1,Active,BTP,plus,persona_x_initial_plan,69,1631.50537634300000000000,3827.61302939997937350000,21.44000000000000000000,1883.39909402136960900720,7363.95749976434898250720,71,97.18
2026-03-01,2026-04-01,1,At-risk,BTP,plus,persona_x_initial_plan,2,0.00000000000000000000,0.00000000000000000000,0.00000000000000000000,0.00000000000000000000,0.00000000000000000000,71,2.82
2026-03-01,2026-04-01,1,Active,BTP,start,persona_x_initial_plan,151,1533.00000000000000000000,3098.15312399998336564000,48.24000000000000000000,1137.16773327178096896792,5816.56085727176433460792,155,97.42
2026-03-01,2026-04-01,1,At-risk,BTP,start,persona_x_initial_plan,3,0.00000000000000000000,0.00000000000000000000,0.00000000000000000000,0.00000000000000000000,0.00000000000000000000,155,1.94
2026-03-01,2026-04-01,1,Never monetized,BTP,start,persona_x_initial_plan,1,0.00000000000000000000,0.00000000000000000000,0.00000000000000000000,0.00000000000000000000,0.00000000000000000000,155,0.65
2026-03-01,2026-04-01,1,Active,Bankers_Insurance,free,persona_x_initial_plan,16,2.63258064500000000000,129.56986619999929100000,4.80000000000000000000,326.79124210356161083400,463.79368894856090183400,18,88.89
2026-03-01,2026-04-01,1,At-risk,Bankers_Insurance,free,persona_x_initial_plan,1,0.00000000000000000000,0.00000000000000000000,0.00000000000000000000,0.00000000000000000000,0.00000000000000000000,18,5.56
2026-03-01,2026-04-01,1,Never monetized,Bankers_Insurance,free,persona_x_initial_plan,1,0.00000000000000000000,0.00000000000000000000,0.00000000000000000000,0.00000000000000000000,0.00000000000000000000,18,5.56
2026-03-01,2026-04-01,1,Active,Bankers_Insurance,plus,persona_x_initial_plan,3,70.00000000000000000000,167.54765399999912430000,0.00000000000000000000,8.27769332328767027430,245.82534732328679457430,4,75.0
2026-03-01,2026-04-01,1,At-risk,Bankers_Insurance,plus,persona_x_initial_plan,1,0.00000000000000000000,0.00000000000000000000,0.00000000000000000000,0.00000000000000000000,0.00000000000000000000,4,25.0
2026-03-01,2026-04-01,1,Active,Bankers_Insurance,start,persona_x_initial_plan,6,45.00000000000000000000,13.81645799999992550000,0.00000000000000000000,56.28841010520547699000,115.10486810520540249000,6,100.0
2026-03-01,2026-04-01,1,Active,Bikers_Drivers,business,persona_x_initial_plan,2,160.00000000000000000000,0.00000000000000000000,0.00000000000000000000,0.04770910027397261210,160.04770910027397261210,2,100.0
2026-03-01,2026-04-01,1,Active,Bikers_Drivers,free,persona_x_initial_plan,53,33.00000000000000000000,513.52885079999721898700,26.00000000000000000000,72.63482598082191842845,645.16367678081913741545,55,96.36
2026-03-01,2026-04-01,1,At-risk,Bikers_Drivers,free,persona_x_initial_plan,2,0.00000000000000000000,0.00000000000000000000,0.00000000000000000000,0.00000000000000000000,0.00000000000000000000,55,3.64
2026-03-01,2026-04-01,1,Active,Bikers_Drivers,plus,persona_x_initial_plan,22,525.00000000000000000000,326.02075199999824111000,2.00000000000000000000,37.54642079068492952876,890.56717279068317063876,23,95.65
2026-03-01,2026-04-01,1,At-risk,Bikers_Drivers,plus,persona_x_initial_plan,1,0.00000000000000000000,0.00000000000000000000,0.00000000000000000000,0.00000000000000000000,0.00000000000000000000,23,4.35
2026-03-01,2026-04-01,1,Active,Bikers_Drivers,start,persona_x_initial_plan,63,636.65000000000000000000,1417.56787799999231014600,12.00000000000000000000,260.50085077698630463378,2326.71872877697861477978,68,92.65
2026-03-01,2026-04-01,1,At-risk,Bikers_Drivers,start,persona_x_initial_plan,5,0.00000000000000000000,0.00000000000000000000,0.00000000000000000000,0.00000000000000000000,0.00000000000000000000,68,7.35
2026-03-01,2026-04-01,1,Active,Cleaning_CallCenters,free,persona_x_initial_plan,8,0.00000000000000000000,47.85220799999973700000,13.60000000000000000000,24.44966894136987039000,85.90187694136960739000,8,100.0
2026-03-01,2026-04-01,1,Active,Cleaning_CallCenters,plus,persona_x_initial_plan,2,45.00000000000000000000,46.83526199999974600000,0.00000000000000000000,3.41822386082191791000,95.25348586082166391000,2,100.0
2026-03-01,2026-04-01,1,Active,Cleaning_CallCenters,start,persona_x_initial_plan,4,42.00000000000000000000,24.77489399999986860000,0.00000000000000000000,23.41657525205479880400,90.19146925205466740400,5,80.0
2026-03-01,2026-04-01,1,At-risk,Cleaning_CallCenters,start,persona_x_initial_plan,1,0.00000000000000000000,0.00000000000000000000,0.00000000000000000000,0.00000000000000000000,0.00000000000000000000,5,20.0
2026-03-01,2026-04-01,1,Active,Consultant,business,persona_x_initial_plan,7,480.00000000000000000000,958.41471599999471890500,0.00000000000000000000,418.32920492986297810490,1856.74392092985769700990,7,100.0
2026-03-01,2026-04-01,1,Active,Consultant,free,persona_x_initial_plan,179,60.61777777800000000000,939.64369139999490905800,157.60000000000000000000,1211.53509970082192391843,2369.39656887881683297643,189,94.71
2026-03-01,2026-04-01,1,At-risk,Consultant,free,persona_x_initial_plan,10,0.00000000000000000000,0.00000000000000000000,0.00000000000000000000,0.00000000000000000000,0.00000000000000000000,189,5.29
2026-03-01,2026-04-01,1,Active,Consultant,plus,persona_x_initial_plan,31,600.00000000000000000000,911.89153799999469476000,4.00000000000000000000,265.25322325095891807160,1781.14476125095361283160,33,93.94
2026-03-01,2026-04-01,1,At-risk,Consultant,plus,persona_x_initial_plan,2,0.00000000000000000000,0.00000000000000000000,0.00000000000000000000,0.00000000000000000000,0.00000000000000000000,33,6.06
2026-03-01,2026-04-01,1,Active,Consultant,start,persona_x_initial_plan,207,2009.00000000000000000000,2430.70730279998675587500,97.48000000000000000000,1433.48680147068502414450,5970.67410427067178001950,213,97.18
2026-03-01,2026-04-01,1,At-risk,Consultant,start,persona_x_initial_plan,5,0.00000000000000000000,0.00000000000000000000,0.00000000000000000000,0.00000000000000000000,0.00000000000000000000,213,2.35
2026-03-01,2026-04-01,1,Never monetized,Consultant,start,persona_x_initial_plan,1,0.00000000000000000000,0.00000000000000000000,0.00000000000000000000,0.00000000000000000000,0.00000000000000000000,213,0.47
2026-03-01,2026-04-01,1,Active,Developer_IT,business,persona_x_initial_plan,2,80.00000000000000000000,100.68592319999951100000,0.00000000000000000000,20.58316058465753770000,201.26908378465704870000,2,100.0
2026-03-01,2026-04-01,1,Active,Developer_IT,free,persona_x_initial_plan,86,34.72999999999999800000,1210.00393079999365623754,883.20000000000000000000,419.67661723123290945486,2547.61054803122656369240,93,92.47
2026-03-01,2026-04-01,1,At-risk,Developer_IT,free,persona_x_initial_plan,7,0.00000000000000000000,0.00000000000000000000,0.00000000000000000000,0.00000000000000000000,0.00000000000000000000,93,7.53
2026-03-01,2026-04-01,1,Active,Developer_IT,plus,persona_x_initial_plan,13,298.33333333300000000000,762.21190259999578570000,0.00000000000000000000,345.33308879780822400400,1405.87832473080400970400,15,86.67
2026-03-01,2026-04-01,1,At-risk,Developer_IT,plus,persona_x_initial_plan,1,0.00000000000000000000,0.00000000000000000000,0.00000000000000000000,0.00000000000000000000,0.00000000000000000000,15,6.67
2026-03-01,2026-04-01,1,Never monetized,Developer_IT,plus,persona_x_initial_plan,1,0.00000000000000000000,0.00000000000000000000,0.00000000000000000000,0.00000000000000000000,0.00000000000000000000,15,6.67
2026-03-01,2026-04-01,1,Active,Developer_IT,start,persona_x_initial_plan,85,808.00000000000000000000,1118.19913199999395141900,14.00000000000000000000,936.11645675452053539248,2876.31558875451448681148,85,100.0
2026-03-01,2026-04-01,1,Active,Media_Publishing,free,persona_x_initial_plan,32,61.92000000000000200000,103.18012199999946044300,12.76000000000000000000,51.51154798410959206511,229.37166998410905450811,34,94.12
2026-03-01,2026-04-01,1,At-risk,Media_Publishing,free,persona_x_initial_plan,2,0.00000000000000000000,0.00000000000000000000,0.00000000000000000000,0.00000000000000000000,0.00000000000000000000,34,5.88
2026-03-01,2026-04-01,1,Active,Media_Publishing,plus,persona_x_initial_plan,4,60.00000000000000000000,2.67070139999998580000,0.00000000000000000000,10.60713624712328631040,73.27783764712327211040,4,100.0
2026-03-01,2026-04-01,1,Active,Media_Publishing,start,persona_x_initial_plan,53,507.40538461500000000000,228.08275199999876106000,136.04000000000000000000,475.87039482027397607080,1347.39853143527273713080,54,98.15
2026-03-01,2026-04-01,1,At-risk,Media_Publishing,start,persona_x_initial_plan,1,0.00000000000000000000,0.00000000000000000000,0.00000000000000000000,0.00000000000000000000,0.00000000000000000000,54,1.85
2026-03-01,2026-04-01,1,Active,Medical_Professionals,free,persona_x_initial_plan,23,0.00000000000000000000,69.95494799999962352000,4.80000000000000000000,417.57694861534249879400,492.33189661534212231400,23,100.0
2026-03-01,2026-04-01,1,Active,Medical_Professionals,start,persona_x_initial_plan,13,133.00000000000000000000,257.03872199999863009000,11.20000000000000000000,99.63066606684931413000,500.86938806684794422000,15,86.67
2026-03-01,2026-04-01,1,At-risk,Medical_Professionals,start,persona_x_initial_plan,1,0.00000000000000000000,0.00000000000000000000,0.00000000000000000000,0.00000000000000000000,0.00000000000000000000,15,6.67
2026-03-01,2026-04-01,1,Never monetized,Medical_Professionals,start,persona_x_initial_plan,1,0.00000000000000000000,0.00000000000000000000,0.00000000000000000000,0.00000000000000000000,0.00000000000000000000,15,6.67
2026-03-01,2026-04-01,1,Active,Others,business,persona_x_initial_plan,6,425.00000000000000000000,146.19490919999918670000,0.00000000000000000000,198.33395162082192352200,769.52886082082111022200,6,100.0
2026-03-01,2026-04-01,1,Active,Others,free,persona_x_initial_plan,163,51.08000000000000100000,1079.04747599999407806700,156.70000000000000000000,430.00548939123289725309,1716.83296539122697632009,175,93.14
2026-03-01,2026-04-01,1,At-risk,Others,free,persona_x_initial_plan,11,0.00000000000000000000,0.00000000000000000000,0.00000000000000000000,0.00000000000000000000,0.00000000000000000000,175,6.29
2026-03-01,2026-04-01,1,Never monetized,Others,free,persona_x_initial_plan,1,0.00000000000000000000,0.00000000000000000000,0.00000000000000000000,0.00000000000000000000,0.00000000000000000000,175,0.57
2026-03-01,2026-04-01,1,Active,Others,plus,persona_x_initial_plan,58,1312.00000000000000000000,2552.11498979998628651800,42.30000000000000000000,421.54888251068493974432,4327.96387231067122626232,59,98.31
2026-03-01,2026-04-01,1,At-risk,Others,plus,persona_x_initial_plan,1,0.00000000000000000000,0.00000000000000000000,0.00000000000000000000,0.00000000000000000000,0.00000000000000000000,59,1.69
2026-03-01,2026-04-01,1,Active,Others,start,persona_x_initial_plan,205,2035.98419354900000000000,3009.42844919998390526700,353.34000000000000000000,1360.19668066630139233536,6758.94932341528529760236,213,96.24
2026-03-01,2026-04-01,1,At-risk,Others,start,persona_x_initial_plan,8,0.00000000000000000000,0.00000000000000000000,0.00000000000000000000,0.00000000000000000000,0.00000000000000000000,213,3.76
2026-03-01,2026-04-01,1,Active,Professeur,free,persona_x_initial_plan,32,28.89000000000000000000,55.73401199999969169000,83.90000000000000000000,72.14966898958904129530,240.67368098958873298530,33,96.97
2026-03-01,2026-04-01,1,At-risk,Professeur,free,persona_x_initial_plan,1,0.00000000000000000000,0.00000000000000000000,0.00000000000000000000,0.00000000000000000000,0.00000000000000000000,33,3.03
2026-03-01,2026-04-01,1,Active,Professeur,plus,persona_x_initial_plan,7,160.00000000000000000000,258.69095999999857400000,0.00000000000000000000,95.07806557698630906000,513.76902557698488306000,7,100.0
2026-03-01,2026-04-01,1,Active,Professeur,start,persona_x_initial_plan,40,384.00000000000000000000,188.41897799999897897000,18.74000000000000000000,179.12039718520548474080,770.27937518520446371080,41,97.56
2026-03-01,2026-04-01,1,At-risk,Professeur,start,persona_x_initial_plan,1,0.00000000000000000000,0.00000000000000000000,0.00000000000000000000,0.00000000000000000000,0.00000000000000000000,41,2.44
2026-03-01,2026-04-01,1,Active,Repair,free,persona_x_initial_plan,11,0.00000000000000000000,85.38881399999953940000,14.00000000000000000000,18.41365207397260496464,117.80246607397214436464,12,91.67
2026-03-01,2026-04-01,1,At-risk,Repair,free,persona_x_initial_plan,1,0.00000000000000000000,0.00000000000000000000,0.00000000000000000000,0.00000000000000000000,0.00000000000000000000,12,8.33
2026-03-01,2026-04-01,1,Active,Repair,plus,persona_x_initial_plan,2,45.00000000000000000000,92.73914999999950500000,0.00000000000000000000,81.46787083726026385000,219.20702083725976885000,2,100.0
2026-03-01,2026-04-01,1,Active,Repair,start,persona_x_initial_plan,4,38.33333333300000000000,24.57071999999986800000,1.84000000000000000000,23.41023588712328465100,88.15428922012315265100,4,100.0
2026-03-01,2026-04-01,1,Active,Repair_Installation,business,persona_x_initial_plan,1,80.00000000000000000000,0.00000000000000000000,0.00000000000000000000,0.28617468493150683000,80.28617468493150683000,1,100.0
2026-03-01,2026-04-01,1,Active,Repair_Installation,free,persona_x_initial_plan,3,0.00000000000000000000,8.57991599999995410000,0.00000000000000000000,6.07560483452054943000,14.65552083452050353000,3,100.0
2026-03-01,2026-04-01,1,Active,Repair_Installation,start,persona_x_initial_plan,1,17.84000000000000000000,0.00000000000000000000,0.00000000000000000000,9.68044464000000280000,27.52044464000000280000,1,100.0
2026-03-01,2026-04-01,1,Active,Restauration,business,persona_x_initial_plan,1,80.00000000000000000000,47.33315999999975100000,0.00000000000000000000,0.38268267616438356000,127.71584267616413456000,1,100.0
2026-03-01,2026-04-01,1,Active,Restauration,free,persona_x_initial_plan,15,0.00000000000000000000,205.47953999999888977000,382.80000000000000000000,31.89191117863013989690,620.17145117862902966690,17,88.24
2026-03-01,2026-04-01,1,At-risk,Restauration,free,persona_x_initial_plan,1,0.00000000000000000000,0.00000000000000000000,0.00000000000000000000,0.00000000000000000000,0.00000000000000000000,17,5.88
2026-03-01,2026-04-01,1,Never monetized,Restauration,free,persona_x_initial_plan,1,0.00000000000000000000,0.00000000000000000000,0.00000000000000000000,0.00000000000000000000,0.00000000000000000000,17,5.88
2026-03-01,2026-04-01,1,Active,Restauration,plus,persona_x_initial_plan,9,215.00000000000000000000,581.32614599999683430000,28.04000000000000000000,38.33407572876712094000,862.70022172876395524000,9,100.0
2026-03-01,2026-04-01,1,Active,Restauration,start,persona_x_initial_plan,29,301.00000000000000000000,869.90896619999530160000,105.48000000000000000000,69.04495847232877104600,1345.43392467232407264600,31,93.55
2026-03-01,2026-04-01,1,At-risk,Restauration,start,persona_x_initial_plan,2,0.00000000000000000000,0.00000000000000000000,0.00000000000000000000,0.00000000000000000000,0.00000000000000000000,31,6.45
2026-03-01,2026-04-01,1,Active,Retail,business,persona_x_initial_plan,3,240.00000000000000000000,128.66632199999931234000,0.00000000000000000000,2.00294240767123281560,370.66926440767054515560,4,75.0
2026-03-01,2026-04-01,1,At-risk,Retail,business,persona_x_initial_plan,1,0.00000000000000000000,0.00000000000000000000,0.00000000000000000000,0.00000000000000000000,0.00000000000000000000,4,25.0
2026-03-01,2026-04-01,1,Active,Retail,free,persona_x_initial_plan,118,67.94999999999999900000,1277.87812379999298239784,259.20000000000000000000,407.29854499780826744746,2012.32666879780124884530,126,93.65
2026-03-01,2026-04-01,1,At-risk,Retail,free,persona_x_initial_plan,8,0.00000000000000000000,0.00000000000000000000,0.00000000000000000000,0.00000000000000000000,0.00000000000000000000,126,6.35
2026-03-01,2026-04-01,1,Active,Retail,plus,persona_x_initial_plan,27,588.33333333300000000000,1595.05066799999117790000,282.80000000000000000000,409.55530051232880505462,2875.73930184531998295462,29,93.1
2026-03-01,2026-04-01,1,At-risk,Retail,plus,persona_x_initial_plan,2,0.00000000000000000000,0.00000000000000000000,0.00000000000000000000,0.00000000000000000000,0.00000000000000000000,29,6.9
2026-03-01,2026-04-01,1,Active,Retail,start,persona_x_initial_plan,145,1481.72000000000000000000,1821.66306839999006402200,275.42000000000000000000,806.07359892547947087837,4384.87666732546953490037,152,95.39
2026-03-01,2026-04-01,1,At-risk,Retail,start,persona_x_initial_plan,6,0.00000000000000000000,0.00000000000000000000,0.00000000000000000000,0.00000000000000000000,0.00000000000000000000,152,3.95
2026-03-01,2026-04-01,1,Never monetized,Retail,start,persona_x_initial_plan,1,0.00000000000000000000,0.00000000000000000000,0.00000000000000000000,0.00000000000000000000,0.00000000000000000000,152,0.66
2026-03-01,2026-04-01,1,Active,Wholesale,business,persona_x_initial_plan,2,160.00000000000000000000,0.00000000000000000000,0.00000000000000000000,39.53046507835616050000,199.53046507835616050000,2,100.0
2026-03-01,2026-04-01,1,Active,Wholesale,free,persona_x_initial_plan,21,47.59000000000000000000,262.07679419999857400000,19.60000000000000000000,399.02990419397259818700,728.29669839397117218700,22,95.45
2026-03-01,2026-04-01,1,Never monetized,Wholesale,free,persona_x_initial_plan,1,0.00000000000000000000,0.00000000000000000000,0.00000000000000000000,0.00000000000000000000,0.00000000000000000000,22,4.55
2026-03-01,2026-04-01,1,Active,Wholesale,plus,persona_x_initial_plan,14,320.00000000000000000000,883.06295399999511862000,0.00000000000000000000,136.84005775397260146350,1339.90301175396772008350,14,100.0
2026-03-01,2026-04-01,1,Active,Wholesale,start,persona_x_initial_plan,23,233.41935483900000000000,164.47532399999911511000,0.00000000000000000000,200.91328950904109437750,598.80796834804020948750,24,95.83
2026-03-01,2026-04-01,1,At-risk,Wholesale,start,persona_x_initial_plan,1,0.00000000000000000000,0.00000000000000000000,0.00000000000000000000,0.00000000000000000000,0.00000000000000000000,24,4.17
2026-04-01,2026-04-01,0,Active,ALL,business,initial_plan,52,1440.00000000000000000000,1626.43506299999132916600,138.08000000000000000000,280.30771435013701402707,3484.82277735012834319307,53,98.11
2026-04-01,2026-04-01,0,Never monetized,ALL,business,initial_plan,1,0.00000000000000000000,0.00000000000000000000,0.00000000000000000000,0.00000000000000000000,0.00000000000000000000,53,1.89
2026-04-01,2026-04-01,0,Active,ALL,free,initial_plan,1265,194.02750000000000000000,5601.74377859996979408800,11540.30000000000000000000,4338.29466657260291452188,21674.36594517257270860988,1271,99.53
2026-04-01,2026-04-01,0,Never monetized,ALL,free,initial_plan,6,0.00000000000000000000,0.00000000000000000000,0.00000000000000000000,0.00000000000000000000,0.00000000000000000000,1271,0.47
2026-04-01,2026-04-01,0,Active,ALL,plus,initial_plan,306,3011.38642472900000000000,6486.04803959996483864400,1678.78000000000000000000,1621.35361411013702581697,12797.56807843910186446097,308,99.35
2026-04-01,2026-04-01,0,Never monetized,ALL,plus,initial_plan,2,0.00000000000000000000,0.00000000000000000000,0.00000000000000000000,0.00000000000000000000,0.00000000000000000000,308,0.65
2026-04-01,2026-04-01,0,Active,ALL,start,initial_plan,1232,7964.38831173399999700000,9187.37834759994995611300,9329.18000000000000000000,4624.64132303671237027355,31105.58798237066232338655,1240,99.35
2026-04-01,2026-04-01,0,Never monetized,ALL,start,initial_plan,8,0.00000000000000000000,0.00000000000000000000,0.00000000000000000000,0.00000000000000000000,0.00000000000000000000,1240,0.65
2026-04-01,2026-04-01,0,Active,ALL,ALL,overall,2855,12609.80223646299999700000,22901.60522879987591801100,22686.34000000000000000000,10864.59731806958932463947,69062.34478333246523965047,2872,99.41
2026-04-01,2026-04-01,0,Never monetized,ALL,ALL,overall,17,0.00000000000000000000,0.00000000000000000000,0.00000000000000000000,0.00000000000000000000,0.00000000000000000000,2872,0.59
2026-04-01,2026-04-01,0,Active,Automobile_Trade_Repair,ALL,persona,98,506.30693548400000200000,694.79819999999624262800,229.66000000000000000000,372.71370003780821404641,1803.47883552180445867441,98,100.0
2026-04-01,2026-04-01,0,Active,BTP,ALL,persona,493,2124.15483871099999600000,4665.68340479997476225000,2114.80000000000000000000,2124.23283097041109663946,11028.87107448138585488946,497,99.2
2026-04-01,2026-04-01,0,Never monetized,BTP,ALL,persona,4,0.00000000000000000000,0.00000000000000000000,0.00000000000000000000,0.00000000000000000000,0.00000000000000000000,497,0.8
2026-04-01,2026-04-01,0,Active,Bankers_Insurance,ALL,persona,57,253.51612903200000000000,233.48195999999874870000,1246.00000000000000000000,371.99787234684933097698,2104.99596137884807967698,58,98.28
2026-04-01,2026-04-01,0,Never monetized,Bankers_Insurance,ALL,persona,1,0.00000000000000000000,0.00000000000000000000,0.00000000000000000000,0.00000000000000000000,0.00000000000000000000,58,1.72
2026-04-01,2026-04-01,0,Active,Bikers_Drivers,ALL,persona,172,993.29417679100000000000,1278.50731199999312051700,969.60000000000000000000,271.64608714356164104283,3513.04757593455476155983,174,98.85
2026-04-01,2026-04-01,0,Never monetized,Bikers_Drivers,ALL,persona,2,0.00000000000000000000,0.00000000000000000000,0.00000000000000000000,0.00000000000000000000,0.00000000000000000000,174,1.15
2026-04-01,2026-04-01,0,Active,Cleaning_CallCenters,ALL,persona,10,65.00000000000000000000,56.52651599999969520000,4.00000000000000000000,10.65496262630136958930,136.18147862630106478930,10,100.0
2026-04-01,2026-04-01,0,Active,Consultant,ALL,persona,481,1812.88987902900000000000,1491.18429239999191680000,3515.60000000000000000000,2924.04532256493149887574,9743.71949399392341567574,485,99.18
2026-04-01,2026-04-01,0,Never monetized,Consultant,ALL,persona,4,0.00000000000000000000,0.00000000000000000000,0.00000000000000000000,0.00000000000000000000,0.00000000000000000000,485,0.82
2026-04-01,2026-04-01,0,Active,Developer_IT,ALL,persona,210,829.88307795700000000000,2424.21520319998688501000,4303.64000000000000000000,685.56613469589041937057,8243.30441585287730438057,211,99.53
2026-04-01,2026-04-01,0,Never monetized,Developer_IT,ALL,persona,1,0.00000000000000000000,0.00000000000000000000,0.00000000000000000000,0.00000000000000000000,0.00000000000000000000,211,0.47
2026-04-01,2026-04-01,0,Active,Media_Publishing,ALL,persona,104,411.20108387200000000000,1348.90999739999241197200,2602.00000000000000000000,248.70655318630136321457,4610.81763445829377518657,104,100.0
2026-04-01,2026-04-01,0,Active,Medical_Professionals,ALL,persona,43,94.93548387100000000000,67.89277799999963470000,7.10000000000000000000,106.55366491397260514100,276.48192678497223984100,43,100.0
2026-04-01,2026-04-01,0,Active,Others,ALL,persona,521,2440.73494623499999800000,5137.95748319997225895600,3209.00000000000000000000,1812.54494673479463906672,12600.23737616976689602272,523,99.62
2026-04-01,2026-04-01,0,Never monetized,Others,ALL,persona,2,0.00000000000000000000,0.00000000000000000000,0.00000000000000000000,0.00000000000000000000,0.00000000000000000000,523,0.38
2026-04-01,2026-04-01,0,Active,Professeur,ALL,persona,93,318.43010752600000000000,241.07713199999869103000,296.40000000000000000000,127.00173060767124192470,982.90897013366993295470,93,100.0
2026-04-01,2026-04-01,0,Active,Repair,ALL,persona,21,41.70967741900000000000,410.40872999999784716500,4.00000000000000000000,10.39232770465753430130,466.51073512365538146630,22,95.45
2026-04-01,2026-04-01,0,Never monetized,Repair,ALL,persona,1,0.00000000000000000000,0.00000000000000000000,0.00000000000000000000,0.00000000000000000000,0.00000000000000000000,22,4.55
2026-04-01,2026-04-01,0,Active,Repair_Installation,ALL,persona,5,36.80645161300000000000,2.67218999999998540000,0.00000000000000000000,3.58419906246575325300,43.06284067546573865300,5,100.0
2026-04-01,2026-04-01,0,Active,Restauration,ALL,persona,82,438.26516129000000100000,1286.14167899999300593000,268.00000000000000000000,246.82471474082193844420,2239.23155503081494537420,82,100.0
2026-04-01,2026-04-01,0,Active,Retail,ALL,persona,388,1665.88858870900000000000,2353.03877519998723147100,2728.46000000000000000000,1124.32238648219176814179,7871.70975039117899961279,390,99.49
2026-04-01,2026-04-01,0,Never monetized,Retail,ALL,persona,2,0.00000000000000000000,0.00000000000000000000,0.00000000000000000000,0.00000000000000000000,0.00000000000000000000,390,0.51
2026-04-01,2026-04-01,0,Active,Wholesale,ALL,persona,77,576.78569892400000000000,1209.10957559999348028200,1188.08000000000000000000,423.80988425095891061090,3397.78515877495239089290,77,100.0
2026-04-01,2026-04-01,0,Active,Automobile_Trade_Repair,business,persona_x_initial_plan,3,0.00000000000000000000,193.62045599999897000000,0.00000000000000000000,34.50542311890411235000,228.12587911890308235000,3,100.0
2026-04-01,2026-04-01,0,Active,Automobile_Trade_Repair,free,persona_x_initial_plan,28,5.20000000000000000000,104.78383199999942316800,154.00000000000000000000,219.98479520383561063940,483.96862720383503380740,28,100.0
2026-04-01,2026-04-01,0,Active,Automobile_Trade_Repair,plus,persona_x_initial_plan,18,155.80645161300000000000,96.78437999999946965000,0.00000000000000000000,36.77177041972602611000,289.36260203272549576000,18,100.0
2026-04-01,2026-04-01,0,Active,Automobile_Trade_Repair,start,persona_x_initial_plan,49,345.30048387100000200000,299.60953199999837981000,75.66000000000000000000,81.45171129534246494701,802.02172716634084675701,49,100.0
2026-04-01,2026-04-01,0,Active,BTP,business,persona_x_initial_plan,14,160.00000000000000000000,73.57345199999961436000,138.00000000000000000000,67.13552080657534736951,438.70897280657496172951,14,100.0
2026-04-01,2026-04-01,0,Active,BTP,free,persona_x_initial_plan,206,65.76000000000000000000,1020.58779419999442488000,892.80000000000000000000,1133.02194530904118053755,3112.16973950903560541755,209,98.56
2026-04-01,2026-04-01,0,Never monetized,BTP,free,persona_x_initial_plan,3,0.00000000000000000000,0.00000000000000000000,0.00000000000000000000,0.00000000000000000000,0.00000000000000000000,209,1.44
2026-04-01,2026-04-01,0,Active,BTP,plus,persona_x_initial_plan,79,684.70967742000000000000,1737.61053839999070302000,290.00000000000000000000,543.96393184547947332480,3256.28414766547017634480,79,100.0
2026-04-01,2026-04-01,0,Active,BTP,start,persona_x_initial_plan,194,1213.68516129099999600000,1833.91162019999001999000,794.00000000000000000000,380.11143300931509540760,4221.70821450030511139760,195,99.49
2026-04-01,2026-04-01,0,Never monetized,BTP,start,persona_x_initial_plan,1,0.00000000000000000000,0.00000000000000000000,0.00000000000000000000,0.00000000000000000000,0.00000000000000000000,195,0.51
2026-04-01,2026-04-01,0,Active,Bankers_Insurance,business,persona_x_initial_plan,1,80.00000000000000000000,0.00000000000000000000,0.00000000000000000000,0.09512865534246577000,80.09512865534246577000,1,100.0
2026-04-01,2026-04-01,0,Active,Bankers_Insurance,free,persona_x_initial_plan,30,0.00000000000000000000,3.31739999999998190000,1246.00000000000000000000,200.31918485315069058498,1449.63658485315067248498,30,100.0
2026-04-01,2026-04-01,0,Active,Bankers_Insurance,plus,persona_x_initial_plan,3,0.00000000000000000000,89.90164799999951100000,0.00000000000000000000,66.16258982465753290000,156.06423782465704390000,3,100.0
2026-04-01,2026-04-01,0,Active,Bankers_Insurance,start,persona_x_initial_plan,23,173.51612903200000000000,140.26291199999925580000,0.00000000000000000000,105.42096901369864172200,419.20001004569789752200,24,95.83
2026-04-01,2026-04-01,0,Never monetized,Bankers_Insurance,start,persona_x_initial_plan,1,0.00000000000000000000,0.00000000000000000000,0.00000000000000000000,0.00000000000000000000,0.00000000000000000000,24,4.17
2026-04-01,2026-04-01,0,Active,Bikers_Drivers,business,persona_x_initial_plan,5,320.00000000000000000000,8.03699999999995640000,0.00000000000000000000,12.63575314082191730330,340.67275314082187370330,6,83.33
2026-04-01,2026-04-01,0,Never monetized,Bikers_Drivers,business,persona_x_initial_plan,1,0.00000000000000000000,0.00000000000000000000,0.00000000000000000000,0.00000000000000000000,0.00000000000000000000,6,16.67
2026-04-01,2026-04-01,0,Active,Bikers_Drivers,free,persona_x_initial_plan,69,39.61000000000000000000,280.71278999999849170200,437.60000000000000000000,68.49567328767123548664,826.41846328766972718864,69,100.0
2026-04-01,2026-04-01,0,Active,Bikers_Drivers,plus,persona_x_initial_plan,20,170.00000000000000000000,513.41808599999723620000,394.00000000000000000000,98.98958214191780490020,1176.40766814191504110020,20,100.0
2026-04-01,2026-04-01,0,Active,Bikers_Drivers,start,persona_x_initial_plan,78,463.68417679100000000000,476.33943599999743621500,138.00000000000000000000,91.52507857315068335269,1169.54869136414811956769,79,98.73
2026-04-01,2026-04-01,0,Never monetized,Bikers_Drivers,start,persona_x_initial_plan,1,0.00000000000000000000,0.00000000000000000000,0.00000000000000000000,0.00000000000000000000,0.00000000000000000000,79,1.27
2026-04-01,2026-04-01,0,Active,Cleaning_CallCenters,free,persona_x_initial_plan,3,0.00000000000000000000,4.93163999999997320000,4.00000000000000000000,1.17330133698630121930,10.10494133698627441930,3,100.0
2026-04-01,2026-04-01,0,Active,Cleaning_CallCenters,plus,persona_x_initial_plan,2,25.00000000000000000000,0.00000000000000000000,0.00000000000000000000,0.38404602739726031000,25.38404602739726031000,2,100.0
2026-04-01,2026-04-01,0,Active,Cleaning_CallCenters,start,persona_x_initial_plan,5,40.00000000000000000000,51.59487599999972200000,0.00000000000000000000,9.09761526191780806000,100.69249126191753006000,5,100.0
2026-04-01,2026-04-01,0,Active,Consultant,business,persona_x_initial_plan,3,80.00000000000000000000,160.21814939999912300000,0.00000000000000000000,4.28914666082191873000,244.50729606082104173000,3,100.0
2026-04-01,2026-04-01,0,Active,Consultant,free,persona_x_initial_plan,232,8.08000000000000000000,315.03416939999830383000,1306.00000000000000000000,815.68375777698629122610,2444.79792717698459505610,234,99.15
2026-04-01,2026-04-01,0,Never monetized,Consultant,free,persona_x_initial_plan,2,0.00000000000000000000,0.00000000000000000000,0.00000000000000000000,0.00000000000000000000,0.00000000000000000000,234,0.85
2026-04-01,2026-04-01,0,Active,Consultant,plus,persona_x_initial_plan,28,261.98924731100000000000,262.05130799999856134000,260.00000000000000000000,179.30074378739725787000,963.34129909839581921000,28,100.0
2026-04-01,2026-04-01,0,Active,Consultant,start,persona_x_initial_plan,218,1462.82063171800000000000,753.88066559999592863000,1949.60000000000000000000,1924.77167433972603104964,6091.07297165772195967964,220,99.09
2026-04-01,2026-04-01,0,Never monetized,Consultant,start,persona_x_initial_plan,2,0.00000000000000000000,0.00000000000000000000,0.00000000000000000000,0.00000000000000000000,0.00000000000000000000,220,0.91
2026-04-01,2026-04-01,0,Active,Developer_IT,business,persona_x_initial_plan,5,160.00000000000000000000,488.95876799999735750000,0.00000000000000000000,25.55445674794520723000,674.51322474794256473000,5,100.0
2026-04-01,2026-04-01,0,Active,Developer_IT,free,persona_x_initial_plan,110,1.72750000000000000000,412.22731499999776143000,3090.02000000000000000000,419.95597966739725957144,3923.93079466739502100144,110,100.0
2026-04-01,2026-04-01,0,Active,Developer_IT,plus,persona_x_initial_plan,19,162.90322580600000000000,1042.48627199999440791000,138.00000000000000000000,95.46236522027397507060,1438.85186302626838298060,19,100.0
2026-04-01,2026-04-01,0,Active,Developer_IT,start,persona_x_initial_plan,76,505.25235215100000000000,480.54284819999735817000,1075.62000000000000000000,144.59333306027397749853,2206.00853341127133566853,77,98.7
2026-04-01,2026-04-01,0,Never monetized,Developer_IT,start,persona_x_initial_plan,1,0.00000000000000000000,0.00000000000000000000,0.00000000000000000000,0.00000000000000000000,0.00000000000000000000,77,1.3
2026-04-01,2026-04-01,0,Active,Media_Publishing,business,persona_x_initial_plan,1,0.00000000000000000000,46.62053999999975000000,0.00000000000000000000,4.20833613972602820000,50.82887613972577820000,1,100.0
2026-04-01,2026-04-01,0,Active,Media_Publishing,free,persona_x_initial_plan,48,0.00000000000000000000,49.32035999999973163200,862.00000000000000000000,70.22471870082191608341,981.54507870082164771541,48,100.0
2026-04-01,2026-04-01,0,Active,Media_Publishing,plus,persona_x_initial_plan,5,95.00000000000000000000,672.89171399999612170000,0.00000000000000000000,65.29791751287671037870,833.18963151287283207870,5,100.0
2026-04-01,2026-04-01,0,Active,Media_Publishing,start,persona_x_initial_plan,50,316.20108387200000000000,580.07738339999680864000,1740.00000000000000000000,108.97558083287670855246,2745.25404810487351719246,50,100.0
2026-04-01,2026-04-01,0,Active,Medical_Professionals,free,persona_x_initial_plan,21,0.00000000000000000000,5.75472599999996900000,0.00000000000000000000,34.96916823506848981000,40.72389423506845881000,21,100.0
2026-04-01,2026-04-01,0,Active,Medical_Professionals,start,persona_x_initial_plan,22,94.93548387100000000000,62.13805199999966570000,7.10000000000000000000,71.58449667890411533100,235.75803254990378103100,22,100.0
2026-04-01,2026-04-01,0,Active,Others,business,persona_x_initial_plan,9,320.00000000000000000000,275.58629999999857261600,0.00000000000000000000,66.22540427835616459400,661.81170427835473721000,9,100.0
2026-04-01,2026-04-01,0,Active,Others,free,persona_x_initial_plan,229,33.50000000000000000000,1844.68729319999014414000,1602.00000000000000000000,966.34252841808229834041,4446.52982161807244248041,229,100.0
2026-04-01,2026-04-01,0,Active,Others,plus,persona_x_initial_plan,58,689.99999999900000000000,938.72652119999498321000,266.00000000000000000000,236.38644238082192679913,2131.11296357981691000913,59,98.31
2026-04-01,2026-04-01,0,Never monetized,Others,plus,persona_x_initial_plan,1,0.00000000000000000000,0.00000000000000000000,0.00000000000000000000,0.00000000000000000000,0.00000000000000000000,59,1.69
2026-04-01,2026-04-01,0,Active,Others,start,persona_x_initial_plan,225,1397.23494623599999800000,2078.95736879998855899000,1341.00000000000000000000,543.59057165753424933318,5360.78288669352280632318,226,99.56
2026-04-01,2026-04-01,0,Never monetized,Others,start,persona_x_initial_plan,1,0.00000000000000000000,0.00000000000000000000,0.00000000000000000000,0.00000000000000000000,0.00000000000000000000,226,0.44
2026-04-01,2026-04-01,0,Active,Professeur,free,persona_x_initial_plan,52,0.00000000000000000000,114.75916199999937218000,148.40000000000000000000,61.76483050684932378801,324.92399250684869596801,52,100.0
2026-04-01,2026-04-01,0,Active,Professeur,plus,persona_x_initial_plan,6,68.81720430100000000000,5.62553999999997000000,148.00000000000000000000,19.19415272328767129137,241.63689702428764129137,6,100.0
2026-04-01,2026-04-01,0,Active,Professeur,start,persona_x_initial_plan,35,249.61290322500000000000,120.69242999999934885000,0.00000000000000000000,46.04274737753424684532,416.34808060253359569532,35,100.0
2026-04-01,2026-04-01,0,Active,Repair,free,persona_x_initial_plan,10,0.00000000000000000000,299.07813599999844455500,4.00000000000000000000,3.48943132602739748300,306.56756732602584203800,11,90.91
2026-04-01,2026-04-01,0,Never monetized,Repair,free,persona_x_initial_plan,1,0.00000000000000000000,0.00000000000000000000,0.00000000000000000000,0.00000000000000000000,0.00000000000000000000,11,9.09
2026-04-01,2026-04-01,0,Active,Repair,plus,persona_x_initial_plan,2,0.00000000000000000000,11.58888599999993660000,0.00000000000000000000,0.04830105479452054900,11.63718705479445714900,2,100.0
2026-04-01,2026-04-01,0,Active,Repair,start,persona_x_initial_plan,9,41.70967741900000000000,99.74170799999946601000,0.00000000000000000000,6.85459532383561626930,148.30598074283508227930,9,100.0
2026-04-01,2026-04-01,0,Active,Repair_Installation,free,persona_x_initial_plan,1,0.00000000000000000000,2.67218999999998540000,0.00000000000000000000,0.78725055397260280000,3.45944055397258820000,1,100.0
2026-04-01,2026-04-01,0,Active,Repair_Installation,plus,persona_x_initial_plan,2,20.00000000000000000000,0.00000000000000000000,0.00000000000000000000,2.52404856328767100000,22.52404856328767100000,2,100.0
2026-04-01,2026-04-01,0,Active,Repair_Installation,start,persona_x_initial_plan,2,16.80645161300000000000,0.00000000000000000000,0.00000000000000000000,0.27289994520547945300,17.07935155820547945300,2,100.0
2026-04-01,2026-04-01,0,Active,Restauration,free,persona_x_initial_plan,19,0.00000000000000000000,49.99087799999971826000,130.00000000000000000000,10.16007172712328865780,190.15094972712300691780,19,100.0
2026-04-01,2026-04-01,0,Active,Restauration,plus,persona_x_initial_plan,7,38.06451612900000000000,109.22471999999939353000,0.00000000000000000000,131.33901038082193126440,278.62824650982132479440,7,100.0
2026-04-01,2026-04-01,0,Active,Restauration,start,persona_x_initial_plan,56,400.20064516100000100000,1126.92608099999389414000,138.00000000000000000000,105.32563263287671852200,1770.45235879387061366200,56,100.0
2026-04-01,2026-04-01,0,Active,Retail,business,persona_x_initial_plan,6,160.00000000000000000000,153.89742599999915729000,0.00000000000000000000,41.79063332109590689026,355.68805932109506418026,6,100.0
2026-04-01,2026-04-01,0,Active,Retail,free,persona_x_initial_plan,176,32.94000000000000000000,486.23755679999736722100,615.48000000000000000000,287.63575903561642165494,1422.29331583561378887594,176,100.0
2026-04-01,2026-04-01,0,Active,Retail,plus,persona_x_initial_plan,43,447.42943548400000000000,828.12490199999551836000,180.78000000000000000000,115.27668371013699271477,1571.61102119413251107477,44,97.73
2026-04-01,2026-04-01,0,Never monetized,Retail,plus,persona_x_initial_plan,1,0.00000000000000000000,0.00000000000000000000,0.00000000000000000000,0.00000000000000000000,0.00000000000000000000,44,2.27
2026-04-01,2026-04-01,0,Active,Retail,start,persona_x_initial_plan,163,1025.51915322500000000000,884.77889039999518860000,1932.20000000000000000000,679.61931041534244688182,4522.11735404033763548182,164,99.39
2026-04-01,2026-04-01,0,Never monetized,Retail,start,persona_x_initial_plan,1,0.00000000000000000000,0.00000000000000000000,0.00000000000000000000,0.00000000000000000000,0.00000000000000000000,164,0.61
2026-04-01,2026-04-01,0,Active,Wholesale,business,persona_x_initial_plan,5,160.00000000000000000000,225.92297159999882800000,0.08000000000000000000,23.86791148054794559000,409.87088308054677359000,5,100.0
2026-04-01,2026-04-01,0,Active,Wholesale,free,persona_x_initial_plan,31,7.21000000000000000000,607.64853599999670159000,1048.00000000000000000000,44.28627063397260663890,1707.14480663396930822890,31,100.0
2026-04-01,2026-04-01,0,Active,Wholesale,plus,persona_x_initial_plan,14,191.66666666600000000000,177.61352399999902612400,2.00000000000000000000,30.25202851726027133400,401.53221918325929745800,14,100.0
2026-04-01,2026-04-01,0,Active,Wholesale,start,persona_x_initial_plan,27,217.90903225800000000000,197.92454399999892456800,138.00000000000000000000,325.40367361917808704800,879.23724987717701161600,27,100.0
