revenue_month,persona,initial_subscription_group,revenue_type,revenue_companies,revenue,revenue_per_revenue_company
2025-10-01,Automobile_Trade_Repair,business,Banking fees,5,0.00000000000000000000,0.0
2025-10-01,Automobile_Trade_Repair,business,Deposit interest,5,14.43951172602739678680,2.8879023452054793
2025-10-01,Automobile_Trade_Repair,business,Interchange,5,115.10495104322153423000,23.020990208644307
2025-10-01,Automobile_Trade_Repair,business,Subscription,5,0.00000000000000000000,0.0
2025-10-01,Automobile_Trade_Repair,business,Total revenue,5,129.54446276924893101680,25.908892553849785
2025-10-01,Automobile_Trade_Repair,free,Banking fees,15,264.00000000000000000000,17.6
2025-10-01,Automobile_Trade_Repair,free,Deposit interest,15,36.85969401753424962486,2.4573129345022835
2025-10-01,Automobile_Trade_Repair,free,Interchange,15,155.92155986880653430000,10.394770657920436
2025-10-01,Automobile_Trade_Repair,free,Subscription,15,0.00000000000000000000,0.0
2025-10-01,Automobile_Trade_Repair,free,Total revenue,15,456.78125388634078392486,30.452083592422717
2025-10-01,Automobile_Trade_Repair,plus,Banking fees,11,138.00000000000000000000,12.545454545454545
2025-10-01,Automobile_Trade_Repair,plus,Deposit interest,11,71.67619202958903548200,6.516017457235367
2025-10-01,Automobile_Trade_Repair,plus,Interchange,11,302.65077066863400030000,27.513706424421272
2025-10-01,Automobile_Trade_Repair,plus,Subscription,11,16.87500000000000000000,1.5340909090909092
2025-10-01,Automobile_Trade_Repair,plus,Total revenue,11,529.20196269822303578200,48.1092693362021
2025-10-01,Automobile_Trade_Repair,start,Banking fees,22,438.00000000000000000000,19.90909090909091
2025-10-01,Automobile_Trade_Repair,start,Deposit interest,22,23.89966171123287652640,1.0863482596014944
2025-10-01,Automobile_Trade_Repair,start,Interchange,22,1909.08690671662742700000,86.77667757802853
2025-10-01,Automobile_Trade_Repair,start,Subscription,22,0.00000000000000000000,0.0
2025-10-01,Automobile_Trade_Repair,start,Total revenue,22,2370.98656842786030352640,107.77211674672093
2025-10-01,BTP,business,Banking fees,8,0.00000000000000000000,0.0
2025-10-01,BTP,business,Deposit interest,8,74.03988364493149735000,9.254985455616437
2025-10-01,BTP,business,Interchange,8,669.85667136297194200000,83.7320839203715
2025-10-01,BTP,business,Subscription,8,0.00000000000000000000,0.0
2025-10-01,BTP,business,Total revenue,8,743.89655500790343935000,92.98706937598793
2025-10-01,BTP,free,Banking fees,73,540.00000000000000000000,7.397260273972603
2025-10-01,BTP,free,Deposit interest,73,654.23399662904107805090,8.962109542863576
2025-10-01,BTP,free,Interchange,73,863.72852959903144439300,11.831897665740156
2025-10-01,BTP,free,Subscription,73,0.00000000000000000000,0.0
2025-10-01,BTP,free,Total revenue,73,2057.96252622807252244390,28.191267482576336
2025-10-01,BTP,plus,Banking fees,67,378.00000000000000000000,5.641791044776119
2025-10-01,BTP,plus,Deposit interest,67,293.75983710739724207613,4.384475180707422
2025-10-01,BTP,plus,Interchange,67,1436.89313033541545307000,21.446166124409185
2025-10-01,BTP,plus,Subscription,67,5.62500000000000000000,0.08395522388059702
2025-10-01,BTP,plus,Total revenue,67,2114.27796744281269514613,31.55638757377332
2025-10-01,BTP,start,Banking fees,91,672.00000000000000000000,7.384615384615385
2025-10-01,BTP,start,Deposit interest,91,850.10967476767124548765,9.341864557886497
2025-10-01,BTP,start,Interchange,91,570.96881441887632768000,6.274382576031608
2025-10-01,BTP,start,Subscription,91,66.40625000000000000000,0.729739010989011
2025-10-01,BTP,start,Total revenue,91,2159.48473918654757316765,23.7306015295225
2025-10-01,Bankers_Insurance,free,Banking fees,8,276.00000000000000000000,34.5
2025-10-01,Bankers_Insurance,free,Deposit interest,8,23.11712315013698272220,2.889640393767123
2025-10-01,Bankers_Insurance,free,Interchange,8,0.00000000000000000000,0.0
2025-10-01,Bankers_Insurance,free,Subscription,8,0.00000000000000000000,0.0
2025-10-01,Bankers_Insurance,free,Total revenue,8,299.11712315013698272220,37.389640393767124
2025-10-01,Bankers_Insurance,start,Banking fees,7,143.06000000000000000000,20.437142857142856
2025-10-01,Bankers_Insurance,start,Deposit interest,7,4.83044673643835619000,0.6900638194911937
2025-10-01,Bankers_Insurance,start,Interchange,7,252.53642193246836006000,36.07663170463834
2025-10-01,Bankers_Insurance,start,Subscription,7,20.46875000000000000000,2.924107142857143
2025-10-01,Bankers_Insurance,start,Total revenue,7,420.89561866890671625000,60.12794552412953
2025-10-01,Bikers_Drivers,business,Banking fees,5,138.00000000000000000000,27.6
2025-10-01,Bikers_Drivers,business,Deposit interest,5,71.47720615506849267970,14.295441231013697
2025-10-01,Bikers_Drivers,business,Interchange,5,87.70934475144056100000,17.541868950288112
2025-10-01,Bikers_Drivers,business,Subscription,5,0.00000000000000000000,0.0
2025-10-01,Bikers_Drivers,business,Total revenue,5,297.18655090650905367970,59.43731018130181
2025-10-01,Bikers_Drivers,free,Banking fees,35,760.00000000000000000000,21.714285714285715
2025-10-01,Bikers_Drivers,free,Deposit interest,35,18.06228800602739666702,0.5160653716007828
2025-10-01,Bikers_Drivers,free,Interchange,35,222.78137949479908834000,6.365182271279974
2025-10-01,Bikers_Drivers,free,Subscription,35,0.00000000000000000000,0.0
2025-10-01,Bikers_Drivers,free,Total revenue,35,1000.84366750082648500702,28.595533357166474
2025-10-01,Bikers_Drivers,plus,Banking fees,26,118.00000000000000000000,4.538461538461538
2025-10-01,Bikers_Drivers,plus,Deposit interest,26,23.78432826739725852490,0.9147818564383562
2025-10-01,Bikers_Drivers,plus,Interchange,26,617.12767549788502549000,23.73567982684173
2025-10-01,Bikers_Drivers,plus,Subscription,26,16.25000000000000000000,0.625
2025-10-01,Bikers_Drivers,plus,Total revenue,26,775.16200376528228401490,29.813923221741625
2025-10-01,Bikers_Drivers,start,Banking fees,33,650.00000000000000000000,19.696969696969695
2025-10-01,Bikers_Drivers,start,Deposit interest,33,10.81300965643835623888,0.3276669592860108
2025-10-01,Bikers_Drivers,start,Interchange,33,239.78036236728894742300,7.266071586887544
2025-10-01,Bikers_Drivers,start,Subscription,33,14.21875000000000000000,0.4308712121212121
2025-10-01,Bikers_Drivers,start,Total revenue,33,914.81212202372730366188,27.721579455264465
2025-10-01,Cleaning_CallCenters,free,Banking fees,4,138.00000000000000000000,34.5
2025-10-01,Cleaning_CallCenters,free,Deposit interest,4,1.62245045698630113484,0.4056126142465753
2025-10-01,Cleaning_CallCenters,free,Interchange,4,0.00000000000000000000,0.0
2025-10-01,Cleaning_CallCenters,free,Subscription,4,0.00000000000000000000,0.0
2025-10-01,Cleaning_CallCenters,free,Total revenue,4,139.62245045698630113484,34.90561261424658
2025-10-01,Cleaning_CallCenters,start,Banking fees,2,0.00000000000000000000,0.0
2025-10-01,Cleaning_CallCenters,start,Deposit interest,2,9.61854984821917610000,4.809274924109588
2025-10-01,Cleaning_CallCenters,start,Interchange,2,0.00000000000000000000,0.0
2025-10-01,Cleaning_CallCenters,start,Subscription,2,0.00000000000000000000,0.0
2025-10-01,Cleaning_CallCenters,start,Total revenue,2,9.61854984821917610000,4.809274924109588
2025-10-01,Consultant,business,Banking fees,2,0.00000000000000000000,0.0
2025-10-01,Consultant,business,Deposit interest,2,4.81070023616438436301,2.4053501180821923
2025-10-01,Consultant,business,Interchange,2,0.00000000000000000000,0.0
2025-10-01,Consultant,business,Subscription,2,0.00000000000000000000,0.0
2025-10-01,Consultant,business,Total revenue,2,4.81070023616438436301,2.4053501180821923
2025-10-01,Consultant,free,Banking fees,80,2062.00000000000000000000,25.775
2025-10-01,Consultant,free,Deposit interest,80,160.75720237369861890528,2.0094650296712326
2025-10-01,Consultant,free,Interchange,80,260.70444103746833117300,3.2588055129683537
2025-10-01,Consultant,free,Subscription,80,0.00000000000000000000,0.0
2025-10-01,Consultant,free,Total revenue,80,2483.46164341116695007828,31.043270542639583
2025-10-01,Consultant,plus,Banking fees,15,142.00000000000000000000,9.466666666666667
2025-10-01,Consultant,plus,Deposit interest,15,48.40949322410959713040,3.2272995482739733
2025-10-01,Consultant,plus,Interchange,15,123.16442603235815640000,8.210961735490544
2025-10-01,Consultant,plus,Subscription,15,17.50000000000000000000,1.1666666666666667
2025-10-01,Consultant,plus,Total revenue,15,331.07391925646775353040,22.07159461709785
2025-10-01,Consultant,start,Banking fees,105,1184.00000000000000000000,11.276190476190477
2025-10-01,Consultant,start,Deposit interest,105,481.39410298794518041814,4.584705742742335
2025-10-01,Consultant,start,Interchange,105,423.96507685046268678800,4.037762636671073
2025-10-01,Consultant,start,Subscription,105,150.82358871000000000000,1.4364151305714286
2025-10-01,Consultant,start,Total revenue,105,2240.18276854840786720614,21.33507398617531
2025-10-01,Developer_IT,free,Banking fees,35,816.00000000000000000000,23.314285714285713
2025-10-01,Developer_IT,free,Deposit interest,35,67.86026224273973093470,1.9388646355068495
2025-10-01,Developer_IT,free,Interchange,35,22.08577237391380847000,0.6310220678261088
2025-10-01,Developer_IT,free,Subscription,35,0.00000000000000000000,0.0
2025-10-01,Developer_IT,free,Total revenue,35,905.94603461665353940470,25.88417241761867
2025-10-01,Developer_IT,plus,Banking fees,13,276.00000000000000000000,21.23076923076923
2025-10-01,Developer_IT,plus,Deposit interest,13,16.68922552547945126180,1.2837865788830347
2025-10-01,Developer_IT,plus,Interchange,13,168.05071470680476960000,12.926978054369597
2025-10-01,Developer_IT,plus,Subscription,13,48.38541666600000000000,3.721955128153846
2025-10-01,Developer_IT,plus,Total revenue,13,509.12535689828422086180,39.16348899217571
2025-10-01,Developer_IT,start,Banking fees,42,1526.00000000000000000000,36.333333333333336
2025-10-01,Developer_IT,start,Deposit interest,42,74.22985201589040964790,1.767377428949772
2025-10-01,Developer_IT,start,Interchange,42,213.59383692427595436000,5.085567545816095
2025-10-01,Developer_IT,start,Subscription,42,55.40625000000000000000,1.3191964285714286
2025-10-01,Developer_IT,start,Total revenue,42,1869.22993894016636400790,44.50547473667063
2025-10-01,Media_Publishing,free,Banking fees,15,256.00000000000000000000,17.066666666666666
2025-10-01,Media_Publishing,free,Deposit interest,15,8.37711434958903961299,0.5584742899726026
2025-10-01,Media_Publishing,free,Interchange,15,0.80083658888885267000,0.05338910592592351
2025-10-01,Media_Publishing,free,Subscription,15,0.00000000000000000000,0.0
2025-10-01,Media_Publishing,free,Total revenue,15,265.17795093847789228299,17.678530062565194
2025-10-01,Media_Publishing,plus,Banking fees,1,0.00000000000000000000,0.0
2025-10-01,Media_Publishing,plus,Deposit interest,1,59.69368183780821400000,59.693681837808214
2025-10-01,Media_Publishing,plus,Interchange,1,26.91862734335986900000,26.91862734335987
2025-10-01,Media_Publishing,plus,Subscription,1,0.00000000000000000000,0.0
2025-10-01,Media_Publishing,plus,Total revenue,1,86.61230918116808300000,86.61230918116809
2025-10-01,Media_Publishing,start,Banking fees,18,0.00000000000000000000,0.0
2025-10-01,Media_Publishing,start,Deposit interest,18,165.70166582082191566966,9.205648101156774
2025-10-01,Media_Publishing,start,Interchange,18,167.01899012981652010000,9.278832784989808
2025-10-01,Media_Publishing,start,Subscription,18,26.37500000000000000000,1.4652777777777777
2025-10-01,Media_Publishing,start,Total revenue,18,359.09565595063843576966,19.949758663924356
2025-10-01,Medical_Professionals,free,Banking fees,5,4.00000000000000000000,0.8
2025-10-01,Medical_Professionals,free,Deposit interest,5,3.37116048712328764900,0.6742320974246575
2025-10-01,Medical_Professionals,free,Interchange,5,1.28789509909026000000,0.257579019818052
2025-10-01,Medical_Professionals,free,Subscription,5,0.00000000000000000000,0.0
2025-10-01,Medical_Professionals,free,Total revenue,5,8.65905558621354764900,1.7318111172427095
2025-10-01,Medical_Professionals,plus,Banking fees,1,0.00000000000000000000,0.0
2025-10-01,Medical_Professionals,plus,Deposit interest,1,0.02746849315068492600,0.027468493150684926
2025-10-01,Medical_Professionals,plus,Interchange,1,0.00000000000000000000,0.0
2025-10-01,Medical_Professionals,plus,Subscription,1,0.00000000000000000000,0.0
2025-10-01,Medical_Professionals,plus,Total revenue,1,0.02746849315068492600,0.027468493150684926
2025-10-01,Medical_Professionals,start,Banking fees,8,0.00000000000000000000,0.0
2025-10-01,Medical_Professionals,start,Deposit interest,8,11.33934915999999968443,1.417418645
2025-10-01,Medical_Professionals,start,Interchange,8,5.73619497961862260000,0.7170243724523279
2025-10-01,Medical_Professionals,start,Subscription,8,0.00000000000000000000,0.0
2025-10-01,Medical_Professionals,start,Total revenue,8,17.07554413961862228443,2.1344430174523277
2025-10-01,Others,business,Banking fees,6,260.00000000000000000000,43.333333333333336
2025-10-01,Others,business,Deposit interest,6,18.14254948328766763000,3.023758247214611
2025-10-01,Others,business,Interchange,6,199.81001418193461110000,33.30166903032244
2025-10-01,Others,business,Subscription,6,0.00000000000000000000,0.0
2025-10-01,Others,business,Total revenue,6,477.95256366522227873000,79.65876061087037
2025-10-01,Others,free,Banking fees,59,1146.00000000000000000000,19.423728813559322
2025-10-01,Others,free,Deposit interest,59,94.97696213369862428093,1.6097790192152308
2025-10-01,Others,free,Interchange,59,466.25487569216967860000,7.902625011731689
2025-10-01,Others,free,Subscription,59,0.00000000000000000000,0.0
2025-10-01,Others,free,Total revenue,59,1707.23183782586830288093,28.936132844506243
2025-10-01,Others,plus,Banking fees,34,778.00000000000000000000,22.88235294117647
2025-10-01,Others,plus,Deposit interest,34,35.64808926136985607427,1.0484732135697017
2025-10-01,Others,plus,Interchange,34,304.64676862761222875000,8.960199077282713
2025-10-01,Others,plus,Subscription,34,0.00000000000000000000,0.0
2025-10-01,Others,plus,Total revenue,34,1118.29485788898208482427,32.89102523202888
2025-10-01,Others,start,Banking fees,92,906.00000000000000000000,9.847826086956522
2025-10-01,Others,start,Deposit interest,92,129.33039760931506465036,1.4057651914055986
2025-10-01,Others,start,Interchange,92,593.75999414017401582300,6.4539129797845005
2025-10-01,Others,start,Subscription,92,38.37500000000000000000,0.4171195652173913
2025-10-01,Others,start,Total revenue,92,1667.46539174948908047336,18.12462382336401
2025-10-01,Professeur,free,Banking fees,12,122.00000000000000000000,10.166666666666666
2025-10-01,Professeur,free,Deposit interest,12,5.17652300876712264650,0.4313769173972602
2025-10-01,Professeur,free,Interchange,12,1.09287098408516360000,0.09107258200709696
2025-10-01,Professeur,free,Subscription,12,0.00000000000000000000,0.0
2025-10-01,Professeur,free,Total revenue,12,128.26939399285228624650,10.689116166071024
2025-10-01,Professeur,plus,Banking fees,1,0.00000000000000000000,0.0
2025-10-01,Professeur,plus,Deposit interest,1,0.54936986301369872000,0.5493698630136987
2025-10-01,Professeur,plus,Interchange,1,0.00000000000000000000,0.0
2025-10-01,Professeur,plus,Subscription,1,0.00000000000000000000,0.0
2025-10-01,Professeur,plus,Total revenue,1,0.54936986301369872000,0.5493698630136987
2025-10-01,Professeur,start,Banking fees,21,0.00000000000000000000,0.0
2025-10-01,Professeur,start,Deposit interest,21,29.39250786684931370900,1.3996432317547292
2025-10-01,Professeur,start,Interchange,21,31.86446143585256671000,1.5173553064691698
2025-10-01,Professeur,start,Subscription,21,17.15625000000000000000,0.8169642857142857
2025-10-01,Professeur,start,Total revenue,21,78.41321930270188041900,3.7339628239381843
2025-10-01,Repair,free,Banking fees,3,4.00000000000000000000,1.3333333333333333
2025-10-01,Repair,free,Deposit interest,3,0.73355484657534239280,0.24451828219178082
2025-10-01,Repair,free,Interchange,3,133.81062820444026381000,44.60354273481342
2025-10-01,Repair,free,Subscription,3,0.00000000000000000000,0.0
2025-10-01,Repair,free,Total revenue,3,138.54418305101560620280,46.181394350338536
2025-10-01,Repair,plus,Banking fees,1,0.00000000000000000000,0.0
2025-10-01,Repair,plus,Deposit interest,1,0.16855051123287673000,0.16855051123287673
2025-10-01,Repair,plus,Interchange,1,17.63248993271501100000,17.63248993271501
2025-10-01,Repair,plus,Subscription,1,0.00000000000000000000,0.0
2025-10-01,Repair,plus,Total revenue,1,17.80104044394788773000,17.801040443947887
2025-10-01,Repair,start,Banking fees,4,0.00000000000000000000,0.0
2025-10-01,Repair,start,Deposit interest,4,4.49201602082191821000,1.1230040052054795
2025-10-01,Repair,start,Interchange,4,9.05266130799228190000,2.2631653269980703
2025-10-01,Repair,start,Subscription,4,7.21875000000000000000,1.8046875
2025-10-01,Repair,start,Total revenue,4,20.76342732881420011000,5.19085683220355
2025-10-01,Restauration,free,Banking fees,9,118.00000000000000000000,13.11111111111111
2025-10-01,Restauration,free,Deposit interest,9,24.43874903890410470930,2.715416559878234
2025-10-01,Restauration,free,Interchange,9,22.73887515861309645000,2.5265416842903443
2025-10-01,Restauration,free,Subscription,9,0.00000000000000000000,0.0
2025-10-01,Restauration,free,Total revenue,9,165.17762419751720115930,18.353069355279686
2025-10-01,Restauration,plus,Banking fees,12,543.34000000000000000000,45.278333333333336
2025-10-01,Restauration,plus,Deposit interest,12,55.03192305315069157260,4.585993587762558
2025-10-01,Restauration,plus,Interchange,12,199.16391867337249293000,16.59699322278104
2025-10-01,Restauration,plus,Subscription,12,8.75000000000000000000,0.7291666666666666
2025-10-01,Restauration,plus,Total revenue,12,806.28584172652318450260,67.19048681054359
2025-10-01,Restauration,start,Banking fees,7,236.00000000000000000000,33.714285714285715
2025-10-01,Restauration,start,Deposit interest,7,7.10530992164383427700,1.0150442745205477
2025-10-01,Restauration,start,Interchange,7,2.82858032576408760000,0.40408290368058397
2025-10-01,Restauration,start,Subscription,7,0.00000000000000000000,0.0
2025-10-01,Restauration,start,Total revenue,7,245.93389024740792187700,35.133412892486845
2025-10-01,Retail,business,Banking fees,1,0.00000000000000000000,0.0
2025-10-01,Retail,business,Deposit interest,1,0.60717479452054790000,0.6071747945205479
2025-10-01,Retail,business,Interchange,1,146.97057448968980000000,146.9705744896898
2025-10-01,Retail,business,Subscription,1,0.00000000000000000000,0.0
2025-10-01,Retail,business,Total revenue,1,147.57774928421034790000,147.57774928421034
2025-10-01,Retail,free,Banking fees,49,906.00000000000000000000,18.489795918367346
2025-10-01,Retail,free,Deposit interest,49,54.33829257041096083500,1.1089447463349176
2025-10-01,Retail,free,Interchange,49,115.74830174185948007000,2.3622102396297855
2025-10-01,Retail,free,Subscription,49,0.00000000000000000000,0.0
2025-10-01,Retail,free,Total revenue,49,1076.08659431227044090500,21.960950904332048
2025-10-01,Retail,plus,Banking fees,25,1933.34000000000000000000,77.33359999999999
2025-10-01,Retail,plus,Deposit interest,25,57.69995055068492676673,2.307998022027397
2025-10-01,Retail,plus,Interchange,25,260.77697162735507035000,10.431078865094202
2025-10-01,Retail,plus,Subscription,25,32.91666666600000000000,1.31666666664
2025-10-01,Retail,plus,Total revenue,25,2284.73358884403999711673,91.38934355376159
2025-10-01,Retail,start,Banking fees,82,1024.00000000000000000000,12.487804878048781
2025-10-01,Retail,start,Deposit interest,82,138.70504828219177930389,1.691524979051119
2025-10-01,Retail,start,Interchange,82,373.41360789061731698000,4.553824486470942
2025-10-01,Retail,start,Subscription,82,31.94791666700000000000,0.38960873984146344
2025-10-01,Retail,start,Total revenue,82,1568.06657283980909628389,19.122763083412305
2025-10-01,Wholesale,business,Banking fees,1,0.00000000000000000000,0.0
2025-10-01,Wholesale,business,Deposit interest,1,1.51183165369863000000,1.5118316536986298
2025-10-01,Wholesale,business,Interchange,1,0.00000000000000000000,0.0
2025-10-01,Wholesale,business,Subscription,1,0.00000000000000000000,0.0
2025-10-01,Wholesale,business,Total revenue,1,1.51183165369863000000,1.5118316536986298
2025-10-01,Wholesale,free,Banking fees,6,276.00000000000000000000,46.0
2025-10-01,Wholesale,free,Deposit interest,6,5.96830997150684979976,0.994718328584475
2025-10-01,Wholesale,free,Interchange,6,17.33998016953953700000,2.8899966949232563
2025-10-01,Wholesale,free,Subscription,6,0.00000000000000000000,0.0
2025-10-01,Wholesale,free,Total revenue,6,299.30829014104638679976,49.88471502350773
2025-10-01,Wholesale,plus,Banking fees,3,0.00000000000000000000,0.0
2025-10-01,Wholesale,plus,Deposit interest,3,2.64992329424657516000,0.8833077647488583
2025-10-01,Wholesale,plus,Interchange,3,30.90948237816624310000,10.30316079272208
2025-10-01,Wholesale,plus,Subscription,3,0.00000000000000000000,0.0
2025-10-01,Wholesale,plus,Total revenue,3,33.55940567241281826000,11.186468557470938
2025-10-01,Wholesale,start,Banking fees,13,0.00000000000000000000,0.0
2025-10-01,Wholesale,start,Deposit interest,13,58.89069744986301587770,4.530053649989463
2025-10-01,Wholesale,start,Interchange,13,46.27992497894527608000,3.5599942291496367
2025-10-01,Wholesale,start,Subscription,13,16.31250000000000000000,1.2548076923076923
2025-10-01,Wholesale,start,Total revenue,13,121.48312242880829195770,9.344855571446791
2025-11-01,Automobile_Trade_Repair,business,Banking fees,10,5.54000000000000000000,0.554
2025-11-01,Automobile_Trade_Repair,business,Deposit interest,10,74.70481821150685140775,7.470481821150685
2025-11-01,Automobile_Trade_Repair,business,Interchange,10,299.36890257350930100000,29.936890257350928
2025-11-01,Automobile_Trade_Repair,business,Subscription,10,579.00000000000000000000,57.9
2025-11-01,Automobile_Trade_Repair,business,Total revenue,10,958.61372078501615240775,95.86137207850162
2025-11-01,Automobile_Trade_Repair,free,Banking fees,44,166.00000000000000000000,3.772727272727273
2025-11-01,Automobile_Trade_Repair,free,Deposit interest,44,147.71870912164384224610,3.3572433891282696
2025-11-01,Automobile_Trade_Repair,free,Interchange,44,865.27721086342497533600,19.66539115598693
2025-11-01,Automobile_Trade_Repair,free,Subscription,44,0.00000000000000000000,0.0
2025-11-01,Automobile_Trade_Repair,free,Total revenue,44,1178.99591998506881758210,26.795361817842476
2025-11-01,Automobile_Trade_Repair,plus,Banking fees,38,138.00000000000000000000,3.6315789473684212
2025-11-01,Automobile_Trade_Repair,plus,Deposit interest,38,434.30038750027398505750,11.428957565796685
2025-11-01,Automobile_Trade_Repair,plus,Interchange,38,1573.89968911849291077300,41.41841287153929
2025-11-01,Automobile_Trade_Repair,plus,Subscription,38,490.00000000000000000000,12.894736842105264
2025-11-01,Automobile_Trade_Repair,plus,Total revenue,38,2636.20007661876689583050,69.37368622680965
2025-11-01,Automobile_Trade_Repair,start,Banking fees,54,0.00000000000000000000,0.0
2025-11-01,Automobile_Trade_Repair,start,Deposit interest,54,151.69464980054796206570,2.8091601814916287
2025-11-01,Automobile_Trade_Repair,start,Interchange,54,652.03995807443820304000,12.074814038415523
2025-11-01,Automobile_Trade_Repair,start,Subscription,54,316.74193548400000000000,5.865591397851852
2025-11-01,Automobile_Trade_Repair,start,Total revenue,54,1120.47654335898616510570,20.749565617759004
2025-11-01,BTP,business,Banking fees,19,0.00000000000000000000,0.0
2025-11-01,BTP,business,Deposit interest,19,356.26058168164392402570,18.750556930612838
2025-11-01,BTP,business,Interchange,19,1901.67115900896068990000,100.08795573731372
2025-11-01,BTP,business,Subscription,19,880.00000000000000000000,46.31578947368421
2025-11-01,BTP,business,Total revenue,19,3137.93174069060461392570,165.15430214161077
2025-11-01,BTP,free,Banking fees,215,1270.00000000000000000000,5.906976744186046
2025-11-01,BTP,free,Deposit interest,215,7688.66875809424643061229,35.761250037647656
2025-11-01,BTP,free,Interchange,215,2093.89719824519727365800,9.739056736024173
2025-11-01,BTP,free,Subscription,215,10.50000000000000000000,0.04883720930232558
2025-11-01,BTP,free,Total revenue,215,11063.06595633944370427029,51.456120727160204
2025-11-01,BTP,plus,Banking fees,157,259.08000000000000000000,1.6501910828025477
2025-11-01,BTP,plus,Deposit interest,157,2111.18784057150710783201,13.447056309372655
2025-11-01,BTP,plus,Interchange,157,5746.73262077132095930200,36.60339248898931
2025-11-01,BTP,plus,Subscription,157,2067.25161290200000000000,13.167207725490446
2025-11-01,BTP,plus,Total revenue,157,10184.25207424482806713401,64.86784760665496
2025-11-01,BTP,start,Banking fees,287,1091.62000000000000000000,3.803554006968641
2025-11-01,BTP,start,Deposit interest,287,5381.63508846630185804137,18.751341771659586
2025-11-01,BTP,start,Interchange,287,4752.44605842306893893000,16.559045499731948
2025-11-01,BTP,start,Subscription,287,1840.43330589600000000000,6.412659602425087
2025-11-01,BTP,start,Total revenue,287,13066.13445278537079697137,45.52660088078527
2025-11-01,Bankers_Insurance,free,Banking fees,27,414.00000000000000000000,15.333333333333334
2025-11-01,Bankers_Insurance,free,Deposit interest,27,179.23737405643836540830,6.63842126134957
2025-11-01,Bankers_Insurance,free,Interchange,27,46.23899647148571470000,1.7125554248698411
2025-11-01,Bankers_Insurance,free,Subscription,27,0.00000000000000000000,0.0
2025-11-01,Bankers_Insurance,free,Total revenue,27,639.47637052792408010830,23.684310019552747
2025-11-01,Bankers_Insurance,start,Banking fees,19,206.36000000000000000000,10.861052631578948
2025-11-01,Bankers_Insurance,start,Deposit interest,19,248.09835772219178027000,13.05780830116799
2025-11-01,Bankers_Insurance,start,Interchange,19,105.09574171321549730000,5.531354827011342
2025-11-01,Bankers_Insurance,start,Subscription,19,116.51612903200000000000,6.132427843789474
2025-11-01,Bankers_Insurance,start,Total revenue,19,676.07022846740727757000,35.58264360354775
2025-11-01,Bikers_Drivers,business,Banking fees,11,0.86000000000000000000,0.07818181818181819
2025-11-01,Bikers_Drivers,business,Deposit interest,11,50.17079198520547961970,4.560981089564135
2025-11-01,Bikers_Drivers,business,Interchange,11,548.83947438924252278000,49.89449767174931
2025-11-01,Bikers_Drivers,business,Subscription,11,640.00000000000000000000,58.18181818181818
2025-11-01,Bikers_Drivers,business,Total revenue,11,1239.87026637444800239970,112.71547876131345
2025-11-01,Bikers_Drivers,free,Banking fees,89,1182.00000000000000000000,13.280898876404494
2025-11-01,Bikers_Drivers,free,Deposit interest,89,189.93128464219179227870,2.134059378002155
2025-11-01,Bikers_Drivers,free,Interchange,89,617.86199426126122303300,6.942269598441137
2025-11-01,Bikers_Drivers,free,Subscription,89,0.00000000000000000000,0.0
2025-11-01,Bikers_Drivers,free,Total revenue,89,1989.79327890345301531170,22.357227852847785
2025-11-01,Bikers_Drivers,plus,Banking fees,55,0.26000000000000000000,0.0047272727272727275
2025-11-01,Bikers_Drivers,plus,Deposit interest,55,166.57366803506851323525,3.028612146092155
2025-11-01,Bikers_Drivers,plus,Interchange,55,2472.07175182945918711000,44.94675912417198
2025-11-01,Bikers_Drivers,plus,Subscription,55,773.23333333300000000000,14.058787878781818
2025-11-01,Bikers_Drivers,plus,Total revenue,55,3412.13875319752770034525,62.038886421773235
2025-11-01,Bikers_Drivers,start,Banking fees,92,520.00000000000000000000,5.6521739130434785
2025-11-01,Bikers_Drivers,start,Deposit interest,92,111.24793703835616466430,1.2092167069386541
2025-11-01,Bikers_Drivers,start,Interchange,92,494.66210068189874093900,5.376761963933681
2025-11-01,Bikers_Drivers,start,Subscription,92,589.63505376400000000000,6.409076671347826
2025-11-01,Bikers_Drivers,start,Total revenue,92,1715.54509148425490560330,18.647229255263643
2025-11-01,Cleaning_CallCenters,business,Banking fees,1,0.00000000000000000000,0.0
2025-11-01,Cleaning_CallCenters,business,Deposit interest,1,0.08898060273972602200,0.08898060273972602
2025-11-01,Cleaning_CallCenters,business,Interchange,1,0.00000000000000000000,0.0
2025-11-01,Cleaning_CallCenters,business,Subscription,1,80.00000000000000000000,80.0
2025-11-01,Cleaning_CallCenters,business,Total revenue,1,80.08898060273972602200,80.08898060273972
2025-11-01,Cleaning_CallCenters,free,Banking fees,9,236.00000000000000000000,26.22222222222222
2025-11-01,Cleaning_CallCenters,free,Deposit interest,9,7.75075174575342400018,0.8611946384170471
2025-11-01,Cleaning_CallCenters,free,Interchange,9,0.26280387577980180000,0.0292004306422002
2025-11-01,Cleaning_CallCenters,free,Subscription,9,0.00000000000000000000,0.0
2025-11-01,Cleaning_CallCenters,free,Total revenue,9,244.01355562153322580018,27.112617291281467
2025-11-01,Cleaning_CallCenters,plus,Banking fees,4,0.00000000000000000000,0.0
2025-11-01,Cleaning_CallCenters,plus,Deposit interest,4,0.11105704109589042140,0.027764260273972604
2025-11-01,Cleaning_CallCenters,plus,Interchange,4,10.32518684829021900000,2.5812967120725547
2025-11-01,Cleaning_CallCenters,plus,Subscription,4,0.00000000000000000000,0.0
2025-11-01,Cleaning_CallCenters,plus,Total revenue,4,10.43624388938610942140,2.6090609723465272
2025-11-01,Cleaning_CallCenters,start,Banking fees,8,138.00000000000000000000,17.25
2025-11-01,Cleaning_CallCenters,start,Deposit interest,8,31.12791302684931836600,3.8909891283561646
2025-11-01,Cleaning_CallCenters,start,Interchange,8,64.80577576941355350000,8.100721971176695
2025-11-01,Cleaning_CallCenters,start,Subscription,8,53.00000000000000000000,6.625
2025-11-01,Cleaning_CallCenters,start,Total revenue,8,286.93368879626287186600,35.86671109953286
2025-11-01,Consultant,business,Banking fees,7,0.00000000000000000000,0.0
2025-11-01,Consultant,business,Deposit interest,7,10.27220565479452052025,1.4674579506849315
2025-11-01,Consultant,business,Interchange,7,85.49312023995510400000,12.213302891422158
2025-11-01,Consultant,business,Subscription,7,240.00000000000000000000,34.285714285714285
2025-11-01,Consultant,business,Total revenue,7,335.76532589474962452025,47.966475127821376
2025-11-01,Consultant,free,Banking fees,261,3540.80000000000000000000,13.566283524904215
2025-11-01,Consultant,free,Deposit interest,261,2422.09452297589051592727,9.280055643585786
2025-11-01,Consultant,free,Interchange,261,1076.45055508131564677700,4.124331628664044
2025-11-01,Consultant,free,Subscription,261,2.86000000000000000000,0.010957854406130268
2025-11-01,Consultant,free,Total revenue,261,7042.20507805720616270427,26.98162865156018
2025-11-01,Consultant,plus,Banking fees,56,512.00000000000000000000,9.142857142857142
2025-11-01,Consultant,plus,Deposit interest,56,562.33464765424656099720,10.041690136682973
2025-11-01,Consultant,plus,Interchange,56,1290.75361388115273928400,23.049171676449156
2025-11-01,Consultant,plus,Subscription,56,609.15789170399999800000,10.877819494714286
2025-11-01,Consultant,plus,Total revenue,56,2974.24615323939929828120,53.11153845070356
2025-11-01,Consultant,start,Banking fees,309,2309.66000000000000000000,7.4746278317152095
2025-11-01,Consultant,start,Deposit interest,309,2752.15092484712333186251,8.906637297239882
2025-11-01,Consultant,start,Interchange,309,2036.08960836184243440800,6.589286758452564
2025-11-01,Consultant,start,Subscription,309,1947.09586206900000000000,6.301281107019418
2025-11-01,Consultant,start,Total revenue,309,9044.99639527796576627051,29.271832994427072
2025-11-01,Developer_IT,business,Banking fees,4,0.00000000000000000000,0.0
2025-11-01,Developer_IT,business,Deposit interest,4,15.66935465260273909300,3.9173386631506846
2025-11-01,Developer_IT,business,Interchange,4,1351.03360985738455880000,337.75840246434615
2025-11-01,Developer_IT,business,Subscription,4,320.00000000000000000000,80.0
2025-11-01,Developer_IT,business,Total revenue,4,1686.70296450998729789300,421.67574112749685
2025-11-01,Developer_IT,free,Banking fees,130,2282.40000000000000040000,17.556923076923077
2025-11-01,Developer_IT,free,Deposit interest,130,662.45278086684937124455,5.095790622052688
2025-11-01,Developer_IT,free,Interchange,130,388.91348878975050834300,2.991642221459619
2025-11-01,Developer_IT,free,Subscription,130,20.84000000000000000000,0.16030769230769232
2025-11-01,Developer_IT,free,Total revenue,130,3354.60626965659987998755,25.804663612743077
2025-11-01,Developer_IT,plus,Banking fees,26,147.76000000000000000000,5.683076923076923
2025-11-01,Developer_IT,plus,Deposit interest,26,439.00947821534254131660,16.88497993135933
2025-11-01,Developer_IT,plus,Interchange,26,560.43111730859450673000,21.55504297340748
2025-11-01,Developer_IT,plus,Subscription,26,388.23333333300000000000,14.932051282038461
2025-11-01,Developer_IT,plus,Total revenue,26,1535.43392885693704804660,59.05515110988219
2025-11-01,Developer_IT,start,Banking fees,154,2074.74000000000000000000,13.472337662337662
2025-11-01,Developer_IT,start,Deposit interest,154,665.65912911561647478662,4.322461877374133
2025-11-01,Developer_IT,start,Interchange,154,791.70741684665585351600,5.140957252251012
2025-11-01,Developer_IT,start,Subscription,154,1106.08064516100000000000,7.1823418516948045
2025-11-01,Developer_IT,start,Total revenue,154,4638.18719112327232830262,30.11809864365761
2025-11-01,Media_Publishing,business,Banking fees,1,138.00000000000000000000,138.0
2025-11-01,Media_Publishing,business,Deposit interest,1,0.06950756164383561900,0.06950756164383562
2025-11-01,Media_Publishing,business,Interchange,1,0.00000000000000000000,0.0
2025-11-01,Media_Publishing,business,Subscription,1,0.00000000000000000000,0.0
2025-11-01,Media_Publishing,business,Total revenue,1,138.06950756164383561900,138.06950756164383
2025-11-01,Media_Publishing,free,Banking fees,59,528.00000000000000000000,8.94915254237288
2025-11-01,Media_Publishing,free,Deposit interest,59,85.17091275835616441940,1.4435747925145113
2025-11-01,Media_Publishing,free,Interchange,59,174.80151671493779844000,2.962737571439624
2025-11-01,Media_Publishing,free,Subscription,59,2.62000000000000000000,0.04440677966101695
2025-11-01,Media_Publishing,free,Total revenue,59,790.59242947329396285940,13.399871685988032
2025-11-01,Media_Publishing,plus,Banking fees,8,0.00000000000000000000,0.0
2025-11-01,Media_Publishing,plus,Deposit interest,8,65.19727614849316790300,8.149659518561647
2025-11-01,Media_Publishing,plus,Interchange,8,219.60826701074754000000,27.451033376343442
2025-11-01,Media_Publishing,plus,Subscription,8,25.00000000000000000000,3.125
2025-11-01,Media_Publishing,plus,Total revenue,8,309.80554315924070790300,38.72569289490509
2025-11-01,Media_Publishing,start,Banking fees,53,774.66000000000000000000,14.616226415094339
2025-11-01,Media_Publishing,start,Deposit interest,53,1033.55755064000009230040,19.501085861132076
2025-11-01,Media_Publishing,start,Interchange,53,727.68460616415073427200,13.729898229512278
2025-11-01,Media_Publishing,start,Subscription,53,367.09548387200000000000,6.926329884377358
2025-11-01,Media_Publishing,start,Total revenue,53,2902.99764067615082657240,54.773540390116054
2025-11-01,Medical_Professionals,free,Banking fees,18,4.00000000000000000000,0.2222222222222222
2025-11-01,Medical_Professionals,free,Deposit interest,18,71.56383258684931247000,3.9757684770471844
2025-11-01,Medical_Professionals,free,Interchange,18,8.50881716189164190000,0.4727120645495357
2025-11-01,Medical_Professionals,free,Subscription,18,0.00000000000000000000,0.0
2025-11-01,Medical_Professionals,free,Total revenue,18,84.07264974874095437000,4.670702763818942
2025-11-01,Medical_Professionals,plus,Banking fees,2,0.00000000000000000000,0.0
2025-11-01,Medical_Professionals,plus,Deposit interest,2,8.34178751561643850000,4.170893757808219
2025-11-01,Medical_Professionals,plus,Interchange,2,5.08483562845228220000,2.542417814226141
2025-11-01,Medical_Professionals,plus,Subscription,2,25.00000000000000000000,12.5
2025-11-01,Medical_Professionals,plus,Total revenue,2,38.42662314406872070000,19.21331157203436
2025-11-01,Medical_Professionals,start,Banking fees,23,0.00000000000000000000,0.0
2025-11-01,Medical_Professionals,start,Deposit interest,23,116.91072620383562265200,5.083075052340679
2025-11-01,Medical_Professionals,start,Interchange,23,77.28856671156018927000,3.3603724657200083
2025-11-01,Medical_Professionals,start,Subscription,23,152.58064516100000000000,6.633941093956522
2025-11-01,Medical_Professionals,start,Total revenue,23,346.77993807639581192200,15.07738861201721
2025-11-01,Others,business,Banking fees,12,8.00000000000000000000,0.6666666666666666
2025-11-01,Others,business,Deposit interest,12,248.49550270082194136970,20.707958558401828
2025-11-01,Others,business,Interchange,12,407.30334201830114720000,33.94194516819176
2025-11-01,Others,business,Subscription,12,560.00000000000000000000,46.666666666666664
2025-11-01,Others,business,Total revenue,12,1223.79884471912308856970,101.98323705992692
2025-11-01,Others,free,Banking fees,187,1070.80000000000000000000,5.726203208556149
2025-11-01,Others,free,Deposit interest,187,522.86903722356165910808,2.796091108147389
2025-11-01,Others,free,Interchange,187,827.77227404587548550227,4.426589700780083
2025-11-01,Others,free,Subscription,187,19.94000000000000000000,0.10663101604278076
2025-11-01,Others,free,Total revenue,187,2441.38131126943714461035,13.055515033526401
2025-11-01,Others,plus,Banking fees,95,148.49999999999999994000,1.563157894736842
2025-11-01,Others,plus,Deposit interest,95,247.01934433972603106870,2.600203624628695
2025-11-01,Others,plus,Interchange,95,1300.66776603194586270330,13.691239642441534
2025-11-01,Others,plus,Subscription,95,938.05053763400000000000,9.874216185621052
2025-11-01,Others,plus,Total revenue,95,2634.23764800567189371200,27.728817347428127
2025-11-01,Others,start,Banking fees,250,1423.82000000000000000000,5.6952799999999995
2025-11-01,Others,start,Deposit interest,250,710.35333051780823913292,2.841413322071233
2025-11-01,Others,start,Interchange,250,2292.64467721685327156900,9.170578708867414
2025-11-01,Others,start,Subscription,250,1628.48387096700000000000,6.513935483868
2025-11-01,Others,start,Total revenue,250,6055.30187870166151070192,24.221207514806647
2025-11-01,Professeur,free,Banking fees,50,264.00000000000000000000,5.28
2025-11-01,Professeur,free,Deposit interest,50,69.18886500273972950213,1.3837773000547946
2025-11-01,Professeur,free,Interchange,50,89.59655113952456387000,1.7919310227904912
2025-11-01,Professeur,free,Subscription,50,12.38384615400000000000,0.24767692308
2025-11-01,Professeur,free,Total revenue,50,435.16926229626429337213,8.703385245925286
2025-11-01,Professeur,plus,Banking fees,8,0.00000000000000000000,0.0
2025-11-01,Professeur,plus,Deposit interest,8,10.83409260438356375587,1.3542615755479455
2025-11-01,Professeur,plus,Interchange,8,11.98417126147412382000,1.4980214076842655
2025-11-01,Professeur,plus,Subscription,8,25.00000000000000000000,3.125
2025-11-01,Professeur,plus,Total revenue,8,47.81826386585768757587,5.977282983232211
2025-11-01,Professeur,start,Banking fees,50,257.54000000000000000000,5.1508
2025-11-01,Professeur,start,Deposit interest,50,160.11503285863013417640,3.2023006571726027
2025-11-01,Professeur,start,Interchange,50,533.35945242271454301000,10.66718904845429
2025-11-01,Professeur,start,Subscription,50,278.00000000000000000000,5.56
2025-11-01,Professeur,start,Total revenue,50,1229.01448528134467718640,24.580289705626893
2025-11-01,Repair,free,Banking fees,10,4.00000000000000000000,0.4
2025-11-01,Repair,free,Deposit interest,10,3.60670242630136947363,0.360670242630137
2025-11-01,Repair,free,Interchange,10,11.67485249757425556000,1.1674852497574255
2025-11-01,Repair,free,Subscription,10,0.00000000000000000000,0.0
2025-11-01,Repair,free,Total revenue,10,19.28155492387562503363,1.9281554923875626
2025-11-01,Repair,plus,Banking fees,1,0.00000000000000000000,0.0
2025-11-01,Repair,plus,Deposit interest,1,0.15667021698630137000,0.15667021698630137
2025-11-01,Repair,plus,Interchange,1,12.57056988296976000000,12.57056988296976
2025-11-01,Repair,plus,Subscription,1,25.00000000000000000000,25.0
2025-11-01,Repair,plus,Total revenue,1,37.72724009995606137000,37.72724009995606
2025-11-01,Repair,start,Banking fees,12,118.00000000000000000000,9.833333333333334
2025-11-01,Repair,start,Deposit interest,12,36.06276365808219807500,3.005230304840183
2025-11-01,Repair,start,Interchange,12,28.00278391039314193000,2.333565325866095
2025-11-01,Repair,start,Subscription,12,55.00000000000000000000,4.583333333333333
2025-11-01,Repair,start,Total revenue,12,237.06554756847534000500,19.755462297372947
2025-11-01,Repair_Installation,free,Banking fees,3,138.00000000000000000000,46.0
2025-11-01,Repair_Installation,free,Deposit interest,3,10.13449985315068584600,3.378166617716895
2025-11-01,Repair_Installation,free,Interchange,3,0.60137354978973812000,0.2004578499299127
2025-11-01,Repair_Installation,free,Subscription,3,0.00000000000000000000,0.0
2025-11-01,Repair_Installation,free,Total revenue,3,148.73587340294042396600,49.57862446764681
2025-11-01,Repair_Installation,plus,Banking fees,1,0.00000000000000000000,0.0
2025-11-01,Repair_Installation,plus,Deposit interest,1,0.65202812547945210000,0.6520281254794521
2025-11-01,Repair_Installation,plus,Interchange,1,1.76501459391740580000,1.7650145939174058
2025-11-01,Repair_Installation,plus,Subscription,1,0.00000000000000000000,0.0
2025-11-01,Repair_Installation,plus,Total revenue,1,2.41704271939685790000,2.417042719396858
2025-11-01,Repair_Installation,start,Banking fees,5,0.00000000000000000000,0.0
2025-11-01,Repair_Installation,start,Deposit interest,5,23.59520986136986130000,4.719041972273972
2025-11-01,Repair_Installation,start,Interchange,5,73.21536000507157400000,14.643072001014314
2025-11-01,Repair_Installation,start,Subscription,5,26.00000000000000000000,5.2
2025-11-01,Repair_Installation,start,Total revenue,5,122.81056986644143530000,24.562113973288287
2025-11-01,Restauration,free,Banking fees,29,264.81999999999999940000,9.131724137931034
2025-11-01,Restauration,free,Deposit interest,29,107.63236886958903961320,3.7114609955030704
2025-11-01,Restauration,free,Interchange,29,250.71617307125353894000,8.645385278319088
2025-11-01,Restauration,free,Subscription,29,0.00000000000000000000,0.0
2025-11-01,Restauration,free,Total revenue,29,623.16854194084257795320,21.488570411753194
2025-11-01,Restauration,plus,Banking fees,19,140.00000000000000000000,7.368421052631579
2025-11-01,Restauration,plus,Deposit interest,19,146.92474121808220540360,7.732881116741169
2025-11-01,Restauration,plus,Interchange,19,508.43922342802142478000,26.7599591277906
2025-11-01,Restauration,plus,Subscription,19,203.23333333300000000000,10.696491228052631
2025-11-01,Restauration,plus,Total revenue,19,998.59729797910363018360,52.55775252521598
2025-11-01,Restauration,start,Banking fees,38,908.00000000000000000000,23.894736842105264
2025-11-01,Restauration,start,Deposit interest,38,56.43408411342465744400,1.48510747666907
2025-11-01,Restauration,start,Interchange,38,294.28903820188273230000,7.744448373733755
2025-11-01,Restauration,start,Subscription,38,255.61032258100000000000,6.726587436342105
2025-11-01,Restauration,start,Total revenue,38,1514.33344489630738974400,39.85088012885019
2025-11-01,Retail,business,Banking fees,5,0.00000000000000000000,0.0
2025-11-01,Retail,business,Deposit interest,5,16.82550205315068480000,3.365100410630137
2025-11-01,Retail,business,Interchange,5,68.41585180265709410000,13.683170360531417
2025-11-01,Retail,business,Subscription,5,80.00000000000000000000,16.0
2025-11-01,Retail,business,Total revenue,5,165.24135385580777890000,33.048270771161555
2025-11-01,Retail,free,Banking fees,157,2015.64000000000000040000,12.838471337579618
2025-11-01,Retail,free,Deposit interest,157,272.07021566630136603825,1.7329313099764416
2025-11-01,Retail,free,Interchange,157,949.96825681975912525900,6.050753228151333
2025-11-01,Retail,free,Subscription,157,15.04730769200000000000,0.09584272415286624
2025-11-01,Retail,free,Total revenue,157,3252.72578017806049169725,20.71799859986026
2025-11-01,Retail,plus,Banking fees,70,8.00000000000000000000,0.11428571428571428
2025-11-01,Retail,plus,Deposit interest,70,362.48908971999999625153,5.178415567428571
2025-11-01,Retail,plus,Interchange,70,1755.02219296101890986000,25.07174561372884
2025-11-01,Retail,plus,Subscription,70,841.25161290200000000000,12.017880184314286
2025-11-01,Retail,plus,Total revenue,70,2966.76289558301890611153,42.38232707975741
2025-11-01,Retail,start,Banking fees,242,3707.62000000000000000000,15.320743801652892
2025-11-01,Retail,start,Deposit interest,242,854.25767362739735316721,3.5299903868900717
2025-11-01,Retail,start,Interchange,242,1832.10624269097746303000,7.570686953268503
2025-11-01,Retail,start,Subscription,242,1511.59139784800000000000,6.246245445652892
2025-11-01,Retail,start,Total revenue,242,7905.57531416637481619721,32.66766658746436
2025-11-01,Wholesale,business,Banking fees,5,0.00000000000000000000,0.0
2025-11-01,Wholesale,business,Deposit interest,5,11.95057124657534317100,2.3901142493150687
2025-11-01,Wholesale,business,Interchange,5,124.44389075271549840000,24.8887781505431
2025-11-01,Wholesale,business,Subscription,5,240.00000000000000000000,48.0
2025-11-01,Wholesale,business,Total revenue,5,376.39446199929084157100,75.27889239985817
2025-11-01,Wholesale,free,Banking fees,24,288.00000000000000000000,12.0
2025-11-01,Wholesale,free,Deposit interest,24,182.85777853424653211230,7.619074105593605
2025-11-01,Wholesale,free,Interchange,24,40.45669962616170550000,1.6856958177567378
2025-11-01,Wholesale,free,Subscription,24,0.00000000000000000000,0.0
2025-11-01,Wholesale,free,Total revenue,24,511.31447816040823761230,21.304769923350342
2025-11-01,Wholesale,plus,Banking fees,20,276.00000000000000000000,13.8
2025-11-01,Wholesale,plus,Deposit interest,20,50.79258866520547829300,2.539629433260274
2025-11-01,Wholesale,plus,Interchange,20,268.52873669828488571700,13.426436834914245
2025-11-01,Wholesale,plus,Subscription,20,191.29032258100000000000,9.56451612905
2025-11-01,Wholesale,plus,Total revenue,20,786.61164794449036401000,39.33058239722452
2025-11-01,Wholesale,start,Banking fees,35,282.00000000000000000000,8.057142857142857
2025-11-01,Wholesale,start,Deposit interest,35,302.01304865479456420017,8.628944247279843
2025-11-01,Wholesale,start,Interchange,35,502.51482202686109667000,14.357566343624603
2025-11-01,Wholesale,start,Subscription,35,175.83870967700000000000,5.0239631336285715
2025-11-01,Wholesale,start,Total revenue,35,1262.36658035865566087017,36.06761658167588
2025-12-01,Automobile_Trade_Repair,business,Banking fees,12,139.56000000000000000000,11.63
2025-12-01,Automobile_Trade_Repair,business,Deposit interest,12,120.71241590849319366769,10.059367992374433
2025-12-01,Automobile_Trade_Repair,business,Interchange,12,666.91709459546353850000,55.576424549621954
2025-12-01,Automobile_Trade_Repair,business,Subscription,12,819.00000000000000000000,68.25
2025-12-01,Automobile_Trade_Repair,business,Total revenue,12,1746.18951050395673216769,145.51579254199638
2025-12-01,Automobile_Trade_Repair,free,Banking fees,71,103.26000000000000050000,1.4543661971830986
2025-12-01,Automobile_Trade_Repair,free,Deposit interest,71,319.76504431506865961679,4.503733018522094
2025-12-01,Automobile_Trade_Repair,free,Interchange,71,640.90788534505538968000,9.026871624578245
2025-12-01,Automobile_Trade_Repair,free,Subscription,71,6.42000000000000000000,0.0904225352112676
2025-12-01,Automobile_Trade_Repair,free,Total revenue,71,1070.35292966012404979679,15.075393375494706
2025-12-01,Automobile_Trade_Repair,plus,Banking fees,62,299.82000000000000000000,4.835806451612903
2025-12-01,Automobile_Trade_Repair,plus,Deposit interest,62,973.73945626465788835340,15.705475101042868
2025-12-01,Automobile_Trade_Repair,plus,Interchange,62,2653.64629830790881035300,42.80074674690175
2025-12-01,Automobile_Trade_Repair,plus,Subscription,62,959.58333333300000000000,15.477150537629033
2025-12-01,Automobile_Trade_Repair,plus,Total revenue,62,4886.78908790556669870640,78.81917883718656
2025-12-01,Automobile_Trade_Repair,start,Banking fees,114,284.54000000000000000000,2.495964912280702
2025-12-01,Automobile_Trade_Repair,start,Deposit interest,114,410.52061475835639480650,3.6010580241961083
2025-12-01,Automobile_Trade_Repair,start,Interchange,114,1982.81533286377627799800,17.393116954945405
2025-12-01,Automobile_Trade_Repair,start,Subscription,114,828.59499999999999900000,7.268377192982457
2025-12-01,Automobile_Trade_Repair,start,Total revenue,114,3506.47094762213267180450,30.758517084404673
2025-12-01,BTP,business,Banking fees,39,0.00000000000000000000,0.0
2025-12-01,BTP,business,Deposit interest,39,542.18615432712351468300,13.90220908531086
2025-12-01,BTP,business,Interchange,39,2044.58071083895096190000,52.42514643176798
2025-12-01,BTP,business,Subscription,39,1952.81250000000000000000,50.07211538461539
2025-12-01,BTP,business,Total revenue,39,4539.57936516607447658300,116.39947090169422
2025-12-01,BTP,free,Banking fees,386,1078.47999999999999740000,2.7939896373056996
2025-12-01,BTP,free,Deposit interest,386,10430.73895615781302764053,27.02263978279226
2025-12-01,BTP,free,Interchange,386,3092.50751840931090159600,8.011677508832411
2025-12-01,BTP,free,Subscription,386,35.39000000000000000000,0.0916839378238342
2025-12-01,BTP,free,Total revenue,386,14637.11647456712392663653,37.919990866754205
2025-12-01,BTP,plus,Banking fees,245,610.27999999999999600000,2.490938775510204
2025-12-01,BTP,plus,Deposit interest,245,3704.54615105808393155425,15.120596534930955
2025-12-01,BTP,plus,Interchange,245,9356.92896388520558654800,38.19154679136819
2025-12-01,BTP,plus,Subscription,245,4241.83750000000000000000,17.31362244897959
2025-12-01,BTP,plus,Total revenue,245,17913.59261494328951410225,73.11670455078894
2025-12-01,BTP,start,Banking fees,450,2110.27999999999999810000,4.689511111111112
2025-12-01,BTP,start,Deposit interest,450,6991.41018440822325062996,15.536467076462719
2025-12-01,BTP,start,Interchange,450,9492.55185821025064317900,21.09455968491167
2025-12-01,BTP,start,Subscription,450,3693.65000000000000100000,8.208111111111112
2025-12-01,BTP,start,Total revenue,450,22287.89204261847389290896,49.52864898359661
2025-12-01,Bankers_Insurance,free,Banking fees,53,430.00000000000000000000,8.11320754716981
2025-12-01,Bankers_Insurance,free,Deposit interest,53,1012.93657096986355237874,19.112010773016294
2025-12-01,Bankers_Insurance,free,Interchange,53,197.87123786106199700000,3.7334195822841885
2025-12-01,Bankers_Insurance,free,Subscription,53,0.00000000000000000000,0.0
2025-12-01,Bankers_Insurance,free,Total revenue,53,1640.80780883092554937874,30.958637902470294
2025-12-01,Bankers_Insurance,plus,Banking fees,3,276.00000000000000000000,92.0
2025-12-01,Bankers_Insurance,plus,Deposit interest,3,21.80120843123287480000,7.267069477077626
2025-12-01,Bankers_Insurance,plus,Interchange,3,134.29619093578764900000,44.76539697859588
2025-12-01,Bankers_Insurance,plus,Subscription,3,0.00000000000000000000,0.0
2025-12-01,Bankers_Insurance,plus,Total revenue,3,432.09739936702052380000,144.0324664556735
2025-12-01,Bankers_Insurance,start,Banking fees,28,776.64000000000000000000,27.737142857142857
2025-12-01,Bankers_Insurance,start,Deposit interest,28,412.04736440767140246000,14.715977300273979
2025-12-01,Bankers_Insurance,start,Interchange,28,803.00241208678935710000,28.67865757452819
2025-12-01,Bankers_Insurance,start,Subscription,28,220.96925000000000000000,7.891758928571428
2025-12-01,Bankers_Insurance,start,Total revenue,28,2212.65902649446075956000,79.02353666051646
2025-12-01,Bikers_Drivers,business,Banking fees,14,0.44000000000000000000,0.03142857142857143
2025-12-01,Bikers_Drivers,business,Deposit interest,14,71.32692176986303214998,5.094780126418788
2025-12-01,Bikers_Drivers,business,Interchange,14,441.57794117141870750000,31.541281512244193
2025-12-01,Bikers_Drivers,business,Subscription,14,505.00000000000000000000,36.07142857142857
2025-12-01,Bikers_Drivers,business,Total revenue,14,1018.34486294128173964998,72.73891878152013
2025-12-01,Bikers_Drivers,free,Banking fees,142,768.61999999999999940000,5.41281690140845
2025-12-01,Bikers_Drivers,free,Deposit interest,142,263.58837822684944782719,1.8562561846961227
2025-12-01,Bikers_Drivers,free,Interchange,142,915.08225265673232096000,6.444241215892481
2025-12-01,Bikers_Drivers,free,Subscription,142,38.76000000000000000000,0.2729577464788732
2025-12-01,Bikers_Drivers,free,Total revenue,142,1986.05063088358176818719,13.986272048475929
2025-12-01,Bikers_Drivers,plus,Banking fees,71,63.32000000000000014000,0.8918309859154929
2025-12-01,Bikers_Drivers,plus,Deposit interest,71,352.95232565260286516953,4.9711595162338424
2025-12-01,Bikers_Drivers,plus,Interchange,71,2053.26691630474520715000,28.919252342320355
2025-12-01,Bikers_Drivers,plus,Subscription,71,1198.74666666600000000000,16.88375586853521
2025-12-01,Bikers_Drivers,plus,Total revenue,71,3668.28590862334807245953,51.6659987130049
2025-12-01,Bikers_Drivers,start,Banking fees,149,527.02000000000000000000,3.5370469798657718
2025-12-01,Bikers_Drivers,start,Deposit interest,149,399.83305603780843770187,2.683443329112808
2025-12-01,Bikers_Drivers,start,Interchange,149,2215.26799071364466767648,14.867570407474126
2025-12-01,Bikers_Drivers,start,Subscription,149,1181.91666666700000000000,7.932326621926175
2025-12-01,Bikers_Drivers,start,Total revenue,149,4324.03771341845310537835,29.020387338378878
2025-12-01,Cleaning_CallCenters,business,Banking fees,1,0.00000000000000000000,0.0
2025-12-01,Cleaning_CallCenters,business,Deposit interest,1,3.25853962410958920000,3.258539624109589
2025-12-01,Cleaning_CallCenters,business,Interchange,1,3.91851127939668280000,3.9185112793966828
2025-12-01,Cleaning_CallCenters,business,Subscription,1,80.00000000000000000000,80.0
2025-12-01,Cleaning_CallCenters,business,Total revenue,1,87.17705090350627200000,87.17705090350627
2025-12-01,Cleaning_CallCenters,free,Banking fees,12,122.00000000000000000000,10.166666666666666
2025-12-01,Cleaning_CallCenters,free,Deposit interest,12,21.53349093369864235620,1.7944575778082201
2025-12-01,Cleaning_CallCenters,free,Interchange,12,35.93755403666307834000,2.994796169721923
2025-12-01,Cleaning_CallCenters,free,Subscription,12,0.00000000000000000000,0.0
2025-12-01,Cleaning_CallCenters,free,Total revenue,12,179.47104497036172069620,14.955920414196811
2025-12-01,Cleaning_CallCenters,plus,Banking fees,7,0.00000000000000000000,0.0
2025-12-01,Cleaning_CallCenters,plus,Deposit interest,7,227.58374793041097461000,32.51196399005871
2025-12-01,Cleaning_CallCenters,plus,Interchange,7,181.93298529276184600000,25.99042647039455
2025-12-01,Cleaning_CallCenters,plus,Subscription,7,120.00000000000000000000,17.142857142857142
2025-12-01,Cleaning_CallCenters,plus,Total revenue,7,529.51673322317282061000,75.6452476033104
2025-12-01,Cleaning_CallCenters,start,Banking fees,12,0.00000000000000000000,0.0
2025-12-01,Cleaning_CallCenters,start,Deposit interest,12,39.79228091890412669000,3.316023409908677
2025-12-01,Cleaning_CallCenters,start,Interchange,12,263.44635994663291600000,21.953863328886076
2025-12-01,Cleaning_CallCenters,start,Subscription,12,108.00000000000000000000,9.0
2025-12-01,Cleaning_CallCenters,start,Total revenue,12,411.23864086553704269000,34.26988673879475
2025-12-01,Consultant,business,Banking fees,10,0.00000000000000000000,0.0
2025-12-01,Consultant,business,Deposit interest,10,29.48072925479452457270,2.9480729254794524
2025-12-01,Consultant,business,Interchange,10,860.37997985612334500000,86.03799798561234
2025-12-01,Consultant,business,Subscription,10,560.00000000000000000000,56.0
2025-12-01,Consultant,business,Total revenue,10,1449.86070911091786957270,144.9860709110918
2025-12-01,Consultant,free,Banking fees,476,2756.56000000000000130000,5.79109243697479
2025-12-01,Consultant,free,Deposit interest,476,4158.92146922520708906509,8.73722997736388
2025-12-01,Consultant,free,Interchange,476,2532.21580413430713447000,5.319781101122494
2025-12-01,Consultant,free,Subscription,476,78.18000000000000000000,0.16424369747899162
2025-12-01,Consultant,free,Total revenue,476,9525.87727335951422483509,20.012347212940156
2025-12-01,Consultant,plus,Banking fees,84,917.94000000000000000000,10.927857142857144
2025-12-01,Consultant,plus,Deposit interest,84,1642.05798397698692763420,19.54830933305937
2025-12-01,Consultant,plus,Interchange,84,3212.20005102044057891000,38.24047679786239
2025-12-01,Consultant,plus,Subscription,84,1402.50833333200000000000,16.696527777761904
2025-12-01,Consultant,plus,Total revenue,84,7174.70636832942750654420,85.4131710515408
2025-12-01,Consultant,start,Banking fees,511,2224.44000000000000000000,4.353111545988258
2025-12-01,Consultant,start,Deposit interest,511,6365.11568336383823729572,12.456195075076003
2025-12-01,Consultant,start,Interchange,511,5600.91091866533490873500,10.960686729286369
2025-12-01,Consultant,start,Subscription,511,4151.20522035600000100000,8.123689276626223
2025-12-01,Consultant,start,Total revenue,511,18341.67182238517314703072,35.89368262697686
2025-12-01,Developer_IT,business,Banking fees,3,0.00000000000000000000,0.0
2025-12-01,Developer_IT,business,Deposit interest,3,27.72781823506851432600,9.242606078356172
2025-12-01,Developer_IT,business,Interchange,3,9.25346805845162000000,3.0844893528172066
2025-12-01,Developer_IT,business,Subscription,3,240.00000000000000000000,80.0
2025-12-01,Developer_IT,business,Total revenue,3,276.98128629352013432600,92.32709543117339
2025-12-01,Developer_IT,free,Banking fees,224,2977.92000000000000300000,13.294285714285715
2025-12-01,Developer_IT,free,Deposit interest,224,1723.18295282904181582385,7.692781039415365
2025-12-01,Developer_IT,free,Interchange,224,1221.71314711371016975100,5.454076549614777
2025-12-01,Developer_IT,free,Subscription,224,69.21000000000000000000,0.3089732142857143
2025-12-01,Developer_IT,free,Total revenue,224,5992.02609994275198857485,26.750116517601572
2025-12-01,Developer_IT,plus,Banking fees,39,5.44000000000000000000,0.1394871794871795
2025-12-01,Developer_IT,plus,Deposit interest,39,787.55050771780856660000,20.19360276199509
2025-12-01,Developer_IT,plus,Interchange,39,444.37258044945727472000,11.394168729473265
2025-12-01,Developer_IT,plus,Subscription,39,770.27033333300000000000,19.75052136751282
2025-12-01,Developer_IT,plus,Total revenue,39,2007.63342150026584132000,51.47778003846835
2025-12-01,Developer_IT,start,Banking fees,266,1505.28000000000000100000,5.658947368421052
2025-12-01,Developer_IT,start,Deposit interest,266,2099.47776714520633445106,7.892773560696264
2025-12-01,Developer_IT,start,Interchange,266,2465.59169712038953051400,9.269141718497705
2025-12-01,Developer_IT,start,Subscription,266,2123.53347222200000000000,7.9832085421879695
2025-12-01,Developer_IT,start,Total revenue,266,8193.88293648759586596506,30.804071189802993
2025-12-01,Media_Publishing,business,Banking fees,2,0.00000000000000000000,0.0
2025-12-01,Media_Publishing,business,Deposit interest,2,7.20076773698630127900,3.6003838684931506
2025-12-01,Media_Publishing,business,Interchange,2,0.29179537729397892000,0.14589768864698946
2025-12-01,Media_Publishing,business,Subscription,2,0.00000000000000000000,0.0
2025-12-01,Media_Publishing,business,Total revenue,2,7.49256311428028019900,3.74628155714014
2025-12-01,Media_Publishing,free,Banking fees,114,709.34000000000000000000,6.222280701754387
2025-12-01,Media_Publishing,free,Deposit interest,114,226.74104246575350098454,1.9889565128574869
2025-12-01,Media_Publishing,free,Interchange,114,338.99112205394483278000,2.9736063338065337
2025-12-01,Media_Publishing,free,Subscription,114,11.00000000000000000000,0.09649122807017543
2025-12-01,Media_Publishing,free,Total revenue,114,1286.07216451969833376454,11.281334776488583
2025-12-01,Media_Publishing,plus,Banking fees,14,118.00000000000000000000,8.428571428571429
2025-12-01,Media_Publishing,plus,Deposit interest,14,518.34726253698646760233,37.024804466927606
2025-12-01,Media_Publishing,plus,Interchange,14,408.01929758070767552300,29.144235541479123
2025-12-01,Media_Publishing,plus,Subscription,14,201.87500000000000000000,14.419642857142858
2025-12-01,Media_Publishing,plus,Total revenue,14,1246.24156011769414312533,89.01725429412102
2025-12-01,Media_Publishing,start,Banking fees,96,563.20000000000000000000,5.866666666666667
2025-12-01,Media_Publishing,start,Deposit interest,96,1320.80909756164449981378,13.758428099600463
2025-12-01,Media_Publishing,start,Interchange,96,741.12098266892263590000,7.72001023613461
2025-12-01,Media_Publishing,start,Subscription,96,753.34500000000000000000,7.84734375
2025-12-01,Media_Publishing,start,Total revenue,96,3378.47508023056713571378,35.19244875240174
2025-12-01,Medical_Professionals,free,Banking fees,29,15.52000000000000000000,0.5351724137931034
2025-12-01,Medical_Professionals,free,Deposit interest,29,293.55974313589058793567,10.122749763306572
2025-12-01,Medical_Professionals,free,Interchange,29,33.52743032762474274000,1.156118287159474
2025-12-01,Medical_Professionals,free,Subscription,29,0.00000000000000000000,0.0
2025-12-01,Medical_Professionals,free,Total revenue,29,342.60717346351533067567,11.814040464259149
2025-12-01,Medical_Professionals,plus,Banking fees,5,0.00000000000000000000,0.0
2025-12-01,Medical_Professionals,plus,Deposit interest,5,97.85078336219181781000,19.570156672438365
2025-12-01,Medical_Professionals,plus,Interchange,5,661.26620654027041520000,132.2532413080541
2025-12-01,Medical_Professionals,plus,Subscription,5,50.00000000000000000000,10.0
2025-12-01,Medical_Professionals,plus,Total revenue,5,809.11698990246223301000,161.82339798049244
2025-12-01,Medical_Professionals,start,Banking fees,37,6.00000000000000000000,0.16216216216216217
2025-12-01,Medical_Professionals,start,Deposit interest,37,246.30888127780831225470,6.656996791292117
2025-12-01,Medical_Professionals,start,Interchange,37,311.74677126676063263000,8.425588412615152
2025-12-01,Medical_Professionals,start,Subscription,37,322.00000000000000000000,8.702702702702704
2025-12-01,Medical_Professionals,start,Total revenue,37,886.05565254456894488470,23.947450068772135
2025-12-01,Others,business,Banking fees,30,0.00000000000000000000,0.0
2025-12-01,Others,business,Deposit interest,30,239.06987883342474248850,7.9689959611141585
2025-12-01,Others,business,Interchange,30,2549.84391270233324966000,84.99479709007778
2025-12-01,Others,business,Subscription,30,1120.00000000000000000000,37.333333333333336
2025-12-01,Others,business,Total revenue,30,3908.91379153575799214850,130.29712638452526
2025-12-01,Others,free,Banking fees,364,2362.18000000000000200000,6.489505494505494
2025-12-01,Others,free,Deposit interest,364,1382.77389437753484233866,3.798829380158063
2025-12-01,Others,free,Interchange,364,3031.14293287981875174300,8.32731574966983
2025-12-01,Others,free,Subscription,364,72.56288793100000000000,0.199348593217033
2025-12-01,Others,free,Total revenue,364,6848.65971518835359608166,18.814999217550422
2025-12-01,Others,plus,Banking fees,147,852.68000000000000000000,5.800544217687074
2025-12-01,Others,plus,Deposit interest,147,1236.55353899178126580175,8.411928836678785
2025-12-01,Others,plus,Interchange,147,2951.90547728291293223700,20.080989641380363
2025-12-01,Others,plus,Subscription,147,1865.02499999900000000000,12.687244897952382
2025-12-01,Others,plus,Total revenue,147,6906.16401627369419803875,46.9807075936986
2025-12-01,Others,start,Banking fees,434,1177.48000000000000000000,2.7130875576036866
2025-12-01,Others,start,Deposit interest,434,2187.68809665205576106850,5.0407559830692525
2025-12-01,Others,start,Interchange,434,3598.62319958322926906600,8.29175852438532
2025-12-01,Others,start,Subscription,434,3281.39666666700000000000,7.560821812596774
2025-12-01,Others,start,Total revenue,434,10245.18796290228503013450,23.606423877655033
2025-12-01,Professeur,business,Banking fees,2,0.00000000000000000000,0.0
2025-12-01,Professeur,business,Deposit interest,2,0.37293543726027396280,0.186467718630137
2025-12-01,Professeur,business,Interchange,2,100.35481438056317370000,50.177407190281585
2025-12-01,Professeur,business,Subscription,2,80.00000000000000000000,40.0
2025-12-01,Professeur,business,Total revenue,2,180.72774981782344766280,90.36387490891173
2025-12-01,Professeur,free,Banking fees,80,38.80000000000000000000,0.485
2025-12-01,Professeur,free,Deposit interest,80,201.45375842520555407042,2.5181719803150697
2025-12-01,Professeur,free,Interchange,80,224.21241652261862051000,2.802655206532733
2025-12-01,Professeur,free,Subscription,80,75.36000000000000000000,0.942
2025-12-01,Professeur,free,Total revenue,80,539.82617494782417458042,6.747827186847802
2025-12-01,Professeur,plus,Banking fees,12,0.00000000000000000000,0.0
2025-12-01,Professeur,plus,Deposit interest,12,57.40009033315070172863,4.783340861095891
2025-12-01,Professeur,plus,Interchange,12,35.08301801083142600000,2.923584834235952
2025-12-01,Professeur,plus,Subscription,12,261.25000000000000000000,21.770833333333332
2025-12-01,Professeur,plus,Total revenue,12,353.73310834398212772863,29.477759028665176
2025-12-01,Professeur,start,Banking fees,92,270.36000000000000000000,2.938695652173913
2025-12-01,Professeur,start,Deposit interest,92,425.69889428602755759640,4.627161894413343
2025-12-01,Professeur,start,Interchange,92,598.58854181295534454700,6.50639719361908
2025-12-01,Professeur,start,Subscription,92,778.57500000000000000000,8.462771739130435
2025-12-01,Professeur,start,Total revenue,92,2073.22243609898290214340,22.53502647933677
2025-12-01,Repair,business,Banking fees,1,0.00000000000000000000,0.0
2025-12-01,Repair,business,Deposit interest,1,0.51576078904109600000,0.515760789041096
2025-12-01,Repair,business,Interchange,1,139.81914882374784000000,139.81914882374784
2025-12-01,Repair,business,Subscription,1,0.00000000000000000000,0.0
2025-12-01,Repair,business,Total revenue,1,140.33490961278893600000,140.33490961278895
2025-12-01,Repair,free,Banking fees,16,18.40000000000000000000,1.15
2025-12-01,Repair,free,Deposit interest,16,33.99067589643838373520,2.124417243527399
2025-12-01,Repair,free,Interchange,16,52.49481954989788168000,3.2809262218686177
2025-12-01,Repair,free,Subscription,16,0.00000000000000000000,0.0
2025-12-01,Repair,free,Total revenue,16,104.88549544633626541520,6.5553434653960165
2025-12-01,Repair,plus,Banking fees,3,0.00000000000000000000,0.0
2025-12-01,Repair,plus,Deposit interest,3,0.70523490904109593000,0.23507830301369867
2025-12-01,Repair,plus,Interchange,3,11.13452253703517590000,3.7115075123450585
2025-12-01,Repair,plus,Subscription,3,50.00000000000000000000,16.666666666666668
2025-12-01,Repair,plus,Total revenue,3,61.83975744607627183000,20.613252482025423
2025-12-01,Repair,start,Banking fees,20,1.60000000000000000000,0.08
2025-12-01,Repair,start,Deposit interest,20,44.69734767726029681230,2.2348673838630146
2025-12-01,Repair,start,Interchange,20,121.86107096925042308000,6.093053548462521
2025-12-01,Repair,start,Subscription,20,141.00000000000000000000,7.05
2025-12-01,Repair,start,Total revenue,20,309.15841864651071989230,15.457920932325536
2025-12-01,Repair_Installation,free,Banking fees,5,0.00000000000000000000,0.0
2025-12-01,Repair_Installation,free,Deposit interest,5,7.19241959780822714800,1.4384839195616455
2025-12-01,Repair_Installation,free,Interchange,5,127.74838755523870300000,25.54967751104774
2025-12-01,Repair_Installation,free,Subscription,5,0.00000000000000000000,0.0
2025-12-01,Repair_Installation,free,Total revenue,5,134.94080715304693014800,26.988161430609388
2025-12-01,Repair_Installation,plus,Banking fees,1,0.00000000000000000000,0.0
2025-12-01,Repair_Installation,plus,Deposit interest,1,4.40755373041096000000,4.40755373041096
2025-12-01,Repair_Installation,plus,Interchange,1,42.65959993196366200000,42.65959993196366
2025-12-01,Repair_Installation,plus,Subscription,1,25.00000000000000000000,25.0
2025-12-01,Repair_Installation,plus,Total revenue,1,72.06715366237462200000,72.06715366237462
2025-12-01,Repair_Installation,start,Banking fees,7,0.00000000000000000000,0.0
2025-12-01,Repair_Installation,start,Deposit interest,7,85.65797509150689513000,12.236853584500986
2025-12-01,Repair_Installation,start,Interchange,7,173.22825170473778600000,24.746893100676825
2025-12-01,Repair_Installation,start,Subscription,7,70.00000000000000000000,10.0
2025-12-01,Repair_Installation,start,Total revenue,7,328.88622679624468113000,46.98374668517781
2025-12-01,Restauration,business,Banking fees,1,0.00000000000000000000,0.0
2025-12-01,Restauration,business,Deposit interest,1,1.90205549589041120000,1.9020554958904112
2025-12-01,Restauration,business,Interchange,1,132.35307777005255000000,132.35307777005255
2025-12-01,Restauration,business,Subscription,1,0.00000000000000000000,0.0
2025-12-01,Restauration,business,Total revenue,1,134.25513326594296120000,134.25513326594296
2025-12-01,Restauration,free,Banking fees,59,179.20000000000000000000,3.03728813559322
2025-12-01,Restauration,free,Deposit interest,59,200.20732352712338659880,3.393344466561413
2025-12-01,Restauration,free,Interchange,59,307.12356530891479983000,5.205484157778217
2025-12-01,Restauration,free,Subscription,59,56.44999999999999900000,0.9567796610169491
2025-12-01,Restauration,free,Total revenue,59,742.98088883603818542880,12.592896420949799
2025-12-01,Restauration,plus,Banking fees,33,158.24000000000000200000,4.795151515151516
2025-12-01,Restauration,plus,Deposit interest,33,296.56807124547955742220,8.986911249863017
2025-12-01,Restauration,plus,Interchange,33,1518.14354542563005651600,46.00434986138273
2025-12-01,Restauration,plus,Subscription,33,573.23333333300000000000,17.37070707069697
2025-12-01,Restauration,plus,Total revenue,33,2546.18495000410961593820,77.15711969709423
2025-12-01,Restauration,start,Banking fees,71,280.00000000000000000000,3.943661971830986
2025-12-01,Restauration,start,Deposit interest,71,200.94481178465761721800,2.8302086166853186
2025-12-01,Restauration,start,Interchange,71,1260.83229823629712293900,17.75820138360982
2025-12-01,Restauration,start,Subscription,71,499.28125000000000000000,7.032130281690141
2025-12-01,Restauration,start,Total revenue,71,2241.05836002095474015700,31.564202253816266
2025-12-01,Retail,business,Banking fees,8,0.00000000000000000000,0.0
2025-12-01,Retail,business,Deposit interest,8,89.56128412547950903000,11.195160515684938
2025-12-01,Retail,business,Interchange,8,380.99888648217040580000,47.6248608102713
2025-12-01,Retail,business,Subscription,8,400.00000000000000000000,50.0
2025-12-01,Retail,business,Total revenue,8,870.56017060764991483000,108.82002132595623
2025-12-01,Retail,free,Banking fees,321,2736.59999999999999000000,8.525233644859814
2025-12-01,Retail,free,Deposit interest,321,964.14976203616480920781,3.0035818131967753
2025-12-01,Retail,free,Interchange,321,2000.88698101603010437600,6.233292775750873
2025-12-01,Retail,free,Subscription,321,65.74000000000000000000,0.20479750778816197
2025-12-01,Retail,free,Total revenue,321,5767.37674305219490358381,17.96690574159562
2025-12-01,Retail,plus,Banking fees,125,444.84000000000000000000,3.5587199999999997
2025-12-01,Retail,plus,Deposit interest,125,899.46149306246614779206,7.195691944499729
2025-12-01,Retail,plus,Interchange,125,5708.18700798253144216600,45.66549606386025
2025-12-01,Retail,plus,Subscription,125,1866.10333333200000000000,14.928826666655999
2025-12-01,Retail,plus,Total revenue,125,8918.59183437699758995806,71.34873467501598
2025-12-01,Retail,start,Banking fees,389,2649.16000000000000000000,6.810179948586118
2025-12-01,Retail,start,Deposit interest,389,2573.07347491123370508638,6.614584768409341
2025-12-01,Retail,start,Interchange,389,6277.11041680993694405200,16.136530634472848
2025-12-01,Retail,start,Subscription,389,3065.64526960700000000000,7.880836168655527
2025-12-01,Retail,start,Total revenue,389,14564.98916132817064913838,37.44213152012383
2025-12-01,Wholesale,business,Banking fees,10,0.00000000000000000000,0.0
2025-12-01,Wholesale,business,Deposit interest,10,35.79325498958905526000,3.579325498958906
2025-12-01,Wholesale,business,Interchange,10,77.97545296930736078000,7.7975452969307355
2025-12-01,Wholesale,business,Subscription,10,480.00000000000000000000,48.0
2025-12-01,Wholesale,business,Total revenue,10,593.76870795889641604000,59.376870795889644
2025-12-01,Wholesale,free,Banking fees,35,190.00000000000000000000,5.428571428571429
2025-12-01,Wholesale,free,Deposit interest,35,177.37656720328773262500,5.067901920093935
2025-12-01,Wholesale,free,Interchange,35,169.87041197938525770000,4.853440342268151
2025-12-01,Wholesale,free,Subscription,35,0.00000000000000000000,0.0
2025-12-01,Wholesale,free,Total revenue,35,537.24697918267299032500,15.349913690933516
2025-12-01,Wholesale,plus,Banking fees,36,144.44000000000000000000,4.012222222222222
2025-12-01,Wholesale,plus,Deposit interest,36,237.65465504547955190521,6.601518195707765
2025-12-01,Wholesale,plus,Interchange,36,1367.09347548293013300200,37.97481876341473
2025-12-01,Wholesale,plus,Subscription,36,613.12500000000000000000,17.03125
2025-12-01,Wholesale,plus,Total revenue,36,2362.31313052840968490721,65.6198091813447
2025-12-01,Wholesale,start,Banking fees,66,21.76000000000000000000,0.3296969696969697
2025-12-01,Wholesale,start,Deposit interest,66,943.68051557917841387073,14.29818962998755
2025-12-01,Wholesale,start,Interchange,66,2151.39310370094713982000,32.596865207590106
2025-12-01,Wholesale,start,Subscription,66,496.31250000000000000000,7.519886363636363
2025-12-01,Wholesale,start,Total revenue,66,3613.14611928012555369073,54.744638170910996
2026-01-01,Automobile_Trade_Repair,business,Banking fees,15,63.90000000000000000000,4.26
2026-01-01,Automobile_Trade_Repair,business,Deposit interest,15,254.24366467945207431277,16.949577645296806
2026-01-01,Automobile_Trade_Repair,business,Interchange,15,1457.39770379999253070000,97.15984691999951
2026-01-01,Automobile_Trade_Repair,business,Subscription,15,899.00000000000000000000,59.93333333333333
2026-01-01,Automobile_Trade_Repair,business,Total revenue,15,2674.54136847944460501277,178.30275789862966
2026-01-01,Automobile_Trade_Repair,free,Banking fees,109,319.98000000000000000000,2.9355963302752297
2026-01-01,Automobile_Trade_Repair,free,Deposit interest,109,361.31078578246575053148,3.314777851215282
2026-01-01,Automobile_Trade_Repair,free,Interchange,109,1101.77915399999431816700,10.108065633027472
2026-01-01,Automobile_Trade_Repair,free,Subscription,109,26.56000000000000000000,0.2436697247706422
2026-01-01,Automobile_Trade_Repair,free,Total revenue,109,1809.62993978246006869848,16.602109539288623
2026-01-01,Automobile_Trade_Repair,plus,Banking fees,97,240.12000000000000000000,2.475463917525773
2026-01-01,Automobile_Trade_Repair,plus,Deposit interest,97,1393.93019696767137338174,14.370414401728572
2026-01-01,Automobile_Trade_Repair,plus,Interchange,97,3239.83157399998317442000,33.40032550515446
2026-01-01,Automobile_Trade_Repair,plus,Subscription,97,1636.22010752700000000000,16.868248531206184
2026-01-01,Automobile_Trade_Repair,plus,Total revenue,97,6510.10187849465454780174,67.114452355615
2026-01-01,Automobile_Trade_Repair,start,Banking fees,153,137.04000000000000500000,0.8956862745098039
2026-01-01,Automobile_Trade_Repair,start,Deposit interest,153,599.47305047780826342404,3.918124512926851
2026-01-01,Automobile_Trade_Repair,start,Interchange,153,3664.85188319998103898200,23.953280282352818
2026-01-01,Automobile_Trade_Repair,start,Subscription,153,1388.38967742000000000000,9.074442336078432
2026-01-01,Automobile_Trade_Repair,start,Total revenue,153,5789.75461109778930740604,37.84153340586791
2026-01-01,BTP,business,Banking fees,48,15.74000000000000000000,0.3279166666666667
2026-01-01,BTP,business,Deposit interest,48,666.12205723178083792160,13.877542858995433
2026-01-01,BTP,business,Interchange,48,5165.63735399997304302000,107.61744487499944
2026-01-01,BTP,business,Subscription,48,2801.00000000000000000000,58.354166666666664
2026-01-01,BTP,business,Total revenue,48,8648.49941123175388094160,180.17707106732823
2026-01-01,BTP,free,Banking fees,560,1069.11999999999999600000,1.909142857142857
2026-01-01,BTP,free,Deposit interest,560,11350.33283225479533481261,20.268451486169276
2026-01-01,BTP,free,Interchange,560,4613.09594579997573385200,8.237671331785672
2026-01-01,BTP,free,Subscription,560,234.21235125399999850000,0.418236341525
2026-01-01,BTP,free,Total revenue,560,17266.76112930877106316461,30.833502016622806
2026-01-01,BTP,plus,Banking fees,326,1250.11999999999999500000,3.834723926380368
2026-01-01,BTP,plus,Deposit interest,326,4011.94199841808257107473,12.306570547294733
2026-01-01,BTP,plus,Interchange,326,15343.02150299992056509100,47.064483138036564
2026-01-01,BTP,plus,Subscription,326,6634.44158694600000000000,20.35104781271779
2026-01-01,BTP,plus,Total revenue,326,27239.52508836400313116573,83.55682542442946
2026-01-01,BTP,start,Banking fees,629,663.82000000000000000000,1.0553577106518284
2026-01-01,BTP,start,Deposit interest,629,8273.68961092109656594033,13.1537195722116
2026-01-01,BTP,start,Interchange,629,13703.71189319992817612800,21.78650539459448
2026-01-01,BTP,start,Subscription,629,5520.70932551400000310000,8.776962361707472
2026-01-01,BTP,start,Total revenue,629,28161.93082963502474516833,44.77254503916538
2026-01-01,Bankers_Insurance,free,Banking fees,75,448.40000000000000000000,5.978666666666666
2026-01-01,Bankers_Insurance,free,Deposit interest,75,2076.92053447178134598487,27.69227379295708
2026-01-01,Bankers_Insurance,free,Interchange,75,347.95172339999818245000,4.6393563119999754
2026-01-01,Bankers_Insurance,free,Subscription,75,8.25290322599999900000,0.11003870967999999
2026-01-01,Bankers_Insurance,free,Total revenue,75,2881.52516109777952743487,38.420335481303724
2026-01-01,Bankers_Insurance,plus,Banking fees,6,0.00000000000000000000,0.0
2026-01-01,Bankers_Insurance,plus,Deposit interest,6,42.71620148383562055000,7.119366913972603
2026-01-01,Bankers_Insurance,plus,Interchange,6,409.61203019999785200000,68.26867169999964
2026-01-01,Bankers_Insurance,plus,Subscription,6,70.00000000000000000000,11.666666666666666
2026-01-01,Bankers_Insurance,plus,Total revenue,6,522.32823168383347255000,87.05470528063891
2026-01-01,Bankers_Insurance,start,Banking fees,46,191.08000000000000000000,4.153913043478261
2026-01-01,Bankers_Insurance,start,Deposit interest,46,536.39635816054799751200,11.660790394794521
2026-01-01,Bankers_Insurance,start,Interchange,46,338.05031579999823149000,7.348919908695614
2026-01-01,Bankers_Insurance,start,Subscription,46,392.03225806500000000000,8.52244039271739
2026-01-01,Bankers_Insurance,start,Total revenue,46,1457.55893202554622900200,31.68606373968579
2026-01-01,Bikers_Drivers,business,Banking fees,18,4.64000000000000000000,0.2577777777777778
2026-01-01,Bikers_Drivers,business,Deposit interest,18,184.56985882301373171560,10.253881045722984
2026-01-01,Bikers_Drivers,business,Interchange,18,1056.04043399999448825000,58.6689129999997
2026-01-01,Bikers_Drivers,business,Subscription,18,905.00000000000000000000,50.27777777777778
2026-01-01,Bikers_Drivers,business,Total revenue,18,2150.25029282300821996560,119.45834960127824
2026-01-01,Bikers_Drivers,free,Banking fees,171,1399.63999999999999700000,8.185029239766083
2026-01-01,Bikers_Drivers,free,Deposit interest,171,327.62284708438361868529,1.9159230823648166
2026-01-01,Bikers_Drivers,free,Interchange,171,1160.35424099999387141110,6.785697315789438
2026-01-01,Bikers_Drivers,free,Subscription,171,35.78000000000000000000,0.20923976608187136
2026-01-01,Bikers_Drivers,free,Total revenue,171,2923.39708808437748709639,17.095889404002207
2026-01-01,Bikers_Drivers,plus,Banking fees,81,186.88000000000000000000,2.3071604938271606
2026-01-01,Bikers_Drivers,plus,Deposit interest,81,407.92610843342469931525,5.036124795474379
2026-01-01,Bikers_Drivers,plus,Interchange,81,1881.22102199999004560200,23.224950888888763
2026-01-01,Bikers_Drivers,plus,Subscription,81,1580.53118279500000000000,19.512730651790122
2026-01-01,Bikers_Drivers,plus,Total revenue,81,4056.55831322841474491725,50.080966829980426
2026-01-01,Bikers_Drivers,start,Banking fees,221,1144.94000000000000000000,5.180723981900453
2026-01-01,Bikers_Drivers,start,Deposit interest,221,596.47410921917816662100,2.698977869770037
2026-01-01,Bikers_Drivers,start,Interchange,221,2448.83566979998727984482,11.080704388235237
2026-01-01,Bikers_Drivers,start,Subscription,221,1693.62408602200000000000,7.66345740281448
2026-01-01,Bikers_Drivers,start,Total revenue,221,5883.87386504116544646582,26.623863642720202
2026-01-01,Cleaning_CallCenters,business,Banking fees,1,0.00000000000000000000,0.0
2026-01-01,Cleaning_CallCenters,business,Deposit interest,1,7.57425367561644000000,7.57425367561644
2026-01-01,Cleaning_CallCenters,business,Interchange,1,1.55951999999999180000,1.5595199999999918
2026-01-01,Cleaning_CallCenters,business,Subscription,1,80.00000000000000000000,80.0
2026-01-01,Cleaning_CallCenters,business,Total revenue,1,89.13377367561643180000,89.13377367561642
2026-01-01,Cleaning_CallCenters,free,Banking fees,19,13.60000000000000000000,0.7157894736842105
2026-01-01,Cleaning_CallCenters,free,Deposit interest,19,35.51146169369863383780,1.8690242996683493
2026-01-01,Cleaning_CallCenters,free,Interchange,19,55.99324799999970754400,2.9470130526315637
2026-01-01,Cleaning_CallCenters,free,Subscription,19,0.00000000000000000000,0.0
2026-01-01,Cleaning_CallCenters,free,Total revenue,19,105.10470969369834138180,5.5318268259841235
2026-01-01,Cleaning_CallCenters,plus,Banking fees,8,46.70000000000000000000,5.8375
2026-01-01,Cleaning_CallCenters,plus,Deposit interest,8,439.74354523671239785900,54.96794315458905
2026-01-01,Cleaning_CallCenters,plus,Interchange,8,524.15542979999716300000,65.51942872499964
2026-01-01,Cleaning_CallCenters,plus,Subscription,8,195.00000000000000000000,24.375
2026-01-01,Cleaning_CallCenters,plus,Total revenue,8,1205.59897503670956085900,150.6998718795887
2026-01-01,Cleaning_CallCenters,start,Banking fees,14,16.88000000000000000000,1.2057142857142857
2026-01-01,Cleaning_CallCenters,start,Deposit interest,14,51.39253311726027893700,3.6708952226614486
2026-01-01,Cleaning_CallCenters,start,Interchange,14,371.36262599999801925000,26.525901857142717
2026-01-01,Cleaning_CallCenters,start,Subscription,14,130.00000000000000000000,9.285714285714286
2026-01-01,Cleaning_CallCenters,start,Total revenue,14,569.63515911725829818700,40.68822565123274
2026-01-01,Consultant,business,Banking fees,12,0.00000000000000000000,0.0
2026-01-01,Consultant,business,Deposit interest,12,49.33027767506849159610,4.110856472922374
2026-01-01,Consultant,business,Interchange,12,54.21187799999971149000,4.517656499999976
2026-01-01,Consultant,business,Subscription,12,800.00000000000000000000,66.66666666666667
2026-01-01,Consultant,business,Total revenue,12,903.54215567506820308610,75.29517963958902
2026-01-01,Consultant,free,Banking fees,684,2161.60000000000000090000,3.1602339181286547
2026-01-01,Consultant,free,Deposit interest,684,7208.53374870630210188147,10.538792030272372
2026-01-01,Consultant,free,Interchange,684,3500.74399319998154770400,5.118046773684184
2026-01-01,Consultant,free,Subscription,684,219.21193548400000000000,0.32048528579532165
2026-01-01,Consultant,free,Total revenue,684,13090.08967739028365048547,19.137558007880532
2026-01-01,Consultant,plus,Banking fees,116,56.78000000000000000000,0.4894827586206897
2026-01-01,Consultant,plus,Deposit interest,116,2608.68149477808230924100,22.488633575673123
2026-01-01,Consultant,plus,Interchange,116,4306.69378259997723802000,37.12667053965498
2026-01-01,Consultant,plus,Subscription,116,2339.73892473000000000000,20.170163144224137
2026-01-01,Consultant,plus,Total revenue,116,9311.89420210805954726100,80.27495001817293
2026-01-01,Consultant,start,Banking fees,720,3843.27999999999999973000,5.337888888888889
2026-01-01,Consultant,start,Deposit interest,720,9691.77239901369973730357,13.460794998630139
2026-01-01,Consultant,start,Interchange,720,11704.03660259993698066500,16.255606392499914
2026-01-01,Consultant,start,Subscription,720,6194.57113500700000200000,8.603571020843056
2026-01-01,Consultant,start,Total revenue,720,31433.66013662063671969857,43.657861300861995
2026-01-01,Developer_IT,business,Banking fees,8,0.00000000000000000000,0.0
2026-01-01,Developer_IT,business,Deposit interest,8,50.80982996602739923752,6.351228745753425
2026-01-01,Developer_IT,business,Interchange,8,12.99077999999993000000,1.6238474999999912
2026-01-01,Developer_IT,business,Subscription,8,480.00000000000000000000,60.0
2026-01-01,Developer_IT,business,Total revenue,8,543.80060996602732923752,67.97507624575341
2026-01-01,Developer_IT,free,Banking fees,307,1060.36000000000000030000,3.4539413680781754
2026-01-01,Developer_IT,free,Deposit interest,307,3517.17712092109629140093,11.456602999742985
2026-01-01,Developer_IT,free,Interchange,307,1657.37962979999126314700,5.398630715960884
2026-01-01,Developer_IT,free,Subscription,307,72.22000000000000000000,0.2352442996742671
2026-01-01,Developer_IT,free,Total revenue,307,6307.13675072108755484793,20.54441938345631
2026-01-01,Developer_IT,plus,Banking fees,59,107.84000000000000000000,1.8277966101694916
2026-01-01,Developer_IT,plus,Deposit interest,59,1042.71528485808235566510,17.67314042132343
2026-01-01,Developer_IT,plus,Interchange,59,1189.43095499999376453000,20.159846694915146
2026-01-01,Developer_IT,plus,Subscription,59,1124.52365591300000000000,19.05972298157627
2026-01-01,Developer_IT,plus,Total revenue,59,3464.50989577107612019510,58.72050670798434
2026-01-01,Developer_IT,start,Banking fees,355,1500.52000000000000220000,4.2268169014084505
2026-01-01,Developer_IT,start,Deposit interest,355,4117.46883028547980159369,11.598503747283043
2026-01-01,Developer_IT,start,Interchange,355,4538.09872259997625557300,12.783376683380215
2026-01-01,Developer_IT,start,Subscription,355,3172.06451612900000000000,8.935393003180282
2026-01-01,Developer_IT,start,Total revenue,355,13328.15206901445605936669,37.54409033525199
2026-01-01,Media_Publishing,business,Banking fees,2,0.00000000000000000000,0.0
2026-01-01,Media_Publishing,business,Deposit interest,2,11.79955813095890423000,5.899779065479452
2026-01-01,Media_Publishing,business,Interchange,2,12.64170599999993350000,6.320852999999967
2026-01-01,Media_Publishing,business,Subscription,2,80.00000000000000000000,40.0
2026-01-01,Media_Publishing,business,Total revenue,2,104.44126413095883773000,52.22063206547942
2026-01-01,Media_Publishing,free,Banking fees,153,253.02000000000000000000,1.6537254901960785
2026-01-01,Media_Publishing,free,Deposit interest,153,534.54869322794528876574,3.4937823086793807
2026-01-01,Media_Publishing,free,Interchange,153,671.55468299999648596000,4.389246294117624
2026-01-01,Media_Publishing,free,Subscription,153,27.18000000000000000000,0.1776470588235294
2026-01-01,Media_Publishing,free,Total revenue,153,1486.30337622794177472574,9.714401151816613
2026-01-01,Media_Publishing,plus,Banking fees,21,1.42000000000000000000,0.06761904761904762
2026-01-01,Media_Publishing,plus,Deposit interest,21,1133.50652007780818679200,53.9765009560861
2026-01-01,Media_Publishing,plus,Interchange,21,471.83075999999751932000,22.468131428571308
2026-01-01,Media_Publishing,plus,Subscription,21,335.00000000000000000000,15.952380952380953
2026-01-01,Media_Publishing,plus,Total revenue,21,1941.75728007780570611200,92.46463238465742
2026-01-01,Media_Publishing,start,Banking fees,150,764.46000000000000000000,5.0964
2026-01-01,Media_Publishing,start,Deposit interest,150,2335.18000891945218359365,15.567866726129681
2026-01-01,Media_Publishing,start,Interchange,150,1774.92471299999070398100,11.83283141999994
2026-01-01,Media_Publishing,start,Subscription,150,1285.87096774100000000000,8.572473118273333
2026-01-01,Media_Publishing,start,Total revenue,150,6160.43568966044288757465,41.06957126440295
2026-01-01,Medical_Professionals,free,Banking fees,38,23.50000000000000000000,0.618421052631579
2026-01-01,Medical_Professionals,free,Deposit interest,38,357.68333593753429330699,9.41271936677722
2026-01-01,Medical_Professionals,free,Interchange,38,71.33596199999962694200,1.877262157894727
2026-01-01,Medical_Professionals,free,Subscription,38,0.00000000000000000000,0.0
2026-01-01,Medical_Professionals,free,Total revenue,38,452.51929793753392024899,11.908402577303525
2026-01-01,Medical_Professionals,plus,Banking fees,7,164.60000000000000000000,23.514285714285712
2026-01-01,Medical_Professionals,plus,Deposit interest,7,204.92733710301371464000,29.2753338718591
2026-01-01,Medical_Professionals,plus,Interchange,7,506.66943599999739000000,72.38134799999963
2026-01-01,Medical_Professionals,plus,Subscription,7,75.00000000000000000000,10.714285714285714
2026-01-01,Medical_Professionals,plus,Total revenue,7,951.19677310301110464000,135.88525330043015
2026-01-01,Medical_Professionals,start,Banking fees,56,28.26000000000000000000,0.5046428571428572
2026-01-01,Medical_Professionals,start,Deposit interest,56,311.71794956986305556740,5.566391956604697
2026-01-01,Medical_Professionals,start,Interchange,56,436.44688199999772446000,7.793694321428531
2026-01-01,Medical_Professionals,start,Subscription,56,399.00000000000000000000,7.125
2026-01-01,Medical_Professionals,start,Total revenue,56,1175.42483156986078002740,20.989729135176084
2026-01-01,Others,business,Banking fees,28,33.74000000000000000000,1.205
2026-01-01,Others,business,Deposit interest,28,536.21090844164382308230,19.150389587201566
2026-01-01,Others,business,Interchange,28,825.43735079999550060000,29.479905385714126
2026-01-01,Others,business,Subscription,28,1440.00000000000000000000,51.42857142857143
2026-01-01,Others,business,Total revenue,28,2835.38825924163932368230,101.26386640148712
2026-01-01,Others,free,Banking fees,539,1290.20000000000000030000,2.393692022263451
2026-01-01,Others,free,Deposit interest,539,2347.81881983287676119387,4.355879072046154
2026-01-01,Others,free,Interchange,539,3128.72835599998375074946,5.804690827458225
2026-01-01,Others,free,Subscription,539,422.13259259299999900000,0.7831773517495362
2026-01-01,Others,free,Total revenue,539,7188.87976842586051124333,13.337439273517367
2026-01-01,Others,plus,Banking fees,198,676.82000000000000000000,3.4182828282828286
2026-01-01,Others,plus,Deposit interest,198,1916.44529201917836741102,9.679016626359488
2026-01-01,Others,plus,Interchange,198,5827.49292959996961349400,29.43178247272712
2026-01-01,Others,plus,Subscription,198,3057.89999999900000000000,15.443939393934343
2026-01-01,Others,plus,Total revenue,198,11478.65822161814798090502,57.97302132130378
2026-01-01,Others,start,Banking fees,604,1651.79999999999999000000,2.73476821192053
2026-01-01,Others,start,Deposit interest,604,3915.89591698575368165020,6.483271385738003
2026-01-01,Others,start,Interchange,604,5881.27111559996931719446,9.737203833774783
2026-01-01,Others,start,Subscription,604,5082.66408602200000000000,8.415006764937086
2026-01-01,Others,start,Total revenue,604,16531.63111860772298884466,27.3702501963704
2026-01-01,Professeur,business,Banking fees,2,0.00000000000000000000,0.0
2026-01-01,Professeur,business,Deposit interest,2,8.65150400876712370000,4.3257520043835616
2026-01-01,Professeur,business,Interchange,2,73.61008199999961800000,36.80504099999981
2026-01-01,Professeur,business,Subscription,2,80.00000000000000000000,40.0
2026-01-01,Professeur,business,Total revenue,2,162.26158600876674170000,81.13079300438338
2026-01-01,Professeur,free,Banking fees,119,247.50000000000000000000,2.0798319327731094
2026-01-01,Professeur,free,Deposit interest,119,343.06224164876714946350,2.882875980241741
2026-01-01,Professeur,free,Interchange,119,373.89840299999807695600,3.142003386554606
2026-01-01,Professeur,free,Subscription,119,121.95000000000000000000,1.0247899159663867
2026-01-01,Professeur,free,Total revenue,119,1086.41064464876522641950,9.129501215535841
2026-01-01,Professeur,plus,Banking fees,16,119.64000000000000000000,7.4775
2026-01-01,Professeur,plus,Deposit interest,16,217.98200556712331811998,13.623875347945207
2026-01-01,Professeur,plus,Interchange,16,109.99841759999941080000,6.874901099999963
2026-01-01,Professeur,plus,Subscription,16,315.00000000000000000000,19.6875
2026-01-01,Professeur,plus,Total revenue,16,762.62042316712272891998,47.66377644794517
2026-01-01,Professeur,start,Banking fees,133,145.66000000000000100000,1.095187969924812
2026-01-01,Professeur,start,Deposit interest,133,865.69206913534254252749,6.5089629258296435
2026-01-01,Professeur,start,Interchange,133,994.93633439999487023000,7.480724318796954
2026-01-01,Professeur,start,Subscription,133,1236.25514934300000000000,9.29515149881955
2026-01-01,Professeur,start,Total revenue,133,3242.54355287833741375749,24.380026713370956
2026-01-01,Repair,free,Banking fees,30,30.40000000000000000000,1.0133333333333332
2026-01-01,Repair,free,Deposit interest,30,43.60295898904110166356,1.45343196630137
2026-01-01,Repair,free,Interchange,30,295.40033999999843473100,9.846677999999947
2026-01-01,Repair,free,Subscription,30,41.73999999999999500000,1.391333333333333
2026-01-01,Repair,free,Total revenue,30,411.14329898903953139456,13.704776632967985
2026-01-01,Repair,plus,Banking fees,6,118.10000000000000000000,19.683333333333334
2026-01-01,Repair,plus,Deposit interest,6,0.90945332493150696210,0.15157555415525117
2026-01-01,Repair,plus,Interchange,6,22.00333139999988600000,3.6672218999999813
2026-01-01,Repair,plus,Subscription,6,81.00000000000000000000,13.5
2026-01-01,Repair,plus,Total revenue,6,222.01278472493139296210,37.00213078748856
2026-01-01,Repair,start,Banking fees,29,134.48000000000000000000,4.637241379310344
2026-01-01,Repair,start,Deposit interest,29,49.28723347342466431160,1.6995597749456781
2026-01-01,Repair,start,Interchange,29,153.45280799999918660000,5.2914761379310065
2026-01-01,Repair,start,Subscription,29,227.00000000000000000000,7.827586206896552
2026-01-01,Repair,start,Total revenue,29,564.22004147342385091160,19.45586349908358
2026-01-01,Repair_Installation,free,Banking fees,8,8.00000000000000000000,1.0
2026-01-01,Repair_Installation,free,Deposit interest,8,29.02284200931507131000,3.627855251164384
2026-01-01,Repair_Installation,free,Interchange,8,115.20813599999938963000,14.401016999999923
2026-01-01,Repair_Installation,free,Subscription,8,3.41000000000000000000,0.42625
2026-01-01,Repair_Installation,free,Total revenue,8,155.64097800931446094000,19.45512225116431
2026-01-01,Repair_Installation,plus,Banking fees,4,0.00000000000000000000,0.0
2026-01-01,Repair_Installation,plus,Deposit interest,4,33.73426187726027151900,8.433565469315068
2026-01-01,Repair_Installation,plus,Interchange,4,142.04429999999925200000,35.51107499999981
2026-01-01,Repair_Installation,plus,Subscription,4,70.00000000000000000000,17.5
2026-01-01,Repair_Installation,plus,Total revenue,4,245.77856187725952351900,61.44464046931488
2026-01-01,Repair_Installation,start,Banking fees,14,0.00000000000000000000,0.0
2026-01-01,Repair_Installation,start,Deposit interest,14,101.96154402410959960300,7.282967430293543
2026-01-01,Repair_Installation,start,Interchange,14,228.82364999999878034000,16.34454642857134
2026-01-01,Repair_Installation,start,Subscription,14,104.48387096800000000000,7.463133640571429
2026-01-01,Repair_Installation,start,Total revenue,14,435.26906499210837994300,31.09064749943631
2026-01-01,Restauration,business,Banking fees,1,0.00000000000000000000,0.0
2026-01-01,Restauration,business,Deposit interest,1,0.47046761260273978000,0.4704676126027397
2026-01-01,Restauration,business,Interchange,1,13.60110599999992700000,13.601105999999927
2026-01-01,Restauration,business,Subscription,1,80.00000000000000000000,80.0
2026-01-01,Restauration,business,Total revenue,1,94.07157361260266678000,94.07157361260266
2026-01-01,Restauration,free,Banking fees,86,299.20000000000000000000,3.4790697674418603
2026-01-01,Restauration,free,Deposit interest,86,263.95125349753423550480,3.069200622064352
2026-01-01,Restauration,free,Interchange,86,829.83456359999570657000,9.649239111627857
2026-01-01,Restauration,free,Subscription,86,54.38000000000000000000,0.6323255813953489
2026-01-01,Restauration,free,Total revenue,86,1447.36581709752994207480,16.829835082529417
2026-01-01,Restauration,plus,Banking fees,47,810.00000000000000000000,17.23404255319149
2026-01-01,Restauration,plus,Deposit interest,47,340.40468564821921595699,7.2426528861323245
2026-01-01,Restauration,plus,Interchange,47,3787.18027199998065213000,80.57830365957405
2026-01-01,Restauration,plus,Subscription,47,974.67817204300000000000,20.737833447723403
2026-01-01,Restauration,plus,Total revenue,47,5912.26312969119986808699,125.79283254662127
2026-01-01,Restauration,start,Banking fees,100,164.10000000000000000000,1.641
2026-01-01,Restauration,start,Deposit interest,100,423.86532872876713934990,4.238653287287672
2026-01-01,Restauration,start,Interchange,100,1823.23331999999043482700,18.232333199999903
2026-01-01,Restauration,start,Subscription,100,849.71258064600000000000,8.49712580646
2026-01-01,Restauration,start,Total revenue,100,3260.91122937475757417690,32.60911229374758
2026-01-01,Retail,business,Banking fees,11,22.32000000000000000000,2.0290909090909093
2026-01-01,Retail,business,Deposit interest,11,130.19870489041096704290,11.83624589912827
2026-01-01,Retail,business,Interchange,11,589.17438539999691640000,53.56130776363609
2026-01-01,Retail,business,Subscription,11,640.00000000000000000000,58.18181818181818
2026-01-01,Retail,business,Total revenue,11,1381.69309029040788344290,125.60846275367344
2026-01-01,Retail,free,Banking fees,471,1269.15999999999998960000,2.694607218683652
2026-01-01,Retail,free,Deposit interest,471,1528.32262997589061067639,3.2448463481441414
2026-01-01,Retail,free,Interchange,471,2837.24646839998523186090,6.023877852229268
2026-01-01,Retail,free,Subscription,471,227.49999999999999000000,0.4830148619957537
2026-01-01,Retail,free,Total revenue,471,5862.22909837587582213729,12.446346281052815
2026-01-01,Retail,plus,Banking fees,162,1347.68000000000000000000,8.319012345679013
2026-01-01,Retail,plus,Deposit interest,162,1254.69078694356166180761,7.7450048576763075
2026-01-01,Retail,plus,Interchange,162,5398.62937379997208876700,33.324872677777606
2026-01-01,Retail,plus,Subscription,162,2974.44086021400000000000,18.360746050703703
2026-01-01,Retail,plus,Total revenue,162,10975.44102095753375057461,67.74963593183664
2026-01-01,Retail,start,Banking fees,551,2060.68000000000000000000,3.73989110707804
2026-01-01,Retail,start,Deposit interest,551,7227.42126961150691551707,13.116917004739578
2026-01-01,Retail,start,Interchange,551,8539.39434059995546207392,15.49799335862061
2026-01-01,Retail,start,Subscription,551,4729.06230107500000300000,8.58269020158802
2026-01-01,Retail,start,Total revenue,551,22556.55791128646238059099,40.93749167202625
2026-01-01,Wholesale,business,Banking fees,11,0.00000000000000000000,0.0
2026-01-01,Wholesale,business,Deposit interest,11,80.12475895945206913900,7.284068996313824
2026-01-01,Wholesale,business,Interchange,11,229.71034799999880480000,20.8827589090908
2026-01-01,Wholesale,business,Subscription,11,800.00000000000000000000,72.72727272727273
2026-01-01,Wholesale,business,Total revenue,11,1109.83510695945087393900,100.89410063267736
2026-01-01,Wholesale,free,Banking fees,52,235.74000000000000000000,4.533461538461538
2026-01-01,Wholesale,free,Deposit interest,52,287.23061725205481282140,5.523665716385669
2026-01-01,Wholesale,free,Interchange,52,318.15264599999830091100,6.1183201153845825
2026-01-01,Wholesale,free,Subscription,52,2.91000000000000000000,0.055961538461538465
2026-01-01,Wholesale,free,Total revenue,52,844.03326325205311373240,16.23140890869333
2026-01-01,Wholesale,plus,Banking fees,45,225.52000000000000000000,5.011555555555556
2026-01-01,Wholesale,plus,Deposit interest,45,673.61389772931512537362,14.969197727318114
2026-01-01,Wholesale,plus,Interchange,45,2885.27386499998501571500,64.11719699999966
2026-01-01,Wholesale,plus,Subscription,45,922.58064516100000000000,20.50179211468889
2026-01-01,Wholesale,plus,Total revenue,45,4706.98840789030014108862,104.59974239756224
2026-01-01,Wholesale,start,Banking fees,94,90.54000000000000000000,0.9631914893617022
2026-01-01,Wholesale,start,Deposit interest,94,1438.99414021095886232300,15.308448300116584
2026-01-01,Wholesale,start,Interchange,94,2548.96615079998611995800,27.11666117872326
2026-01-01,Wholesale,start,Subscription,94,817.77419354800000000000,8.699725463276595
2026-01-01,Wholesale,start,Total revenue,94,4896.27448455894498228100,52.08802643147814
2026-02-01,Automobile_Trade_Repair,business,Banking fees,17,36.38000000000000000000,2.14
2026-02-01,Automobile_Trade_Repair,business,Deposit interest,17,484.62620980328766714220,28.507424106075746
2026-02-01,Automobile_Trade_Repair,business,Interchange,17,1534.17112199999391190000,90.2453601176467
2026-02-01,Automobile_Trade_Repair,business,Subscription,17,1040.00000000000000000000,61.1764705882353
2026-02-01,Automobile_Trade_Repair,business,Total revenue,17,3095.17733180328157904220,182.06925481195773
2026-02-01,Automobile_Trade_Repair,free,Banking fees,136,364.01999999999999940000,2.676617647058823
2026-02-01,Automobile_Trade_Repair,free,Deposit interest,136,421.21957709260273220197,3.0972027727397258
2026-02-01,Automobile_Trade_Repair,free,Interchange,136,1171.52077319999537772000,8.614123332352907
2026-02-01,Automobile_Trade_Repair,free,Subscription,136,34.45000000000000000000,0.2533088235294118
2026-02-01,Automobile_Trade_Repair,free,Total revenue,136,1991.21035029259810932197,14.641252575680868
2026-02-01,Automobile_Trade_Repair,plus,Banking fees,116,324.24000000000000000000,2.7951724137931033
2026-02-01,Automobile_Trade_Repair,plus,Deposit interest,116,1779.61885829369883654683,15.34154188184223
2026-02-01,Automobile_Trade_Repair,plus,Interchange,116,6277.46280119997543844000,54.11605863103427
2026-02-01,Automobile_Trade_Repair,plus,Subscription,116,2393.95833333300000000000,20.637571839077587
2026-02-01,Automobile_Trade_Repair,plus,Total revenue,116,10775.27999282667427498683,92.89034476574719
2026-02-01,Automobile_Trade_Repair,start,Banking fees,216,989.50000000000000900000,4.581018518518518
2026-02-01,Automobile_Trade_Repair,start,Deposit interest,216,985.00627926630148666083,4.5602142558625065
2026-02-01,Automobile_Trade_Repair,start,Interchange,216,6278.35091219997484718400,29.066439408333217
2026-02-01,Automobile_Trade_Repair,start,Subscription,216,1989.79500000000000000000,9.212013888888889
2026-02-01,Automobile_Trade_Repair,start,Total revenue,216,10242.65219146627634284483,47.41968607160314
2026-02-01,BTP,business,Banking fees,65,24.00000000000000000000,0.36923076923076925
2026-02-01,BTP,business,Deposit interest,65,1049.01269836986314992519,16.138656897997894
2026-02-01,BTP,business,Interchange,65,8749.66474619996396665000,134.61022686461482
2026-02-01,BTP,business,Subscription,65,4122.62500000000000000000,63.425
2026-02-01,BTP,business,Total revenue,65,13945.30244456982711657519,214.5431145318435
2026-02-01,BTP,free,Banking fees,789,1441.16000000000000000000,1.8265652724968315
2026-02-01,BTP,free,Deposit interest,789,16366.64187882411101848034,20.743525828674414
2026-02-01,BTP,free,Interchange,789,8419.39607879996687382900,10.670970949049389
2026-02-01,BTP,free,Subscription,789,391.80981165999999900000,0.49659038233206587
2026-02-01,BTP,free,Total revenue,789,26619.00776928407789130934,33.7376524325527
2026-02-01,BTP,plus,Banking fees,428,741.52000000000000000000,1.7325233644859812
2026-02-01,BTP,plus,Deposit interest,428,4728.20787999178158613434,11.047214672877995
2026-02-01,BTP,plus,Interchange,428,26737.37744579989484775500,62.470508050934335
2026-02-01,BTP,plus,Subscription,428,8646.59499999800000000000,20.20232476635047
2026-02-01,BTP,plus,Total revenue,428,40853.70032578967643388934,95.45257085464878
2026-02-01,BTP,start,Banking fees,865,1465.80000000000000071800,1.6945664739884392
2026-02-01,BTP,start,Deposit interest,865,10626.52739237808314423890,12.285002765755008
2026-02-01,BTP,start,Interchange,865,22494.11264819991159704200,26.004754506589496
2026-02-01,BTP,start,Subscription,865,8038.17480263200000000000,9.292687633100579
2026-02-01,BTP,start,Total revenue,865,42624.61484320999474199890,49.27701137943352
2026-02-01,Bankers_Insurance,free,Banking fees,102,177.20000000000000000000,1.7372549019607841
2026-02-01,Bankers_Insurance,free,Deposit interest,102,3265.73863705150765104512,32.01704546128929
2026-02-01,Bankers_Insurance,free,Interchange,102,271.48205699999892714000,2.6615887941176366
2026-02-01,Bankers_Insurance,free,Subscription,102,9.00000000000000000000,0.08823529411764706
2026-02-01,Bankers_Insurance,free,Total revenue,102,3723.42069405150657818512,36.50412445148536
2026-02-01,Bankers_Insurance,plus,Banking fees,8,0.78000000000000000000,0.0975
2026-02-01,Bankers_Insurance,plus,Deposit interest,8,508.24125653534246490000,63.53015706691781
2026-02-01,Bankers_Insurance,plus,Interchange,8,818.88720839999664070000,102.36090104999958
2026-02-01,Bankers_Insurance,plus,Subscription,8,145.00000000000000000000,18.125
2026-02-01,Bankers_Insurance,plus,Total revenue,8,1472.90846493533910560000,184.11355811691737
2026-02-01,Bankers_Insurance,start,Banking fees,70,163.74000000000000000000,2.3391428571428574
2026-02-01,Bankers_Insurance,start,Deposit interest,70,952.15389652821923255402,13.602198521831703
2026-02-01,Bankers_Insurance,start,Interchange,70,286.72988399999888055000,4.096141199999984
2026-02-01,Bankers_Insurance,start,Subscription,70,623.37500000000000000000,8.905357142857143
2026-02-01,Bankers_Insurance,start,Total revenue,70,2025.99878052821811310402,28.942839721831685
2026-02-01,Bikers_Drivers,business,Banking fees,23,1810.64000000000000000000,78.72347826086957
2026-02-01,Bikers_Drivers,business,Deposit interest,23,435.74466589917807513610,18.945420256486003
2026-02-01,Bikers_Drivers,business,Interchange,23,1641.25124999999356600200,71.35874999999973
2026-02-01,Bikers_Drivers,business,Subscription,23,1225.00000000000000000000,53.26086956521739
2026-02-01,Bikers_Drivers,business,Total revenue,23,5112.63591589917164113810,222.2885180825727
2026-02-01,Bikers_Drivers,free,Banking fees,202,950.92000000000000000000,4.707524752475248
2026-02-01,Bikers_Drivers,free,Deposit interest,202,514.64357590520551900092,2.547740474778245
2026-02-01,Bikers_Drivers,free,Interchange,202,1510.24589459999408587500,7.476464824752446
2026-02-01,Bikers_Drivers,free,Subscription,202,112.80000000000000000000,0.5584158415841584
2026-02-01,Bikers_Drivers,free,Total revenue,202,3088.60947050519960487592,15.290145893590097
2026-02-01,Bikers_Drivers,plus,Banking fees,108,416.48000000000000000000,3.8562962962962963
2026-02-01,Bikers_Drivers,plus,Deposit interest,108,572.22977452931513231348,5.2984238382344
2026-02-01,Bikers_Drivers,plus,Interchange,108,2560.16946599999012568000,23.705272833333243
2026-02-01,Bikers_Drivers,plus,Subscription,108,2218.84166666600000000000,20.54483024690741
2026-02-01,Bikers_Drivers,plus,Total revenue,108,5767.72090719530525799348,53.40482321477135
2026-02-01,Bikers_Drivers,start,Banking fees,298,548.92000000000000007100,1.8420134228187919
2026-02-01,Bikers_Drivers,start,Deposit interest,298,909.83692842136993906256,3.0531440551052684
2026-02-01,Bikers_Drivers,start,Interchange,298,3969.56169179998431287400,13.320676818120752
2026-02-01,Bikers_Drivers,start,Subscription,298,2574.96875000000000000000,8.640834731543624
2026-02-01,Bikers_Drivers,start,Total revenue,298,8003.28737022135425200756,26.85666902758844
2026-02-01,Cleaning_CallCenters,business,Banking fees,2,0.00000000000000000000,0.0
2026-02-01,Cleaning_CallCenters,business,Deposit interest,2,6.42216385808219133000,3.2110819290410957
2026-02-01,Cleaning_CallCenters,business,Interchange,2,0.56429999999999780000,0.2821499999999989
2026-02-01,Cleaning_CallCenters,business,Subscription,2,80.00000000000000000000,40.0
2026-02-01,Cleaning_CallCenters,business,Total revenue,2,86.98646385808218913000,43.493231929041094
2026-02-01,Cleaning_CallCenters,free,Banking fees,24,15.08000000000000000000,0.6283333333333333
2026-02-01,Cleaning_CallCenters,free,Deposit interest,24,57.18088745698630551900,2.3825369773744294
2026-02-01,Cleaning_CallCenters,free,Interchange,24,38.19936599999985133000,1.5916402499999938
2026-02-01,Cleaning_CallCenters,free,Subscription,24,0.00000000000000000000,0.0
2026-02-01,Cleaning_CallCenters,free,Total revenue,24,110.46025345698615684900,4.602510560707756
2026-02-01,Cleaning_CallCenters,plus,Banking fees,13,45.87999999999999900000,3.529230769230769
2026-02-01,Cleaning_CallCenters,plus,Deposit interest,13,430.97856177205485176640,33.15219705938883
2026-02-01,Cleaning_CallCenters,plus,Interchange,13,232.77862259999907200000,17.90604789230762
2026-02-01,Cleaning_CallCenters,plus,Subscription,13,259.21875000000000000000,19.939903846153847
2026-02-01,Cleaning_CallCenters,plus,Total revenue,13,968.85593437205392276640,74.52737956708107
2026-02-01,Cleaning_CallCenters,start,Banking fees,29,0.00000000000000000000,0.0
2026-02-01,Cleaning_CallCenters,start,Deposit interest,29,48.68916269534247101850,1.6789366446669816
2026-02-01,Cleaning_CallCenters,start,Interchange,29,241.04050199999904820000,8.311741448275829
2026-02-01,Cleaning_CallCenters,start,Subscription,29,202.84375000000000000000,6.994612068965517
2026-02-01,Cleaning_CallCenters,start,Total revenue,29,492.57341469534151921850,16.985290161908328
2026-02-01,Consultant,business,Banking fees,17,3.28000000000000000000,0.19294117647058825
2026-02-01,Consultant,business,Deposit interest,17,130.44439387452055958700,7.67319963967768
2026-02-01,Consultant,business,Interchange,17,748.27807199999703944000,44.016357176470414
2026-02-01,Consultant,business,Subscription,17,1040.00000000000000000000,61.1764705882353
2026-02-01,Consultant,business,Total revenue,17,1922.00246587451759902700,113.05896858085397
2026-02-01,Consultant,free,Banking fees,930,2187.20000000000000300000,2.351827956989247
2026-02-01,Consultant,free,Deposit interest,930,10128.97635683397315825619,10.891372426703198
2026-02-01,Consultant,free,Interchange,930,5274.28043999997927999000,5.6712692903225586
2026-02-01,Consultant,free,Subscription,930,370.95721653900000000000,0.3988787274612903
2026-02-01,Consultant,free,Total revenue,930,17961.41401337295244124619,19.313348401476294
2026-02-01,Consultant,plus,Banking fees,160,1093.08000000000000000000,6.8317499999999995
2026-02-01,Consultant,plus,Deposit interest,160,3837.79296324328815626730,23.98620602027055
2026-02-01,Consultant,plus,Interchange,160,5654.99459879997767103000,35.343716242499866
2026-02-01,Consultant,plus,Subscription,160,3128.91458333100000000000,19.55571614581875
2026-02-01,Consultant,plus,Total revenue,160,13714.78214537426582729730,85.71738840858916
2026-02-01,Consultant,start,Banking fees,952,3243.31999999999999810000,3.4068487394957985
2026-02-01,Consultant,start,Deposit interest,952,14193.15178837370001954893,14.908772886947164
2026-02-01,Consultant,start,Interchange,952,14567.28301799994286226800,15.301767876050361
2026-02-01,Consultant,start,Subscription,952,8473.94583333300000000000,8.901203606442227
2026-02-01,Consultant,start,Total revenue,952,40477.70063970664287991693,42.51859310893555
2026-02-01,Developer_IT,business,Banking fees,13,0.00000000000000000000,0.0
2026-02-01,Developer_IT,business,Deposit interest,13,61.86955796876714289134,4.759196766828241
2026-02-01,Developer_IT,business,Interchange,13,92.65647599999962127000,7.127421230769202
2026-02-01,Developer_IT,business,Subscription,13,720.00000000000000000000,55.38461538461539
2026-02-01,Developer_IT,business,Total revenue,13,874.52603396876676416134,67.27123338221283
2026-02-01,Developer_IT,free,Banking fees,421,1733.06000000000000500000,4.116532066508314
2026-02-01,Developer_IT,free,Deposit interest,421,5543.64952426684971109418,13.167813596833373
2026-02-01,Developer_IT,free,Interchange,421,2691.52536419998940460100,6.393171886460782
2026-02-01,Developer_IT,free,Subscription,421,126.72582880400000000000,0.3010114698432304
2026-02-01,Developer_IT,free,Total revenue,421,10094.96071727083912069518,23.9785290196457
2026-02-01,Developer_IT,plus,Banking fees,78,49.06000000000000000000,0.628974358974359
2026-02-01,Developer_IT,plus,Deposit interest,78,1410.03424160821929658760,18.077362071900247
2026-02-01,Developer_IT,plus,Interchange,78,1586.11526099999376843000,20.33481103846146
2026-02-01,Developer_IT,plus,Subscription,78,1513.59791666600000000000,19.405101495717947
2026-02-01,Developer_IT,plus,Total revenue,78,4558.80741927421306501760,58.44624896505402
2026-02-01,Developer_IT,start,Banking fees,465,2882.69999999999999840000,6.199354838709677
2026-02-01,Developer_IT,start,Deposit interest,465,6282.25303279945268918516,13.510221575912801
2026-02-01,Developer_IT,start,Interchange,465,4453.76346119998240217000,9.577985938064478
2026-02-01,Developer_IT,start,Subscription,465,4157.22279411800000000000,8.940264073372044
2026-02-01,Developer_IT,start,Total revenue,465,17775.93928811743508975516,38.227826426059
2026-02-01,Media_Publishing,business,Banking fees,3,0.00000000000000000000,0.0
2026-02-01,Media_Publishing,business,Deposit interest,3,4.94215130465753381000,1.6473837682191779
2026-02-01,Media_Publishing,business,Interchange,3,66.57546599999973615000,22.191821999999913
2026-02-01,Media_Publishing,business,Subscription,3,80.00000000000000000000,26.666666666666668
2026-02-01,Media_Publishing,business,Total revenue,3,151.51761730465726996000,50.50587243488576
2026-02-01,Media_Publishing,free,Banking fees,199,494.94000000000000000000,2.48713567839196
2026-02-01,Media_Publishing,free,Deposit interest,199,767.03154914630140291203,3.8544298952075446
2026-02-01,Media_Publishing,free,Interchange,199,1088.42793839999574033600,5.46948712763817
2026-02-01,Media_Publishing,free,Subscription,199,40.51750000000000000000,0.20360552763819095
2026-02-01,Media_Publishing,free,Total revenue,199,2390.91698754629714324803,12.014658228875865
2026-02-01,Media_Publishing,plus,Banking fees,29,758.14000000000000000000,26.142758620689655
2026-02-01,Media_Publishing,plus,Deposit interest,29,1207.83530238630142458186,41.649493185734535
2026-02-01,Media_Publishing,plus,Interchange,29,1026.62528759999596490000,35.40087198620676
2026-02-01,Media_Publishing,plus,Subscription,29,545.00000000000000000000,18.79310344827586
2026-02-01,Media_Publishing,plus,Total revenue,29,3537.60058998629738948186,121.98622724090681
2026-02-01,Media_Publishing,start,Banking fees,204,230.76000000000000000000,1.1311764705882352
2026-02-01,Media_Publishing,start,Deposit interest,204,2892.24887265753464825601,14.177690552242817
2026-02-01,Media_Publishing,start,Interchange,204,2521.66063499999003984700,12.3610815441176
2026-02-01,Media_Publishing,start,Subscription,204,1770.86187500000000000000,8.680695465686275
2026-02-01,Media_Publishing,start,Total revenue,204,7415.53138265752468810301,36.350644032634925
2026-02-01,Medical_Professionals,free,Banking fees,54,103.62000000000000000000,1.9188888888888889
2026-02-01,Medical_Professionals,free,Deposit interest,54,528.19298361260280209318,9.781351548381533
2026-02-01,Medical_Professionals,free,Interchange,54,457.99012799999820341000,8.481298666666634
2026-02-01,Medical_Professionals,free,Subscription,54,6.79000000000000000000,0.12574074074074074
2026-02-01,Medical_Professionals,free,Total revenue,54,1096.59311161260100550318,20.307279844677797
2026-02-01,Medical_Professionals,plus,Banking fees,10,70.86000000000000000000,7.086
2026-02-01,Medical_Professionals,plus,Deposit interest,10,368.90789444876713228757,36.89078944487672
2026-02-01,Medical_Professionals,plus,Interchange,10,1136.36975399999552810000,113.63697539999956
2026-02-01,Medical_Professionals,plus,Subscription,10,156.25000000000000000000,15.625
2026-02-01,Medical_Professionals,plus,Total revenue,10,1732.38764844876266038757,173.23876484487624
2026-02-01,Medical_Professionals,start,Banking fees,74,137.96000000000000000000,1.8643243243243244
2026-02-01,Medical_Professionals,start,Deposit interest,74,546.16155838356173815530,7.380561599777862
2026-02-01,Medical_Professionals,start,Interchange,74,506.35916999999801103000,6.842691486486459
2026-02-01,Medical_Professionals,start,Subscription,74,618.87500000000000000000,8.363175675675675
2026-02-01,Medical_Professionals,start,Total revenue,74,1809.35572838355974918530,24.45075308626432
2026-02-01,Others,business,Banking fees,30,144.98000000000000000000,4.832666666666666
2026-02-01,Others,business,Deposit interest,30,363.24621055178086916560,12.108207018392696
2026-02-01,Others,business,Interchange,30,1856.67867719999249297300,61.88928923999975
2026-02-01,Others,business,Subscription,30,1636.00000000000000000000,54.53333333333333
2026-02-01,Others,business,Total revenue,30,4000.90488775177336213860,133.36349625839244
2026-02-01,Others,free,Banking fees,719,1777.18000000000000500000,2.471738525730181
2026-02-01,Others,free,Deposit interest,719,3114.60871191835647944248,4.33186190809229
2026-02-01,Others,free,Interchange,719,5048.95304339998011852000,7.022187821140445
2026-02-01,Others,free,Subscription,719,432.17555555599999900000,0.6010786586314325
2026-02-01,Others,free,Total revenue,719,10372.91731087433660196248,14.426866913594347
2026-02-01,Others,plus,Banking fees,255,1059.40000000000000000000,4.154509803921569
2026-02-01,Others,plus,Deposit interest,255,2769.86136790356184679911,10.862201442759067
2026-02-01,Others,plus,Interchange,255,8095.47344099996847530300,31.74695467058811
2026-02-01,Others,plus,Subscription,255,4852.59999999900000000000,19.029803921564707
2026-02-01,Others,plus,Total revenue,255,16777.33480890253032210211,65.79346983883346
2026-02-01,Others,start,Banking fees,841,2320.75999999999999970000,2.759524375743163
2026-02-01,Others,start,Deposit interest,841,5652.11243042958948362184,6.7207044357070025
2026-02-01,Others,start,Interchange,841,11139.87283919995599482500,13.245984351010648
2026-02-01,Others,start,Subscription,841,7386.41275416699999800000,8.782892692231867
2026-02-01,Others,start,Total revenue,841,26499.15802379654547614684,31.509105854692685
2026-02-01,Professeur,business,Banking fees,3,0.00000000000000000000,0.0
2026-02-01,Professeur,business,Deposit interest,3,40.34913928109589718600,13.449713093698632
2026-02-01,Professeur,business,Interchange,3,80.65994399999966232000,26.88664799999989
2026-02-01,Professeur,business,Subscription,3,160.00000000000000000000,53.333333333333336
2026-02-01,Professeur,business,Total revenue,3,281.00908328109555950600,93.66969442703186
2026-02-01,Professeur,free,Banking fees,152,441.62000000000000000000,2.9053947368421054
2026-02-01,Professeur,free,Deposit interest,152,555.09922686027404567295,3.6519685977649607
2026-02-01,Professeur,free,Interchange,152,767.00968559999695641000,5.046116352631559
2026-02-01,Professeur,free,Subscription,152,148.67000000000000000000,0.9780921052631578
2026-02-01,Professeur,free,Total revenue,152,1912.39891246027100208295,12.581571792501784
2026-02-01,Professeur,plus,Banking fees,20,53.34000000000000000000,2.6670000000000003
2026-02-01,Professeur,plus,Deposit interest,20,457.47145211561643069450,22.873572605780822
2026-02-01,Professeur,plus,Interchange,20,1342.21026599999487220000,67.11051329999974
2026-02-01,Professeur,plus,Subscription,20,410.00000000000000000000,20.5
2026-02-01,Professeur,plus,Total revenue,20,2263.02171811561130289450,113.15108590578056
2026-02-01,Professeur,start,Banking fees,176,945.46000000000000000000,5.371931818181818
2026-02-01,Professeur,start,Deposit interest,176,1547.68524534246581531633,8.793666166718555
2026-02-01,Professeur,start,Interchange,176,2405.03315399999055795200,13.664961102272674
2026-02-01,Professeur,start,Subscription,176,1634.59541666700000000000,9.287473958335228
2026-02-01,Professeur,start,Total revenue,176,6532.77381600945637326833,37.11803304550828
2026-02-01,Repair,free,Banking fees,35,69.99999999999999700000,2.0
2026-02-01,Repair,free,Deposit interest,35,73.63207827342465940030,2.10377366495499
2026-02-01,Repair,free,Interchange,35,209.97152999999918324000,5.999186571428548
2026-02-01,Repair,free,Subscription,35,60.13000000000000000000,1.718
2026-02-01,Repair,free,Total revenue,35,413.73360827342383964030,11.820960236383538
2026-02-01,Repair,plus,Banking fees,8,0.30000000000000000000,0.0375
2026-02-01,Repair,plus,Deposit interest,8,5.68958528876712320200,0.7111981610958904
2026-02-01,Repair,plus,Interchange,8,137.01772619999945700000,17.127215774999932
2026-02-01,Repair,plus,Subscription,8,125.53125000000000000000,15.69140625
2026-02-01,Repair,plus,Total revenue,8,268.53856148876658020200,33.56732018609582
2026-02-01,Repair,start,Banking fees,29,172.70000000000000000000,5.955172413793103
2026-02-01,Repair,start,Deposit interest,29,104.41453269369863821430,3.6005011273689185
2026-02-01,Repair,start,Interchange,29,195.42542399999923433500,6.738807724137905
2026-02-01,Repair,start,Subscription,29,302.00000000000000000000,10.413793103448276
2026-02-01,Repair,start,Total revenue,29,774.53995669369787254930,26.7082743687482
2026-02-01,Repair_Installation,free,Banking fees,8,11.20000000000000000000,1.4
2026-02-01,Repair_Installation,free,Deposit interest,8,59.80714031232877592000,7.475892539041097
2026-02-01,Repair_Installation,free,Interchange,8,276.33842999999891800000,34.54230374999987
2026-02-01,Repair_Installation,free,Subscription,8,11.00000000000000000000,1.375
2026-02-01,Repair_Installation,free,Total revenue,8,358.34557031232769392000,44.793196289040964
2026-02-01,Repair_Installation,plus,Banking fees,4,0.00000000000000000000,0.0
2026-02-01,Repair_Installation,plus,Deposit interest,4,51.94850665863014691000,12.987126664657536
2026-02-01,Repair_Installation,plus,Interchange,4,298.11922199999892100000,74.52980549999972
2026-02-01,Repair_Installation,plus,Subscription,4,95.00000000000000000000,23.75
2026-02-01,Repair_Installation,plus,Total revenue,4,445.06772865862906791000,111.26693216465726
2026-02-01,Repair_Installation,start,Banking fees,16,0.00000000000000000000,0.0
2026-02-01,Repair_Installation,start,Deposit interest,16,192.25207977643836134500,12.015754986027398
2026-02-01,Repair_Installation,start,Interchange,16,267.92771399999895903000,16.745482124999935
2026-02-01,Repair_Installation,start,Subscription,16,143.00000000000000000000,8.9375
2026-02-01,Repair_Installation,start,Total revenue,16,603.17979377643732037500,37.698737111027334
2026-02-01,Restauration,business,Banking fees,1,0.00000000000000000000,0.0
2026-02-01,Restauration,business,Deposit interest,1,0.07758101041095890000,0.0775810104109589
2026-02-01,Restauration,business,Interchange,1,0.00000000000000000000,0.0
2026-02-01,Restauration,business,Subscription,1,80.00000000000000000000,80.0
2026-02-01,Restauration,business,Total revenue,1,80.07758101041095890000,80.07758101041095
2026-02-01,Restauration,free,Banking fees,114,167.55999999999999800000,1.4698245614035088
2026-02-01,Restauration,free,Deposit interest,114,375.48033689589044570792,3.293687165753425
2026-02-01,Restauration,free,Interchange,114,1792.75952519999295372000,15.72596074736836
2026-02-01,Restauration,free,Subscription,114,150.03000000000000000000,1.3160526315789474
2026-02-01,Restauration,free,Total revenue,114,2485.82986209588339742792,21.80552510610424
2026-02-01,Restauration,plus,Banking fees,56,14.10000000000000000000,0.2517857142857143
2026-02-01,Restauration,plus,Deposit interest,56,369.99883690739733161568,6.607122087632095
2026-02-01,Restauration,plus,Interchange,56,3823.37719739998502194000,68.27459281071403
2026-02-01,Restauration,plus,Subscription,56,1242.56666666600000000000,22.18869047617857
2026-02-01,Restauration,plus,Total revenue,56,5450.04270097338235355568,97.3221910888104
2026-02-01,Restauration,start,Banking fees,138,337.18000000000000000000,2.4433333333333334
2026-02-01,Restauration,start,Deposit interest,138,832.20267763561651482363,6.030454185765337
2026-02-01,Restauration,start,Interchange,138,3364.90223399998678171000,24.383349521739035
2026-02-01,Restauration,start,Subscription,138,1192.21875000000000000000,8.639266304347826
2026-02-01,Restauration,start,Total revenue,138,5726.50366163560329653363,41.496403345185534
2026-02-01,Retail,business,Banking fees,19,21.20000000000000000000,1.1157894736842104
2026-02-01,Retail,business,Deposit interest,19,89.29875696109590091545,4.699934576899785
2026-02-01,Retail,business,Interchange,19,1474.04993219999410660000,77.58157537894706
2026-02-01,Retail,business,Subscription,19,1120.00000000000000000000,58.94736842105263
2026-02-01,Retail,business,Total revenue,19,2704.54868916109000751545,142.34466785058368
2026-02-01,Retail,free,Banking fees,646,2876.47999999999999780000,4.452755417956657
2026-02-01,Retail,free,Deposit interest,646,2285.04896389095908470220,3.5372274982832184
2026-02-01,Retail,free,Interchange,646,5066.72249219998012467333,7.843223672136193
2026-02-01,Retail,free,Subscription,646,255.54271739100000000000,0.39557696190557273
2026-02-01,Retail,free,Total revenue,646,10483.79417348193920717553,16.22878355028164
2026-02-01,Retail,plus,Banking fees,188,110.58000000000000000000,0.5881914893617021
2026-02-01,Retail,plus,Deposit interest,188,2221.62222823287688253390,11.817139511877004
2026-02-01,Retail,plus,Interchange,188,8703.17200439996498027400,46.29346810851045
2026-02-01,Retail,plus,Subscription,188,3680.90593749800000000000,19.579286901585107
2026-02-01,Retail,plus,Total revenue,188,14716.28017013084186280790,78.27808601133427
2026-02-01,Retail,start,Banking fees,736,4187.37999999999999900000,5.689375
2026-02-01,Retail,start,Deposit interest,736,8214.23008428000059525051,11.160638701467393
2026-02-01,Retail,start,Interchange,736,12354.94462859995126609000,16.786609549728194
2026-02-01,Retail,start,Subscription,736,6546.71416666600000000000,8.894992074274457
2026-02-01,Retail,start,Total revenue,736,31303.26887954595186034051,42.53161532547004
2026-02-01,Wholesale,business,Banking fees,12,628.24000000000000000000,52.35333333333333
2026-02-01,Wholesale,business,Deposit interest,12,153.20711935945204417100,12.767259946621003
2026-02-01,Wholesale,business,Interchange,12,221.06593799999918100000,18.422161499999934
2026-02-01,Wholesale,business,Subscription,12,880.00000000000000000000,73.33333333333333
2026-02-01,Wholesale,business,Total revenue,12,1882.51305735945122517100,156.8760881132876
2026-02-01,Wholesale,free,Banking fees,77,130.94000000000000000000,1.7005194805194805
2026-02-01,Wholesale,free,Deposit interest,77,850.63539094301382808120,11.04721286938979
2026-02-01,Wholesale,free,Interchange,77,295.47786599999883036400,3.8373748831168677
2026-02-01,Wholesale,free,Subscription,77,53.46750000000000000000,0.6943831168831169
2026-02-01,Wholesale,free,Total revenue,77,1330.52075694301265844520,17.279490349909256
2026-02-01,Wholesale,plus,Banking fees,58,50.70000000000000200000,0.8741379310344828
2026-02-01,Wholesale,plus,Deposit interest,58,1004.11593922465764592510,17.312343779735475
2026-02-01,Wholesale,plus,Interchange,58,3784.09996979998513403000,65.24310292758595
2026-02-01,Wholesale,plus,Subscription,58,1238.50000000000000000000,21.353448275862068
2026-02-01,Wholesale,plus,Total revenue,58,6077.41590902464278195510,104.78303291421798
2026-02-01,Wholesale,start,Banking fees,134,146.46000000000000000000,1.0929850746268657
2026-02-01,Wholesale,start,Deposit interest,134,2065.33525722356187587530,15.412949680772849
2026-02-01,Wholesale,start,Interchange,134,2364.09424919999077314000,17.642494397014858
2026-02-01,Wholesale,start,Subscription,134,1288.94000000000000000000,9.618955223880597
2026-02-01,Wholesale,start,Total revenue,134,5864.82950642355264901530,43.76738437629517
2026-03-01,Automobile_Trade_Repair,business,Banking fees,20,1023.10000000000000000000,51.155
2026-03-01,Automobile_Trade_Repair,business,Deposit interest,20,331.66070644109592251167,16.583035322054794
2026-03-01,Automobile_Trade_Repair,business,Interchange,20,2177.08770959998935590400,108.85438547999948
2026-03-01,Automobile_Trade_Repair,business,Subscription,20,1200.00000000000000000000,60.0
2026-03-01,Automobile_Trade_Repair,business,Total revenue,20,4731.84841604108527841567,236.59242080205428
2026-03-01,Automobile_Trade_Repair,free,Banking fees,159,1006.36000000000000000000,6.329308176100629
2026-03-01,Automobile_Trade_Repair,free,Deposit interest,159,451.62697899123287103550,2.840421251517188
2026-03-01,Automobile_Trade_Repair,free,Interchange,159,1116.07226099999452253900,7.019322396226381
2026-03-01,Automobile_Trade_Repair,free,Subscription,159,95.18000000000000000000,0.5986163522012579
2026-03-01,Automobile_Trade_Repair,free,Total revenue,159,2669.23923999122739357450,16.787668176045454
2026-03-01,Automobile_Trade_Repair,plus,Banking fees,130,1849.98000000000000000000,14.230615384615385
2026-03-01,Automobile_Trade_Repair,plus,Deposit interest,130,1889.27536674136989799304,14.532887436472077
2026-03-01,Automobile_Trade_Repair,plus,Interchange,130,6740.08243019996661670300,51.84678792461513
2026-03-01,Automobile_Trade_Repair,plus,Subscription,130,2818.33333333300000000000,21.679487179484617
2026-03-01,Automobile_Trade_Repair,plus,Total revenue,130,13297.67113027433651469604,102.28977792518721
2026-03-01,Automobile_Trade_Repair,start,Banking fees,275,810.98000000000000000000,2.949018181818182
2026-03-01,Automobile_Trade_Repair,start,Deposit interest,275,1403.93970738191788060704,5.1052352995706105
2026-03-01,Automobile_Trade_Repair,start,Interchange,275,7073.07166799996558296400,25.720260610908966
2026-03-01,Automobile_Trade_Repair,start,Subscription,275,2624.25870967700000000000,9.54275894428
2026-03-01,Automobile_Trade_Repair,start,Total revenue,275,11912.25008505888346357104,43.31727303657776
2026-03-01,BTP,business,Banking fees,74,30.62000000000000000000,0.4137837837837838
2026-03-01,BTP,business,Deposit interest,74,1709.49886581041115603069,23.101336024465017
2026-03-01,BTP,business,Interchange,74,7450.07054579996482845000,100.67662899729682
2026-03-01,BTP,business,Subscription,74,5158.00000000000000000000,69.70270270270271
2026-03-01,BTP,business,Total revenue,74,14348.18941161037598448069,193.89445150824832
2026-03-01,BTP,free,Banking fees,905,3058.01999999999999870000,3.3790276243093924
2026-03-01,BTP,free,Deposit interest,905,20635.63399601424700861693,22.80180552045773
2026-03-01,BTP,free,Interchange,905,8769.54387239995754554900,9.690103726408793
2026-03-01,BTP,free,Subscription,905,689.42500000000000000000,0.7617955801104972
2026-03-01,BTP,free,Total revenue,905,33152.62286841420455286593,36.632732451286415
2026-03-01,BTP,plus,Banking fees,483,959.53999999999999740000,1.9866252587991717
2026-03-01,BTP,plus,Deposit interest,483,5745.65100664164421893528,11.89575777772597
2026-03-01,BTP,plus,Interchange,483,22840.49483639988963509100,47.28880918509294
2026-03-01,BTP,plus,Subscription,483,10979.81833333100000000000,22.73254313319048
2026-03-01,BTP,plus,Total revenue,483,40525.50417637253385142628,83.90373535480855
2026-03-01,BTP,start,Banking fees,991,2750.56000000000000160000,2.775539858728557
2026-03-01,BTP,start,Deposit interest,991,12024.55954717479547274284,12.13376341793622
2026-03-01,BTP,start,Interchange,991,21978.77167079989368782700,22.17837706437931
2026-03-01,BTP,start,Subscription,991,10024.93195652200000000000,10.115975738165488
2026-03-01,BTP,start,Total revenue,991,46778.82317449668916216984,47.20365607920958
2026-03-01,Bankers_Insurance,free,Banking fees,115,559.83999999999999400000,4.868173913043479
2026-03-01,Bankers_Insurance,free,Deposit interest,115,5677.62333425972655728352,49.37063768921501
2026-03-01,Bankers_Insurance,free,Interchange,115,550.63291679999736980400,4.788112319999977
2026-03-01,Bankers_Insurance,free,Subscription,115,9.00000000000000000000,0.0782608695652174
2026-03-01,Bankers_Insurance,free,Total revenue,115,6797.09625105972392108752,59.10518479182368
2026-03-01,Bankers_Insurance,plus,Banking fees,12,6.30000000000000000000,0.525
2026-03-01,Bankers_Insurance,plus,Deposit interest,12,1052.57170354410973673145,87.71430862867582
2026-03-01,Bankers_Insurance,plus,Interchange,12,776.66878799999603480000,64.72239899999967
2026-03-01,Bankers_Insurance,plus,Subscription,12,208.75000000000000000000,17.395833333333332
2026-03-01,Bankers_Insurance,plus,Total revenue,12,2044.29049154410577153145,170.3575409620088
2026-03-01,Bankers_Insurance,start,Banking fees,76,4.34000000000000000000,0.057105263157894735
2026-03-01,Bankers_Insurance,start,Deposit interest,76,1081.48768437808234132700,14.230101110237925
2026-03-01,Bankers_Insurance,start,Interchange,76,473.90525999999767228000,6.235595526315759
2026-03-01,Bankers_Insurance,start,Subscription,76,708.09375000000000000000,9.31702302631579
2026-03-01,Bankers_Insurance,start,Total revenue,76,2267.82669437808001360700,29.83982492602737
2026-03-01,Bikers_Drivers,business,Banking fees,23,570.32000000000000000000,24.796521739130437
2026-03-01,Bikers_Drivers,business,Deposit interest,23,436.66771455068496368320,18.98555280655152
2026-03-01,Bikers_Drivers,business,Interchange,23,2058.95179799999017073000,89.51964339130392
2026-03-01,Bikers_Drivers,business,Subscription,23,1465.00000000000000000000,63.69565217391305
2026-03-01,Bikers_Drivers,business,Total revenue,23,4530.93951255067513441320,196.9973701108989
2026-03-01,Bikers_Drivers,free,Banking fees,243,1369.82000000000000700000,5.6371193415637855
2026-03-01,Bikers_Drivers,free,Deposit interest,243,712.30898066684933991916,2.9313126776413556
2026-03-01,Bikers_Drivers,free,Interchange,243,1354.90774499999342329400,5.5757520370370095
2026-03-01,Bikers_Drivers,free,Subscription,243,157.04000000000000000000,0.6462551440329217
2026-03-01,Bikers_Drivers,free,Total revenue,243,3594.07672566684277021316,14.790439200275074
2026-03-01,Bikers_Drivers,plus,Banking fees,127,601.68000000000000000000,4.737637795275591
2026-03-01,Bikers_Drivers,plus,Deposit interest,127,675.49493798520552509753,5.318857779411067
2026-03-01,Bikers_Drivers,plus,Interchange,127,2920.06562939998578220500,22.99264275118099
2026-03-01,Bikers_Drivers,plus,Subscription,127,2640.99666666600000000000,20.79524934382677
2026-03-01,Bikers_Drivers,plus,Total revenue,127,6838.23723405119130730253,53.84438766969442
2026-03-01,Bikers_Drivers,start,Banking fees,342,901.76000000000000000000,2.6367251461988306
2026-03-01,Bikers_Drivers,start,Deposit interest,342,1144.68107248273978448590,3.347020679774093
2026-03-01,Bikers_Drivers,start,Interchange,342,5501.94528779997354744900,16.087559321052556
2026-03-01,Bikers_Drivers,start,Subscription,342,3136.84375000000000000000,9.17205774853801
2026-03-01,Bikers_Drivers,start,Total revenue,342,10685.23011028271333193490,31.24336289556349
2026-03-01,Cleaning_CallCenters,business,Banking fees,2,0.00000000000000000000,0.0
2026-03-01,Cleaning_CallCenters,business,Deposit interest,2,3.03684063890411031500,1.5184203194520551
2026-03-01,Cleaning_CallCenters,business,Interchange,2,0.00000000000000000000,0.0
2026-03-01,Cleaning_CallCenters,business,Subscription,2,160.00000000000000000000,80.0
2026-03-01,Cleaning_CallCenters,business,Total revenue,2,163.03684063890411031500,81.51842031945206
2026-03-01,Cleaning_CallCenters,free,Banking fees,31,39.36000000000000000000,1.2696774193548388
2026-03-01,Cleaning_CallCenters,free,Deposit interest,31,78.06234246958904407460,2.5181400796641626
2026-03-01,Cleaning_CallCenters,free,Interchange,31,20.92298399999989663000,0.6749349677419322
2026-03-01,Cleaning_CallCenters,free,Subscription,31,0.00000000000000000000,0.0
2026-03-01,Cleaning_CallCenters,free,Total revenue,31,138.34532646958894070460,4.462752466760934
2026-03-01,Cleaning_CallCenters,plus,Banking fees,15,15.30000000000000000000,1.02
2026-03-01,Cleaning_CallCenters,plus,Deposit interest,15,325.34288469643833822613,21.68952564642922
2026-03-01,Cleaning_CallCenters,plus,Interchange,15,331.34522399999840700000,22.089681599999892
2026-03-01,Cleaning_CallCenters,plus,Subscription,15,305.00000000000000000000,20.333333333333332
2026-03-01,Cleaning_CallCenters,plus,Total revenue,15,976.98810869643674522613,65.13254057976245
2026-03-01,Cleaning_CallCenters,start,Banking fees,34,15.60000000000000000000,0.4588235294117647
2026-03-01,Cleaning_CallCenters,start,Deposit interest,34,128.11534269917808206415,3.7680983146817084
2026-03-01,Cleaning_CallCenters,start,Interchange,34,225.70295399999890283500,6.638322176470556
2026-03-01,Cleaning_CallCenters,start,Subscription,34,315.00000000000000000000,9.264705882352942
2026-03-01,Cleaning_CallCenters,start,Total revenue,34,684.41829669917698489915,20.12994990291697
2026-03-01,Consultant,business,Banking fees,22,149.84000000000000000000,6.8109090909090915
2026-03-01,Consultant,business,Deposit interest,22,156.66443116438355719740,7.12111050747198
2026-03-01,Consultant,business,Interchange,22,380.91031199999814875600,17.314105090909006
2026-03-01,Consultant,business,Subscription,22,1360.00000000000000000000,61.81818181818182
2026-03-01,Consultant,business,Total revenue,22,2047.41474316438170595340,93.0643065074719
2026-03-01,Consultant,free,Banking fees,1087,2359.21999999999999970000,2.170395584176633
2026-03-01,Consultant,free,Deposit interest,1087,13113.70112448712403842396,12.06412246962937
2026-03-01,Consultant,free,Interchange,1087,6049.43460539997051172300,5.565257226678906
2026-03-01,Consultant,free,Subscription,1087,551.08952083300000000000,0.5069820798831647
2026-03-01,Consultant,free,Total revenue,1087,22073.44525072009454984696,20.306757360368074
2026-03-01,Consultant,plus,Banking fees,187,400.26000000000000000000,2.1404278074866308
2026-03-01,Consultant,plus,Deposit interest,187,5528.28994869808260930268,29.56304785400044
2026-03-01,Consultant,plus,Interchange,187,5736.00828239997250889500,30.673841082352794
2026-03-01,Consultant,plus,Subscription,187,4000.78799999800000000000,21.394588235283422
2026-03-01,Consultant,plus,Total revenue,187,15665.34623109605511819768,83.77190497912329
2026-03-01,Consultant,start,Banking fees,1149,2751.06000000000000040000,2.394308093994778
2026-03-01,Consultant,start,Deposit interest,1149,20066.81696306959170555530,17.46459265715369
2026-03-01,Consultant,start,Interchange,1149,14593.58072639992885049100,12.701114644386362
2026-03-01,Consultant,start,Subscription,1149,10664.36191666599999800000,9.281428996228023
2026-03-01,Consultant,start,Total revenue,1149,48075.81960613552055444630,41.841444391762856
2026-03-01,Developer_IT,business,Banking fees,14,0.70000000000000000000,0.049999999999999996
2026-03-01,Developer_IT,business,Deposit interest,14,100.32748173315068386189,7.166248695225049
2026-03-01,Developer_IT,business,Interchange,14,154.22114339999925580000,11.015795957142803
2026-03-01,Developer_IT,business,Subscription,14,880.00000000000000000000,62.857142857142854
2026-03-01,Developer_IT,business,Total revenue,14,1135.24862513314993966189,81.08918750951071
2026-03-01,Developer_IT,free,Banking fees,502,668.16000000000000150000,1.3309960159362548
2026-03-01,Developer_IT,free,Deposit interest,502,7842.56236014520586705149,15.622634183556187
2026-03-01,Developer_IT,free,Interchange,502,3224.90103119998419388600,6.424105639840606
2026-03-01,Developer_IT,free,Subscription,502,185.26333333300000000000,0.3690504648067729
2026-03-01,Developer_IT,free,Total revenue,502,11920.88672467819006243749,23.74678630413982
2026-03-01,Developer_IT,plus,Banking fees,88,121.82000000000000000000,1.3843181818181818
2026-03-01,Developer_IT,plus,Deposit interest,88,1714.68995638575357601460,19.4851131407472
2026-03-01,Developer_IT,plus,Interchange,88,4496.70280679997800905500,51.09889553181793
2026-03-01,Developer_IT,plus,Subscription,88,1965.43333333200000000000,22.334469696954546
2026-03-01,Developer_IT,plus,Total revenue,88,8298.64609651773158506960,94.30279655133786
2026-03-01,Developer_IT,start,Banking fees,540,2570.32000000000000500000,4.7598518518518524
2026-03-01,Developer_IT,start,Deposit interest,540,8642.81068619726095206608,16.005204974439373
2026-03-01,Developer_IT,start,Interchange,540,4593.34886219997788329400,8.506201596666626
2026-03-01,Developer_IT,start,Subscription,540,5023.60249999999999800000,9.302967592592593
2026-03-01,Developer_IT,start,Total revenue,540,20830.08204839723883836008,38.574226015550444
2026-03-01,Media_Publishing,business,Banking fees,3,0.00000000000000000000,0.0
2026-03-01,Media_Publishing,business,Deposit interest,3,3.56589334410958826618,1.188631114703196
2026-03-01,Media_Publishing,business,Interchange,3,78.03298799999963400000,26.010995999999878
2026-03-01,Media_Publishing,business,Subscription,3,240.00000000000000000000,80.0
2026-03-01,Media_Publishing,business,Total revenue,3,321.59888134410922226618,107.19962711470306
2026-03-01,Media_Publishing,free,Banking fees,228,685.48000000000000200000,3.0064912280701757
2026-03-01,Media_Publishing,free,Deposit interest,228,1055.85853892273980586411,4.630958504047104
2026-03-01,Media_Publishing,free,Interchange,228,1419.20781299999310748100,6.224595671052602
2026-03-01,Media_Publishing,free,Subscription,228,54.50000000000000000000,0.23903508771929824
2026-03-01,Media_Publishing,free,Total revenue,228,3215.04635192273291534511,14.10108049088918
2026-03-01,Media_Publishing,plus,Banking fees,32,169.60000000000000000000,5.3
2026-03-01,Media_Publishing,plus,Deposit interest,32,1287.04396662246585666202,40.22012395695206
2026-03-01,Media_Publishing,plus,Interchange,32,1332.95823719999360307000,41.6549449124998
2026-03-01,Media_Publishing,plus,Subscription,32,625.00000000000000000000,19.53125
2026-03-01,Media_Publishing,plus,Total revenue,32,3414.60220382245945973202,106.70631886945186
2026-03-01,Media_Publishing,start,Banking fees,256,1033.56000000000000000000,4.03734375
2026-03-01,Media_Publishing,start,Deposit interest,256,3774.62633865643852078089,14.744634135376714
2026-03-01,Media_Publishing,start,Interchange,256,3109.99570919998479655600,12.148420739062441
2026-03-01,Media_Publishing,start,Subscription,256,2365.21875000000000000000,9.2391357421875
2026-03-01,Media_Publishing,start,Total revenue,256,10283.40079785642331733689,40.16953436662666
2026-03-01,Medical_Professionals,free,Banking fees,78,434.50000000000000000000,5.57051282051282
2026-03-01,Medical_Professionals,free,Deposit interest,78,858.38750238849322286920,11.004967979339657
2026-03-01,Medical_Professionals,free,Interchange,78,384.53713199999811302000,4.929963230769206
2026-03-01,Medical_Professionals,free,Subscription,78,26.59125000000000000000,0.3409134615384615
2026-03-01,Medical_Professionals,free,Total revenue,78,1704.01588438849133588920,21.846357492160145
2026-03-01,Medical_Professionals,plus,Banking fees,9,66.40000000000000000000,7.377777777777778
2026-03-01,Medical_Professionals,plus,Deposit interest,9,548.73990186191788100000,60.97110020687977
2026-03-01,Medical_Professionals,plus,Interchange,9,919.20736799999536482000,102.13415199999947
2026-03-01,Medical_Professionals,plus,Subscription,9,200.00000000000000000000,22.22222222222222
2026-03-01,Medical_Professionals,plus,Total revenue,9,1734.34726986191324582000,192.70525220687924
2026-03-01,Medical_Professionals,start,Banking fees,87,45.80000000000000000000,0.5264367816091954
2026-03-01,Medical_Professionals,start,Deposit interest,87,766.75770217369869964704,8.813306921536766
2026-03-01,Medical_Professionals,start,Interchange,87,835.84023299999596492000,9.607358999999953
2026-03-01,Medical_Professionals,start,Subscription,87,822.46740384600000000000,9.453648320068966
2026-03-01,Medical_Professionals,start,Total revenue,87,2470.86533901969466456704,28.40075102321488
2026-03-01,Others,business,Banking fees,33,319.93999999999999910000,9.695151515151515
2026-03-01,Others,business,Deposit interest,33,259.59636737369864206315,7.866556587081776
2026-03-01,Others,business,Interchange,33,913.55280479999553414100,27.68341832727259
2026-03-01,Others,business,Subscription,33,1901.00000000000000000000,57.60606060606061
2026-03-01,Others,business,Total revenue,33,3394.08917217369417530415,102.8511870355665
2026-03-01,Others,free,Banking fees,869,3561.22000000000000000000,4.098066743383199
2026-03-01,Others,free,Deposit interest,869,4454.45913587123330019792,5.125959880174031
2026-03-01,Others,free,Interchange,869,5338.66722479997392295700,6.143460557882594
2026-03-01,Others,free,Subscription,869,489.51478260900000000000,0.5633081502980437
2026-03-01,Others,free,Total revenue,869,13843.86114328020722315492,15.930795331737869
2026-03-01,Others,plus,Banking fees,299,1679.30000000000000000000,5.616387959866221
2026-03-01,Others,plus,Deposit interest,299,3185.72710884931508829754,10.654605715215101
2026-03-01,Others,plus,Interchange,299,8132.29840079996021070000,27.198322410702207
2026-03-01,Others,plus,Subscription,299,6164.08562499900000000000,20.61567098661873
2026-03-01,Others,plus,Total revenue,299,19161.41113464827529899754,64.08498707240226
2026-03-01,Others,start,Banking fees,1019,5291.25999999999999600000,5.192600588812562
2026-03-01,Others,start,Deposit interest,1019,7235.58552329698691227243,7.100672741213923
2026-03-01,Others,start,Interchange,1019,11286.50933699994544099900,11.076064118743812
2026-03-01,Others,start,Subscription,1019,9679.59944444500000000000,9.499116235961727
2026-03-01,Others,start,Total revenue,1019,33492.95430474193234927143,32.868453684732025
2026-03-01,Professeur,business,Banking fees,2,287.50000000000000000000,143.75
2026-03-01,Professeur,business,Deposit interest,2,109.48554874958905400000,54.74277437479453
2026-03-01,Professeur,business,Interchange,2,227.44889999999887000000,113.72444999999944
2026-03-01,Professeur,business,Subscription,2,160.00000000000000000000,80.0
2026-03-01,Professeur,business,Total revenue,2,784.43444874958792400000,392.21722437479394
2026-03-01,Professeur,free,Banking fees,180,233.02000000000000000000,1.2945555555555557
2026-03-01,Professeur,free,Deposit interest,180,851.71362206630145717599,4.731742344812786
2026-03-01,Professeur,free,Interchange,180,652.06374659999683704900,3.6225763699999827
2026-03-01,Professeur,free,Subscription,180,159.59000000000000000000,0.8866111111111111
2026-03-01,Professeur,free,Total revenue,180,1896.38736866629829422499,10.535485381479434
2026-03-01,Professeur,plus,Banking fees,26,88.28000000000000000000,3.3953846153846152
2026-03-01,Professeur,plus,Deposit interest,26,569.71327250082202534280,21.912048942339307
2026-03-01,Professeur,plus,Interchange,26,848.13882659999600042000,32.62072409999985
2026-03-01,Professeur,plus,Subscription,26,495.00000000000000000000,19.03846153846154
2026-03-01,Professeur,plus,Total revenue,26,2001.13209910081802576280,76.9666191961853
2026-03-01,Professeur,start,Banking fees,214,220.94000000000000000000,1.0324299065420561
2026-03-01,Professeur,start,Deposit interest,214,1611.81408346301366508876,7.53184151150941
2026-03-01,Professeur,start,Interchange,214,2134.69120799998973578400,9.975192560747615
2026-03-01,Professeur,start,Subscription,214,2085.01041666700000000000,9.743039330219625
2026-03-01,Professeur,start,Total revenue,214,6052.45570813000340087276,28.282503309018708
2026-03-01,Repair,free,Banking fees,44,155.60000000000000000000,3.536363636363636
2026-03-01,Repair,free,Deposit interest,44,70.40041228986301436704,1.6000093702241593
2026-03-01,Repair,free,Interchange,44,190.30685399999905899000,4.325155772727251
2026-03-01,Repair,free,Subscription,44,47.00000000000000000000,1.0681818181818181
2026-03-01,Repair,free,Total revenue,44,463.30726628986207335704,10.529710597496866
2026-03-01,Repair,plus,Banking fees,9,0.38000000000000000000,0.042222222222222223
2026-03-01,Repair,plus,Deposit interest,9,12.49420020438355986850,1.3882444671537288
2026-03-01,Repair,plus,Interchange,9,46.02423239999976262500,5.113803599999973
2026-03-01,Repair,plus,Subscription,9,176.00000000000000000000,19.555555555555557
2026-03-01,Repair,plus,Total revenue,9,234.89843260438332249350,26.09982584493148
2026-03-01,Repair,start,Banking fees,32,75.76000000000000000000,2.3675
2026-03-01,Repair,start,Deposit interest,32,234.26382066136987286700,7.320744395667808
2026-03-01,Repair,start,Interchange,32,294.21878399999857623000,9.194336999999955
2026-03-01,Repair,start,Subscription,32,310.73958333300000000000,9.71061197915625
2026-03-01,Repair,start,Total revenue,32,914.98218799436844909700,28.593193374824015
2026-03-01,Repair_Installation,business,Banking fees,1,0.00000000000000000000,0.0
2026-03-01,Repair_Installation,business,Deposit interest,1,0.36394432876712329000,0.3639443287671233
2026-03-01,Repair_Installation,business,Interchange,1,0.00000000000000000000,0.0
2026-03-01,Repair_Installation,business,Subscription,1,80.00000000000000000000,80.0
2026-03-01,Repair_Installation,business,Total revenue,1,80.36394432876712329000,80.36394432876712
2026-03-01,Repair_Installation,free,Banking fees,11,18.80000000000000000000,1.7090909090909092
2026-03-01,Repair_Installation,free,Deposit interest,11,71.27670536109589371370,6.479700487372354
2026-03-01,Repair_Installation,free,Interchange,11,193.87852199999905170000,17.625320181818097
2026-03-01,Repair_Installation,free,Subscription,11,11.00000000000000000000,1.0
2026-03-01,Repair_Installation,free,Total revenue,11,294.95522736109494541370,26.81411157828136
2026-03-01,Repair_Installation,plus,Banking fees,4,0.00000000000000000000,0.0
2026-03-01,Repair_Installation,plus,Deposit interest,4,62.57988206246575460000,15.64497051561644
2026-03-01,Repair_Installation,plus,Interchange,4,459.66718799999779000000,114.91679699999945
2026-03-01,Repair_Installation,plus,Subscription,4,95.00000000000000000000,23.75
2026-03-01,Repair_Installation,plus,Total revenue,4,617.24707006246354460000,154.31176751561588
2026-03-01,Repair_Installation,start,Banking fees,17,42.19999999999999600000,2.48235294117647
2026-03-01,Repair_Installation,start,Deposit interest,17,306.64522510027399147800,18.037954417663176
2026-03-01,Repair_Installation,start,Interchange,17,313.55960399999846065000,18.444682588235203
2026-03-01,Repair_Installation,start,Subscription,17,174.00000000000000000000,10.235294117647058
2026-03-01,Repair_Installation,start,Total revenue,17,836.40482910027244812800,49.200284064721906
2026-03-01,Restauration,business,Banking fees,2,0.00000000000000000000,0.0
2026-03-01,Restauration,business,Deposit interest,2,0.39043118027397270000,0.19521559013698633
2026-03-01,Restauration,business,Interchange,2,13.51101599999993190000,6.755507999999966
2026-03-01,Restauration,business,Subscription,2,80.00000000000000000000,40.0
2026-03-01,Restauration,business,Total revenue,2,93.90144718027390460000,46.95072359013695
2026-03-01,Restauration,free,Banking fees,126,281.67999999999999600000,2.2355555555555555
2026-03-01,Restauration,free,Deposit interest,126,502.70127679890417556760,3.989692673007176
2026-03-01,Restauration,free,Interchange,126,1833.01833779999115412000,14.547764585714214
2026-03-01,Restauration,free,Subscription,126,174.32000000000000000000,1.3834920634920633
2026-03-01,Restauration,free,Total revenue,126,2791.71961459889532568760,22.156504877769013
2026-03-01,Restauration,plus,Banking fees,65,1234.90000000000000000000,18.99846153846154
2026-03-01,Restauration,plus,Deposit interest,65,623.66996144931516926996,9.594922483835619
2026-03-01,Restauration,plus,Interchange,65,4611.91618619997779724000,70.95255671076889
2026-03-01,Restauration,plus,Subscription,65,1518.56666666600000000000,23.362564102553847
2026-03-01,Restauration,plus,Total revenue,65,7989.05281431529296650996,122.9085048356199
2026-03-01,Restauration,start,Banking fees,166,865.00000000000000000000,5.210843373493976
2026-03-01,Restauration,start,Deposit interest,166,1299.70017943616442449210,7.829519153229906
2026-03-01,Restauration,start,Interchange,166,3960.12311999998088476800,23.85616337349386
2026-03-01,Restauration,start,Subscription,166,1613.37500000000000000000,9.719126506024097
2026-03-01,Restauration,start,Total revenue,166,7738.19829943614530926010,46.615652406241836
2026-03-01,Retail,business,Banking fees,19,177.50000000000000000000,9.342105263157896
2026-03-01,Retail,business,Deposit interest,19,75.97952710575342345872,3.99892247925018
2026-03-01,Retail,business,Interchange,19,1061.73077219999477243000,55.880566957894466
2026-03-01,Retail,business,Subscription,19,1040.00000000000000000000,54.73684210526316
2026-03-01,Retail,business,Total revenue,19,2355.21029930574819588872,123.9584368055657
2026-03-01,Retail,free,Banking fees,746,2282.38000000000000090000,3.059490616621984
2026-03-01,Retail,free,Deposit interest,746,2962.17870316821941419422,3.970748931860884
2026-03-01,Retail,free,Interchange,746,6456.80556359996888345300,8.655235339946339
2026-03-01,Retail,free,Subscription,746,307.96125000000000000000,0.4128166890080429
2026-03-01,Retail,free,Total revenue,746,12009.32551676818829854722,16.09829157743725
2026-03-01,Retail,plus,Banking fees,210,3765.28000000000000000000,17.929904761904762
2026-03-01,Retail,plus,Deposit interest,210,3123.27496465698636117460,14.872737926938031
2026-03-01,Retail,plus,Interchange,210,9278.27273339995388336700,44.18225111142835
2026-03-01,Retail,plus,Subscription,210,4302.70833333100000000000,20.48908730157619
2026-03-01,Retail,plus,Total revenue,210,20469.53603138794024454160,97.47398110184733
2026-03-01,Retail,start,Banking fees,859,4145.41999999999999950000,4.825867287543655
2026-03-01,Retail,start,Deposit interest,859,8690.65071708602635724905,10.117171964011671
2026-03-01,Retail,start,Interchange,859,11928.15671759994179243939,13.886096295226942
2026-03-01,Retail,start,Subscription,859,8030.23189814700000000000,9.348349124734575
2026-03-01,Retail,start,Total revenue,859,32794.45933283296814918844,38.17748467151684
2026-03-01,Wholesale,business,Banking fees,13,0.00000000000000000000,0.0
2026-03-01,Wholesale,business,Deposit interest,13,137.80098375068493027140,10.600075673129611
2026-03-01,Wholesale,business,Interchange,13,70.96118399999966600000,5.45855261538459
2026-03-01,Wholesale,business,Subscription,13,960.00000000000000000000,73.84615384615384
2026-03-01,Wholesale,business,Total revenue,13,1168.76216775068459627140,89.90478213466804
2026-03-01,Wholesale,free,Banking fees,94,391.14000000000000000000,4.161063829787234
2026-03-01,Wholesale,free,Deposit interest,94,1187.52828916328774988220,12.63327967194987
2026-03-01,Wholesale,free,Interchange,94,395.15508719999809506000,4.203777523404235
2026-03-01,Wholesale,free,Subscription,94,60.93000000000000000000,0.6481914893617021
2026-03-01,Wholesale,free,Total revenue,94,2034.75337636328584494220,21.64631251450304
2026-03-01,Wholesale,plus,Banking fees,71,485.71999999999999900000,6.84112676056338
2026-03-01,Wholesale,plus,Deposit interest,71,1042.52486587452064040194,14.683448815134094
2026-03-01,Wholesale,plus,Interchange,71,3093.82614359998490519000,43.57501610704204
2026-03-01,Wholesale,plus,Subscription,71,1531.00000000000000000000,21.56338028169014
2026-03-01,Wholesale,plus,Total revenue,71,6153.07100947450554459194,86.66297196442966
2026-03-01,Wholesale,start,Banking fees,153,861.64000000000000000000,5.6316339869281045
2026-03-01,Wholesale,start,Deposit interest,153,1579.53953861479453166579,10.323787834083625
2026-03-01,Wholesale,start,Interchange,153,2149.15748759998954848000,14.046780964705814
2026-03-01,Wholesale,start,Subscription,153,1512.62500000000000000000,9.886437908496733
2026-03-01,Wholesale,start,Total revenue,153,6102.96202621478408014579,39.888640694214274
2026-04-01,Automobile_Trade_Repair,business,Banking fees,23,12.00000000000000000000,0.5217391304347826
2026-04-01,Automobile_Trade_Repair,business,Deposit interest,23,379.19971849589048433313,16.48694428243002
2026-04-01,Automobile_Trade_Repair,business,Interchange,23,2424.10811579998639288300,105.39600503478202
2026-04-01,Automobile_Trade_Repair,business,Subscription,23,1360.00000000000000000000,59.130434782608695
2026-04-01,Automobile_Trade_Repair,business,Total revenue,23,4175.30783429587687721613,181.53512323025552
2026-04-01,Automobile_Trade_Repair,free,Banking fees,178,493.10000000000000000000,2.770224719101124
2026-04-01,Automobile_Trade_Repair,free,Deposit interest,178,592.49299684383561950084,3.328612341819301
2026-04-01,Automobile_Trade_Repair,free,Interchange,178,1400.54324399999244987000,7.86822047191007
2026-04-01,Automobile_Trade_Repair,free,Subscription,178,116.38451612900000000000,0.6538455962303371
2026-04-01,Automobile_Trade_Repair,free,Total revenue,178,2602.52075697282806937084,14.620903129060832
2026-04-01,Automobile_Trade_Repair,plus,Banking fees,146,517.36000000000000900000,3.5435616438356163
2026-04-01,Automobile_Trade_Repair,plus,Deposit interest,146,1595.12196490904118536541,10.9254929103359
2026-04-01,Automobile_Trade_Repair,plus,Interchange,146,7152.71739479996139200800,48.991215032876454
2026-04-01,Automobile_Trade_Repair,plus,Subscription,146,3199.13978494600000000000,21.911916335246573
2026-04-01,Automobile_Trade_Repair,plus,Total revenue,146,12464.33914465500258637341,85.37218592229455
2026-04-01,Automobile_Trade_Repair,start,Banking fees,310,974.00000000000000000000,3.141935483870968
2026-04-01,Automobile_Trade_Repair,start,Deposit interest,310,1374.64737348273979815023,4.434346366073354
2026-04-01,Automobile_Trade_Repair,start,Interchange,310,7561.74892679995920123000,24.392738473548256
2026-04-01,Automobile_Trade_Repair,start,Subscription,310,3211.15048387100000100000,10.358549947970968
2026-04-01,Automobile_Trade_Repair,start,Total revenue,310,13121.54678415369900038023,42.32757027146354
2026-04-01,BTP,business,Banking fees,86,138.00000000000000000000,1.6046511627906976
2026-04-01,BTP,business,Deposit interest,86,1364.56715752164403691191,15.867059971181908
2026-04-01,BTP,business,Interchange,86,11648.69201339993592128000,135.4499071325574
2026-04-01,BTP,business,Subscription,86,5423.00000000000000000000,63.05813953488372
2026-04-01,BTP,business,Total revenue,86,18574.25917092157995819191,215.97975780141374
2026-04-01,BTP,free,Banking fees,1089,2518.80000000000000000000,2.312947658402204
2026-04-01,BTP,free,Deposit interest,1089,22252.56936986137021153693,20.43394799803615
2026-04-01,BTP,free,Interchange,1089,9608.49747719994788219900,8.823230006611523
2026-04-01,BTP,free,Subscription,1089,701.39903225799999700000,0.6440762463342516
2026-04-01,BTP,free,Total revenue,1089,35081.26587931931809073593,32.21420190938413
2026-04-01,BTP,plus,Banking fees,554,684.56000000000000000000,1.235667870036101
2026-04-01,BTP,plus,Deposit interest,554,6487.16033291561631057512,11.709675691183422
2026-04-01,BTP,plus,Interchange,554,25838.53410239986002828530,46.63995325342935
2026-04-01,BTP,plus,Subscription,554,12089.88172042800000000000,21.822891192108305
2026-04-01,BTP,plus,Total revenue,554,45100.13615574347633886042,81.40818800675719
2026-04-01,BTP,start,Banking fees,1166,2064.02000000000002000000,1.770171526586621
2026-04-01,BTP,start,Deposit interest,1166,13119.60405250191839120910,11.251804504718626
2026-04-01,BTP,start,Interchange,1166,27634.10389199985091092200,23.699917574613938
2026-04-01,BTP,start,Subscription,1166,11931.08572580664515800000,10.23249204614635
2026-04-01,BTP,start,Total revenue,1166,54748.81367030841448013110,46.95438565206554
2026-04-01,Bankers_Insurance,business,Banking fees,1,0.00000000000000000000,0.0
2026-04-01,Bankers_Insurance,business,Deposit interest,1,0.09512865534246577000,0.09512865534246576
2026-04-01,Bankers_Insurance,business,Interchange,1,0.00000000000000000000,0.0
2026-04-01,Bankers_Insurance,business,Subscription,1,80.00000000000000000000,80.0
2026-04-01,Bankers_Insurance,business,Total revenue,1,80.09512865534246577000,80.09512865534246
2026-04-01,Bankers_Insurance,free,Banking fees,145,1421.20000000000000000000,9.801379310344828
2026-04-01,Bankers_Insurance,free,Deposit interest,145,4312.96191478465786944508,29.744564929549366
2026-04-01,Bankers_Insurance,free,Interchange,145,543.69129419999705657000,3.7495951324137726
2026-04-01,Bankers_Insurance,free,Subscription,145,28.18258064500000000000,0.19436262513793104
2026-04-01,Bankers_Insurance,free,Total revenue,145,6306.03578962965492601508,43.48990199744589
2026-04-01,Bankers_Insurance,plus,Banking fees,14,0.00000000000000000000,0.0
2026-04-01,Bankers_Insurance,plus,Deposit interest,14,1194.78713402958895762430,85.34193814497064
2026-04-01,Bankers_Insurance,plus,Interchange,14,481.35961799999741370000,34.382829857142674
2026-04-01,Bankers_Insurance,plus,Subscription,14,240.00000000000000000000,17.142857142857142
2026-04-01,Bankers_Insurance,plus,Total revenue,14,1916.14675202958637132430,136.86762514497045
2026-04-01,Bankers_Insurance,start,Banking fees,97,6.86000000000000000000,0.07072164948453609
2026-04-01,Bankers_Insurance,start,Deposit interest,97,1398.74290301863030221730,14.420029928027118
2026-04-01,Bankers_Insurance,start,Interchange,97,852.31072799999537210400,8.786708536082427
2026-04-01,Bankers_Insurance,start,Subscription,97,871.57862903200000000000,8.985346691051546
2026-04-01,Bankers_Insurance,start,Total revenue,97,3129.49226005062567432130,32.26280680464563
2026-04-01,Bikers_Drivers,business,Banking fees,27,397.40000000000000000000,14.718518518518518
2026-04-01,Bikers_Drivers,business,Deposit interest,27,380.57678378191781132120,14.095436436367326
2026-04-01,Bikers_Drivers,business,Interchange,27,1802.32853399999021459000,66.7529086666663
2026-04-01,Bikers_Drivers,business,Subscription,27,1661.00000000000000000000,61.51851851851852
2026-04-01,Bikers_Drivers,business,Total revenue,27,4241.30531778190802591120,157.0853821400707
2026-04-01,Bikers_Drivers,free,Banking fees,304,972.80000000000000008000,3.1999999999999997
2026-04-01,Bikers_Drivers,free,Deposit interest,304,889.57684546410959869864,2.9262396232372025
2026-04-01,Bikers_Drivers,free,Interchange,304,2153.46741479998835493060,7.083774390789436
2026-04-01,Bikers_Drivers,free,Subscription,304,235.34000000000000000000,0.7741447368421053
2026-04-01,Bikers_Drivers,free,Total revenue,304,4251.18426026409795370924,13.984158750868744
2026-04-01,Bikers_Drivers,plus,Banking fees,137,769.48000000000000070000,5.616642335766423
2026-04-01,Bikers_Drivers,plus,Deposit interest,137,756.79888934794518899439,5.524079484291571
2026-04-01,Bikers_Drivers,plus,Interchange,137,4809.83184899997376606500,35.10826167153265
2026-04-01,Bikers_Drivers,plus,Subscription,137,2954.94666666600000000000,21.568953771284672
2026-04-01,Bikers_Drivers,plus,Total revenue,137,9291.05740501391895575939,67.81793726287532
2026-04-01,Bikers_Drivers,start,Banking fees,413,603.70000000000000000000,1.4617433414043584
2026-04-01,Bikers_Drivers,start,Deposit interest,413,1464.31476809917815528304,3.5455563392231917
2026-04-01,Bikers_Drivers,start,Interchange,413,7050.68847719996175814700,17.07188493268756
2026-04-01,Bikers_Drivers,start,Subscription,413,3979.93292679078125000000,9.636641469227072
2026-04-01,Bikers_Drivers,start,Total revenue,413,13098.63617208992116343004,31.71582608254218
2026-04-01,Cleaning_CallCenters,business,Banking fees,2,0.00000000000000000000,0.0
2026-04-01,Cleaning_CallCenters,business,Deposit interest,2,2.51761370410958913000,1.2588068520547946
2026-04-01,Cleaning_CallCenters,business,Interchange,2,23.28650999999987500000,11.643254999999938
2026-04-01,Cleaning_CallCenters,business,Subscription,2,160.00000000000000000000,80.0
2026-04-01,Cleaning_CallCenters,business,Total revenue,2,185.80412370410946413000,92.90206185205473
2026-04-01,Cleaning_CallCenters,free,Banking fees,34,25.60000000000000000000,0.7529411764705882
2026-04-01,Cleaning_CallCenters,free,Deposit interest,34,121.08223976164385704270,3.561242345930702
2026-04-01,Cleaning_CallCenters,free,Interchange,34,113.96467799999937064500,3.3519022941176284
2026-04-01,Cleaning_CallCenters,free,Subscription,34,0.00000000000000000000,0.0
2026-04-01,Cleaning_CallCenters,free,Total revenue,34,260.64691776164322768770,7.666085816518919
2026-04-01,Cleaning_CallCenters,plus,Banking fees,16,0.00000000000000000000,0.0
2026-04-01,Cleaning_CallCenters,plus,Deposit interest,16,294.65344757917808670315,18.41584047369863
2026-04-01,Cleaning_CallCenters,plus,Interchange,16,271.41307199999852790000,16.963316999999908
2026-04-01,Cleaning_CallCenters,plus,Subscription,16,330.00000000000000000000,20.625
2026-04-01,Cleaning_CallCenters,plus,Total revenue,16,896.06651957917661460315,56.00415747369854
2026-04-01,Cleaning_CallCenters,start,Banking fees,37,0.00000000000000000000,0.0
2026-04-01,Cleaning_CallCenters,start,Deposit interest,37,157.22646527506851272850,4.249363926353203
2026-04-01,Cleaning_CallCenters,start,Interchange,37,503.41278599999729819000,13.605750972972901
2026-04-01,Cleaning_CallCenters,start,Subscription,37,373.21875000000000000000,10.086993243243244
2026-04-01,Cleaning_CallCenters,start,Total revenue,37,1033.85800127506581091850,27.942108142569346
2026-04-01,Consultant,business,Banking fees,25,4.00000000000000000000,0.16
2026-04-01,Consultant,business,Deposit interest,25,557.69799433643830352640,22.307919773457535
2026-04-01,Consultant,business,Interchange,25,1944.29282939998908800500,77.77171317599957
2026-04-01,Consultant,business,Subscription,25,1600.00000000000000000000,64.0
2026-04-01,Consultant,business,Total revenue,25,4105.99082373642739153140,164.23963294945708
2026-04-01,Consultant,free,Banking fees,1287,2763.54000000000000000000,2.1472727272727274
2026-04-01,Consultant,free,Deposit interest,1287,14511.07978959178124888332,11.275120271633085
2026-04-01,Consultant,free,Interchange,1287,7378.41046859996001341100,5.733030667132836
2026-04-01,Consultant,free,Subscription,1287,581.24203065199999600000,0.4516255094421135
2026-04-01,Consultant,free,Total revenue,1287,25234.27228884374125829432,19.607049175480764
2026-04-01,Consultant,plus,Banking fees,208,927.32000000000000000000,4.458269230769231
2026-04-01,Consultant,plus,Deposit interest,208,6653.46810875123270511020,31.987827445919386
2026-04-01,Consultant,plus,Interchange,208,7811.25218999995719834680,37.55409706730749
2026-04-01,Consultant,plus,Subscription,208,4343.16633064200000000000,20.880607358855766
2026-04-01,Consultant,plus,Total revenue,208,19735.20662939318990345700,94.88080110285188
2026-04-01,Consultant,start,Banking fees,1346,3001.56000000000000000000,2.2299851411589895
2026-04-01,Consultant,start,Deposit interest,1346,23953.72818511123372622498,17.796231935446684
2026-04-01,Consultant,start,Interchange,1346,18354.88020059989942684600,13.636612333283729
2026-04-01,Consultant,start,Subscription,1346,12726.12262096464516000000,9.454771635189186
2026-04-01,Consultant,start,Total revenue,1346,58036.29100667577831307098,43.11760104507859
2026-04-01,Developer_IT,business,Banking fees,17,0.00000000000000000000,0.0
2026-04-01,Developer_IT,business,Deposit interest,17,154.67429727287672066609,9.098488074875101
2026-04-01,Developer_IT,business,Interchange,17,671.93193959999642840000,39.5254082117645
2026-04-01,Developer_IT,business,Subscription,17,905.00000000000000000000,53.23529411764706
2026-04-01,Developer_IT,business,Total revenue,17,1731.60623687287314906609,101.85919040428665
2026-04-01,Developer_IT,free,Banking fees,598,4347.60000000000000000000,7.270234113712375
2026-04-01,Developer_IT,free,Deposit interest,598,9945.02300351835662141521,16.630473250030697
2026-04-01,Developer_IT,free,Interchange,598,4066.79794919997816842754,6.800665466889596
2026-04-01,Developer_IT,free,Subscription,598,219.56749999999999800000,0.36716973244147155
2026-04-01,Developer_IT,free,Total revenue,598,18578.98845271833478784275,31.06854256307414
2026-04-01,Developer_IT,plus,Banking fees,105,139.00000000000000000000,1.3238095238095238
2026-04-01,Developer_IT,plus,Deposit interest,105,2034.67728783726029470203,19.37787893178343
2026-04-01,Developer_IT,plus,Interchange,105,4525.95155399997536027000,43.104300514285484
2026-04-01,Developer_IT,plus,Subscription,105,2146.39280913800000000000,20.44183627750476
2026-04-01,Developer_IT,plus,Total revenue,105,8846.02165097523565497203,84.24782524738319
2026-04-01,Developer_IT,start,Banking fees,616,2098.40000000000000000000,3.4064935064935065
2026-04-01,Developer_IT,start,Deposit interest,616,11286.07649001479488058041,18.32155274353051
2026-04-01,Developer_IT,start,Interchange,616,6454.46484179996501028000,10.47802734058436
2026-04-01,Developer_IT,start,Subscription,616,5756.22798694300000200000,9.344525952829546
2026-04-01,Developer_IT,start,Total revenue,616,25595.16931875775989286041,41.55059954343792
2026-04-01,Media_Publishing,business,Banking fees,3,0.00000000000000000000,0.0
2026-04-01,Media_Publishing,business,Deposit interest,3,9.09398320054794508800,3.031327733515982
2026-04-01,Media_Publishing,business,Interchange,3,136.44413999999926600000,45.48137999999975
2026-04-01,Media_Publishing,business,Subscription,3,160.00000000000000000000,53.333333333333336
2026-04-01,Media_Publishing,business,Total revenue,3,305.53812320054721108800,101.84604106684907
2026-04-01,Media_Publishing,free,Banking fees,272,1138.36000000000000000000,4.185147058823529
2026-04-01,Media_Publishing,free,Deposit interest,272,1185.08313029095894914953,4.356923273128525
2026-04-01,Media_Publishing,free,Interchange,272,1340.26508159999273464600,4.92744515294115
2026-04-01,Media_Publishing,free,Subscription,272,141.11000000000000200000,0.5187867647058824
2026-04-01,Media_Publishing,free,Total revenue,272,3804.81821189095168579553,13.988302249599087
2026-04-01,Media_Publishing,plus,Banking fees,37,218.14000000000000000000,5.895675675675675
2026-04-01,Media_Publishing,plus,Deposit interest,37,1277.19614264438355397280,34.51881466606442
2026-04-01,Media_Publishing,plus,Interchange,37,1996.02804059998875844100,53.946703799999696
2026-04-01,Media_Publishing,plus,Subscription,37,756.00000000000000000000,20.43243243243243
2026-04-01,Media_Publishing,plus,Total revenue,37,4247.36418324437231241380,114.79362657417224
2026-04-01,Media_Publishing,start,Banking fees,301,2005.22000000000000000000,6.661860465116279
2026-04-01,Media_Publishing,start,Deposit interest,301,4528.96474526958937681941,15.046394502556774
2026-04-01,Media_Publishing,start,Interchange,301,3162.64681799998273110000,10.50713228571423
2026-04-01,Media_Publishing,start,Subscription,301,2829.12021848700000000000,9.399070493312292
2026-04-01,Media_Publishing,start,Total revenue,301,12525.95178175657210791941,41.61445774669957
2026-04-01,Medical_Professionals,free,Banking fees,96,181.59999999999999960000,1.8916666666666666
2026-04-01,Medical_Professionals,free,Deposit interest,96,1152.16915494246579110700,12.001762030650687
2026-04-01,Medical_Professionals,free,Interchange,96,390.82780799999789196400,4.071122999999978
2026-04-01,Medical_Professionals,free,Subscription,96,29.00000000000000000000,0.3020833333333333
2026-04-01,Medical_Professionals,free,Total revenue,96,1753.59696294246368267100,18.266635030650665
2026-04-01,Medical_Professionals,plus,Banking fees,9,74.40000000000000000000,8.266666666666667
2026-04-01,Medical_Professionals,plus,Deposit interest,9,785.93963042904102960000,87.32662560322677
2026-04-01,Medical_Professionals,plus,Interchange,9,595.13137199999679340000,66.12570799999963
2026-04-01,Medical_Professionals,plus,Subscription,9,200.00000000000000000000,22.22222222222222
2026-04-01,Medical_Professionals,plus,Total revenue,9,1655.47100242903782300000,183.94122249211532
2026-04-01,Medical_Professionals,start,Banking fees,108,55.40000000000000000000,0.512962962962963
2026-04-01,Medical_Professionals,start,Deposit interest,108,1105.18952932821915867850,10.233236382668695
2026-04-01,Medical_Professionals,start,Interchange,108,1176.95411999999359024000,10.897723333333273
2026-04-01,Medical_Professionals,start,Subscription,108,991.93548387100000000000,9.18458781362037
2026-04-01,Medical_Professionals,start,Total revenue,108,3329.47913319921274891850,30.828510492585306
2026-04-01,Others,business,Banking fees,34,507.97999999999999860000,14.940588235294118
2026-04-01,Others,business,Deposit interest,34,719.94673782191782731476,21.17490405358582
2026-04-01,Others,business,Interchange,34,915.23634479999503424000,26.918716023529264
2026-04-01,Others,business,Subscription,34,2130.00000000000000000000,62.64705882352941
2026-04-01,Others,business,Total revenue,34,4273.16308262191286015476,125.6812671359386
2026-04-01,Others,free,Banking fees,1070,3338.04000000000000000000,3.119663551401869
2026-04-01,Others,free,Deposit interest,1070,5237.46517026794550032389,4.89482726193266
2026-04-01,Others,free,Interchange,1070,7370.21359619996012403900,6.888050089906505
2026-04-01,Others,free,Subscription,1070,627.40548387100000400000,0.5863602653
2026-04-01,Others,free,Total revenue,1070,16573.12425033890562836289,15.488901168541032
2026-04-01,Others,plus,Banking fees,350,1953.26000000000000000000,5.580742857142857
2026-04-01,Others,plus,Deposit interest,350,3282.26928084876721780993,9.377912230996477
2026-04-01,Others,plus,Interchange,350,10664.78538059994245742400,30.470815373142692
2026-04-01,Others,plus,Subscription,350,7553.62499999800000000000,21.58178571428
2026-04-01,Others,plus,Total revenue,350,23453.93966144670967523393,67.01125617556204
2026-04-01,Others,start,Banking fees,1224,4417.74000000000000000000,3.6092647058823526
2026-04-01,Others,start,Deposit interest,1224,8772.62302921369882084012,7.167175677462172
2026-04-01,Others,start,Interchange,1224,15425.16468119991641594200,12.60225872647052
2026-04-01,Others,start,Subscription,1224,11819.05384408653124750000,9.656089741900761
2026-04-01,Others,start,Total revenue,1224,40434.58155450014648428212,33.0347888517158
2026-04-01,Professeur,business,Banking fees,2,100.00000000000000000000,50.0
2026-04-01,Professeur,business,Deposit interest,2,67.80628691123288340000,33.903143455616444
2026-04-01,Professeur,business,Interchange,2,231.81125399999876500000,115.90562699999938
2026-04-01,Professeur,business,Subscription,2,160.00000000000000000000,80.0
2026-04-01,Professeur,business,Total revenue,2,559.61754091123164840000,279.80877045561584
2026-04-01,Professeur,free,Banking fees,228,451.10000000000000000000,1.9785087719298247
2026-04-01,Professeur,free,Deposit interest,228,1063.95005235616454057223,4.666447598053353
2026-04-01,Professeur,free,Interchange,228,1040.40510299999444359400,4.563180276315765
2026-04-01,Professeur,free,Subscription,228,222.58000000000000000000,0.9762280701754387
2026-04-01,Professeur,free,Total revenue,228,2778.03515535615898416623,12.184364716474382
2026-04-01,Professeur,plus,Banking fees,32,170.00000000000000000000,5.3125
2026-04-01,Professeur,plus,Deposit interest,32,746.73809286082205876397,23.335565401900688
2026-04-01,Professeur,plus,Interchange,32,732.74902919999596020000,22.898407162499876
2026-04-01,Professeur,plus,Subscription,32,669.81720430100000000000,20.93178763440625
2026-04-01,Professeur,plus,Total revenue,32,2319.30432636181801896397,72.47826019880681
2026-04-01,Professeur,start,Banking fees,246,398.20000000000000000000,1.6186991869918699
2026-04-01,Professeur,start,Deposit interest,246,1700.54891417808232093902,6.912800464138545
2026-04-01,Professeur,start,Interchange,246,1994.13513539998927910000,8.106240387804833
2026-04-01,Professeur,start,Subscription,246,2438.15456989200000000000,9.911197438585365
2026-04-01,Professeur,start,Total revenue,246,6531.03861947007160003902,26.548937477520614
2026-04-01,Repair,free,Banking fees,52,39.20000000000000000000,0.7538461538461539
2026-04-01,Repair,free,Deposit interest,52,81.42094764109589560664,1.5657874546364594
2026-04-01,Repair,free,Interchange,52,511.52131799999728465500,9.836948423076871
2026-04-01,Repair,free,Subscription,52,47.00000000000000000000,0.9038461538461539
2026-04-01,Repair,free,Total revenue,52,679.14226564109318026164,13.06042818540564
2026-04-01,Repair,plus,Banking fees,11,0.00000000000000000000,0.0
2026-04-01,Repair,plus,Deposit interest,11,85.75379022246574351810,7.795799111133249
2026-04-01,Repair,plus,Interchange,11,138.80590199999925829000,12.618718363636297
2026-04-01,Repair,plus,Subscription,11,201.00000000000000000000,18.272727272727273
2026-04-01,Repair,plus,Total revenue,11,425.55969222246500180810,38.68724474749682
2026-04-01,Repair,start,Banking fees,41,27.14000000000000000000,0.6619512195121952
2026-04-01,Repair,start,Deposit interest,41,206.11971755726028333980,5.027310184323421
2026-04-01,Repair,start,Interchange,41,332.00123399999821906000,8.097591073170687
2026-04-01,Repair,start,Subscription,41,352.82426075200000000000,8.605469774439024
2026-04-01,Repair,start,Total revenue,41,918.08521230925850239980,22.39232225144533
2026-04-01,Repair_Installation,business,Banking fees,1,0.00000000000000000000,0.0
2026-04-01,Repair_Installation,business,Deposit interest,1,0.28617468493150683000,0.28617468493150683
2026-04-01,Repair_Installation,business,Interchange,1,0.00000000000000000000,0.0
2026-04-01,Repair_Installation,business,Subscription,1,80.00000000000000000000,80.0
2026-04-01,Repair_Installation,business,Total revenue,1,80.28617468493150683000,80.28617468493151
2026-04-01,Repair_Installation,free,Banking fees,12,16.80000000000000000000,1.4000000000000001
2026-04-01,Repair_Installation,free,Deposit interest,12,76.99869647123288168800,6.416558039269407
2026-04-01,Repair_Installation,free,Interchange,12,149.63252399999916813000,12.46937699999993
2026-04-01,Repair_Installation,free,Subscription,12,11.00000000000000000000,0.9166666666666666
2026-04-01,Repair_Installation,free,Total revenue,12,254.43122047123204981800,21.202601705936004
2026-04-01,Repair_Installation,plus,Banking fees,6,0.00000000000000000000,0.0
2026-04-01,Repair_Installation,plus,Deposit interest,6,76.76060220219177730000,12.793433700365297
2026-04-01,Repair_Installation,plus,Interchange,6,575.51970599999678690000,95.91995099999946
2026-04-01,Repair_Installation,plus,Subscription,6,115.00000000000000000000,19.166666666666668
2026-04-01,Repair_Installation,plus,Total revenue,6,767.28030820218856420000,127.88005136703141
2026-04-01,Repair_Installation,start,Banking fees,18,0.00000000000000000000,0.0
2026-04-01,Repair_Installation,start,Deposit interest,18,346.04484881808220930400,19.22471382322679
2026-04-01,Repair_Installation,start,Interchange,18,331.44028199999821593000,18.4133489999999
2026-04-01,Repair_Installation,start,Subscription,18,188.64645161300000000000,10.480358422944445
2026-04-01,Repair_Installation,start,Total revenue,18,866.13158243108042523400,48.11842124617114
2026-04-01,Restauration,business,Banking fees,2,0.00000000000000000000,0.0
2026-04-01,Restauration,business,Deposit interest,2,0.51383941479452058000,0.2569197073972603
2026-04-01,Restauration,business,Interchange,2,48.98906999999974190000,24.49453499999987
2026-04-01,Restauration,business,Subscription,2,160.00000000000000000000,80.0
2026-04-01,Restauration,business,Total revenue,2,209.50290941479426248000,104.75145470739713
2026-04-01,Restauration,free,Banking fees,140,1075.60000000000000000000,7.682857142857142
2026-04-01,Restauration,free,Deposit interest,140,547.93303154739725336464,3.9138073681956946
2026-04-01,Restauration,free,Interchange,140,1596.36518999999128030500,11.402608499999937
2026-04-01,Restauration,free,Subscription,140,170.72677419400000000000,1.2194769585285714
2026-04-01,Restauration,free,Total revenue,140,3390.62499574138853366964,24.218749969581346
2026-04-01,Restauration,plus,Banking fees,72,1092.00000000000000000000,15.166666666666666
2026-04-01,Restauration,plus,Deposit interest,72,754.64297261205484586165,10.48115239738965
2026-04-01,Restauration,plus,Interchange,72,5814.35402759996922294700,80.75491704999958
2026-04-01,Restauration,plus,Subscription,72,1606.63118279500000000000,22.31432198326389
2026-04-01,Restauration,plus,Total revenue,72,9267.62818300702406880865,128.71705809731978
2026-04-01,Restauration,start,Banking fees,217,1199.58000000000000000000,5.5280184331797235
2026-04-01,Restauration,start,Deposit interest,217,1285.62339707835630274062,5.924531783771227
2026-04-01,Restauration,start,Interchange,217,4980.09355919997288246900,22.949739904147343
2026-04-01,Restauration,start,Subscription,217,2097.13814516100000100000,9.664231083691245
2026-04-01,Restauration,start,Total revenue,217,9562.43510143932918620962,44.06652120478953
2026-04-01,Retail,business,Banking fees,22,35.00000000000000000000,1.5909090909090908
2026-04-01,Retail,business,Deposit interest,22,99.21302384273974725070,4.509682901942716
2026-04-01,Retail,business,Interchange,22,1250.27239859999329373000,56.830563572726966
2026-04-01,Retail,business,Subscription,22,1280.00000000000000000000,58.18181818181818
2026-04-01,Retail,business,Total revenue,22,2664.48542244273304098070,121.11297374739696
2026-04-01,Retail,free,Banking fees,899,2083.56000000000000260000,2.317641824249166
2026-04-01,Retail,free,Deposit interest,899,3349.68928133589040410555,3.726016998148933
2026-04-01,Retail,free,Interchange,899,7191.34352279996107946544,7.999269769521647
2026-04-01,Retail,free,Subscription,899,520.29999999999999900000,0.578754171301446
2026-04-01,Retail,free,Total revenue,899,13144.89280413585148517099,14.621682763221193
2026-04-01,Retail,plus,Banking fees,245,1251.88000000000000000000,5.109714285714286
2026-04-01,Retail,plus,Deposit interest,245,3457.01497657315079902655,14.110265210502655
2026-04-01,Retail,plus,Interchange,245,11483.06797079993666101900,46.86966518693852
2026-04-01,Retail,plus,Subscription,245,4961.04276881500000000000,20.249154158428574
2026-04-01,Retail,plus,Total revenue,245,21153.00571618808746004555,86.33879884158402
2026-04-01,Retail,start,Banking fees,999,4121.14000000000000000000,4.1252652652652655
2026-04-01,Retail,start,Deposit interest,999,9764.84468232383538539533,9.77461930162546
2026-04-01,Retail,start,Interchange,999,14348.73039119992225981100,14.363093484684606
2026-04-01,Retail,start,Subscription,999,9686.93903225646875200000,9.696635667924394
2026-04-01,Retail,start,Total revenue,999,37921.65410578022639720633,37.95961371949972
2026-04-01,Wholesale,business,Banking fees,17,0.08000000000000000000,0.004705882352941177
2026-04-01,Wholesale,business,Deposit interest,17,140.22446936602738928600,8.248498198001611
2026-04-01,Wholesale,business,Interchange,17,944.41734359999531241200,55.55396138823502
2026-04-01,Wholesale,business,Subscription,17,1040.00000000000000000000,61.1764705882353
2026-04-01,Wholesale,business,Total revenue,17,2124.72181296602270169800,124.98363605682486
2026-04-01,Wholesale,free,Banking fees,121,1180.24000000000000000000,9.75404958677686
2026-04-01,Wholesale,free,Deposit interest,121,1324.10239529972611754440,10.942995002477076
2026-04-01,Wholesale,free,Interchange,121,1324.95292079999279908000,10.950024138842917
2026-04-01,Wholesale,free,Subscription,121,116.80000000000000000000,0.965289256198347
2026-04-01,Wholesale,free,Total revenue,121,3946.09531609971891662440,32.612357984295194
2026-04-01,Wholesale,plus,Banking fees,85,257.08000000000000000000,3.024470588235294
2026-04-01,Wholesale,plus,Deposit interest,85,1050.87651479780821236249,12.36325311526833
2026-04-01,Wholesale,plus,Interchange,85,4098.44499299997771553400,48.216999917646795
2026-04-01,Wholesale,plus,Subscription,85,1866.40860215000000000000,21.957748260588236
2026-04-01,Wholesale,plus,Total revenue,85,7272.81010994778592789649,85.56247188173866
2026-04-01,Wholesale,start,Banking fees,177,261.08000000000000000000,1.4750282485875705
2026-04-01,Wholesale,start,Deposit interest,177,1883.31088091013700556839,10.640174468418854
2026-04-01,Wholesale,start,Interchange,177,2529.02134079998629296800,14.288256162711788
2026-04-01,Wholesale,start,Subscription,177,1788.32838709700000000000,10.10355020958757
2026-04-01,Wholesale,start,Total revenue,177,6461.74060880712329853639,36.50700908930578
