activation_month,observation_month,months_since_activation,persona,initial_subscription_group,segment_level,activated_cohort_size,active_companies,continuously_active_companies,reactivated_active_companies,active_share_pct,continuously_active_share_pct,reactivated_active_share_pct,average_current_streak_among_active,total_revenue,monthly_revenue_per_original_activated_company
2025-10-01,2025-10-01,0,ALL,business,initial_plan,28,28,28,0,100.0,100.0,0.0,1.0,1802.48041352295706503951,64.37430048296275
2025-10-01,2025-10-01,0,ALL,free,initial_plan,409,408,408,0,99.76,99.76,0.0,1.0,11132.18962929544522884208,27.218067553289593
2025-10-01,2025-10-01,0,ALL,plus,initial_plan,211,210,210,0,99.53,99.53,0.0,1.0,8606.70509217430842841483,40.790071526892454
2025-10-01,2025-10-01,0,ALL,start,initial_plan,548,547,547,0,99.82,99.82,0.0,1.0,14063.50712963112283309501,25.663334178158983
2025-10-01,2025-10-01,0,ALL,ALL,overall,1196,1193,1193,0,99.75,99.75,0.0,1.0,35604.88226462383355539143,29.769968448682135
2025-10-01,2025-10-01,0,Automobile_Trade_Repair,ALL,persona,53,53,53,0,100.0,100.0,0.0,1.0,3486.51424778167305425006,65.78328769399383
2025-10-01,2025-10-01,0,BTP,ALL,persona,240,239,239,0,99.58,99.58,0.0,1.0,7075.62178786533623010768,29.4817574494389
2025-10-01,2025-10-01,0,Bankers_Insurance,ALL,persona,15,15,15,0,100.0,100.0,0.0,1.0,720.01274181904369897220,48.000849454602914
2025-10-01,2025-10-01,0,Bikers_Drivers,ALL,persona,100,99,99,0,99.0,99.0,0.0,1.0,2988.00434419634512636350,29.88004344196345
2025-10-01,2025-10-01,0,Cleaning_CallCenters,ALL,persona,6,6,6,0,100.0,100.0,0.0,1.0,149.24100030520547723484,24.87350005086758
2025-10-01,2025-10-01,0,Consultant,ALL,persona,202,202,202,0,100.0,100.0,0.0,1.0,5059.52903145220695517783,25.047173423030728
2025-10-01,2025-10-01,0,Developer_IT,ALL,persona,91,90,90,0,98.9,98.9,0.0,1.0,3284.30133045510412427440,36.09122341159455
2025-10-01,2025-10-01,0,Media_Publishing,ALL,persona,34,34,34,0,100.0,100.0,0.0,1.0,710.88591607028441105265,20.908409296184836
2025-10-01,2025-10-01,0,Medical_Professionals,ALL,persona,14,14,14,0,100.0,100.0,0.0,1.0,25.76206821898285485943,1.8401477299273468
2025-10-01,2025-10-01,0,Others,ALL,persona,191,191,191,0,100.0,100.0,0.0,1.0,4970.94465112956174690856,26.025888225809226
2025-10-01,2025-10-01,0,Professeur,ALL,persona,34,34,34,0,100.0,100.0,0.0,1.0,207.23198315856786538550,6.095058328193172
2025-10-01,2025-10-01,0,Repair,ALL,persona,8,8,8,0,100.0,100.0,0.0,1.0,177.10865082377769404280,22.138581352972214
2025-10-01,2025-10-01,0,Restauration,ALL,persona,28,28,28,0,100.0,100.0,0.0,1.0,1217.39735617144830753890,43.47847700612316
2025-10-01,2025-10-01,0,Retail,ALL,persona,157,157,157,0,100.0,100.0,0.0,1.0,5076.46450528032988220562,32.334168823441594
2025-10-01,2025-10-01,0,Wholesale,ALL,persona,23,23,23,0,100.0,100.0,0.0,1.0,455.86264989596612701746,19.820115212868092
2025-10-01,2025-10-01,0,Automobile_Trade_Repair,business,persona_x_initial_plan,5,5,5,0,100.0,100.0,0.0,1.0,129.54446276924893101680,25.908892553849785
2025-10-01,2025-10-01,0,Automobile_Trade_Repair,free,persona_x_initial_plan,15,15,15,0,100.0,100.0,0.0,1.0,456.78125388634078392486,30.452083592422717
2025-10-01,2025-10-01,0,Automobile_Trade_Repair,plus,persona_x_initial_plan,11,11,11,0,100.0,100.0,0.0,1.0,529.20196269822303578200,48.1092693362021
2025-10-01,2025-10-01,0,Automobile_Trade_Repair,start,persona_x_initial_plan,22,22,22,0,100.0,100.0,0.0,1.0,2370.98656842786030352640,107.77211674672093
2025-10-01,2025-10-01,0,BTP,business,persona_x_initial_plan,8,8,8,0,100.0,100.0,0.0,1.0,743.89655500790343935000,92.98706937598793
2025-10-01,2025-10-01,0,BTP,free,persona_x_initial_plan,73,73,73,0,100.0,100.0,0.0,1.0,2057.96252622807252244390,28.191267482576336
2025-10-01,2025-10-01,0,BTP,plus,persona_x_initial_plan,68,67,67,0,98.53,98.53,0.0,1.0,2114.27796744281269514613,31.092323050629595
2025-10-01,2025-10-01,0,BTP,start,persona_x_initial_plan,91,91,91,0,100.0,100.0,0.0,1.0,2159.48473918654757316765,23.7306015295225
2025-10-01,2025-10-01,0,Bankers_Insurance,free,persona_x_initial_plan,8,8,8,0,100.0,100.0,0.0,1.0,299.11712315013698272220,37.389640393767124
2025-10-01,2025-10-01,0,Bankers_Insurance,start,persona_x_initial_plan,7,7,7,0,100.0,100.0,0.0,1.0,420.89561866890671625000,60.12794552412953
2025-10-01,2025-10-01,0,Bikers_Drivers,business,persona_x_initial_plan,5,5,5,0,100.0,100.0,0.0,1.0,297.18655090650905367970,59.43731018130181
2025-10-01,2025-10-01,0,Bikers_Drivers,free,persona_x_initial_plan,36,35,35,0,97.22,97.22,0.0,1.0,1000.84366750082648500702,27.80121298613407
2025-10-01,2025-10-01,0,Bikers_Drivers,plus,persona_x_initial_plan,26,26,26,0,100.0,100.0,0.0,1.0,775.16200376528228401490,29.813923221741625
2025-10-01,2025-10-01,0,Bikers_Drivers,start,persona_x_initial_plan,33,33,33,0,100.0,100.0,0.0,1.0,914.81212202372730366188,27.721579455264465
2025-10-01,2025-10-01,0,Cleaning_CallCenters,free,persona_x_initial_plan,4,4,4,0,100.0,100.0,0.0,1.0,139.62245045698630113484,34.90561261424658
2025-10-01,2025-10-01,0,Cleaning_CallCenters,start,persona_x_initial_plan,2,2,2,0,100.0,100.0,0.0,1.0,9.61854984821917610000,4.809274924109588
2025-10-01,2025-10-01,0,Consultant,business,persona_x_initial_plan,2,2,2,0,100.0,100.0,0.0,1.0,4.81070023616438436301,2.4053501180821923
2025-10-01,2025-10-01,0,Consultant,free,persona_x_initial_plan,80,80,80,0,100.0,100.0,0.0,1.0,2483.46164341116695007828,31.043270542639583
2025-10-01,2025-10-01,0,Consultant,plus,persona_x_initial_plan,15,15,15,0,100.0,100.0,0.0,1.0,331.07391925646775353040,22.07159461709785
2025-10-01,2025-10-01,0,Consultant,start,persona_x_initial_plan,105,105,105,0,100.0,100.0,0.0,1.0,2240.18276854840786720614,21.33507398617531
2025-10-01,2025-10-01,0,Developer_IT,free,persona_x_initial_plan,35,35,35,0,100.0,100.0,0.0,1.0,905.94603461665353940470,25.88417241761867
2025-10-01,2025-10-01,0,Developer_IT,plus,persona_x_initial_plan,13,13,13,0,100.0,100.0,0.0,1.0,509.12535689828422086180,39.16348899217571
2025-10-01,2025-10-01,0,Developer_IT,start,persona_x_initial_plan,43,42,42,0,97.67,97.67,0.0,1.0,1869.22993894016636400790,43.47046369628294
2025-10-01,2025-10-01,0,Media_Publishing,free,persona_x_initial_plan,15,15,15,0,100.0,100.0,0.0,1.0,265.17795093847789228299,17.678530062565194
2025-10-01,2025-10-01,0,Media_Publishing,plus,persona_x_initial_plan,1,1,1,0,100.0,100.0,0.0,1.0,86.61230918116808300000,86.61230918116809
2025-10-01,2025-10-01,0,Media_Publishing,start,persona_x_initial_plan,18,18,18,0,100.0,100.0,0.0,1.0,359.09565595063843576966,19.949758663924356
2025-10-01,2025-10-01,0,Medical_Professionals,free,persona_x_initial_plan,5,5,5,0,100.0,100.0,0.0,1.0,8.65905558621354764900,1.7318111172427095
2025-10-01,2025-10-01,0,Medical_Professionals,plus,persona_x_initial_plan,1,1,1,0,100.0,100.0,0.0,1.0,0.02746849315068492600,0.027468493150684926
2025-10-01,2025-10-01,0,Medical_Professionals,start,persona_x_initial_plan,8,8,8,0,100.0,100.0,0.0,1.0,17.07554413961862228443,2.1344430174523277
2025-10-01,2025-10-01,0,Others,business,persona_x_initial_plan,6,6,6,0,100.0,100.0,0.0,1.0,477.95256366522227873000,79.65876061087037
2025-10-01,2025-10-01,0,Others,free,persona_x_initial_plan,59,59,59,0,100.0,100.0,0.0,1.0,1707.23183782586830288093,28.936132844506243
2025-10-01,2025-10-01,0,Others,plus,persona_x_initial_plan,34,34,34,0,100.0,100.0,0.0,1.0,1118.29485788898208482427,32.89102523202888
2025-10-01,2025-10-01,0,Others,start,persona_x_initial_plan,92,92,92,0,100.0,100.0,0.0,1.0,1667.46539174948908047336,18.12462382336401
2025-10-01,2025-10-01,0,Professeur,free,persona_x_initial_plan,12,12,12,0,100.0,100.0,0.0,1.0,128.26939399285228624650,10.689116166071024
2025-10-01,2025-10-01,0,Professeur,plus,persona_x_initial_plan,1,1,1,0,100.0,100.0,0.0,1.0,0.54936986301369872000,0.5493698630136987
2025-10-01,2025-10-01,0,Professeur,start,persona_x_initial_plan,21,21,21,0,100.0,100.0,0.0,1.0,78.41321930270188041900,3.7339628239381843
2025-10-01,2025-10-01,0,Repair,free,persona_x_initial_plan,3,3,3,0,100.0,100.0,0.0,1.0,138.54418305101560620280,46.181394350338536
2025-10-01,2025-10-01,0,Repair,plus,persona_x_initial_plan,1,1,1,0,100.0,100.0,0.0,1.0,17.80104044394788773000,17.801040443947887
2025-10-01,2025-10-01,0,Repair,start,persona_x_initial_plan,4,4,4,0,100.0,100.0,0.0,1.0,20.76342732881420011000,5.19085683220355
2025-10-01,2025-10-01,0,Restauration,free,persona_x_initial_plan,9,9,9,0,100.0,100.0,0.0,1.0,165.17762419751720115930,18.353069355279686
2025-10-01,2025-10-01,0,Restauration,plus,persona_x_initial_plan,12,12,12,0,100.0,100.0,0.0,1.0,806.28584172652318450260,67.19048681054359
2025-10-01,2025-10-01,0,Restauration,start,persona_x_initial_plan,7,7,7,0,100.0,100.0,0.0,1.0,245.93389024740792187700,35.133412892486845
2025-10-01,2025-10-01,0,Retail,business,persona_x_initial_plan,1,1,1,0,100.0,100.0,0.0,1.0,147.57774928421034790000,147.57774928421034
2025-10-01,2025-10-01,0,Retail,free,persona_x_initial_plan,49,49,49,0,100.0,100.0,0.0,1.0,1076.08659431227044090500,21.960950904332048
2025-10-01,2025-10-01,0,Retail,plus,persona_x_initial_plan,25,25,25,0,100.0,100.0,0.0,1.0,2284.73358884403999711673,91.38934355376159
2025-10-01,2025-10-01,0,Retail,start,persona_x_initial_plan,82,82,82,0,100.0,100.0,0.0,1.0,1568.06657283980909628389,19.122763083412305
2025-10-01,2025-10-01,0,Wholesale,business,persona_x_initial_plan,1,1,1,0,100.0,100.0,0.0,1.0,1.51183165369863000000,1.5118316536986298
2025-10-01,2025-10-01,0,Wholesale,free,persona_x_initial_plan,6,6,6,0,100.0,100.0,0.0,1.0,299.30829014104638679976,49.88471502350773
2025-10-01,2025-10-01,0,Wholesale,plus,persona_x_initial_plan,3,3,3,0,100.0,100.0,0.0,1.0,33.55940567241281826000,11.186468557470938
2025-10-01,2025-10-01,0,Wholesale,start,persona_x_initial_plan,13,13,13,0,100.0,100.0,0.0,1.0,121.48312242880829195770,9.344855571446791
2025-10-01,2025-11-01,1,ALL,business,initial_plan,28,25,25,0,89.29,89.29,0.0,2.0,3896.54051926766077766575,139.16216140241644
2025-10-01,2025-11-01,1,ALL,free,initial_plan,409,391,391,0,95.6,95.6,0.0,2.0,9715.14491725226203947449,23.753410555629003
2025-10-01,2025-11-01,1,ALL,plus,initial_plan,211,200,199,1,94.79,94.31,0.47,2.0,14079.13530985986503764296,66.72575976236902
2025-10-01,2025-11-01,1,ALL,start,initial_plan,548,537,537,0,97.99,97.99,0.0,2.0,21858.15389772821700878351,39.88714214913908
2025-10-01,2025-11-01,1,ALL,ALL,overall,1196,1153,1152,1,96.4,96.32,0.08,2.0,49548.97464410800486356671,41.428908565307694
2025-10-01,2025-11-01,1,Automobile_Trade_Repair,ALL,persona,53,53,53,0,100.0,100.0,0.0,2.0,3047.73340827387294581555,57.50440392969572
2025-10-01,2025-11-01,1,BTP,ALL,persona,240,229,228,1,95.42,95.0,0.42,2.0,20417.57511171400849184260,85.0732296321417
2025-10-01,2025-11-01,1,Bankers_Insurance,ALL,persona,15,14,14,0,93.33,93.33,0.0,2.0,438.40114305634008954730,29.226742870422676
2025-10-01,2025-11-01,1,Bikers_Drivers,ALL,persona,100,92,92,0,92.0,92.0,0.0,2.0,3482.88706532971524613253,34.82887065329715
2025-10-01,2025-11-01,1,Cleaning_CallCenters,ALL,persona,6,6,6,0,100.0,100.0,0.0,2.0,56.77721512426079049518,9.462869187376798
2025-10-01,2025-11-01,1,Consultant,ALL,persona,202,197,197,0,97.52,97.52,0.0,2.0,6502.86330577688441869731,32.19239260285587
2025-10-01,2025-11-01,1,Developer_IT,ALL,persona,91,84,84,0,92.31,92.31,0.0,2.0,1837.08433766079213969640,20.18773997429442
2025-10-01,2025-11-01,1,Media_Publishing,ALL,persona,34,32,32,0,94.12,94.12,0.0,2.0,1591.83301026964005592419,46.81861794910706
2025-10-01,2025-11-01,1,Medical_Professionals,ALL,persona,14,14,14,0,100.0,100.0,0.0,2.0,313.74497399542523361300,22.410355285387517
2025-10-01,2025-11-01,1,Others,ALL,persona,191,185,185,0,96.86,96.86,0.0,2.0,5519.92807552558107450365,28.90014699228053
2025-10-01,2025-11-01,1,Professeur,ALL,persona,34,34,34,0,100.0,100.0,0.0,2.0,761.88511120336501162632,22.408385623628384
2025-10-01,2025-11-01,1,Repair,ALL,persona,8,8,8,0,100.0,100.0,0.0,2.0,126.75816229849804230860,15.844770287312254
2025-10-01,2025-11-01,1,Restauration,ALL,persona,28,27,27,0,96.43,96.43,0.0,2.0,702.98423555428857861420,25.106579841224594
2025-10-01,2025-11-01,1,Retail,ALL,persona,157,155,155,0,98.73,98.73,0.0,2.0,3805.72895779225620311068,24.240311833071694
2025-10-01,2025-11-01,1,Wholesale,ALL,persona,23,23,23,0,100.0,100.0,0.0,2.0,942.79053053307654163920,40.990892631872896
2025-10-01,2025-11-01,1,Automobile_Trade_Repair,business,persona_x_initial_plan,5,5,5,0,100.0,100.0,0.0,2.0,605.66950739349104517375,121.1339014786982
2025-10-01,2025-11-01,1,Automobile_Trade_Repair,free,persona_x_initial_plan,15,15,15,0,100.0,100.0,0.0,2.0,403.31862908718776318700,26.88790860581252
2025-10-01,2025-11-01,1,Automobile_Trade_Repair,plus,persona_x_initial_plan,11,11,11,0,100.0,100.0,0.0,2.0,1424.91101979076948886290,129.5373654355245
2025-10-01,2025-11-01,1,Automobile_Trade_Repair,start,persona_x_initial_plan,22,22,22,0,100.0,100.0,0.0,2.0,613.83425200242464859190,27.901556909201123
2025-10-01,2025-11-01,1,BTP,business,persona_x_initial_plan,8,7,7,0,87.5,87.5,0.0,2.0,1595.05155112819044221000,199.3814438910238
2025-10-01,2025-11-01,1,BTP,free,persona_x_initial_plan,73,69,69,0,94.52,94.52,0.0,2.0,4999.91796034259417823650,68.49202685400815
2025-10-01,2025-11-01,1,BTP,plus,persona_x_initial_plan,68,64,63,1,94.12,92.65,1.47,1.98,5789.01998511830912147097,85.13264683997512
2025-10-01,2025-11-01,1,BTP,start,persona_x_initial_plan,91,89,89,0,97.8,97.8,0.0,2.0,8033.58561512491474992513,88.28116060576829
2025-10-01,2025-11-01,1,Bankers_Insurance,free,persona_x_initial_plan,8,7,7,0,87.5,87.5,0.0,2.0,86.41553017902035504730,10.801941272377544
2025-10-01,2025-11-01,1,Bankers_Insurance,start,persona_x_initial_plan,7,7,7,0,100.0,100.0,0.0,2.0,351.98561287731973450000,50.28365898247425
2025-10-01,2025-11-01,1,Bikers_Drivers,business,persona_x_initial_plan,5,5,5,0,100.0,100.0,0.0,2.0,622.24778171061233569800,124.44955634212246
2025-10-01,2025-11-01,1,Bikers_Drivers,free,persona_x_initial_plan,36,33,33,0,91.67,91.67,0.0,2.0,425.56747766555084615734,11.821318824043079
2025-10-01,2025-11-01,1,Bikers_Drivers,plus,persona_x_initial_plan,26,23,23,0,88.46,88.46,0.0,2.0,1751.22618380821673441019,67.35485322339295
2025-10-01,2025-11-01,1,Bikers_Drivers,start,persona_x_initial_plan,33,31,31,0,93.94,93.94,0.0,2.0,683.84562214533532986700,20.722594610464707
2025-10-01,2025-11-01,1,Cleaning_CallCenters,free,persona_x_initial_plan,4,4,4,0,100.0,100.0,0.0,2.0,1.68629771835616449518,0.4215744295890411
2025-10-01,2025-11-01,1,Cleaning_CallCenters,start,persona_x_initial_plan,2,2,2,0,100.0,100.0,0.0,2.0,55.09091740590462600000,27.545458702952313
2025-10-01,2025-11-01,1,Consultant,business,persona_x_initial_plan,2,2,2,0,100.0,100.0,0.0,2.0,137.42665616884718270000,68.7133280844236
2025-10-01,2025-11-01,1,Consultant,free,persona_x_initial_plan,80,77,77,0,96.25,96.25,0.0,2.0,1250.25692651540122009820,15.628211581442514
2025-10-01,2025-11-01,1,Consultant,plus,persona_x_initial_plan,15,15,15,0,100.0,100.0,0.0,2.0,1403.48549768532187337900,93.56569984568813
2025-10-01,2025-11-01,1,Consultant,start,persona_x_initial_plan,105,103,103,0,98.1,98.1,0.0,2.0,3711.69422540731414252011,35.34946881340299
2025-10-01,2025-11-01,1,Developer_IT,free,persona_x_initial_plan,35,31,31,0,88.57,88.57,0.0,2.0,472.33819432250862823440,13.495376980643103
2025-10-01,2025-11-01,1,Developer_IT,plus,persona_x_initial_plan,13,12,12,0,92.31,92.31,0.0,2.0,410.35947110452452370000,31.566113161886502
2025-10-01,2025-11-01,1,Developer_IT,start,persona_x_initial_plan,43,41,41,0,95.35,95.35,0.0,2.0,954.38667223375898776200,22.195038889157185
2025-10-01,2025-11-01,1,Media_Publishing,free,persona_x_initial_plan,15,14,14,0,93.33,93.33,0.0,2.0,83.83684703989817688219,5.589123135993211
2025-10-01,2025-11-01,1,Media_Publishing,plus,persona_x_initial_plan,1,1,1,0,100.0,100.0,0.0,2.0,296.53974248362426700000,296.53974248362425
2025-10-01,2025-11-01,1,Media_Publishing,start,persona_x_initial_plan,18,17,17,0,94.44,94.44,0.0,2.0,1211.45642074611761204200,67.30313448589543
2025-10-01,2025-11-01,1,Medical_Professionals,free,persona_x_initial_plan,5,5,5,0,100.0,100.0,0.0,2.0,75.68744391915191360000,15.137488783830383
2025-10-01,2025-11-01,1,Medical_Professionals,plus,persona_x_initial_plan,1,1,1,0,100.0,100.0,0.0,2.0,35.60530807557556980000,35.60530807557557
2025-10-01,2025-11-01,1,Medical_Professionals,start,persona_x_initial_plan,8,8,8,0,100.0,100.0,0.0,2.0,202.45222200069775021300,25.30652775008722
2025-10-01,2025-11-01,1,Others,business,persona_x_initial_plan,6,5,5,0,83.33,83.33,0.0,2.0,847.87855762706771708400,141.31309293784463
2025-10-01,2025-11-01,1,Others,free,persona_x_initial_plan,59,58,58,0,98.31,98.31,0.0,2.0,744.51836035563893878076,12.618955260265066
2025-10-01,2025-11-01,1,Others,plus,persona_x_initial_plan,34,32,32,0,94.12,94.12,0.0,2.0,1072.87223673391237123651,31.55506578629154
2025-10-01,2025-11-01,1,Others,start,persona_x_initial_plan,92,90,90,0,97.83,97.83,0.0,2.0,2854.65892080896204740238,31.028901313140892
2025-10-01,2025-11-01,1,Professeur,free,persona_x_initial_plan,12,12,12,0,100.0,100.0,0.0,2.0,95.36664944140479727932,7.947220786783734
2025-10-01,2025-11-01,1,Professeur,plus,persona_x_initial_plan,1,1,1,0,100.0,100.0,0.0,2.0,28.99907945205479590000,28.999079452054797
2025-10-01,2025-11-01,1,Professeur,start,persona_x_initial_plan,21,21,21,0,100.0,100.0,0.0,2.0,637.51938230990541844700,30.35806582428121
2025-10-01,2025-11-01,1,Repair,free,persona_x_initial_plan,3,3,3,0,100.0,100.0,0.0,2.0,5.17164555569076662860,1.7238818518969223
2025-10-01,2025-11-01,1,Repair,plus,persona_x_initial_plan,1,1,1,0,100.0,100.0,0.0,2.0,37.72724009995606137000,37.72724009995606
2025-10-01,2025-11-01,1,Repair,start,persona_x_initial_plan,4,4,4,0,100.0,100.0,0.0,2.0,83.85927664285121431000,20.964819160712803
2025-10-01,2025-11-01,1,Restauration,free,persona_x_initial_plan,9,9,9,0,100.0,100.0,0.0,2.0,108.98168707015497170820,12.10907634112833
2025-10-01,2025-11-01,1,Restauration,plus,persona_x_initial_plan,12,11,11,0,91.67,91.67,0.0,2.0,431.74591066732336076300,35.97882588894361
2025-10-01,2025-11-01,1,Restauration,start,persona_x_initial_plan,7,7,7,0,100.0,100.0,0.0,2.0,162.25663781681024614300,23.17951968811575
2025-10-01,2025-11-01,1,Retail,business,persona_x_initial_plan,1,0,0,0,0.0,0.0,0.0,,0.00000000000000000000,0.0
2025-10-01,2025-11-01,1,Retail,free,persona_x_initial_plan,49,48,48,0,97.96,97.96,0.0,2.0,788.23001635183842145620,16.086326864323233
2025-10-01,2025-11-01,1,Retail,plus,persona_x_initial_plan,25,25,25,0,100.0,100.0,0.0,2.0,1098.94735910125145414739,43.95789436405006
2025-10-01,2025-11-01,1,Retail,start,persona_x_initial_plan,82,82,82,0,100.0,100.0,0.0,2.0,1918.55158233916632750709,23.396970516331297
2025-10-01,2025-11-01,1,Wholesale,business,persona_x_initial_plan,1,1,1,0,100.0,100.0,0.0,2.0,88.26646523945205480000,88.26646523945206
2025-10-01,2025-11-01,1,Wholesale,free,persona_x_initial_plan,6,6,6,0,100.0,100.0,0.0,2.0,173.85125168786489768330,28.97520861464415
2025-10-01,2025-11-01,1,Wholesale,plus,persona_x_initial_plan,3,3,3,0,100.0,100.0,0.0,2.0,297.69627573902541560300,99.23209191300846
2025-10-01,2025-11-01,1,Wholesale,start,persona_x_initial_plan,13,13,13,0,100.0,100.0,0.0,2.0,382.97653786673417355290,29.459733682056477
2025-10-01,2025-12-01,2,ALL,business,initial_plan,28,22,22,0,78.57,78.57,0.0,3.0,3045.27135478281828306069,108.75969124224352
2025-10-01,2025-12-01,2,ALL,free,initial_plan,409,377,374,3,92.18,91.44,0.73,2.98,10530.76252720225661895725,25.74758564108131
2025-10-01,2025-12-01,2,ALL,plus,initial_plan,211,184,182,2,87.2,86.26,0.95,2.98,12679.33415877194776506863,60.09163108422724
2025-10-01,2025-12-01,2,ALL,start,initial_plan,548,518,516,2,94.53,94.16,0.36,2.99,24069.00288757720974022224,43.92153811601681
2025-10-01,2025-12-01,2,ALL,ALL,overall,1196,1101,1094,7,92.06,91.47,0.59,2.99,50324.37092833423240730881,42.07723321767076
2025-10-01,2025-12-01,2,Automobile_Trade_Repair,ALL,persona,53,49,49,0,92.45,92.45,0.0,3.0,3492.15675444798698901429,65.88975008392428
2025-10-01,2025-12-01,2,BTP,ALL,persona,240,218,217,1,90.83,90.42,0.42,3.0,16045.91673905997574804502,66.8579864127499
2025-10-01,2025-12-01,2,Bankers_Insurance,ALL,persona,15,14,13,1,93.33,86.67,6.67,2.86,1048.36278867779624645610,69.89085257851976
2025-10-01,2025-12-01,2,Bikers_Drivers,ALL,persona,100,83,82,1,83.0,82.0,1.0,2.98,3575.37053318058272826093,35.753705331805826
2025-10-01,2025-12-01,2,Cleaning_CallCenters,ALL,persona,6,6,6,0,100.0,100.0,0.0,3.0,54.47727604842164204200,9.079546008070274
2025-10-01,2025-12-01,2,Consultant,ALL,persona,202,194,192,2,96.04,95.05,0.99,2.98,8356.65959267989793307220,41.36960194395989
2025-10-01,2025-12-01,2,Developer_IT,ALL,persona,91,79,79,0,86.81,86.81,0.0,3.0,2334.88701054059013768544,25.658099016929558
2025-10-01,2025-12-01,2,Media_Publishing,ALL,persona,34,33,32,1,97.06,94.12,2.94,2.94,1200.49527482723993309031,35.30868455374235
2025-10-01,2025-12-01,2,Medical_Professionals,ALL,persona,14,14,14,0,100.0,100.0,0.0,3.0,620.13390843116817104200,44.29527917365487
2025-10-01,2025-12-01,2,Others,ALL,persona,191,176,176,0,92.15,92.15,0.0,3.0,5192.54846433466467807082,27.186117614317617
2025-10-01,2025-12-01,2,Professeur,ALL,persona,34,32,32,0,94.12,94.12,0.0,3.0,803.37683496855727636330,23.628730440251687
2025-10-01,2025-12-01,2,Repair,ALL,persona,8,7,7,0,87.5,87.5,0.0,3.0,130.34888137178198491090,16.293610171472746
2025-10-01,2025-12-01,2,Restauration,ALL,persona,28,27,26,1,96.43,92.86,3.57,2.93,816.82199593509362200830,29.172214140539058
2025-10-01,2025-12-01,2,Retail,ALL,persona,157,149,149,0,94.9,94.9,0.0,3.0,5477.94691875822029260940,34.891381648141525
2025-10-01,2025-12-01,2,Wholesale,ALL,persona,23,20,20,0,86.96,86.96,0.0,3.0,1174.86795507225502463780,51.08121543792413
2025-10-01,2025-12-01,2,Automobile_Trade_Repair,business,persona_x_initial_plan,5,5,5,0,100.0,100.0,0.0,3.0,734.12216739419716709669,146.82443347883944
2025-10-01,2025-12-01,2,Automobile_Trade_Repair,free,persona_x_initial_plan,15,14,14,0,93.33,93.33,0.0,3.0,494.99588075054423701900,32.999725383369615
2025-10-01,2025-12-01,2,Automobile_Trade_Repair,plus,persona_x_initial_plan,11,10,10,0,90.91,90.91,0.0,3.0,1677.12930112784321991000,152.46630010253122
2025-10-01,2025-12-01,2,Automobile_Trade_Repair,start,persona_x_initial_plan,22,20,20,0,90.91,90.91,0.0,3.0,585.90940517540236498860,26.63224568979102
2025-10-01,2025-12-01,2,BTP,business,persona_x_initial_plan,8,6,6,0,75.0,75.0,0.0,3.0,856.18869225744752368200,107.02358653218094
2025-10-01,2025-12-01,2,BTP,free,persona_x_initial_plan,73,68,68,0,93.15,93.15,0.0,3.0,3857.10584682214036773372,52.83706639482384
2025-10-01,2025-12-01,2,BTP,plus,persona_x_initial_plan,68,58,57,1,85.29,83.82,1.47,2.98,4587.15948816125087680970,67.45822776707722
2025-10-01,2025-12-01,2,BTP,start,persona_x_initial_plan,91,86,86,0,94.51,94.51,0.0,3.0,6745.46271181913697981960,74.12596386614436
2025-10-01,2025-12-01,2,Bankers_Insurance,free,persona_x_initial_plan,8,8,7,1,100.0,87.5,12.5,2.75,193.91789200129225345610,24.23973650016153
2025-10-01,2025-12-01,2,Bankers_Insurance,start,persona_x_initial_plan,7,6,6,0,85.71,85.71,0.0,3.0,854.44489667650399300000,122.063556668072
2025-10-01,2025-12-01,2,Bikers_Drivers,business,persona_x_initial_plan,5,4,4,0,80.0,80.0,0.0,3.0,288.41907421121481454900,57.68381484224297
2025-10-01,2025-12-01,2,Bikers_Drivers,free,persona_x_initial_plan,36,31,30,1,86.11,83.33,2.78,2.94,483.07328169075708772430,13.418702269187698
2025-10-01,2025-12-01,2,Bikers_Drivers,plus,persona_x_initial_plan,26,19,19,0,73.08,73.08,0.0,3.0,1083.19796299838403813333,41.66146011532247
2025-10-01,2025-12-01,2,Bikers_Drivers,start,persona_x_initial_plan,33,29,29,0,87.88,87.88,0.0,3.0,1720.68021428022678785430,52.14182467515839
2025-10-01,2025-12-01,2,Cleaning_CallCenters,free,persona_x_initial_plan,4,4,4,0,100.0,100.0,0.0,3.0,12.15224837808219654200,3.038062094520549
2025-10-01,2025-12-01,2,Cleaning_CallCenters,start,persona_x_initial_plan,2,2,2,0,100.0,100.0,0.0,3.0,42.32502767033944550000,21.162513835169722
2025-10-01,2025-12-01,2,Consultant,business,persona_x_initial_plan,2,1,1,0,50.0,50.0,0.0,3.0,482.33559279416243390000,241.16779639708122
2025-10-01,2025-12-01,2,Consultant,free,persona_x_initial_plan,80,76,75,1,95.0,93.75,1.25,2.97,1914.51824683809710176090,23.931478085476215
2025-10-01,2025-12-01,2,Consultant,plus,persona_x_initial_plan,15,15,15,0,100.0,100.0,0.0,3.0,1361.78908133867963447500,90.78593875591197
2025-10-01,2025-12-01,2,Consultant,start,persona_x_initial_plan,105,102,101,1,97.14,96.19,0.95,2.98,4598.01667170895876293630,43.79063496865675
2025-10-01,2025-12-01,2,Developer_IT,free,persona_x_initial_plan,35,28,28,0,80.0,80.0,0.0,3.0,682.09502170246996105950,19.48842919149914
2025-10-01,2025-12-01,2,Developer_IT,plus,persona_x_initial_plan,13,12,12,0,92.31,92.31,0.0,3.0,499.83990206634763060000,38.44922323587289
2025-10-01,2025-12-01,2,Developer_IT,start,persona_x_initial_plan,43,39,39,0,90.7,90.7,0.0,3.0,1152.95208677177254602594,26.812839227250528
2025-10-01,2025-12-01,2,Media_Publishing,free,persona_x_initial_plan,15,14,14,0,93.33,93.33,0.0,3.0,153.30786789237586573031,10.22052452615839
2025-10-01,2025-12-01,2,Media_Publishing,plus,persona_x_initial_plan,1,1,1,0,100.0,100.0,0.0,3.0,204.33611539633265500000,204.33611539633264
2025-10-01,2025-12-01,2,Media_Publishing,start,persona_x_initial_plan,18,18,17,1,100.0,94.44,5.56,2.89,842.85129153853141236000,46.82507175214064
2025-10-01,2025-12-01,2,Medical_Professionals,free,persona_x_initial_plan,5,5,5,0,100.0,100.0,0.0,3.0,265.66805098102622845000,53.13361019620525
2025-10-01,2025-12-01,2,Medical_Professionals,plus,persona_x_initial_plan,1,1,1,0,100.0,100.0,0.0,3.0,51.58714144202624210000,51.587141442026244
2025-10-01,2025-12-01,2,Medical_Professionals,start,persona_x_initial_plan,8,8,8,0,100.0,100.0,0.0,3.0,302.87871600811570049200,37.85983950101446
2025-10-01,2025-12-01,2,Others,business,persona_x_initial_plan,6,5,5,0,83.33,83.33,0.0,3.0,593.65859926930618745300,98.9430998782177
2025-10-01,2025-12-01,2,Others,free,persona_x_initial_plan,59,57,57,0,96.61,96.61,0.0,3.0,1185.02970384113927658172,20.085249217646428
2025-10-01,2025-12-01,2,Others,plus,persona_x_initial_plan,34,27,27,0,79.41,79.41,0.0,3.0,1136.95838244089293691970,33.43995242473215
2025-10-01,2025-12-01,2,Others,start,persona_x_initial_plan,92,87,87,0,94.57,94.57,0.0,3.0,2276.90177878332627711640,24.748932378079633
2025-10-01,2025-12-01,2,Professeur,free,persona_x_initial_plan,12,11,11,0,91.67,91.67,0.0,3.0,141.27000736863083389500,11.77250061405257
2025-10-01,2025-12-01,2,Professeur,plus,persona_x_initial_plan,1,1,1,0,100.0,100.0,0.0,3.0,61.74488630684932400000,61.744886306849324
2025-10-01,2025-12-01,2,Professeur,start,persona_x_initial_plan,21,20,20,0,95.24,95.24,0.0,3.0,600.36194129307711846830,28.588663871098912
2025-10-01,2025-12-01,2,Repair,free,persona_x_initial_plan,3,2,2,0,66.67,66.67,0.0,3.0,5.27633409208697440090,1.7587780306956582
2025-10-01,2025-12-01,2,Repair,plus,persona_x_initial_plan,1,1,1,0,100.0,100.0,0.0,3.0,33.87111618906512361000,33.87111618906513
2025-10-01,2025-12-01,2,Repair,start,persona_x_initial_plan,4,4,4,0,100.0,100.0,0.0,3.0,91.20143109062988690000,22.80035777265747
2025-10-01,2025-12-01,2,Restauration,free,persona_x_initial_plan,9,8,8,0,88.89,88.89,0.0,3.0,224.30782306749595004090,24.923091451943993
2025-10-01,2025-12-01,2,Restauration,plus,persona_x_initial_plan,12,12,11,1,100.0,91.67,8.33,2.83,433.07174431580786527110,36.08931202631732
2025-10-01,2025-12-01,2,Restauration,start,persona_x_initial_plan,7,7,7,0,100.0,100.0,0.0,3.0,159.44242855178980669630,22.77748979311283
2025-10-01,2025-12-01,2,Retail,business,persona_x_initial_plan,1,0,0,0,0.0,0.0,0.0,,0.00000000000000000000,0.0
2025-10-01,2025-12-01,2,Retail,free,persona_x_initial_plan,49,46,46,0,93.88,93.88,0.0,3.0,757.01065693346044991690,15.449197080274704
2025-10-01,2025-12-01,2,Retail,plus,persona_x_initial_plan,25,24,24,0,96.0,96.0,0.0,3.0,1486.40861119153683296630,59.45634444766148
2025-10-01,2025-12-01,2,Retail,start,persona_x_initial_plan,82,79,79,0,96.34,96.34,0.0,3.0,3234.52765063322300972620,39.44545915406369
2025-10-01,2025-12-01,2,Wholesale,business,persona_x_initial_plan,1,1,1,0,100.0,100.0,0.0,3.0,90.54722885649015638000,90.54722885649015
2025-10-01,2025-12-01,2,Wholesale,free,persona_x_initial_plan,6,5,5,0,83.33,83.33,0.0,3.0,161.03366484265783464600,26.838944140442972
2025-10-01,2025-12-01,2,Wholesale,plus,persona_x_initial_plan,3,3,3,0,100.0,100.0,0.0,3.0,62.24042579693138527350,20.74680859897713
2025-10-01,2025-12-01,2,Wholesale,start,persona_x_initial_plan,13,11,11,0,84.62,84.62,0.0,3.0,861.04663557617564833830,66.23435658278274
2025-10-01,2026-01-01,3,ALL,business,initial_plan,28,22,22,0,78.57,78.57,0.0,4.0,2955.44397628547361216607,105.55157058162406
2025-10-01,2026-01-01,3,ALL,free,initial_plan,409,370,363,7,90.46,88.75,1.71,3.95,10420.34272873422976568454,25.477610583702273
2025-10-01,2026-01-01,3,ALL,plus,initial_plan,211,172,169,3,81.52,80.09,1.42,3.95,14406.68730920389088861906,68.27813890617958
2025-10-01,2026-01-01,3,ALL,start,initial_plan,548,503,498,5,91.79,90.88,0.91,3.97,23424.79321524060059574118,42.74597302051204
2025-10-01,2026-01-01,3,ALL,ALL,overall,1196,1067,1052,15,89.21,87.96,1.25,3.96,51207.26722946419486221085,42.8154408273112
2025-10-01,2026-01-01,3,Automobile_Trade_Repair,ALL,persona,53,46,46,0,86.79,86.79,0.0,4.0,3604.33470111341468168437,68.00631511534745
2025-10-01,2026-01-01,3,BTP,ALL,persona,240,211,210,1,87.92,87.5,0.42,3.99,16992.69309005475803685532,70.80288787522817
2025-10-01,2026-01-01,3,Bankers_Insurance,ALL,persona,15,14,13,1,93.33,86.67,6.67,3.86,568.88197173260198534518,37.925464782173464
2025-10-01,2026-01-01,3,Bikers_Drivers,ALL,persona,100,77,76,1,77.0,76.0,1.0,3.97,2915.05741500054080616577,29.150574150005408
2025-10-01,2026-01-01,3,Cleaning_CallCenters,ALL,persona,6,6,6,0,100.0,100.0,0.0,4.0,82.63702136931494444000,13.772836894885826
2025-10-01,2026-01-01,3,Consultant,ALL,persona,202,187,185,2,92.57,91.58,0.99,3.98,8723.13136769916668190665,43.183818651976075
2025-10-01,2026-01-01,3,Developer_IT,ALL,persona,91,78,75,3,85.71,82.42,3.3,3.88,2738.57288781409156754580,30.09420755839661
2025-10-01,2026-01-01,3,Media_Publishing,ALL,persona,34,34,32,2,100.0,94.12,5.88,3.85,1239.78284501205307592597,36.46420132388391
2025-10-01,2026-01-01,3,Medical_Professionals,ALL,persona,14,14,14,0,100.0,100.0,0.0,4.0,691.31693364109481118700,49.37978097436392
2025-10-01,2026-01-01,3,Others,ALL,persona,191,173,171,2,90.58,89.53,1.05,3.97,6015.77623009009459739109,31.496210628743952
2025-10-01,2026-01-01,3,Professeur,ALL,persona,34,31,31,0,91.18,91.18,0.0,4.0,935.58787809150550831100,27.517290532103104
2025-10-01,2026-01-01,3,Repair,ALL,persona,8,7,7,0,87.5,87.5,0.0,4.0,138.39663261972571631990,17.299579077465715
2025-10-01,2026-01-01,3,Restauration,ALL,persona,28,26,25,1,92.86,89.29,3.57,3.92,969.18038527984655186370,34.61358518856595
2025-10-01,2026-01-01,3,Retail,ALL,persona,157,143,142,1,91.08,90.45,0.64,3.98,4783.34965122050696868440,30.46719523070386
2025-10-01,2026-01-01,3,Wholesale,ALL,persona,23,20,19,1,86.96,82.61,4.35,3.85,808.56821872547892858470,35.15513994458604
2025-10-01,2026-01-01,3,Automobile_Trade_Repair,business,persona_x_initial_plan,5,5,5,0,100.0,100.0,0.0,4.0,680.81293938027263734477,136.16258787605452
2025-10-01,2026-01-01,3,Automobile_Trade_Repair,free,persona_x_initial_plan,15,14,14,0,93.33,93.33,0.0,4.0,258.55901637369802417580,17.237267758246535
2025-10-01,2026-01-01,3,Automobile_Trade_Repair,plus,persona_x_initial_plan,11,10,10,0,90.91,90.91,0.0,4.0,1959.00674619013123807200,178.09152238092102
2025-10-01,2026-01-01,3,Automobile_Trade_Repair,start,persona_x_initial_plan,22,17,17,0,77.27,77.27,0.0,4.0,705.95599916931278209180,32.08890905315058
2025-10-01,2026-01-01,3,BTP,business,persona_x_initial_plan,8,6,6,0,75.0,75.0,0.0,4.0,1086.32968743506543175390,135.79121092938317
2025-10-01,2026-01-01,3,BTP,free,persona_x_initial_plan,73,68,67,1,93.15,91.78,1.37,3.96,3610.24959391342182578404,49.455473889224955
2025-10-01,2026-01-01,3,BTP,plus,persona_x_initial_plan,68,55,55,0,80.88,80.88,0.0,4.0,6000.73241254956970455460,88.24606489043485
2025-10-01,2026-01-01,3,BTP,start,persona_x_initial_plan,91,82,82,0,90.11,90.11,0.0,4.0,6295.38139615670107476278,69.18001534238134
2025-10-01,2026-01-01,3,Bankers_Insurance,free,persona_x_initial_plan,8,8,7,1,100.0,87.5,12.5,3.75,158.68271813698628764518,19.835339767123287
2025-10-01,2026-01-01,3,Bankers_Insurance,start,persona_x_initial_plan,7,6,6,0,85.71,85.71,0.0,4.0,410.19925359561569770000,58.59989337080224
2025-10-01,2026-01-01,3,Bikers_Drivers,business,persona_x_initial_plan,5,4,4,0,80.0,80.0,0.0,4.0,348.62067835890391787060,69.72413567178079
2025-10-01,2026-01-01,3,Bikers_Drivers,free,persona_x_initial_plan,36,28,27,1,77.78,75.0,2.78,3.93,401.09194857479395319500,11.141443015966498
2025-10-01,2026-01-01,3,Bikers_Drivers,plus,persona_x_initial_plan,26,18,18,0,69.23,69.23,0.0,4.0,1068.57606707890136807757,41.099079503034666
2025-10-01,2026-01-01,3,Bikers_Drivers,start,persona_x_initial_plan,33,27,27,0,81.82,81.82,0.0,4.0,1096.76872098794156702260,33.23541578751338
2025-10-01,2026-01-01,3,Cleaning_CallCenters,free,persona_x_initial_plan,4,4,4,0,100.0,100.0,0.0,4.0,42.53767924164373837000,10.634419810410934
2025-10-01,2026-01-01,3,Cleaning_CallCenters,start,persona_x_initial_plan,2,2,2,0,100.0,100.0,0.0,4.0,40.09934212767120607000,20.049671063835603
2025-10-01,2026-01-01,3,Consultant,business,persona_x_initial_plan,2,1,1,0,50.0,50.0,0.0,4.0,108.44852315945192760000,54.22426157972596
2025-10-01,2026-01-01,3,Consultant,free,persona_x_initial_plan,80,74,73,1,92.5,91.25,1.25,3.97,2134.68372252492775284285,26.683546531561596
2025-10-01,2026-01-01,3,Consultant,plus,persona_x_initial_plan,15,12,12,0,80.0,80.0,0.0,4.0,936.77443950903929265300,62.45162930060262
2025-10-01,2026-01-01,3,Consultant,start,persona_x_initial_plan,105,100,99,1,95.24,94.29,0.95,3.98,5543.22468250574770881080,52.79261602386426
2025-10-01,2026-01-01,3,Developer_IT,free,persona_x_initial_plan,35,26,25,1,74.29,71.43,2.86,3.88,712.32869271506757207480,20.352248363287643
2025-10-01,2026-01-01,3,Developer_IT,plus,persona_x_initial_plan,13,11,11,0,84.62,84.62,0.0,4.0,480.31533161245160477000,36.947333200957814
2025-10-01,2026-01-01,3,Developer_IT,start,persona_x_initial_plan,43,41,39,2,95.35,90.7,4.65,3.85,1545.92886348657239070100,35.951834034571455
2025-10-01,2026-01-01,3,Media_Publishing,free,persona_x_initial_plan,15,15,14,1,100.0,93.33,6.67,3.8,100.94484989917783594697,6.7296566599451895
2025-10-01,2026-01-01,3,Media_Publishing,plus,persona_x_initial_plan,1,1,1,0,100.0,100.0,0.0,4.0,146.60871914575307800000,146.60871914575307
2025-10-01,2026-01-01,3,Media_Publishing,start,persona_x_initial_plan,18,18,17,1,100.0,94.44,5.56,3.89,992.22927596712216197900,55.12384866484012
2025-10-01,2026-01-01,3,Medical_Professionals,free,persona_x_initial_plan,5,5,5,0,100.0,100.0,0.0,4.0,274.77412798684930602100,54.95482559736986
2025-10-01,2026-01-01,3,Medical_Professionals,plus,persona_x_initial_plan,1,1,1,0,100.0,100.0,0.0,4.0,58.56828532383553800000,58.56828532383554
2025-10-01,2026-01-01,3,Medical_Professionals,start,persona_x_initial_plan,8,8,8,0,100.0,100.0,0.0,4.0,357.97452033040996716600,44.74681504130125
2025-10-01,2026-01-01,3,Others,business,persona_x_initial_plan,6,5,5,0,83.33,83.33,0.0,4.0,645.98191394246462899680,107.6636523237441
2025-10-01,2026-01-01,3,Others,free,persona_x_initial_plan,59,57,57,0,96.61,96.61,0.0,4.0,1245.12951136218821554010,21.103890023087935
2025-10-01,2026-01-01,3,Others,plus,persona_x_initial_plan,34,28,26,2,82.35,76.47,5.88,3.79,1491.19716686191326500339,43.85874020182098
2025-10-01,2026-01-01,3,Others,start,persona_x_initial_plan,92,83,83,0,90.22,90.22,0.0,4.0,2633.46763792352848785080,28.624648238299223
2025-10-01,2026-01-01,3,Professeur,free,persona_x_initial_plan,12,11,11,0,91.67,91.67,0.0,4.0,152.80373728602718426100,12.733644773835598
2025-10-01,2026-01-01,3,Professeur,plus,persona_x_initial_plan,1,1,1,0,100.0,100.0,0.0,4.0,155.50323433643837000000,155.50323433643837
2025-10-01,2026-01-01,3,Professeur,start,persona_x_initial_plan,21,19,19,0,90.48,90.48,0.0,4.0,627.28090646903995405000,29.870519355668566
2025-10-01,2026-01-01,3,Repair,free,persona_x_initial_plan,3,2,2,0,66.67,66.67,0.0,4.0,0.29608169917808196990,0.09869389972602732
2025-10-01,2026-01-01,3,Repair,plus,persona_x_initial_plan,1,1,1,0,100.0,100.0,0.0,4.0,23.41579457150678631000,23.415794571506787
2025-10-01,2026-01-01,3,Repair,start,persona_x_initial_plan,4,4,4,0,100.0,100.0,0.0,4.0,114.68475634904084804000,28.671189087260213
2025-10-01,2026-01-01,3,Restauration,free,persona_x_initial_plan,9,8,8,0,88.89,88.89,0.0,4.0,233.85346134849217529740,25.983717927610243
2025-10-01,2026-01-01,3,Restauration,plus,persona_x_initial_plan,12,11,10,1,91.67,83.33,8.33,3.82,546.30375458176582481030,45.52531288181382
2025-10-01,2026-01-01,3,Restauration,start,persona_x_initial_plan,7,7,7,0,100.0,100.0,0.0,4.0,189.02316934958855175600,27.00330990708408
2025-10-01,2026-01-01,3,Retail,business,persona_x_initial_plan,1,0,0,0,0.0,0.0,0.0,,0.00000000000000000000,0.0
2025-10-01,2026-01-01,3,Retail,free,persona_x_initial_plan,49,45,44,1,91.84,89.8,2.04,3.93,894.98602216273671693510,18.265020860464016
2025-10-01,2026-01-01,3,Retail,plus,persona_x_initial_plan,25,21,21,0,84.0,84.0,0.0,4.0,1456.50085824094110357170,58.26003432963765
2025-10-01,2026-01-01,3,Retail,start,persona_x_initial_plan,82,77,77,0,93.9,93.9,0.0,4.0,2431.86277081682914817760,29.65686305874182
2025-10-01,2026-01-01,3,Wholesale,business,persona_x_initial_plan,1,1,1,0,100.0,100.0,0.0,4.0,85.25023400931506860000,85.25023400931507
2025-10-01,2026-01-01,3,Wholesale,free,persona_x_initial_plan,6,5,5,0,83.33,83.33,0.0,4.0,199.42156550904109562540,33.23692758484018
2025-10-01,2026-01-01,3,Wholesale,plus,persona_x_initial_plan,3,2,2,0,66.67,66.67,0.0,4.0,83.18449920164371479650,27.728166400547906
2025-10-01,2026-01-01,3,Wholesale,start,persona_x_initial_plan,13,12,11,1,92.31,84.62,7.69,3.75,440.71192000547904956280,33.900916923498386
2025-10-01,2026-02-01,4,ALL,business,initial_plan,28,19,19,0,67.86,67.86,0.0,5.0,3449.12539205478723504160,123.18304971624241
2025-10-01,2026-02-01,4,ALL,free,initial_plan,409,362,353,9,88.51,86.31,2.2,4.93,11149.68908111187652704982,27.260853499051045
2025-10-01,2026-02-01,4,ALL,plus,initial_plan,211,165,164,1,78.2,77.73,0.47,4.98,16181.04328645759416646392,76.68740894055732
2025-10-01,2026-02-01,4,ALL,start,initial_plan,548,493,488,5,89.96,89.05,0.91,4.97,23785.43109551707319820399,43.40407134218444
2025-10-01,2026-02-01,4,ALL,ALL,overall,1196,1039,1024,15,86.87,85.62,1.25,4.96,54565.28885514133112675933,45.62315121667336
2025-10-01,2026-02-01,4,Automobile_Trade_Repair,ALL,persona,53,45,45,0,84.91,84.91,0.0,5.0,2895.15341265533705087410,54.625536087836544
2025-10-01,2026-02-01,4,BTP,ALL,persona,240,205,204,1,85.42,85.0,0.42,4.99,16570.83806272983091166520,69.04515859470763
2025-10-01,2026-02-01,4,Bankers_Insurance,ALL,persona,15,14,13,1,93.33,86.67,6.67,4.86,361.67797863178050070332,24.1118652421187
2025-10-01,2026-02-01,4,Bikers_Drivers,ALL,persona,100,73,71,2,73.0,71.0,2.0,4.92,2864.02128665424148740336,28.640212866542416
2025-10-01,2026-02-01,4,Cleaning_CallCenters,ALL,persona,6,6,6,0,100.0,100.0,0.0,5.0,59.12048733753422458000,9.853414556255704
2025-10-01,2026-02-01,4,Consultant,ALL,persona,202,185,183,2,91.58,90.59,0.99,4.98,10127.19857857653791550771,50.13464642859672
2025-10-01,2026-02-01,4,Developer_IT,ALL,persona,91,75,72,3,82.42,79.12,3.3,4.87,2903.12457923217520050787,31.902467903650276
2025-10-01,2026-02-01,4,Media_Publishing,ALL,persona,34,32,31,1,94.12,91.18,2.94,4.91,1501.02507620054558946818,44.14779635883957
2025-10-01,2026-02-01,4,Medical_Professionals,ALL,persona,14,14,14,0,100.0,100.0,0.0,5.0,778.32236293260186387800,55.59445449518585
2025-10-01,2026-02-01,4,Others,ALL,persona,191,171,168,3,89.53,87.96,1.57,4.94,6974.22619515341106584966,36.514273273054506
2025-10-01,2026-02-01,4,Professeur,ALL,persona,34,30,30,0,88.24,88.24,0.0,5.0,1241.51332263287525650600,36.515097724496336
2025-10-01,2026-02-01,4,Repair,ALL,persona,8,7,7,0,87.5,87.5,0.0,5.0,109.88277946082175529620,13.735347432602719
2025-10-01,2026-02-01,4,Restauration,ALL,persona,28,25,25,0,89.29,89.29,0.0,5.0,1120.33931971107932170287,40.01211856110997
2025-10-01,2026-02-01,4,Retail,ALL,persona,157,138,137,1,87.9,87.26,0.64,4.98,6260.63173195968320578876,39.876635235411996
2025-10-01,2026-02-01,4,Wholesale,ALL,persona,23,19,18,1,82.61,78.26,4.35,4.84,798.21368127287577702810,34.70494266403808
2025-10-01,2026-02-01,4,Automobile_Trade_Repair,business,persona_x_initial_plan,5,5,5,0,100.0,100.0,0.0,5.0,373.77224229808202821160,74.7544484596164
2025-10-01,2026-02-01,4,Automobile_Trade_Repair,free,persona_x_initial_plan,15,13,13,0,86.67,86.67,0.0,5.0,178.49448505862985858060,11.899632337241991
2025-10-01,2026-02-01,4,Automobile_Trade_Repair,plus,persona_x_initial_plan,11,10,10,0,90.91,90.91,0.0,5.0,1893.39112491287256665900,172.12646590117023
2025-10-01,2026-02-01,4,Automobile_Trade_Repair,start,persona_x_initial_plan,22,17,17,0,77.27,77.27,0.0,5.0,449.49556038575259742290,20.43161638117057
2025-10-01,2026-02-01,4,BTP,business,persona_x_initial_plan,8,5,5,0,62.5,62.5,0.0,5.0,1869.31791610136462910000,233.66473951267056
2025-10-01,2026-02-01,4,BTP,free,persona_x_initial_plan,73,68,67,1,93.15,91.78,1.37,4.96,3474.24790756931281781711,47.59243708999058
2025-10-01,2026-02-01,4,BTP,plus,persona_x_initial_plan,68,52,52,0,76.47,76.47,0.0,5.0,5768.72484270628706970150,84.83418886332775
2025-10-01,2026-02-01,4,BTP,start,persona_x_initial_plan,91,80,80,0,87.91,87.91,0.0,5.0,5458.54739635286639504659,59.984037322558976
2025-10-01,2026-02-01,4,Bankers_Insurance,free,persona_x_initial_plan,8,8,7,1,100.0,87.5,12.5,4.75,138.93761554027397002632,17.367201942534248
2025-10-01,2026-02-01,4,Bankers_Insurance,start,persona_x_initial_plan,7,6,6,0,85.71,85.71,0.0,5.0,222.74036309150653067700,31.82005187021522
2025-10-01,2026-02-01,4,Bikers_Drivers,business,persona_x_initial_plan,5,3,3,0,60.0,60.0,0.0,5.0,254.57832945589019347000,50.91566589117804
2025-10-01,2026-02-01,4,Bikers_Drivers,free,persona_x_initial_plan,36,27,25,2,75.0,69.44,5.56,4.78,785.97344605808067011540,21.832595723835574
2025-10-01,2026-02-01,4,Bikers_Drivers,plus,persona_x_initial_plan,26,17,17,0,65.38,65.38,0.0,5.0,949.74397193534080069490,36.528614305205416
2025-10-01,2026-02-01,4,Bikers_Drivers,start,persona_x_initial_plan,33,26,26,0,78.79,78.79,0.0,5.0,873.72553920492982312306,26.47653149105848
2025-10-01,2026-02-01,4,Cleaning_CallCenters,free,persona_x_initial_plan,4,4,4,0,100.0,100.0,0.0,5.0,31.64985615342464478000,7.912464038356161
2025-10-01,2026-02-01,4,Cleaning_CallCenters,start,persona_x_initial_plan,2,2,2,0,100.0,100.0,0.0,5.0,27.47063118410957980000,13.73531559205479
2025-10-01,2026-02-01,4,Consultant,business,persona_x_initial_plan,2,1,1,0,50.0,50.0,0.0,5.0,262.55683483123222300000,131.2784174156161
2025-10-01,2026-02-01,4,Consultant,free,persona_x_initial_plan,80,72,71,1,90.0,88.75,1.25,4.97,2535.44735919681922911431,31.693091989960244
2025-10-01,2026-02-01,4,Consultant,plus,persona_x_initial_plan,15,12,12,0,80.0,80.0,0.0,5.0,1294.85437035013446038800,86.32362469000897
2025-10-01,2026-02-01,4,Consultant,start,persona_x_initial_plan,105,100,99,1,95.24,94.29,0.95,4.98,6034.34001419835200300540,57.469904897127165
2025-10-01,2026-02-01,4,Developer_IT,free,persona_x_initial_plan,35,25,24,1,71.43,68.57,2.86,4.84,730.19480994465684363050,20.862708855561625
2025-10-01,2026-02-01,4,Developer_IT,plus,persona_x_initial_plan,13,11,11,0,84.62,84.62,0.0,5.0,750.42256715053339190000,57.72481285773334
2025-10-01,2026-02-01,4,Developer_IT,start,persona_x_initial_plan,43,39,37,2,90.7,86.05,4.65,4.85,1422.50720213698496497737,33.081562840395
2025-10-01,2026-02-01,4,Media_Publishing,free,persona_x_initial_plan,15,14,13,1,93.33,86.67,6.67,4.79,123.17153249260252760418,8.211435499506836
2025-10-01,2026-02-01,4,Media_Publishing,plus,persona_x_initial_plan,1,1,1,0,100.0,100.0,0.0,5.0,257.04290696164312400000,257.0429069616431
2025-10-01,2026-02-01,4,Media_Publishing,start,persona_x_initial_plan,18,17,17,0,94.44,94.44,0.0,5.0,1120.81063674629993786400,62.26725759701666
2025-10-01,2026-02-01,4,Medical_Professionals,free,persona_x_initial_plan,5,5,5,0,100.0,100.0,0.0,5.0,339.34514153698616408000,67.86902830739723
2025-10-01,2026-02-01,4,Medical_Professionals,plus,persona_x_initial_plan,1,1,1,0,100.0,100.0,0.0,5.0,112.86434729260253100000,112.86434729260253
2025-10-01,2026-02-01,4,Medical_Professionals,start,persona_x_initial_plan,8,8,8,0,100.0,100.0,0.0,5.0,326.11287410301316879800,40.764109262876644
2025-10-01,2026-02-01,4,Others,business,persona_x_initial_plan,6,4,4,0,66.67,66.67,0.0,5.0,605.85941892109487276000,100.97656982018248
2025-10-01,2026-02-01,4,Others,free,persona_x_initial_plan,59,57,56,1,96.61,94.92,1.69,4.93,1412.73378035835320583780,23.944640345056833
2025-10-01,2026-02-01,4,Others,plus,persona_x_initial_plan,34,27,26,1,79.41,76.47,2.94,4.89,1622.58683875944886613826,47.72314231645438
2025-10-01,2026-02-01,4,Others,start,persona_x_initial_plan,92,83,82,1,90.22,89.13,1.09,4.95,3333.04615711451412111360,36.22876257733168
2025-10-01,2026-02-01,4,Professeur,free,persona_x_initial_plan,12,10,10,0,83.33,83.33,0.0,5.0,140.17701351123279496600,11.681417792602732
2025-10-01,2026-02-01,4,Professeur,plus,persona_x_initial_plan,1,1,1,0,100.0,100.0,0.0,5.0,342.40959276931505000000,342.40959276931505
2025-10-01,2026-02-01,4,Professeur,start,persona_x_initial_plan,21,19,19,0,90.48,90.48,0.0,5.0,758.92671635232741154000,36.139367445348924
2025-10-01,2026-02-01,4,Repair,free,persona_x_initial_plan,3,2,2,0,66.67,66.67,0.0,5.0,4.52729230958902525120,1.5090974365296752
2025-10-01,2026-02-01,4,Repair,plus,persona_x_initial_plan,1,1,1,0,100.0,100.0,0.0,5.0,29.90087239945198284000,29.900872399451984
2025-10-01,2026-02-01,4,Repair,start,persona_x_initial_plan,4,4,4,0,100.0,100.0,0.0,5.0,75.45461475178074720500,18.863653687945188
2025-10-01,2026-02-01,4,Restauration,free,persona_x_initial_plan,9,8,8,0,88.89,88.89,0.0,5.0,180.29703696767067738850,20.033004107518963
2025-10-01,2026-02-01,4,Restauration,plus,persona_x_initial_plan,12,10,10,0,83.33,83.33,0.0,5.0,717.07506115875153643380,59.756255096562626
2025-10-01,2026-02-01,4,Restauration,start,persona_x_initial_plan,7,7,7,0,100.0,100.0,0.0,5.0,222.96722158465710788057,31.852460226379584
2025-10-01,2026-02-01,4,Retail,business,persona_x_initial_plan,1,0,0,0,0.0,0.0,0.0,,0.00000000000000000000,0.0
2025-10-01,2026-02-01,4,Retail,free,persona_x_initial_plan,49,45,44,1,91.84,89.8,2.04,4.93,979.62123845314820760090,19.99227017251323
2025-10-01,2026-02-01,4,Retail,plus,persona_x_initial_plan,25,20,20,0,80.0,80.0,0.0,5.0,2387.23118140806211928146,95.48924725632249
2025-10-01,2026-02-01,4,Retail,start,persona_x_initial_plan,82,73,73,0,89.02,89.02,0.0,5.0,2893.77931209847287890640,35.28999161095699
2025-10-01,2026-02-01,4,Wholesale,business,persona_x_initial_plan,1,1,1,0,100.0,100.0,0.0,5.0,83.04065044712328850000,83.04065044712328
2025-10-01,2026-02-01,4,Wholesale,free,persona_x_initial_plan,6,4,4,0,66.67,66.67,0.0,5.0,94.87056596109589025700,15.811760993515982
2025-10-01,2026-02-01,4,Wholesale,plus,persona_x_initial_plan,3,2,2,0,66.67,66.67,0.0,5.0,54.79560865315066742700,18.265202884383555
2025-10-01,2026-02-01,4,Wholesale,start,persona_x_initial_plan,13,12,11,1,92.31,84.62,7.69,4.75,565.50685621150593084410,43.50052740088507
2025-10-01,2026-03-01,5,ALL,business,initial_plan,28,19,19,0,67.86,67.86,0.0,6.0,2814.24055648492556491717,100.50859130303306
2025-10-01,2026-03-01,5,ALL,free,initial_plan,409,357,350,7,87.29,85.57,1.71,5.94,10369.19663616984500552001,25.352559012640207
2025-10-01,2026-03-01,5,ALL,plus,initial_plan,211,160,157,3,75.83,74.41,1.42,5.92,16306.28240158854610005273,77.28095924923481
2025-10-01,2026-03-01,5,ALL,start,initial_plan,548,485,479,6,88.5,87.41,1.09,5.96,24156.10489463981494144184,44.08048338437922
2025-10-01,2026-03-01,5,ALL,ALL,overall,1196,1021,1005,16,85.37,84.03,1.34,5.95,53645.82448888313161193175,44.85436830174175
2025-10-01,2026-03-01,5,Automobile_Trade_Repair,ALL,persona,53,44,44,0,83.02,83.02,0.0,6.0,3194.29600428547313310627,60.26973592991458
2025-10-01,2026-03-01,5,BTP,ALL,persona,240,204,202,2,85.0,84.17,0.83,5.96,14892.96140915996932362390,62.05400587149987
2025-10-01,2026-03-01,5,Bankers_Insurance,ALL,persona,15,14,13,1,93.33,86.67,6.67,5.86,520.32161600766990438472,34.68810773384466
2025-10-01,2026-03-01,5,Bikers_Drivers,ALL,persona,100,71,69,2,71.0,69.0,2.0,5.92,2539.98454564218719714027,25.399845456421872
2025-10-01,2026-03-01,5,Cleaning_CallCenters,ALL,persona,6,6,6,0,100.0,100.0,0.0,6.0,55.67609550027389920000,9.27934925004565
2025-10-01,2026-03-01,5,Consultant,ALL,persona,202,185,182,3,91.58,90.1,1.49,5.95,10366.92561988382194259806,51.321413959820894
2025-10-01,2026-03-01,5,Developer_IT,ALL,persona,91,74,70,4,81.32,76.92,4.4,5.8,3313.01736461902395373800,36.40678422658268
2025-10-01,2026-03-01,5,Media_Publishing,ALL,persona,34,32,31,1,94.12,91.18,2.94,5.84,1518.52446921479066225232,44.662484388670315
2025-10-01,2026-03-01,5,Medical_Professionals,ALL,persona,14,14,14,0,100.0,100.0,0.0,6.0,741.93282951123228813420,52.99520210794516
2025-10-01,2026-03-01,5,Others,ALL,persona,191,165,164,1,86.39,85.86,0.52,5.98,6420.77371141204189915338,33.6166162901154
2025-10-01,2026-03-01,5,Professeur,ALL,persona,34,30,30,0,88.24,88.24,0.0,6.0,1484.45566426629920340300,43.660460713714684
2025-10-01,2026-03-01,5,Repair,ALL,persona,8,7,7,0,87.5,87.5,0.0,6.0,121.45686628602712543100,15.18210828575339
2025-10-01,2026-03-01,5,Restauration,ALL,persona,28,24,24,0,85.71,85.71,0.0,6.0,1321.64407667874933208890,47.201574167098194
2025-10-01,2026-03-01,5,Retail,ALL,persona,157,132,131,1,84.08,83.44,0.64,5.96,6408.94547881447639744490,40.821308782257816
2025-10-01,2026-03-01,5,Wholesale,ALL,persona,23,19,18,1,82.61,78.26,4.35,5.84,744.90873760109535023283,32.38733641743893
2025-10-01,2026-03-01,5,Automobile_Trade_Repair,business,persona_x_initial_plan,5,5,5,0,100.0,100.0,0.0,6.0,490.22252826082120642607,98.04450565216425
2025-10-01,2026-03-01,5,Automobile_Trade_Repair,free,persona_x_initial_plan,15,13,13,0,86.67,86.67,0.0,6.0,340.61899995561603166050,22.7079333303744
2025-10-01,2026-03-01,5,Automobile_Trade_Repair,plus,persona_x_initial_plan,11,10,10,0,90.91,90.91,0.0,6.0,1840.13304826191380073600,167.2848225692649
2025-10-01,2026-03-01,5,Automobile_Trade_Repair,start,persona_x_initial_plan,22,16,16,0,72.73,72.73,0.0,6.0,523.32142780712209428370,23.787337627596457
2025-10-01,2026-03-01,5,BTP,business,persona_x_initial_plan,8,5,5,0,62.5,62.5,0.0,6.0,1353.68303851342070673510,169.2103798141776
2025-10-01,2026-03-01,5,BTP,free,persona_x_initial_plan,73,68,67,1,93.15,91.78,1.37,5.96,2023.71673538191659093198,27.722147060026256
2025-10-01,2026-03-01,5,BTP,plus,persona_x_initial_plan,68,51,50,1,75.0,73.53,1.47,5.9,5381.30835886847706817420,79.13688763041877
2025-10-01,2026-03-01,5,BTP,start,persona_x_initial_plan,91,80,80,0,87.91,87.91,0.0,6.0,6134.25327639615495778262,67.40937666369402
2025-10-01,2026-03-01,5,Bankers_Insurance,free,persona_x_initial_plan,8,8,7,1,100.0,87.5,12.5,5.75,126.03298571835614542472,15.754123214794518
2025-10-01,2026-03-01,5,Bankers_Insurance,start,persona_x_initial_plan,7,6,6,0,85.71,85.71,0.0,6.0,394.28863028931375896000,56.32694718418768
2025-10-01,2026-03-01,5,Bikers_Drivers,business,persona_x_initial_plan,5,3,3,0,60.0,60.0,0.0,6.0,207.22572737534237456600,41.44514547506848
2025-10-01,2026-03-01,5,Bikers_Drivers,free,persona_x_initial_plan,36,27,25,2,75.0,69.44,5.56,5.78,534.94224782958828566192,14.85950688415523
2025-10-01,2026-03-01,5,Bikers_Drivers,plus,persona_x_initial_plan,26,17,17,0,65.38,65.38,0.0,6.0,1019.78273332766928066862,39.22241282029497
2025-10-01,2026-03-01,5,Bikers_Drivers,start,persona_x_initial_plan,33,24,24,0,72.73,72.73,0.0,6.0,778.03383710958725624373,23.576782942714765
2025-10-01,2026-03-01,5,Cleaning_CallCenters,free,persona_x_initial_plan,4,4,4,0,100.0,100.0,0.0,6.0,31.57514505534239302000,7.893786263835598
2025-10-01,2026-03-01,5,Cleaning_CallCenters,start,persona_x_initial_plan,2,2,2,0,100.0,100.0,0.0,6.0,24.10095044493150618000,12.050475222465753
2025-10-01,2026-03-01,5,Consultant,business,persona_x_initial_plan,2,1,1,0,50.0,50.0,0.0,6.0,141.46684238794492970000,70.73342119397246
2025-10-01,2026-03-01,5,Consultant,free,persona_x_initial_plan,80,72,71,1,90.0,88.75,1.25,5.97,2903.55050148273434807417,36.29438126853418
2025-10-01,2026-03-01,5,Consultant,plus,persona_x_initial_plan,15,12,12,0,80.0,80.0,0.0,6.0,1634.77116319835183730600,108.98474421322345
2025-10-01,2026-03-01,5,Consultant,start,persona_x_initial_plan,105,100,98,2,95.24,93.33,1.9,5.93,5687.13711281479082751789,54.163210598236105
2025-10-01,2026-03-01,5,Developer_IT,free,persona_x_initial_plan,35,24,23,1,68.57,65.71,2.86,5.83,788.29188636164271465870,22.522625324618364
2025-10-01,2026-03-01,5,Developer_IT,plus,persona_x_initial_plan,13,11,11,0,84.62,84.62,0.0,6.0,798.11843988697173784000,61.39372614515167
2025-10-01,2026-03-01,5,Developer_IT,start,persona_x_initial_plan,43,39,36,3,90.7,83.72,6.98,5.72,1726.60703837040950123930,40.153652055125804
2025-10-01,2026-03-01,5,Media_Publishing,free,persona_x_initial_plan,15,14,13,1,93.33,86.67,6.67,5.64,274.32265437150581817372,18.288176958100387
2025-10-01,2026-03-01,5,Media_Publishing,plus,persona_x_initial_plan,1,1,1,0,100.0,100.0,0.0,6.0,206.98637935890348000000,206.9863793589035
2025-10-01,2026-03-01,5,Media_Publishing,start,persona_x_initial_plan,18,17,17,0,94.44,94.44,0.0,6.0,1037.21543548438136407860,57.623079749132295
2025-10-01,2026-03-01,5,Medical_Professionals,free,persona_x_initial_plan,5,5,5,0,100.0,100.0,0.0,6.0,405.15933923013669804120,81.03186784602734
2025-10-01,2026-03-01,5,Medical_Professionals,plus,persona_x_initial_plan,1,1,1,0,100.0,100.0,0.0,6.0,65.41696337424654430000,65.41696337424655
2025-10-01,2026-03-01,5,Medical_Professionals,start,persona_x_initial_plan,8,8,8,0,100.0,100.0,0.0,6.0,271.35652690684904579300,33.919565863356134
2025-10-01,2026-03-01,5,Others,business,persona_x_initial_plan,6,4,4,0,66.67,66.67,0.0,6.0,538.92791072712237499000,89.8213184545204
2025-10-01,2026-03-01,5,Others,free,persona_x_initial_plan,59,56,56,0,94.92,94.92,0.0,6.0,1552.71957339341991701630,26.31728090497322
2025-10-01,2026-03-01,5,Others,plus,persona_x_initial_plan,34,24,23,1,70.59,67.65,2.94,5.88,1243.25575261040809896058,36.566345665012
2025-10-01,2026-03-01,5,Others,start,persona_x_initial_plan,92,81,81,0,88.04,88.04,0.0,6.0,3085.87047468109150818650,33.54207037696838
2025-10-01,2026-03-01,5,Professeur,free,persona_x_initial_plan,12,10,10,0,83.33,83.33,0.0,6.0,191.20924126684902981300,15.934103438904087
2025-10-01,2026-03-01,5,Professeur,plus,persona_x_initial_plan,1,1,1,0,100.0,100.0,0.0,6.0,466.67644654630140800000,466.6764465463014
2025-10-01,2026-03-01,5,Professeur,start,persona_x_initial_plan,21,19,19,0,90.48,90.48,0.0,6.0,826.56997645314876559000,39.36047506919756
2025-10-01,2026-03-01,5,Repair,free,persona_x_initial_plan,3,2,2,0,66.67,66.67,0.0,6.0,0.26708524986301373100,0.08902841662100458
2025-10-01,2026-03-01,5,Repair,plus,persona_x_initial_plan,1,1,1,0,100.0,100.0,0.0,6.0,46.46590550575324062000,46.46590550575324
2025-10-01,2026-03-01,5,Repair,start,persona_x_initial_plan,4,4,4,0,100.0,100.0,0.0,6.0,74.72387553041087108000,18.680968882602716
2025-10-01,2026-03-01,5,Restauration,free,persona_x_initial_plan,9,8,8,0,88.89,88.89,0.0,6.0,133.23209657424629656510,14.803566286027367
2025-10-01,2026-03-01,5,Restauration,plus,persona_x_initial_plan,12,10,10,0,83.33,83.33,0.0,6.0,1022.34574085738018526080,85.19547840478168
2025-10-01,2026-03-01,5,Restauration,start,persona_x_initial_plan,7,6,6,0,85.71,85.71,0.0,6.0,166.06623924712285026300,23.723748463874692
2025-10-01,2026-03-01,5,Retail,business,persona_x_initial_plan,1,0,0,0,0.0,0.0,0.0,,0.00000000000000000000,0.0
2025-10-01,2026-03-01,5,Retail,free,persona_x_initial_plan,49,42,42,0,85.71,85.71,0.0,6.0,978.02951232876469968870,19.959785965893158
2025-10-01,2026-03-01,5,Retail,plus,persona_x_initial_plan,25,19,18,1,76.0,72.0,4.0,5.74,2531.01791219436119900840,101.24071648777445
2025-10-01,2026-03-01,5,Retail,start,persona_x_initial_plan,82,71,71,0,86.59,86.59,0.0,6.0,2899.89805429135049874780,35.3646104181872
2025-10-01,2026-03-01,5,Wholesale,business,persona_x_initial_plan,1,1,1,0,100.0,100.0,0.0,6.0,82.71450922027397250000,82.71450922027397
2025-10-01,2026-03-01,5,Wholesale,free,persona_x_initial_plan,6,4,4,0,66.67,66.67,0.0,6.0,85.52863196986302305900,14.25477199497717
2025-10-01,2026-03-01,5,Wholesale,plus,persona_x_initial_plan,3,2,2,0,66.67,66.67,0.0,6.0,50.00355759780821917813,16.66785253260274
2025-10-01,2026-03-01,5,Wholesale,start,persona_x_initial_plan,13,12,11,1,92.31,84.62,7.69,5.75,526.66203881315013549570,40.51246452408847
2025-10-01,2026-04-01,6,ALL,business,initial_plan,28,17,17,0,60.71,60.71,0.0,7.0,3143.91858648053764174323,112.2828066600192
2025-10-01,2026-04-01,6,ALL,free,initial_plan,409,346,339,7,84.6,82.89,1.71,6.94,9862.00727041094144619522,24.11248721371868
2025-10-01,2026-04-01,6,ALL,plus,initial_plan,211,158,153,5,74.88,72.51,2.37,6.84,15442.47285105210520331830,73.1870751234697
2025-10-01,2026-04-01,6,ALL,start,initial_plan,548,479,471,8,87.41,85.95,1.46,6.93,22324.56852376274859121009,40.738263729494065
2025-10-01,2026-04-01,6,ALL,ALL,overall,1196,1000,980,20,83.61,81.94,1.67,6.92,50772.96723170633288246684,42.45231373888489
2025-10-01,2026-04-01,6,Automobile_Trade_Repair,ALL,persona,53,44,44,0,83.02,83.02,0.0,7.0,2431.41079714136375690313,45.87567541776158
2025-10-01,2026-04-01,6,BTP,ALL,persona,240,203,201,2,84.58,83.75,0.83,6.96,14130.14683648379723349465,58.875611818682486
2025-10-01,2026-04-01,6,Bankers_Insurance,ALL,persona,15,14,13,1,93.33,86.67,6.67,6.86,333.92643543287607378700,22.26176236219174
2025-10-01,2026-04-01,6,Bikers_Drivers,ALL,persona,100,68,66,2,68.0,66.0,2.0,6.91,3446.25489963012651137642,34.462548996301265
2025-10-01,2026-04-01,6,Cleaning_CallCenters,ALL,persona,6,6,6,0,100.0,100.0,0.0,7.0,55.76558626246569942000,9.294264377077615
2025-10-01,2026-04-01,6,Consultant,ALL,persona,202,182,178,4,90.1,88.12,1.98,6.92,10459.90640974510028887923,51.78171489972822
2025-10-01,2026-04-01,6,Developer_IT,ALL,persona,91,73,69,4,80.22,75.82,4.4,6.79,3426.62086064696750227127,37.65517429282382
2025-10-01,2026-04-01,6,Media_Publishing,ALL,persona,34,30,29,1,88.24,85.29,2.94,6.83,1117.09107948766916532332,32.85561998493145
2025-10-01,2026-04-01,6,Medical_Professionals,ALL,persona,14,13,13,0,92.86,92.86,0.0,7.0,839.22744606356034605400,59.9448175759686
2025-10-01,2026-04-01,6,Others,ALL,persona,191,157,155,2,82.2,81.15,1.05,6.94,5757.13380126464476741447,30.14206178672589
2025-10-01,2026-04-01,6,Professeur,ALL,persona,34,30,30,0,88.24,88.24,0.0,7.0,1376.05883585753257168400,40.47231870169213
2025-10-01,2026-04-01,6,Repair,ALL,persona,8,7,7,0,87.5,87.5,0.0,7.0,129.52267197698594584000,16.190333997123243
2025-10-01,2026-04-01,6,Restauration,ALL,persona,28,25,23,2,89.29,82.14,7.14,6.52,1388.19565688970947792330,49.57841631748962
2025-10-01,2026-04-01,6,Retail,ALL,persona,157,131,130,1,83.44,82.8,0.64,6.95,4975.13320516874162396826,31.688746529737205
2025-10-01,2026-04-01,6,Wholesale,ALL,persona,23,17,16,1,73.91,69.57,4.35,6.82,906.57270965479191812779,39.416204767599645
2025-10-01,2026-04-01,6,Automobile_Trade_Repair,business,persona_x_initial_plan,5,5,5,0,100.0,100.0,0.0,7.0,476.09040669698559370273,95.21808133939712
2025-10-01,2026-04-01,6,Automobile_Trade_Repair,free,persona_x_initial_plan,15,13,13,0,86.67,86.67,0.0,7.0,151.17741944328724032650,10.078494629552484
2025-10-01,2026-04-01,6,Automobile_Trade_Repair,plus,persona_x_initial_plan,11,10,10,0,90.91,90.91,0.0,7.0,1344.20379009369462726070,122.20034455397223
2025-10-01,2026-04-01,6,Automobile_Trade_Repair,start,persona_x_initial_plan,22,16,16,0,72.73,72.73,0.0,7.0,459.93918090739629561320,20.90632640488165
2025-10-01,2026-04-01,6,BTP,business,persona_x_initial_plan,8,4,4,0,50.0,50.0,0.0,7.0,1189.94351607561157432830,148.74293950945145
2025-10-01,2026-04-01,6,BTP,free,persona_x_initial_plan,73,68,67,1,93.15,91.78,1.37,6.96,2598.38347054520160854760,35.59429411705756
2025-10-01,2026-04-01,6,BTP,plus,persona_x_initial_plan,68,51,50,1,75.0,73.53,1.47,6.9,5014.09030323066790996460,73.73662210633336
2025-10-01,2026-04-01,6,BTP,start,persona_x_initial_plan,91,80,80,0,87.91,87.91,0.0,7.0,5327.72954663231614065415,58.546478534421055
2025-10-01,2026-04-01,6,Bankers_Insurance,free,persona_x_initial_plan,8,8,7,1,100.0,87.5,12.5,6.75,93.58262391232875174000,11.697827989041095
2025-10-01,2026-04-01,6,Bankers_Insurance,start,persona_x_initial_plan,7,6,6,0,85.71,85.71,0.0,7.0,240.34381152054732204700,34.33483021722105
2025-10-01,2026-04-01,6,Bikers_Drivers,business,persona_x_initial_plan,5,3,3,0,60.0,60.0,0.0,7.0,221.05510970684917864220,44.211021941369836
2025-10-01,2026-04-01,6,Bikers_Drivers,free,persona_x_initial_plan,36,25,23,2,69.44,63.89,5.56,6.76,559.99769870904017250081,15.55549163080667
2025-10-01,2026-04-01,6,Bikers_Drivers,plus,persona_x_initial_plan,26,16,16,0,61.54,61.54,0.0,7.0,1841.01275429862279230004,70.80818285763934
2025-10-01,2026-04-01,6,Bikers_Drivers,start,persona_x_initial_plan,33,24,24,0,72.73,72.73,0.0,7.0,824.18933691561436793337,24.975434451988313
2025-10-01,2026-04-01,6,Cleaning_CallCenters,free,persona_x_initial_plan,4,4,4,0,100.0,100.0,0.0,7.0,42.47534047068487902000,10.61883511767122
2025-10-01,2026-04-01,6,Cleaning_CallCenters,start,persona_x_initial_plan,2,2,2,0,100.0,100.0,0.0,7.0,13.29024579178082040000,6.6451228958904105
2025-10-01,2026-04-01,6,Consultant,business,persona_x_initial_plan,2,1,1,0,50.0,50.0,0.0,7.0,747.42584916109217000000,373.7129245805461
2025-10-01,2026-04-01,6,Consultant,free,persona_x_initial_plan,80,71,70,1,88.75,87.5,1.25,6.97,2633.57874295342106497363,32.919734286917766
2025-10-01,2026-04-01,6,Consultant,plus,persona_x_initial_plan,15,12,12,0,80.0,80.0,0.0,7.0,1241.85327768383296997700,82.79021851225552
2025-10-01,2026-04-01,6,Consultant,start,persona_x_initial_plan,105,98,95,3,93.33,90.48,2.86,6.87,5837.04853994675408392860,55.59093847568337
2025-10-01,2026-04-01,6,Developer_IT,free,persona_x_initial_plan,35,24,23,1,68.57,65.71,2.86,6.83,801.31849234136882161227,22.894814066896252
2025-10-01,2026-04-01,6,Developer_IT,plus,persona_x_initial_plan,13,11,11,0,84.62,84.62,0.0,7.0,828.22516994395781330000,63.709628457227524
2025-10-01,2026-04-01,6,Developer_IT,start,persona_x_initial_plan,43,38,35,3,88.37,81.4,6.98,6.71,1797.07719836164086735900,41.79249298515444
2025-10-01,2026-04-01,6,Media_Publishing,free,persona_x_initial_plan,15,13,12,1,86.67,80.0,6.67,6.62,131.67412811178041836752,8.778275207452028
2025-10-01,2026-04-01,6,Media_Publishing,plus,persona_x_initial_plan,1,1,1,0,100.0,100.0,0.0,7.0,209.99257708383489900000,209.9925770838349
2025-10-01,2026-04-01,6,Media_Publishing,start,persona_x_initial_plan,18,16,16,0,88.89,88.89,0.0,7.0,775.42437429205384795580,43.0791319051141
2025-10-01,2026-04-01,6,Medical_Professionals,free,persona_x_initial_plan,5,4,4,0,80.0,80.0,0.0,7.0,322.06132032328749910000,64.41226406465749
2025-10-01,2026-04-01,6,Medical_Professionals,plus,persona_x_initial_plan,1,1,1,0,100.0,100.0,0.0,7.0,73.49396612438354470000,73.49396612438355
2025-10-01,2026-04-01,6,Medical_Professionals,start,persona_x_initial_plan,8,8,8,0,100.0,100.0,0.0,7.0,443.67215961588930225400,55.459019951986164
2025-10-01,2026-04-01,6,Others,business,persona_x_initial_plan,6,3,3,0,50.0,50.0,0.0,7.0,423.32181489808133527000,70.5536358163469
2025-10-01,2026-04-01,6,Others,free,persona_x_initial_plan,59,53,53,0,89.83,89.83,0.0,7.0,1234.52333080164086576930,20.92412425087527
2025-10-01,2026-04-01,6,Others,plus,persona_x_initial_plan,34,22,20,2,64.71,58.82,5.88,6.59,1161.69948514027083699907,34.16763191589032
2025-10-01,2026-04-01,6,Others,start,persona_x_initial_plan,92,79,79,0,85.87,85.87,0.0,7.0,2937.58917042465172937610,31.930317069833173
2025-10-01,2026-04-01,6,Professeur,free,persona_x_initial_plan,12,10,10,0,83.33,83.33,0.0,7.0,195.39643762465708566700,16.283036468721424
2025-10-01,2026-04-01,6,Professeur,plus,persona_x_initial_plan,1,1,1,0,100.0,100.0,0.0,7.0,520.89692249589052000000,520.8969224958905
2025-10-01,2026-04-01,6,Professeur,start,persona_x_initial_plan,21,19,19,0,90.48,90.48,0.0,7.0,659.76547573698496601700,31.417403606523095
2025-10-01,2026-04-01,6,Repair,free,persona_x_initial_plan,3,2,2,0,66.67,66.67,0.0,7.0,2.49610241698628840600,0.8320341389954296
2025-10-01,2026-04-01,6,Repair,plus,persona_x_initial_plan,1,1,1,0,100.0,100.0,0.0,7.0,40.39875595890395453000,40.398755958903955
2025-10-01,2026-04-01,6,Repair,start,persona_x_initial_plan,4,4,4,0,100.0,100.0,0.0,7.0,86.62781360109570290400,21.656953400273927
2025-10-01,2026-04-01,6,Restauration,free,persona_x_initial_plan,9,7,7,0,77.78,77.78,0.0,7.0,106.77909265315023445110,11.864343628127804
2025-10-01,2026-04-01,6,Restauration,plus,persona_x_initial_plan,12,12,10,2,100.0,83.33,16.67,6.0,1125.66548811272414715720,93.80545734272702
2025-10-01,2026-04-01,6,Restauration,start,persona_x_initial_plan,7,6,6,0,85.71,85.71,0.0,7.0,155.75107612383509631500,22.250153731976443
2025-10-01,2026-04-01,6,Retail,business,persona_x_initial_plan,1,0,0,0,0.0,0.0,0.0,,0.00000000000000000000,0.0
2025-10-01,2026-04-01,6,Retail,free,persona_x_initial_plan,49,41,41,0,83.67,83.67,0.0,7.0,988.15998831890103622049,20.166530373855124
2025-10-01,2026-04-01,6,Retail,plus,persona_x_initial_plan,25,18,18,0,72.0,72.0,0.0,7.0,1990.93691503764995525330,79.637476601506
2025-10-01,2026-04-01,6,Retail,start,persona_x_initial_plan,82,72,71,1,87.8,86.59,1.22,6.92,1996.03630181219063249447,24.341906119660862
2025-10-01,2026-04-01,6,Wholesale,business,persona_x_initial_plan,1,1,1,0,100.0,100.0,0.0,7.0,86.08188994191778980000,86.0818899419178
2025-10-01,2026-04-01,6,Wholesale,free,persona_x_initial_plan,6,3,3,0,50.0,50.0,0.0,7.0,0.40308178520547949300,0.06718029753424658
2025-10-01,2026-04-01,6,Wholesale,plus,persona_x_initial_plan,3,2,2,0,66.67,66.67,0.0,7.0,50.00344584767123287639,16.667815282557076
2025-10-01,2026-04-01,6,Wholesale,start,persona_x_initial_plan,13,11,10,1,84.62,76.92,7.69,6.73,770.08429207999741595840,59.23725323692288
2025-11-01,2025-11-01,0,ALL,business,initial_plan,50,50,50,0,100.0,100.0,0.0,1.0,5445.93664772575018416235,108.918732954515
2025-11-01,2025-11-01,0,ALL,free,initial_plan,926,921,921,0,99.46,99.46,0.0,1.0,24103.45339323283055776416,26.029647292908024
2025-11-01,2025-11-01,0,ALL,plus,initial_plan,361,360,360,0,99.72,99.72,0.0,1.0,14495.97612268778491088200,40.155058511600515
2025-11-01,2025-11-01,0,ALL,start,initial_plan,1098,1094,1094,0,99.64,99.64,0.0,1.0,30266.43509315711057140509,27.565059283385345
2025-11-01,2025-11-01,0,ALL,ALL,overall,2435,2425,2425,0,99.59,99.59,0.0,1.0,74311.80125680347622421360,30.51819353462155
2025-11-01,2025-11-01,0,Automobile_Trade_Repair,ALL,persona,94,93,93,0,98.94,98.94,0.0,1.0,2846.55285247396508511050,30.282477153978352
2025-11-01,2025-11-01,0,BTP,ALL,persona,450,449,449,0,99.78,99.78,0.0,1.0,17033.80911234623869045877,37.8529091385472
2025-11-01,2025-11-01,0,Bankers_Insurance,ALL,persona,32,32,32,0,100.0,100.0,0.0,1.0,877.14545593899126813100,27.410795498093478
2025-11-01,2025-11-01,0,Bikers_Drivers,ALL,persona,157,155,155,0,98.73,98.73,0.0,1.0,4874.46032462996837752742,31.047517991273683
2025-11-01,2025-11-01,0,Cleaning_CallCenters,ALL,persona,16,16,16,0,100.0,100.0,0.0,1.0,564.69525378566114261440,35.293453361603824
2025-11-01,2025-11-01,0,Consultant,ALL,persona,436,436,436,0,100.0,100.0,0.0,1.0,12894.34964669243643307892,29.574196437367974
2025-11-01,2025-11-01,0,Developer_IT,ALL,persona,230,230,230,0,100.0,100.0,0.0,1.0,9377.84601648600441453337,40.77324354993915
2025-11-01,2025-11-01,0,Media_Publishing,ALL,persona,89,89,89,0,100.0,100.0,0.0,1.0,2549.63211060068927702961,28.64755180450213
2025-11-01,2025-11-01,0,Medical_Professionals,ALL,persona,29,29,29,0,100.0,100.0,0.0,1.0,155.53423697378025337900,5.363249550820009
2025-11-01,2025-11-01,0,Others,ALL,persona,361,359,359,0,99.45,99.45,0.0,1.0,6834.79160717031256309032,18.932940740083968
2025-11-01,2025-11-01,0,Professeur,ALL,persona,75,74,74,0,98.67,98.67,0.0,1.0,950.11690024010164650808,12.66822533653469
2025-11-01,2025-11-01,0,Repair,ALL,persona,15,15,15,0,100.0,100.0,0.0,1.0,167.31618029380898410003,11.154412019587266
2025-11-01,2025-11-01,0,Repair_Installation,ALL,persona,9,9,9,0,100.0,100.0,0.0,1.0,273.96348598877871716600,30.440387332086523
2025-11-01,2025-11-01,0,Restauration,ALL,persona,59,59,59,0,100.0,100.0,0.0,1.0,2433.11504926196501926660,41.23923812308415
2025-11-01,2025-11-01,0,Retail,ALL,persona,321,319,319,0,99.38,99.38,0.0,1.0,10484.57638599100578979531,32.662231732059205
2025-11-01,2025-11-01,0,Wholesale,ALL,persona,62,61,61,0,98.39,98.39,0.0,1.0,1993.89663792976856242427,32.15962319241562
2025-11-01,2025-11-01,0,Automobile_Trade_Repair,business,persona_x_initial_plan,5,5,5,0,100.0,100.0,0.0,1.0,352.94421339152510723400,70.58884267830503
2025-11-01,2025-11-01,0,Automobile_Trade_Repair,free,persona_x_initial_plan,29,29,29,0,100.0,100.0,0.0,1.0,775.67729089788105439510,26.747492789582108
2025-11-01,2025-11-01,0,Automobile_Trade_Repair,plus,persona_x_initial_plan,27,27,27,0,100.0,100.0,0.0,1.0,1211.28905682799740696760,44.862557660296204
2025-11-01,2025-11-01,0,Automobile_Trade_Repair,start,persona_x_initial_plan,33,32,32,0,96.97,96.97,0.0,1.0,506.64229135656151651380,15.352796707774592
2025-11-01,2025-11-01,0,BTP,business,persona_x_initial_plan,12,12,12,0,100.0,100.0,0.0,1.0,1542.88018956241417171570,128.5733491302012
2025-11-01,2025-11-01,0,BTP,free,persona_x_initial_plan,147,146,146,0,99.32,99.32,0.0,1.0,6063.14799599684952603379,41.24590473467244
2025-11-01,2025-11-01,0,BTP,plus,persona_x_initial_plan,93,93,93,0,100.0,100.0,0.0,1.0,4395.23208912651894566304,47.26056009813461
2025-11-01,2025-11-01,0,BTP,start,persona_x_initial_plan,198,198,198,0,100.0,100.0,0.0,1.0,5032.54883766045604704624,25.416913321517455
2025-11-01,2025-11-01,0,Bankers_Insurance,free,persona_x_initial_plan,20,20,20,0,100.0,100.0,0.0,1.0,553.06084034890372506100,27.653042017445188
2025-11-01,2025-11-01,0,Bankers_Insurance,start,persona_x_initial_plan,12,12,12,0,100.0,100.0,0.0,1.0,324.08461559008754307000,27.007051299173963
2025-11-01,2025-11-01,0,Bikers_Drivers,business,persona_x_initial_plan,6,6,6,0,100.0,100.0,0.0,1.0,617.62248466383566670170,102.93708077730594
2025-11-01,2025-11-01,0,Bikers_Drivers,free,persona_x_initial_plan,56,56,56,0,100.0,100.0,0.0,1.0,1564.22580123790216915436,27.93260359353397
2025-11-01,2025-11-01,0,Bikers_Drivers,plus,persona_x_initial_plan,33,32,32,0,96.97,96.97,0.0,1.0,1660.91256938931096593506,50.330683920888205
2025-11-01,2025-11-01,0,Bikers_Drivers,start,persona_x_initial_plan,62,61,61,0,98.39,98.39,0.0,1.0,1031.69946933891957573630,16.640314021595476
2025-11-01,2025-11-01,0,Cleaning_CallCenters,business,persona_x_initial_plan,1,1,1,0,100.0,100.0,0.0,1.0,80.08898060273972602200,80.08898060273972
2025-11-01,2025-11-01,0,Cleaning_CallCenters,free,persona_x_initial_plan,5,5,5,0,100.0,100.0,0.0,1.0,242.32725790317706130500,48.46545158063542
2025-11-01,2025-11-01,0,Cleaning_CallCenters,plus,persona_x_initial_plan,4,4,4,0,100.0,100.0,0.0,1.0,10.43624388938610942140,2.6090609723465272
2025-11-01,2025-11-01,0,Cleaning_CallCenters,start,persona_x_initial_plan,6,6,6,0,100.0,100.0,0.0,1.0,231.84277139035824586600,38.64046189839304
2025-11-01,2025-11-01,0,Consultant,business,persona_x_initial_plan,5,5,5,0,100.0,100.0,0.0,1.0,198.33866972590244182025,39.66773394518049
2025-11-01,2025-11-01,0,Consultant,free,persona_x_initial_plan,184,184,184,0,100.0,100.0,0.0,1.0,5791.94815154180494260607,31.47797908446633
2025-11-01,2025-11-01,0,Consultant,plus,persona_x_initial_plan,41,41,41,0,100.0,100.0,0.0,1.0,1570.76065555407742490220,38.31123550131896
2025-11-01,2025-11-01,0,Consultant,start,persona_x_initial_plan,206,206,206,0,100.0,100.0,0.0,1.0,5333.30216987065162375040,25.889816358595397
2025-11-01,2025-11-01,0,Developer_IT,business,persona_x_initial_plan,4,4,4,0,100.0,100.0,0.0,1.0,1686.70296450998729789300,421.67574112749685
2025-11-01,2025-11-01,0,Developer_IT,free,persona_x_initial_plan,99,99,99,0,100.0,100.0,0.0,1.0,2882.26807533409125175315,29.1138189427686
2025-11-01,2025-11-01,0,Developer_IT,plus,persona_x_initial_plan,14,14,14,0,100.0,100.0,0.0,1.0,1125.07445775241252434660,80.36246126802948
2025-11-01,2025-11-01,0,Developer_IT,start,persona_x_initial_plan,113,113,113,0,100.0,100.0,0.0,1.0,3683.80051888951334054062,32.60000459194259
2025-11-01,2025-11-01,0,Media_Publishing,business,persona_x_initial_plan,1,1,1,0,100.0,100.0,0.0,1.0,138.06950756164383561900,138.06950756164383
2025-11-01,2025-11-01,0,Media_Publishing,free,persona_x_initial_plan,45,45,45,0,100.0,100.0,0.0,1.0,706.75558243339578597721,15.705679609631018
2025-11-01,2025-11-01,0,Media_Publishing,plus,persona_x_initial_plan,7,7,7,0,100.0,100.0,0.0,1.0,13.26580067561644090300,1.8951143822309202
2025-11-01,2025-11-01,0,Media_Publishing,start,persona_x_initial_plan,36,36,36,0,100.0,100.0,0.0,1.0,1691.54121993003321453040,46.98725610916759
2025-11-01,2025-11-01,0,Medical_Professionals,free,persona_x_initial_plan,13,13,13,0,100.0,100.0,0.0,1.0,8.38520582958904077000,0.6450158330453107
2025-11-01,2025-11-01,0,Medical_Professionals,plus,persona_x_initial_plan,1,1,1,0,100.0,100.0,0.0,1.0,2.82131506849315090000,2.821315068493151
2025-11-01,2025-11-01,0,Medical_Professionals,start,persona_x_initial_plan,15,15,15,0,100.0,100.0,0.0,1.0,144.32771607569806170900,9.62184773837987
2025-11-01,2025-11-01,0,Others,business,persona_x_initial_plan,7,7,7,0,100.0,100.0,0.0,1.0,375.92028709205537148570,53.70289815600791
2025-11-01,2025-11-01,0,Others,free,persona_x_initial_plan,131,129,129,0,98.47,98.47,0.0,1.0,1696.86295091379820582959,12.953152297051894
2025-11-01,2025-11-01,0,Others,plus,persona_x_initial_plan,63,63,63,0,100.0,100.0,0.0,1.0,1561.36541127175952247549,24.783577956694597
2025-11-01,2025-11-01,0,Others,start,persona_x_initial_plan,160,160,160,0,100.0,100.0,0.0,1.0,3200.64295789269946329954,20.004018486829374
2025-11-01,2025-11-01,0,Professeur,free,persona_x_initial_plan,39,38,38,0,97.44,97.44,0.0,1.0,339.80261285485949609281,8.71288750909896
2025-11-01,2025-11-01,0,Professeur,plus,persona_x_initial_plan,7,7,7,0,100.0,100.0,0.0,1.0,18.81918441380289167587,2.6884549162575557
2025-11-01,2025-11-01,0,Professeur,start,persona_x_initial_plan,29,29,29,0,100.0,100.0,0.0,1.0,591.49510297143925873940,20.39638286108411
2025-11-01,2025-11-01,0,Repair,free,persona_x_initial_plan,7,7,7,0,100.0,100.0,0.0,1.0,14.10990936818485840503,2.0157013383121227
2025-11-01,2025-11-01,0,Repair,start,persona_x_initial_plan,8,8,8,0,100.0,100.0,0.0,1.0,153.20627092562412569500,19.150783865703016
2025-11-01,2025-11-01,0,Repair_Installation,free,persona_x_initial_plan,3,3,3,0,100.0,100.0,0.0,1.0,148.73587340294042396600,49.57862446764681
2025-11-01,2025-11-01,0,Repair_Installation,plus,persona_x_initial_plan,1,1,1,0,100.0,100.0,0.0,1.0,2.41704271939685790000,2.417042719396858
2025-11-01,2025-11-01,0,Repair_Installation,start,persona_x_initial_plan,5,5,5,0,100.0,100.0,0.0,1.0,122.81056986644143530000,24.562113973288287
2025-11-01,2025-11-01,0,Restauration,free,persona_x_initial_plan,20,20,20,0,100.0,100.0,0.0,1.0,514.18685487068760624500,25.709342743534382
2025-11-01,2025-11-01,0,Restauration,plus,persona_x_initial_plan,8,8,8,0,100.0,100.0,0.0,1.0,566.85138731178026942060,70.85642341397254
2025-11-01,2025-11-01,0,Restauration,start,persona_x_initial_plan,31,31,31,0,100.0,100.0,0.0,1.0,1352.07680707949714360100,43.61538087353216
2025-11-01,2025-11-01,0,Retail,business,persona_x_initial_plan,5,5,5,0,100.0,100.0,0.0,1.0,165.24135385580777890000,33.048270771161555
2025-11-01,2025-11-01,0,Retail,free,persona_x_initial_plan,110,109,109,0,99.09,99.09,0.0,1.0,2464.49576382622207024105,22.404506943874747
2025-11-01,2025-11-01,0,Retail,plus,persona_x_initial_plan,45,45,45,0,100.0,100.0,0.0,1.0,1867.81553648176745196414,41.50701192181705
2025-11-01,2025-11-01,0,Retail,start,persona_x_initial_plan,161,160,160,0,99.38,99.38,0.0,1.0,5987.02373182720848869012,37.18648280638018
2025-11-01,2025-11-01,0,Wholesale,business,persona_x_initial_plan,4,4,4,0,100.0,100.0,0.0,1.0,288.12799675983878677100,72.03199918995969
2025-11-01,2025-11-01,0,Wholesale,free,persona_x_initial_plan,18,18,18,0,100.0,100.0,0.0,1.0,337.46322647254333992900,18.747957026252408
2025-11-01,2025-11-01,0,Wholesale,plus,persona_x_initial_plan,17,17,17,0,100.0,100.0,0.0,1.0,488.91537220546494840700,28.759727776792058
2025-11-01,2025-11-01,0,Wholesale,start,persona_x_initial_plan,23,22,22,0,95.65,95.65,0.0,1.0,879.39004249192148731727,38.2343496735618
2025-11-01,2025-12-01,1,ALL,business,initial_plan,50,46,46,0,92.0,92.0,0.0,2.0,5506.52802454436426170270,110.13056049088729
2025-11-01,2025-12-01,1,ALL,free,initial_plan,926,886,885,1,95.68,95.57,0.11,2.0,19533.04475652985893880658,21.09400081698689
2025-11-01,2025-12-01,1,ALL,plus,initial_plan,361,348,348,0,96.4,96.4,0.0,2.0,30698.99086042296252106945,85.038755846047
2025-11-01,2025-12-01,1,ALL,start,initial_plan,1098,1074,1074,0,97.81,97.81,0.0,2.0,42900.75005515409704090473,39.07172136170683
2025-11-01,2025-12-01,1,ALL,ALL,overall,2435,2354,2353,1,96.67,96.63,0.04,2.0,98639.31369665128276248346,40.508958396982045
2025-11-01,2025-12-01,1,Automobile_Trade_Repair,ALL,persona,94,89,89,0,94.68,94.68,0.0,2.0,4692.56210886285053786032,49.92087349854096
2025-11-01,2025-12-01,1,BTP,ALL,persona,450,441,441,0,98.0,98.0,0.0,2.0,28322.90236232322990249677,62.93978302738496
2025-11-01,2025-12-01,1,Bankers_Insurance,ALL,persona,32,31,31,0,96.88,96.88,0.0,2.0,1536.33348305781736102000,48.01042134555679
2025-11-01,2025-12-01,1,Bikers_Drivers,ALL,persona,157,143,143,0,91.08,91.08,0.0,2.0,4678.32481662687094635622,29.798247239661602
2025-11-01,2025-12-01,1,Cleaning_CallCenters,ALL,persona,16,16,16,0,100.0,100.0,0.0,2.0,563.85539484367134422220,35.24096217772946
2025-11-01,2025-12-01,1,Consultant,ALL,persona,436,429,429,0,98.39,98.39,0.0,2.0,14925.60775208682200529365,34.233045302951425
2025-11-01,2025-12-01,1,Developer_IT,ALL,persona,230,223,223,0,96.96,96.96,0.0,2.0,7228.66112454542522929302,31.428961411067064
2025-11-01,2025-12-01,1,Media_Publishing,ALL,persona,89,86,86,0,96.63,96.63,0.0,2.0,2297.22857005174409485060,25.81155696687353
2025-11-01,2025-12-01,1,Medical_Professionals,ALL,persona,29,29,29,0,100.0,100.0,0.0,2.0,533.30160442374288595200,18.389710497370444
2025-11-01,2025-12-01,1,Others,ALL,persona,361,347,346,1,96.12,95.84,0.28,2.0,10721.99539124347262211737,29.700818258292166
2025-11-01,2025-12-01,1,Professeur,ALL,persona,75,71,71,0,94.67,94.67,0.0,2.0,1098.96726204346076703375,14.652896827246144
2025-11-01,2025-12-01,1,Repair,ALL,persona,15,14,14,0,93.33,93.33,0.0,2.0,238.12074816394236204250,15.874716544262823
2025-11-01,2025-12-01,1,Repair_Installation,ALL,persona,9,9,9,0,100.0,100.0,0.0,2.0,484.17178063289578208000,53.7968645147662
2025-11-01,2025-12-01,1,Restauration,ALL,persona,59,56,56,0,94.92,94.92,0.0,2.0,2803.05072842862121692100,47.50933438014612
2025-11-01,2025-12-01,1,Retail,ALL,persona,321,309,309,0,96.26,96.26,0.0,2.0,14084.08273575984018472135,43.87564715189981
2025-11-01,2025-12-01,1,Wholesale,ALL,persona,62,61,61,0,98.39,98.39,0.0,2.0,4430.14783355687552022271,71.45399731543347
2025-11-01,2025-12-01,1,Automobile_Trade_Repair,business,persona_x_initial_plan,5,3,3,0,60.0,60.0,0.0,2.0,599.59170214064283640000,119.91834042812857
2025-11-01,2025-12-01,1,Automobile_Trade_Repair,free,persona_x_initial_plan,29,28,28,0,96.55,96.55,0.0,2.0,347.15602961142528112122,11.970897572807768
2025-11-01,2025-12-01,1,Automobile_Trade_Repair,plus,persona_x_initial_plan,27,27,27,0,100.0,100.0,0.0,2.0,2093.09970860499511831290,77.52221142981463
2025-11-01,2025-12-01,1,Automobile_Trade_Repair,start,persona_x_initial_plan,33,31,31,0,93.94,93.94,0.0,2.0,1652.71466850578730202620,50.082262681993555
2025-11-01,2025-12-01,1,BTP,business,persona_x_initial_plan,12,12,12,0,100.0,100.0,0.0,2.0,1479.14968919752242624600,123.26247409979352
2025-11-01,2025-12-01,1,BTP,free,persona_x_initial_plan,147,143,143,0,97.28,97.28,0.0,2.0,6864.23244418808371888767,46.695458804000566
2025-11-01,2025-12-01,1,BTP,plus,persona_x_initial_plan,93,91,91,0,97.85,97.85,0.0,2.0,9788.98113724462348196770,105.2578616908024
2025-11-01,2025-12-01,1,BTP,start,persona_x_initial_plan,198,195,195,0,98.48,98.48,0.0,2.0,10190.53909169300027539540,51.467369149964654
2025-11-01,2025-12-01,1,Bankers_Insurance,free,persona_x_initial_plan,20,19,19,0,95.0,95.0,0.0,2.0,889.58796446792707969000,44.47939822339636
2025-11-01,2025-12-01,1,Bankers_Insurance,start,persona_x_initial_plan,12,12,12,0,100.0,100.0,0.0,2.0,646.74551858989028133000,53.895459882490854
2025-11-01,2025-12-01,1,Bikers_Drivers,business,persona_x_initial_plan,6,5,5,0,83.33,83.33,0.0,2.0,572.52542029354580912660,95.42090338225763
2025-11-01,2025-12-01,1,Bikers_Drivers,free,persona_x_initial_plan,56,51,51,0,91.07,91.07,0.0,2.0,816.99653866530127527260,14.589223904737523
2025-11-01,2025-12-01,1,Bikers_Drivers,plus,persona_x_initial_plan,33,28,28,0,84.85,84.85,0.0,2.0,1643.56285325848373986710,49.80493494722678
2025-11-01,2025-12-01,1,Bikers_Drivers,start,persona_x_initial_plan,62,59,59,0,95.16,95.16,0.0,2.0,1645.24000440954012208992,26.536129103379682
2025-11-01,2025-12-01,1,Cleaning_CallCenters,business,persona_x_initial_plan,1,1,1,0,100.0,100.0,0.0,2.0,87.17705090350627200000,87.17705090350627
2025-11-01,2025-12-01,1,Cleaning_CallCenters,free,persona_x_initial_plan,5,5,5,0,100.0,100.0,0.0,2.0,44.37213726132062001220,8.874427452264124
2025-11-01,2025-12-01,1,Cleaning_CallCenters,plus,persona_x_initial_plan,4,4,4,0,100.0,100.0,0.0,2.0,212.85393748204173461000,53.213484370510436
2025-11-01,2025-12-01,1,Cleaning_CallCenters,start,persona_x_initial_plan,6,6,6,0,100.0,100.0,0.0,2.0,219.45226919680271760000,36.57537819946712
2025-11-01,2025-12-01,1,Consultant,business,persona_x_initial_plan,5,5,5,0,100.0,100.0,0.0,2.0,423.53023098575342690710,84.70604619715068
2025-11-01,2025-12-01,1,Consultant,free,persona_x_initial_plan,184,179,179,0,97.28,97.28,0.0,2.0,3503.93613389600637799465,19.043131162478296
2025-11-01,2025-12-01,1,Consultant,plus,persona_x_initial_plan,41,41,41,0,100.0,100.0,0.0,2.0,3660.03584383464740813020,89.26916692279627
2025-11-01,2025-12-01,1,Consultant,start,persona_x_initial_plan,206,204,204,0,99.03,99.03,0.0,2.0,7338.10554337041479226170,35.6218715697593
2025-11-01,2025-12-01,1,Developer_IT,business,persona_x_initial_plan,4,3,3,0,75.0,75.0,0.0,2.0,276.98128629352013432600,69.24532157338004
2025-11-01,2025-12-01,1,Developer_IT,free,persona_x_initial_plan,99,95,95,0,95.96,95.96,0.0,2.0,1867.58760940779306749972,18.864521307149424
2025-11-01,2025-12-01,1,Developer_IT,plus,persona_x_initial_plan,14,14,14,0,100.0,100.0,0.0,2.0,1200.32755181096077993000,85.73768227221149
2025-11-01,2025-12-01,1,Developer_IT,start,persona_x_initial_plan,113,111,111,0,98.23,98.23,0.0,2.0,3883.76467703315124753730,34.3695989117978
2025-11-01,2025-12-01,1,Media_Publishing,business,persona_x_initial_plan,1,1,1,0,100.0,100.0,0.0,2.0,0.30416540469123919900,0.3041654046912392
2025-11-01,2025-12-01,1,Media_Publishing,free,persona_x_initial_plan,45,45,45,0,100.0,100.0,0.0,2.0,315.95569656479060473160,7.021237701439792
2025-11-01,2025-12-01,1,Media_Publishing,plus,persona_x_initial_plan,7,6,6,0,85.71,85.71,0.0,2.0,505.87118426135312673000,72.26731203733615
2025-11-01,2025-12-01,1,Media_Publishing,start,persona_x_initial_plan,36,34,34,0,94.44,94.44,0.0,2.0,1475.09752382090912419000,40.97493121724747
2025-11-01,2025-12-01,1,Medical_Professionals,free,persona_x_initial_plan,13,13,13,0,100.0,100.0,0.0,2.0,59.98568865705207749200,4.61428374285016
2025-11-01,2025-12-01,1,Medical_Professionals,plus,persona_x_initial_plan,1,1,1,0,100.0,100.0,0.0,2.0,101.93538934597850000000,101.9353893459785
2025-11-01,2025-12-01,1,Medical_Professionals,start,persona_x_initial_plan,15,15,15,0,100.0,100.0,0.0,2.0,371.38052642071230846000,24.758701761380824
2025-11-01,2025-12-01,1,Others,business,persona_x_initial_plan,7,7,7,0,100.0,100.0,0.0,2.0,947.58428724780225071000,135.36918389254316
2025-11-01,2025-12-01,1,Others,free,persona_x_initial_plan,131,124,123,1,94.66,93.89,0.76,1.99,2283.19833303625846301908,17.42899490867373
2025-11-01,2025-12-01,1,Others,plus,persona_x_initial_plan,63,60,60,0,95.24,95.24,0.0,2.0,3242.77217744794827746300,51.47257424520553
2025-11-01,2025-12-01,1,Others,start,persona_x_initial_plan,160,156,156,0,97.5,97.5,0.0,2.0,4248.44059351146363092529,26.552753709446648
2025-11-01,2025-12-01,1,Professeur,free,persona_x_initial_plan,39,36,36,0,92.31,92.31,0.0,2.0,247.53816037312072828112,6.347132317259506
2025-11-01,2025-12-01,1,Professeur,plus,persona_x_initial_plan,7,6,6,0,85.71,85.71,0.0,2.0,176.51654952831496209863,25.216649932616424
2025-11-01,2025-12-01,1,Professeur,start,persona_x_initial_plan,29,29,29,0,100.0,100.0,0.0,2.0,674.91255214202507665400,23.27284662558707
2025-11-01,2025-12-01,1,Repair,free,persona_x_initial_plan,7,6,6,0,85.71,85.71,0.0,2.0,78.08485233913153054450,11.154978905590218
2025-11-01,2025-12-01,1,Repair,start,persona_x_initial_plan,8,8,8,0,100.0,100.0,0.0,2.0,160.03589582481083149800,20.004486978101355
2025-11-01,2025-12-01,1,Repair_Installation,free,persona_x_initial_plan,3,3,3,0,100.0,100.0,0.0,2.0,120.04052337646826618000,40.01350779215609
2025-11-01,2025-12-01,1,Repair_Installation,plus,persona_x_initial_plan,1,1,1,0,100.0,100.0,0.0,2.0,72.06715366237462200000,72.06715366237462
2025-11-01,2025-12-01,1,Repair_Installation,start,persona_x_initial_plan,5,5,5,0,100.0,100.0,0.0,2.0,292.06410359405289390000,58.41282071881058
2025-11-01,2025-12-01,1,Restauration,free,persona_x_initial_plan,20,17,17,0,85.0,85.0,0.0,2.0,240.01977883564494471000,12.000988941782248
2025-11-01,2025-12-01,1,Restauration,plus,persona_x_initial_plan,8,8,8,0,100.0,100.0,0.0,2.0,1123.51894421480603595910,140.43986802685075
2025-11-01,2025-12-01,1,Restauration,start,persona_x_initial_plan,31,31,31,0,100.0,100.0,0.0,2.0,1439.51200537817023625190,46.435871141231296
2025-11-01,2025-12-01,1,Retail,business,persona_x_initial_plan,5,5,5,0,100.0,100.0,0.0,2.0,780.20614890655397349000,156.0412297813108
2025-11-01,2025-12-01,1,Retail,free,persona_x_initial_plan,110,104,104,0,94.55,94.55,0.0,2.0,1669.43151060531309529422,15.176650096411938
2025-11-01,2025-12-01,1,Retail,plus,persona_x_initial_plan,45,44,44,0,97.78,97.78,0.0,2.0,5204.06646039881049989811,115.64592134219579
2025-11-01,2025-12-01,1,Retail,start,persona_x_initial_plan,161,156,156,0,96.89,96.89,0.0,2.0,6430.37861584916261603902,39.9402398499948
2025-11-01,2025-12-01,1,Wholesale,business,persona_x_initial_plan,4,4,4,0,100.0,100.0,0.0,2.0,339.47804317082589329800,84.86951079270648
2025-11-01,2025-12-01,1,Wholesale,free,persona_x_initial_plan,18,18,18,0,100.0,100.0,0.0,2.0,184.92135524422180807600,10.27340862467899
2025-11-01,2025-12-01,1,Wholesale,plus,persona_x_initial_plan,17,17,17,0,100.0,100.0,0.0,2.0,1673.38196932762423410271,98.43423348986026
2025-11-01,2025-12-01,1,Wholesale,start,persona_x_initial_plan,23,22,22,0,95.65,95.65,0.0,2.0,2232.36646581420358474600,97.05941155713927
2025-11-01,2026-01-01,2,ALL,business,initial_plan,50,40,40,0,80.0,80.0,0.0,3.0,5649.41717183505670223297,112.98834343670113
2025-11-01,2026-01-01,2,ALL,free,initial_plan,926,849,842,7,91.68,90.93,0.76,2.98,19936.97956620668822685525,21.530215514262085
2025-11-01,2026-01-01,2,ALL,plus,initial_plan,361,333,331,2,92.24,91.69,0.55,2.99,30870.58446780982112639863,85.51408439836516
2025-11-01,2026-01-01,2,ALL,start,initial_plan,1098,1037,1034,3,94.44,94.17,0.27,2.99,49737.85394801389756569698,45.29859193808188
2025-11-01,2026-01-01,2,ALL,ALL,overall,2435,2259,2247,12,92.77,92.28,0.49,2.99,106194.83515386546362118383,43.61184195230615
2025-11-01,2026-01-01,2,Automobile_Trade_Repair,ALL,persona,94,85,84,1,90.43,89.36,1.06,2.98,5271.08483506080534209335,56.075370585753255
2025-11-01,2026-01-01,2,BTP,ALL,persona,450,422,421,1,93.78,93.56,0.22,3.0,25364.74628898748375541677,56.36610286441663
2025-11-01,2026-01-01,2,Bankers_Insurance,ALL,persona,32,29,29,0,90.63,90.63,0.0,3.0,1869.00937001150595048500,58.40654281285956
2025-11-01,2026-01-01,2,Bikers_Drivers,ALL,persona,157,125,124,1,79.62,78.98,0.64,2.98,4388.71418776272721809594,27.953593552628835
2025-11-01,2026-01-01,2,Cleaning_CallCenters,ALL,persona,16,16,16,0,100.0,100.0,0.0,3.0,589.49845172164248847030,36.843653232602655
2025-11-01,2026-01-01,2,Consultant,ALL,persona,436,416,416,0,95.41,95.41,0.0,3.0,16547.46746571775183002933,37.952907031462736
2025-11-01,2026-01-01,2,Developer_IT,ALL,persona,230,220,219,1,95.65,95.22,0.43,2.99,8070.05716981587816991224,35.08720508615599
2025-11-01,2026-01-01,2,Media_Publishing,ALL,persona,89,86,84,2,96.63,94.38,2.25,2.95,3430.08510194794144657327,38.54028204435889
2025-11-01,2026-01-01,2,Medical_Professionals,ALL,persona,29,29,29,0,100.0,100.0,0.0,3.0,726.01849933698530218500,25.035120666792597
2025-11-01,2026-01-01,2,Others,ALL,persona,361,333,330,3,92.24,91.41,0.83,2.98,12266.03670613955044179001,33.97794101423698
2025-11-01,2026-01-01,2,Professeur,ALL,persona,75,73,71,2,97.33,94.67,2.67,2.95,1343.46310312151856120185,17.91284137495358
2025-11-01,2026-01-01,2,Repair,ALL,persona,15,13,13,0,86.67,86.67,0.0,3.0,210.38433787671184778430,14.025622525114123
2025-11-01,2026-01-01,2,Repair_Installation,ALL,persona,9,9,9,0,100.0,100.0,0.0,3.0,411.67390538246451364000,45.74154504249606
2025-11-01,2026-01-01,2,Restauration,ALL,persona,59,52,52,0,88.14,88.14,0.0,3.0,3166.11721954026286329754,53.663003721021404
2025-11-01,2026-01-01,2,Retail,ALL,persona,321,292,291,1,90.97,90.65,0.31,2.99,16749.57223190800764933993,52.179352747376974
2025-11-01,2026-01-01,2,Wholesale,ALL,persona,62,59,59,0,95.16,95.16,0.0,3.0,5790.90627953422624086900,93.4017141860359
2025-11-01,2026-01-01,2,Automobile_Trade_Repair,business,persona_x_initial_plan,5,3,3,0,60.0,60.0,0.0,3.0,853.08210889424379331000,170.61642177884875
2025-11-01,2026-01-01,2,Automobile_Trade_Repair,free,persona_x_initial_plan,29,26,25,1,89.66,86.21,3.45,2.92,931.21058451287301318952,32.11070981078872
2025-11-01,2026-01-01,2,Automobile_Trade_Repair,plus,persona_x_initial_plan,27,26,26,0,96.3,96.3,0.0,3.0,1632.26290045533924575528,60.454181498345896
2025-11-01,2026-01-01,2,Automobile_Trade_Repair,start,persona_x_initial_plan,33,30,30,0,90.91,90.91,0.0,3.0,1854.52924119834928983855,56.197855793889374
2025-11-01,2026-01-01,2,BTP,business,persona_x_initial_plan,12,11,11,0,91.67,91.67,0.0,3.0,1839.67186499177641918500,153.3059887493147
2025-11-01,2026-01-01,2,BTP,free,persona_x_initial_plan,147,135,134,1,91.84,91.16,0.68,2.99,5507.75333239356580802894,37.467709744173916
2025-11-01,2026-01-01,2,BTP,plus,persona_x_initial_plan,93,88,88,0,94.62,94.62,0.0,3.0,8720.81819702682351744440,93.77223867770778
2025-11-01,2026-01-01,2,BTP,start,persona_x_initial_plan,198,188,188,0,94.95,94.95,0.0,3.0,9296.50289457531801075843,46.952034821087466
2025-11-01,2026-01-01,2,Bankers_Insurance,free,persona_x_initial_plan,20,17,17,0,85.0,85.0,0.0,3.0,1310.18986802465711453500,65.50949340123285
2025-11-01,2026-01-01,2,Bankers_Insurance,start,persona_x_initial_plan,12,12,12,0,100.0,100.0,0.0,3.0,558.81950198684883595000,46.568291832237406
2025-11-01,2026-01-01,2,Bikers_Drivers,business,persona_x_initial_plan,6,3,3,0,50.0,50.0,0.0,3.0,552.19389422849113810000,92.03231570474851
2025-11-01,2026-01-01,2,Bikers_Drivers,free,persona_x_initial_plan,56,45,45,0,80.36,80.36,0.0,3.0,817.67811900438066935374,14.601394982221082
2025-11-01,2026-01-01,2,Bikers_Drivers,plus,persona_x_initial_plan,33,23,23,0,69.7,69.7,0.0,3.0,1422.69256782833856731080,43.11189599479814
2025-11-01,2026-01-01,2,Bikers_Drivers,start,persona_x_initial_plan,62,54,53,1,87.1,85.48,1.61,2.96,1596.14960670151684333140,25.744348495185754
2025-11-01,2026-01-01,2,Cleaning_CallCenters,business,persona_x_initial_plan,1,1,1,0,100.0,100.0,0.0,3.0,89.13377367561643180000,89.13377367561642
2025-11-01,2026-01-01,2,Cleaning_CallCenters,free,persona_x_initial_plan,5,5,5,0,100.0,100.0,0.0,3.0,19.25609777972597834130,3.851219555945195
2025-11-01,2026-01-01,2,Cleaning_CallCenters,plus,persona_x_initial_plan,4,4,4,0,100.0,100.0,0.0,3.0,275.30477126246505545900,68.82619281561627
2025-11-01,2026-01-01,2,Cleaning_CallCenters,start,persona_x_initial_plan,6,6,6,0,100.0,100.0,0.0,3.0,205.80380900383502287000,34.3006348339725
2025-11-01,2026-01-01,2,Consultant,business,persona_x_initial_plan,5,5,5,0,100.0,100.0,0.0,3.0,422.81032911123287673510,84.56206582224658
2025-11-01,2026-01-01,2,Consultant,free,persona_x_initial_plan,184,171,171,0,92.93,92.93,0.0,3.0,3766.40114306739103594540,20.46957142971408
2025-11-01,2026-01-01,2,Consultant,plus,persona_x_initial_plan,41,40,40,0,97.56,97.56,0.0,3.0,3688.05401288885427749060,89.95253689972816
2025-11-01,2026-01-01,2,Consultant,start,persona_x_initial_plan,206,200,200,0,97.09,97.09,0.0,3.0,8670.20198065027363985823,42.08835912937026
2025-11-01,2026-01-01,2,Developer_IT,business,persona_x_initial_plan,4,3,3,0,75.0,75.0,0.0,3.0,290.81521068931499649587,72.70380267232875
2025-11-01,2026-01-01,2,Developer_IT,free,persona_x_initial_plan,99,94,94,0,94.95,94.95,0.0,3.0,2066.43494950410701513637,20.873080298021282
2025-11-01,2026-01-01,2,Developer_IT,plus,persona_x_initial_plan,14,14,14,0,100.0,100.0,0.0,3.0,1206.04923368109455474700,86.1463738343639
2025-11-01,2026-01-01,2,Developer_IT,start,persona_x_initial_plan,113,109,108,1,96.46,95.58,0.88,2.98,4506.75777594136160353300,39.88281217647223
2025-11-01,2026-01-01,2,Media_Publishing,business,persona_x_initial_plan,1,1,1,0,100.0,100.0,0.0,3.0,5.44717472054791753000,5.447174720547918
2025-11-01,2026-01-01,2,Media_Publishing,free,persona_x_initial_plan,45,43,43,0,95.56,95.56,0.0,3.0,593.68016060931362908627,13.192892457984746
2025-11-01,2026-01-01,2,Media_Publishing,plus,persona_x_initial_plan,7,7,6,1,100.0,85.71,14.29,2.71,836.02653724767090897200,119.432362463953
2025-11-01,2026-01-01,2,Media_Publishing,start,persona_x_initial_plan,36,35,34,1,97.22,94.44,2.78,2.94,1994.93122937040899098500,55.41475637140025
2025-11-01,2026-01-01,2,Medical_Professionals,free,persona_x_initial_plan,13,13,13,0,100.0,100.0,0.0,3.0,60.08554937808209212500,4.6219653367755456
2025-11-01,2026-01-01,2,Medical_Professionals,plus,persona_x_initial_plan,1,1,1,0,100.0,100.0,0.0,3.0,186.14706428986285700000,186.14706428986287
2025-11-01,2026-01-01,2,Medical_Professionals,start,persona_x_initial_plan,15,15,15,0,100.0,100.0,0.0,3.0,479.78588566904035306000,31.985725711269357
2025-11-01,2026-01-01,2,Others,business,persona_x_initial_plan,7,5,5,0,71.43,71.43,0.0,3.0,371.94464635616419965800,53.134949479452025
2025-11-01,2026-01-01,2,Others,free,persona_x_initial_plan,131,121,118,3,92.37,90.08,2.29,2.96,2372.71861002903526913991,18.11235580174836
2025-11-01,2026-01-01,2,Others,plus,persona_x_initial_plan,63,57,57,0,90.48,90.48,0.0,3.0,4750.32804296915297996120,75.4020324280818
2025-11-01,2026-01-01,2,Others,start,persona_x_initial_plan,160,150,150,0,93.75,93.75,0.0,3.0,4771.04540678519799303090,29.819033792407488
2025-11-01,2026-01-01,2,Professeur,free,persona_x_initial_plan,39,37,36,1,94.87,92.31,2.56,2.95,361.66830029205414916287,9.273546161334721
2025-11-01,2026-01-01,2,Professeur,plus,persona_x_initial_plan,7,7,6,1,100.0,85.71,14.29,2.71,223.28734966904075307398,31.898192809862966
2025-11-01,2026-01-01,2,Professeur,start,persona_x_initial_plan,29,29,29,0,100.0,100.0,0.0,3.0,758.50745316042365896500,26.155429419324953
2025-11-01,2026-01-01,2,Repair,free,persona_x_initial_plan,7,5,5,0,71.43,71.43,0.0,3.0,43.59637721917796965730,6.228053888453995
2025-11-01,2026-01-01,2,Repair,start,persona_x_initial_plan,8,8,8,0,100.0,100.0,0.0,3.0,166.78796065753387812700,20.848495082191736
2025-11-01,2026-01-01,2,Repair_Installation,free,persona_x_initial_plan,3,3,3,0,100.0,100.0,0.0,3.0,5.58159798027397034000,1.8605326600913237
2025-11-01,2026-01-01,2,Repair_Installation,plus,persona_x_initial_plan,1,1,1,0,100.0,100.0,0.0,3.0,72.93780721972582800000,72.93780721972583
2025-11-01,2026-01-01,2,Repair_Installation,start,persona_x_initial_plan,5,5,5,0,100.0,100.0,0.0,3.0,333.15450018246471530000,66.63090003649293
2025-11-01,2026-01-01,2,Restauration,free,persona_x_initial_plan,20,17,17,0,85.0,85.0,0.0,3.0,286.67527049150621823900,14.333763524575312
2025-11-01,2026-01-01,2,Restauration,plus,persona_x_initial_plan,8,8,8,0,100.0,100.0,0.0,3.0,1349.50255650465232177614,168.68781956308155
2025-11-01,2026-01-01,2,Restauration,start,persona_x_initial_plan,31,27,27,0,87.1,87.1,0.0,3.0,1529.93939254410432328240,49.352883630454976
2025-11-01,2026-01-01,2,Retail,business,persona_x_initial_plan,5,4,4,0,80.0,80.0,0.0,3.0,745.43538389753270220000,149.08707677950653
2025-11-01,2026-01-01,2,Retail,free,persona_x_initial_plan,110,100,99,1,90.91,90.0,0.91,2.98,1498.13302725260028156663,13.61939115684182
2025-11-01,2026-01-01,2,Retail,plus,persona_x_initial_plan,45,41,41,0,91.11,91.11,0.0,3.0,3885.03072351146724877423,86.3340160780326
2025-11-01,2026-01-01,2,Retail,start,persona_x_initial_plan,161,147,147,0,91.3,91.3,0.0,3.0,10620.97309724640741679907,65.96877700153048
2025-11-01,2026-01-01,2,Wholesale,business,persona_x_initial_plan,4,4,4,0,100.0,100.0,0.0,3.0,478.88278527013622721900,119.72069631753406
2025-11-01,2026-01-01,2,Wholesale,free,persona_x_initial_plan,18,17,17,0,94.44,94.44,0.0,3.0,295.91657866794401300800,16.43980992599689
2025-11-01,2026-01-01,2,Wholesale,plus,persona_x_initial_plan,17,16,16,0,94.12,94.12,0.0,3.0,2622.14270325533301063400,154.24368842678427
2025-11-01,2026-01-01,2,Wholesale,start,persona_x_initial_plan,23,22,22,0,95.65,95.65,0.0,3.0,2393.96421234081299000800,104.08540053655709
2025-11-01,2026-02-01,3,ALL,business,initial_plan,50,36,36,0,72.0,72.0,0.0,4.0,8130.46919030574332788183,162.60938380611486
2025-11-01,2026-02-01,3,ALL,free,initial_plan,926,834,818,16,90.06,88.34,1.73,3.95,22264.39711820105018918737,24.043625397625323
2025-11-01,2026-02-01,3,ALL,plus,initial_plan,361,316,313,3,87.53,86.7,0.83,3.98,30979.95373502244169325039,85.81704635740289
2025-11-01,2026-02-01,3,ALL,start,initial_plan,1098,1012,1005,7,92.17,91.53,0.64,3.98,55268.39423712868389457957,50.33551387716638
2025-11-01,2026-02-01,3,ALL,ALL,overall,2435,2198,2172,26,90.27,89.2,1.07,3.97,116643.21428065791910489916,47.90275740478765
2025-11-01,2026-02-01,3,Automobile_Trade_Repair,ALL,persona,94,79,78,1,84.04,82.98,1.06,3.97,5197.55172447779647881740,55.293103451891454
2025-11-01,2026-02-01,3,BTP,ALL,persona,450,410,407,3,91.11,90.44,0.67,3.98,27841.41467205718866010297,61.86981038234931
2025-11-01,2026-02-01,3,Bankers_Insurance,ALL,persona,32,29,28,1,90.63,87.5,3.13,3.9,1760.86329332054716706200,55.0269779162671
2025-11-01,2026-02-01,3,Bikers_Drivers,ALL,persona,157,122,118,4,77.71,75.16,2.55,3.91,6439.29750597314174580129,41.014633796007274
2025-11-01,2026-02-01,3,Cleaning_CallCenters,ALL,persona,16,16,16,0,100.0,100.0,0.0,4.0,510.11276459561550454810,31.882047787225968
2025-11-01,2026-02-01,3,Consultant,ALL,persona,436,407,406,1,93.35,93.12,0.23,3.99,17758.19149059733524477504,40.72979699678288
2025-11-01,2026-02-01,3,Developer_IT,ALL,persona,230,219,216,3,95.22,93.91,1.3,3.96,9345.82340184026418938333,40.63401479060984
2025-11-01,2026-02-01,3,Media_Publishing,ALL,persona,89,85,84,1,95.51,94.38,1.12,3.98,3380.58061352602445403672,37.98405183737106
2025-11-01,2026-02-01,3,Medical_Professionals,ALL,persona,29,27,27,0,93.1,93.1,0.0,4.0,951.16562692383474764100,32.79881472151155
2025-11-01,2026-02-01,3,Others,ALL,persona,361,323,318,5,89.47,88.09,1.39,3.96,12675.71922181352696529478,35.11279562829232
2025-11-01,2026-02-01,3,Professeur,ALL,persona,75,70,68,2,93.33,90.67,2.67,3.94,2187.34473689259837160318,29.164596491901314
2025-11-01,2026-02-01,3,Repair,ALL,persona,15,11,11,0,73.33,73.33,0.0,4.0,375.70583919013688526230,25.047055946009127
2025-11-01,2026-02-01,3,Repair_Installation,ALL,persona,9,9,9,0,100.0,100.0,0.0,4.0,568.35031332328647653000,63.150034813698504
2025-11-01,2026-02-01,3,Restauration,ALL,persona,59,52,50,2,88.14,84.75,3.39,3.88,3460.69089963122346980705,58.65577795985125
2025-11-01,2026-02-01,3,Retail,ALL,persona,321,281,279,2,87.54,86.92,0.62,3.98,17163.27845975842788313320,53.46815719550912
2025-11-01,2026-02-01,3,Wholesale,ALL,persona,62,58,57,1,93.55,91.94,1.61,3.95,7027.12371673697086110080,113.34070510866083
2025-11-01,2026-02-01,3,Automobile_Trade_Repair,business,persona_x_initial_plan,5,2,2,0,40.0,40.0,0.0,4.0,704.33640043616261987660,140.86728008723253
2025-11-01,2026-02-01,3,Automobile_Trade_Repair,free,persona_x_initial_plan,29,26,25,1,89.66,86.21,3.45,3.92,744.05853213260049732880,25.65719076319312
2025-11-01,2026-02-01,3,Automobile_Trade_Repair,plus,persona_x_initial_plan,27,24,24,0,88.89,88.89,0.0,4.0,1864.32500851561318520353,69.04907438946715
2025-11-01,2026-02-01,3,Automobile_Trade_Repair,start,persona_x_initial_plan,33,27,27,0,81.82,81.82,0.0,4.0,1884.83178339342017640847,57.11611464828546
2025-11-01,2026-02-01,3,BTP,business,persona_x_initial_plan,12,9,9,0,75.0,75.0,0.0,4.0,1969.36096748218753557279,164.11341395684897
2025-11-01,2026-02-01,3,BTP,free,persona_x_initial_plan,147,133,130,3,90.48,88.44,2.04,3.94,6233.31492081723818327209,42.4035028627023
2025-11-01,2026-02-01,3,BTP,plus,persona_x_initial_plan,93,84,84,0,90.32,90.32,0.0,4.0,9230.54117935668939542348,99.25313096082462
2025-11-01,2026-02-01,3,BTP,start,persona_x_initial_plan,198,184,184,0,92.93,92.93,0.0,4.0,10408.19760440107354583461,52.56665456768219
2025-11-01,2026-02-01,3,Bankers_Insurance,free,persona_x_initial_plan,20,17,16,1,85.0,80.0,5.0,3.82,1123.16403019999954558000,56.158201509999984
2025-11-01,2026-02-01,3,Bankers_Insurance,start,persona_x_initial_plan,12,12,12,0,100.0,100.0,0.0,4.0,637.69926312054762148200,53.14160526004563
2025-11-01,2026-02-01,3,Bikers_Drivers,business,persona_x_initial_plan,6,3,3,0,50.0,50.0,0.0,4.0,2488.70625510246363380000,414.78437585041064
2025-11-01,2026-02-01,3,Bikers_Drivers,free,persona_x_initial_plan,56,45,43,2,80.36,76.79,3.57,3.87,529.95638150356061191897,9.463506812563582
2025-11-01,2026-02-01,3,Bikers_Drivers,plus,persona_x_initial_plan,33,23,22,1,69.7,66.67,3.03,3.87,1447.91016018724470286960,43.876065460219536
2025-11-01,2026-02-01,3,Bikers_Drivers,start,persona_x_initial_plan,62,51,50,1,82.26,80.65,1.61,3.96,1972.72470917987279721272,31.81814047064311
2025-11-01,2026-02-01,3,Cleaning_CallCenters,business,persona_x_initial_plan,1,1,1,0,100.0,100.0,0.0,4.0,86.15583082356164120000,86.15583082356164
2025-11-01,2026-02-01,3,Cleaning_CallCenters,free,persona_x_initial_plan,5,5,5,0,100.0,100.0,0.0,4.0,6.89215161643835165410,1.3784303232876702
2025-11-01,2026-02-01,3,Cleaning_CallCenters,plus,persona_x_initial_plan,4,4,4,0,100.0,100.0,0.0,4.0,191.85098794082160287300,47.9627469852054
2025-11-01,2026-02-01,3,Cleaning_CallCenters,start,persona_x_initial_plan,6,6,6,0,100.0,100.0,0.0,4.0,225.21379421479390882100,37.53563236913232
2025-11-01,2026-02-01,3,Consultant,business,persona_x_initial_plan,5,5,5,0,100.0,100.0,0.0,4.0,430.02717476219175068200,86.00543495243835
2025-11-01,2026-02-01,3,Consultant,free,persona_x_initial_plan,184,167,166,1,90.76,90.22,0.54,3.98,3941.75742010300841044448,21.422594674472872
2025-11-01,2026-02-01,3,Consultant,plus,persona_x_initial_plan,41,39,39,0,95.12,95.12,0.0,4.0,3523.07163820885766139680,85.92857654167945
2025-11-01,2026-02-01,3,Consultant,start,persona_x_initial_plan,206,196,196,0,95.15,95.15,0.0,4.0,9863.33525752327742225176,47.880268240404256
2025-11-01,2026-02-01,3,Developer_IT,business,persona_x_initial_plan,4,3,3,0,75.0,75.0,0.0,4.0,362.69650777917775987674,90.67412694479444
2025-11-01,2026-02-01,3,Developer_IT,free,persona_x_initial_plan,99,93,92,1,93.94,92.93,1.01,3.97,3020.77873764301029291593,30.512916541848586
2025-11-01,2026-02-01,3,Developer_IT,plus,persona_x_initial_plan,14,13,13,0,92.86,92.86,0.0,4.0,951.33620811287599458900,67.95258629377686
2025-11-01,2026-02-01,3,Developer_IT,start,persona_x_initial_plan,113,110,108,2,97.35,95.58,1.77,3.95,5011.01194830520014200166,44.345238480576995
2025-11-01,2026-02-01,3,Media_Publishing,business,persona_x_initial_plan,1,1,1,0,100.0,100.0,0.0,4.0,1.99045102465752820000,1.9904510246575282
2025-11-01,2026-02-01,3,Media_Publishing,free,persona_x_initial_plan,45,43,43,0,95.56,95.56,0.0,4.0,474.74202922958836066122,10.54982287176863
2025-11-01,2026-02-01,3,Media_Publishing,plus,persona_x_initial_plan,7,7,6,1,100.0,85.71,14.29,3.71,871.59868592767087059350,124.51409798966726
2025-11-01,2026-02-01,3,Media_Publishing,start,persona_x_initial_plan,36,34,34,0,94.44,94.44,0.0,4.0,2032.24944734410769458200,56.45137353733632
2025-11-01,2026-02-01,3,Medical_Professionals,free,persona_x_initial_plan,13,13,13,0,100.0,100.0,0.0,4.0,119.95376257041082204800,9.227212505416217
2025-11-01,2026-02-01,3,Medical_Professionals,plus,persona_x_initial_plan,1,1,1,0,100.0,100.0,0.0,4.0,304.62740989041092430000,304.62740989041095
2025-11-01,2026-02-01,3,Medical_Professionals,start,persona_x_initial_plan,15,13,13,0,86.67,86.67,0.0,4.0,526.58445446301300129300,35.1056302975342
2025-11-01,2026-02-01,3,Others,business,persona_x_initial_plan,7,4,4,0,57.14,57.14,0.0,4.0,325.91025223890409260770,46.558607462700586
2025-11-01,2026-02-01,3,Others,free,persona_x_initial_plan,131,117,114,3,89.31,87.02,2.29,3.94,2430.84549766739245279517,18.556072501277804
2025-11-01,2026-02-01,3,Others,plus,persona_x_initial_plan,63,53,53,0,84.13,84.13,0.0,4.0,4119.93380766943192058033,65.39577472491162
2025-11-01,2026-02-01,3,Others,start,persona_x_initial_plan,160,149,147,2,93.13,91.88,1.25,3.96,5799.02966423779849931158,36.24393540148624
2025-11-01,2026-02-01,3,Professeur,free,persona_x_initial_plan,39,34,33,1,87.18,84.62,2.56,3.94,480.37614184602659941818,12.317336970410938
2025-11-01,2026-02-01,3,Professeur,plus,persona_x_initial_plan,7,7,6,1,100.0,85.71,14.29,3.71,868.84232783013434268700,124.12033254716205
2025-11-01,2026-02-01,3,Professeur,start,persona_x_initial_plan,29,29,29,0,100.0,100.0,0.0,4.0,838.12626721643742949800,28.90090576608405
2025-11-01,2026-02-01,3,Repair,free,persona_x_initial_plan,7,4,4,0,57.14,57.14,0.0,4.0,41.63672340164381670430,5.948103343091973
2025-11-01,2026-02-01,3,Repair,start,persona_x_initial_plan,8,7,7,0,87.5,87.5,0.0,4.0,334.06911578849306855800,41.75863947356164
2025-11-01,2026-02-01,3,Repair_Installation,free,persona_x_initial_plan,3,3,3,0,100.0,100.0,0.0,4.0,155.16956908109537290000,51.72318969369846
2025-11-01,2026-02-01,3,Repair_Installation,plus,persona_x_initial_plan,1,1,1,0,100.0,100.0,0.0,4.0,75.93204397315054900000,75.93204397315056
2025-11-01,2026-02-01,3,Repair_Installation,start,persona_x_initial_plan,5,5,5,0,100.0,100.0,0.0,4.0,337.24870026904055463000,67.44974005380811
2025-11-01,2026-02-01,3,Restauration,free,persona_x_initial_plan,20,17,17,0,85.0,85.0,0.0,4.0,369.08408274958830374320,18.454204137479415
2025-11-01,2026-02-01,3,Restauration,plus,persona_x_initial_plan,8,8,8,0,100.0,100.0,0.0,4.0,1083.38702661972306461735,135.42337832746537
2025-11-01,2026-02-01,3,Restauration,start,persona_x_initial_plan,31,27,25,2,87.1,80.65,6.45,3.78,2008.21979026191210144650,64.78128355683587
2025-11-01,2026-02-01,3,Retail,business,persona_x_initial_plan,5,4,4,0,80.0,80.0,0.0,4.0,668.74030920876602166700,133.7480618417532
2025-11-01,2026-02-01,3,Retail,free,persona_x_initial_plan,110,99,97,2,90.0,88.18,1.82,3.95,2336.61497673698330767293,21.241954333972576
2025-11-01,2026-02-01,3,Retail,plus,persona_x_initial_plan,45,37,37,0,82.22,82.22,0.0,4.0,3440.88780855914224320600,76.4641735235365
2025-11-01,2026-02-01,3,Retail,start,persona_x_initial_plan,161,141,141,0,87.58,87.58,0.0,4.0,10717.03536525353631058727,66.5654370512642
2025-11-01,2026-02-01,3,Wholesale,business,persona_x_initial_plan,4,4,4,0,100.0,100.0,0.0,4.0,1092.54504144767074439900,273.13626036191766
2025-11-01,2026-02-01,3,Wholesale,free,persona_x_initial_plan,18,18,17,1,100.0,94.44,5.56,3.83,256.05216090246526013000,14.225120050136958
2025-11-01,2026-02-01,3,Wholesale,plus,persona_x_initial_plan,17,15,15,0,88.24,88.24,0.0,4.0,3005.70944223067523591080,176.80643777827504
2025-11-01,2026-02-01,3,Wholesale,start,persona_x_initial_plan,23,21,21,0,91.3,91.3,0.0,4.0,2672.81707215615962066100,116.20943791983302
2025-11-01,2026-03-01,4,ALL,business,initial_plan,50,34,34,0,68.0,68.0,0.0,5.0,7099.87162483231307093432,141.99743249664627
2025-11-01,2026-03-01,4,ALL,free,initial_plan,926,814,794,20,87.9,85.75,2.16,4.92,22096.92521010188426882754,23.86277020529361
2025-11-01,2026-03-01,4,ALL,plus,initial_plan,361,302,299,3,83.66,82.83,0.83,4.97,30606.33980765766598211236,84.78210473035365
2025-11-01,2026-03-01,4,ALL,start,initial_plan,1098,996,987,9,90.71,89.89,0.82,4.97,56437.99461700976740592399,51.40072369490871
2025-11-01,2026-03-01,4,ALL,ALL,overall,2435,2146,2114,32,88.13,86.82,1.31,4.95,116241.13125960163072779821,47.73763090743394
2025-11-01,2026-03-01,4,Automobile_Trade_Repair,ALL,persona,94,74,73,1,78.72,77.66,1.06,4.95,5331.16386593971001769826,56.714509212124575
2025-11-01,2026-03-01,4,BTP,ALL,persona,450,396,393,3,88.0,87.33,0.67,4.98,24913.23824210789041128789,55.36275164912865
2025-11-01,2026-03-01,4,Bankers_Insurance,ALL,persona,32,29,28,1,90.63,87.5,3.13,4.9,1400.90867321260208831400,43.77839603789381
2025-11-01,2026-03-01,4,Bikers_Drivers,ALL,persona,157,115,113,2,73.25,71.97,1.27,4.94,5250.44653615670048066514,33.442334625201916
2025-11-01,2026-03-01,4,Cleaning_CallCenters,ALL,persona,16,16,16,0,100.0,100.0,0.0,5.0,418.77788795013613815640,26.173617996883507
2025-11-01,2026-03-01,4,Consultant,ALL,persona,436,401,397,4,91.97,91.06,0.92,4.96,18907.15496226652428462995,43.36503431712505
2025-11-01,2026-03-01,4,Developer_IT,ALL,persona,230,220,215,5,95.65,93.48,2.17,4.93,9793.04294364930428993391,42.578447581083935
2025-11-01,2026-03-01,4,Media_Publishing,ALL,persona,89,84,83,1,94.38,93.26,1.12,4.98,3962.48423685314661843312,44.52229479610277
2025-11-01,2026-03-01,4,Medical_Professionals,ALL,persona,29,27,27,0,93.1,93.1,0.0,5.0,1148.37455808219019871400,39.59912269248932
2025-11-01,2026-03-01,4,Others,ALL,persona,361,313,309,4,86.7,85.6,1.11,4.97,15116.97420923872740972528,41.87527481783581
2025-11-01,2026-03-01,4,Professeur,ALL,persona,75,67,65,2,89.33,86.67,2.67,4.91,1647.27463725095648444020,21.963661830012754
2025-11-01,2026-03-01,4,Repair,ALL,persona,15,11,11,0,73.33,73.33,0.0,5.0,436.66739651780751131290,29.111159767853835
2025-11-01,2026-03-01,4,Repair_Installation,ALL,persona,9,9,9,0,100.0,100.0,0.0,5.0,521.76741115725921500000,57.97415679525102
2025-11-01,2026-03-01,4,Restauration,ALL,persona,59,52,49,3,88.14,83.05,5.08,4.81,4137.68603571177163570143,70.13027179172494
2025-11-01,2026-03-01,4,Retail,ALL,persona,321,275,270,5,85.67,84.11,1.56,4.94,18888.25460425321553388373,58.84191465499444
2025-11-01,2026-03-01,4,Wholesale,ALL,persona,62,57,56,1,91.94,90.32,1.61,4.95,4366.91505925368840990200,70.43411385893044
2025-11-01,2026-03-01,4,Automobile_Trade_Repair,business,persona_x_initial_plan,5,2,2,0,40.0,40.0,0.0,5.0,1094.37403922355720450660,218.87480784471146
2025-11-01,2026-03-01,4,Automobile_Trade_Repair,free,persona_x_initial_plan,29,22,22,0,75.86,75.86,0.0,5.0,522.74176715561474082040,18.02557817777982
2025-11-01,2026-03-01,4,Automobile_Trade_Repair,plus,persona_x_initial_plan,27,23,23,0,85.19,85.19,0.0,5.0,1883.49064133588692096134,69.75891264206989
2025-11-01,2026-03-01,4,Automobile_Trade_Repair,start,persona_x_initial_plan,33,27,26,1,81.82,78.79,3.03,4.85,1830.55741822465115140992,55.47143691589852
2025-11-01,2026-03-01,4,BTP,business,persona_x_initial_plan,12,7,7,0,58.33,58.33,0.0,5.0,1438.82767838027088924130,119.90230653168925
2025-11-01,2026-03-01,4,BTP,free,persona_x_initial_plan,147,129,126,3,87.76,85.71,2.04,4.93,6339.43029394793744834820,43.1253761493057
2025-11-01,2026-03-01,4,BTP,plus,persona_x_initial_plan,93,81,81,0,87.1,87.1,0.0,5.0,6900.15918287614717138390,74.19526003092632
2025-11-01,2026-03-01,4,BTP,start,persona_x_initial_plan,198,179,179,0,90.4,90.4,0.0,5.0,10234.82108690353490231449,51.6910155904219
2025-11-01,2026-03-01,4,Bankers_Insurance,free,persona_x_initial_plan,20,17,16,1,85.0,80.0,5.0,4.82,729.01416368383523821000,36.45070818419176
2025-11-01,2026-03-01,4,Bankers_Insurance,start,persona_x_initial_plan,12,12,12,0,100.0,100.0,0.0,5.0,671.89450952876685010400,55.99120912739724
2025-11-01,2026-03-01,4,Bikers_Drivers,business,persona_x_initial_plan,6,3,3,0,50.0,50.0,0.0,5.0,1769.47794365862531207000,294.9129906097709
2025-11-01,2026-03-01,4,Bikers_Drivers,free,persona_x_initial_plan,56,40,39,1,71.43,69.64,1.79,4.93,521.71132139451886516840,9.316273596330694
2025-11-01,2026-03-01,4,Bikers_Drivers,plus,persona_x_initial_plan,33,21,21,0,63.64,63.64,0.0,5.0,1109.88086330121768894805,33.63275343337023
2025-11-01,2026-03-01,4,Bikers_Drivers,start,persona_x_initial_plan,62,51,50,1,82.26,80.65,1.61,4.92,1849.37640780233861447869,29.8286517387474
2025-11-01,2026-03-01,4,Cleaning_CallCenters,business,persona_x_initial_plan,1,1,1,0,100.0,100.0,0.0,5.0,82.97485633863013770000,82.97485633863013
2025-11-01,2026-03-01,4,Cleaning_CallCenters,free,persona_x_initial_plan,5,5,5,0,100.0,100.0,0.0,5.0,4.71793293424657502780,0.943586586849315
2025-11-01,2026-03-01,4,Cleaning_CallCenters,plus,persona_x_initial_plan,4,4,4,0,100.0,100.0,0.0,5.0,124.52405653643806812460,31.131014134109517
2025-11-01,2026-03-01,4,Cleaning_CallCenters,start,persona_x_initial_plan,6,6,6,0,100.0,100.0,0.0,5.0,206.56104214082135730400,34.42684035680356
2025-11-01,2026-03-01,4,Consultant,business,persona_x_initial_plan,5,5,5,0,100.0,100.0,0.0,5.0,417.99080910027397200600,83.5981618200548
2025-11-01,2026-03-01,4,Consultant,free,persona_x_initial_plan,184,165,162,3,89.67,88.04,1.63,4.93,4270.90136209040538307441,23.211420446143507
2025-11-01,2026-03-01,4,Consultant,plus,persona_x_initial_plan,41,39,38,1,95.12,92.68,2.44,4.9,3769.69298317777433932400,91.94373129701889
2025-11-01,2026-03-01,4,Consultant,start,persona_x_initial_plan,206,192,192,0,93.2,93.2,0.0,5.0,10448.56980789807059022554,50.721212659699376
2025-11-01,2026-03-01,4,Developer_IT,business,persona_x_initial_plan,4,3,3,0,75.0,75.0,0.0,5.0,392.35564401041037830689,98.0889110026026
2025-11-01,2026-03-01,4,Developer_IT,free,persona_x_initial_plan,99,95,92,3,95.96,92.93,3.03,4.88,3305.29640159506550954144,33.386832339344096
2025-11-01,2026-03-01,4,Developer_IT,plus,persona_x_initial_plan,14,12,12,0,85.71,85.71,0.0,5.0,904.70258411397152497700,64.62161315099796
2025-11-01,2026-03-01,4,Developer_IT,start,persona_x_initial_plan,113,110,108,2,97.35,95.58,1.77,4.95,5190.68831392985687710858,45.935294813538555
2025-11-01,2026-03-01,4,Media_Publishing,business,persona_x_initial_plan,1,1,1,0,100.0,100.0,0.0,5.0,80.12202232383561641000,80.12202232383562
2025-11-01,2026-03-01,4,Media_Publishing,free,persona_x_initial_plan,45,43,43,0,95.56,95.56,0.0,5.0,500.50895268931423413732,11.12242117087365
2025-11-01,2026-03-01,4,Media_Publishing,plus,persona_x_initial_plan,7,6,5,1,85.71,71.43,14.29,4.67,831.73096766958891100000,118.81870966708414
2025-11-01,2026-03-01,4,Media_Publishing,start,persona_x_initial_plan,36,34,34,0,94.44,94.44,0.0,5.0,2550.12229417040785688580,70.83673039362243
2025-11-01,2026-03-01,4,Medical_Professionals,free,persona_x_initial_plan,13,13,13,0,100.0,100.0,0.0,5.0,215.12212948164333491900,16.547856113972564
2025-11-01,2026-03-01,4,Medical_Professionals,plus,persona_x_initial_plan,1,1,1,0,100.0,100.0,0.0,5.0,339.74187367945207700000,339.74187367945206
2025-11-01,2026-03-01,4,Medical_Professionals,start,persona_x_initial_plan,15,13,13,0,86.67,86.67,0.0,5.0,593.51055492109478679500,39.56737032807299
2025-11-01,2026-03-01,4,Others,business,persona_x_initial_plan,7,4,4,0,57.14,57.14,0.0,5.0,570.66263440109589043413,81.52323348587085
2025-11-01,2026-03-01,4,Others,free,persona_x_initial_plan,131,113,111,2,86.26,84.73,1.53,4.96,2301.93664385150127871390,17.5720354492481
2025-11-01,2026-03-01,4,Others,plus,persona_x_initial_plan,63,49,49,0,77.78,77.78,0.0,5.0,4528.14651924586814453644,71.87534157533123
2025-11-01,2026-03-01,4,Others,start,persona_x_initial_plan,160,147,145,2,91.88,90.63,1.25,4.96,7716.22841174026209604081,48.22642757337664
2025-11-01,2026-03-01,4,Professeur,free,persona_x_initial_plan,39,32,31,1,82.05,79.49,2.56,4.88,541.01080853205397240390,13.87207201364241
2025-11-01,2026-03-01,4,Professeur,plus,persona_x_initial_plan,7,6,5,1,85.71,71.43,14.29,4.67,241.12764827890369844200,34.446806896986246
2025-11-01,2026-03-01,4,Professeur,start,persona_x_initial_plan,29,29,29,0,100.0,100.0,0.0,5.0,865.13618043999881359430,29.83228208413789
2025-11-01,2026-03-01,4,Repair,free,persona_x_initial_plan,7,4,4,0,57.14,57.14,0.0,5.0,72.02118407287642260590,10.28874058183949
2025-11-01,2026-03-01,4,Repair,start,persona_x_initial_plan,8,7,7,0,87.5,87.5,0.0,5.0,364.64621244493108870700,45.58077655561639
2025-11-01,2026-03-01,4,Repair_Installation,free,persona_x_initial_plan,3,3,3,0,100.0,100.0,0.0,5.0,27.20040150246574920000,9.066800500821916
2025-11-01,2026-03-01,4,Repair_Installation,plus,persona_x_initial_plan,1,1,1,0,100.0,100.0,0.0,5.0,185.65907170191711600000,185.65907170191713
2025-11-01,2026-03-01,4,Repair_Installation,start,persona_x_initial_plan,5,5,5,0,100.0,100.0,0.0,5.0,308.90793795287634980000,61.78158759057527
2025-11-01,2026-03-01,4,Restauration,free,persona_x_initial_plan,20,16,16,0,80.0,80.0,0.0,5.0,445.43503009424577493000,22.271751504712288
2025-11-01,2026-03-01,4,Restauration,plus,persona_x_initial_plan,8,8,8,0,100.0,100.0,0.0,5.0,1537.03012789917577730983,192.12876598739697
2025-11-01,2026-03-01,4,Restauration,start,persona_x_initial_plan,31,28,25,3,90.32,80.65,9.68,4.64,2155.22087771835008346160,69.52325411994677
2025-11-01,2026-03-01,4,Retail,business,persona_x_initial_plan,5,4,4,0,80.0,80.0,0.0,5.0,916.96235432821645984000,183.39247086564328
2025-11-01,2026-03-01,4,Retail,free,persona_x_initial_plan,110,100,95,5,90.91,86.36,4.55,4.83,2030.33024374903710077687,18.45754767044579
2025-11-01,2026-03-01,4,Retail,plus,persona_x_initial_plan,45,36,36,0,80.0,80.0,0.0,5.0,6212.35360274763207940790,138.0523022832807
2025-11-01,2026-03-01,4,Retail,start,persona_x_initial_plan,161,135,135,0,83.85,83.85,0.0,5.0,9728.60840342832989385896,60.42613915172876
2025-11-01,2026-03-01,4,Wholesale,business,persona_x_initial_plan,4,4,4,0,100.0,100.0,0.0,5.0,336.12364306739721041940,84.0309107668493
2025-11-01,2026-03-01,4,Wholesale,free,persona_x_initial_plan,18,17,16,1,94.44,88.89,5.56,4.82,269.54657332712264095000,14.974809629284591
2025-11-01,2026-03-01,4,Wholesale,plus,persona_x_initial_plan,17,15,15,0,88.24,88.24,0.0,5.0,2038.09968509369246469730,119.8882167702172
2025-11-01,2026-03-01,4,Wholesale,start,persona_x_initial_plan,23,21,21,0,91.3,91.3,0.0,5.0,1723.14515776547609383530,74.91935468545549
2025-11-01,2026-04-01,5,ALL,business,initial_plan,50,30,30,0,60.0,60.0,0.0,6.0,5736.89006493642352905855,114.73780129872847
2025-11-01,2026-04-01,5,ALL,free,initial_plan,926,804,780,24,86.83,84.23,2.59,5.89,20757.07333986375962377556,22.41584593937771
2025-11-01,2026-04-01,5,ALL,plus,initial_plan,361,297,291,6,82.27,80.61,1.66,5.92,27483.72092664051711645135,76.1321909325222
2025-11-01,2026-04-01,5,ALL,start,initial_plan,1098,978,968,10,89.07,88.16,0.91,5.96,53376.57852330750431842109,48.6125487461817
2025-11-01,2026-04-01,5,ALL,ALL,overall,2435,2109,2069,40,86.61,84.97,1.64,5.93,107354.26285474820458770655,44.08799295882883
2025-11-01,2026-04-01,5,Automobile_Trade_Repair,ALL,persona,94,68,68,0,72.34,72.34,0.0,6.0,3718.66883466652191777665,39.560306751771506
2025-11-01,2026-04-01,5,BTP,ALL,persona,450,392,387,5,87.11,86.0,1.11,5.95,23790.11995047903466008832,52.86693322328674
2025-11-01,2026-04-01,5,Bankers_Insurance,ALL,persona,32,29,28,1,90.63,87.5,3.13,5.9,1245.31736665479388744700,38.91616770796231
2025-11-01,2026-04-01,5,Bikers_Drivers,ALL,persona,157,112,110,2,71.34,70.06,1.27,5.94,3969.91312519100442259470,25.2860708610892
2025-11-01,2026-04-01,5,Cleaning_CallCenters,ALL,persona,16,15,15,0,93.75,93.75,0.0,6.0,370.94039613753356691168,23.18377475859585
2025-11-01,2026-04-01,5,Consultant,ALL,persona,436,395,387,8,90.6,88.76,1.83,5.91,18856.16400526362916607023,43.24808258087988
2025-11-01,2026-04-01,5,Developer_IT,ALL,persona,230,216,212,4,93.91,92.17,1.74,5.93,10454.27321617005692560510,45.45336180943503
2025-11-01,2026-04-01,5,Media_Publishing,ALL,persona,89,86,83,3,96.63,93.26,3.37,5.86,4116.57073878903620575432,46.253603806618386
2025-11-01,2026-04-01,5,Medical_Professionals,ALL,persona,29,27,27,0,93.1,93.1,0.0,6.0,1155.53959821040941533500,39.84619304173825
2025-11-01,2026-04-01,5,Others,ALL,persona,361,310,303,7,85.87,83.93,1.94,5.92,13751.44814541110968460596,38.092654142413046
2025-11-01,2026-04-01,5,Professeur,ALL,persona,75,68,65,3,90.67,86.67,4.0,5.84,1595.03744091944924425530,21.26716587892599
2025-11-01,2026-04-01,5,Repair,ALL,persona,15,11,11,0,73.33,73.33,0.0,6.0,219.76725497972594125170,14.65115033198173
2025-11-01,2026-04-01,5,Repair_Installation,ALL,persona,9,9,9,0,100.0,100.0,0.0,6.0,566.38355555506667613000,62.931506172785184
2025-11-01,2026-04-01,5,Restauration,ALL,persona,59,49,48,1,83.05,81.36,1.69,5.94,3166.74804620601794803955,53.67369569840709
2025-11-01,2026-04-01,5,Retail,ALL,persona,321,266,261,5,82.87,81.31,1.56,5.93,16576.32130780852511365504,51.639630242394155
2025-11-01,2026-04-01,5,Wholesale,ALL,persona,62,56,55,1,90.32,88.71,1.61,5.95,3801.04987230628981218600,61.30725600494016
2025-11-01,2026-04-01,5,Automobile_Trade_Repair,business,persona_x_initial_plan,5,2,2,0,40.0,40.0,0.0,6.0,1083.88449695013218472610,216.77689939002644
2025-11-01,2026-04-01,5,Automobile_Trade_Repair,free,persona_x_initial_plan,29,18,18,0,62.07,62.07,0.0,6.0,476.82090340735409981121,16.442100117494967
2025-11-01,2026-04-01,5,Automobile_Trade_Repair,plus,persona_x_initial_plan,27,23,23,0,85.19,85.19,0.0,6.0,1126.31518966794324616307,41.71537739510901
2025-11-01,2026-04-01,5,Automobile_Trade_Repair,start,persona_x_initial_plan,33,25,25,0,75.76,75.76,0.0,6.0,1031.64824464109238707627,31.26206801942704
2025-11-01,2026-04-01,5,BTP,business,persona_x_initial_plan,12,6,6,0,50.0,50.0,0.0,6.0,985.04686830629901910000,82.08723902552492
2025-11-01,2026-04-01,5,BTP,free,persona_x_initial_plan,147,129,126,3,87.76,85.71,2.04,5.92,5693.20874251286909681962,38.72931117355694
2025-11-01,2026-04-01,5,BTP,plus,persona_x_initial_plan,93,80,78,2,86.02,83.87,2.15,5.88,6816.18369488381404119419,73.29229779444961
2025-11-01,2026-04-01,5,BTP,start,persona_x_initial_plan,198,177,177,0,89.39,89.39,0.0,6.0,10295.68064477605250297451,51.998387094828544
2025-11-01,2026-04-01,5,Bankers_Insurance,free,persona_x_initial_plan,20,17,16,1,85.0,80.0,5.0,5.82,523.33433103013689110500,26.166716551506845
2025-11-01,2026-04-01,5,Bankers_Insurance,start,persona_x_initial_plan,12,12,12,0,100.0,100.0,0.0,6.0,721.98303562465699634200,60.16525296872141
2025-11-01,2026-04-01,5,Bikers_Drivers,business,persona_x_initial_plan,6,3,3,0,50.0,50.0,0.0,6.0,1101.00960040547608658000,183.50160006757935
2025-11-01,2026-04-01,5,Bikers_Drivers,free,persona_x_initial_plan,56,39,38,1,69.64,67.86,1.79,5.92,510.96411377205312119993,9.124359174500949
2025-11-01,2026-04-01,5,Bikers_Drivers,plus,persona_x_initial_plan,33,19,19,0,57.58,57.58,0.0,6.0,970.45648586395673092579,29.40777229890778
2025-11-01,2026-04-01,5,Bikers_Drivers,start,persona_x_initial_plan,62,51,50,1,82.26,80.65,1.61,5.92,1387.48292514951848388898,22.3787568572503
2025-11-01,2026-04-01,5,Cleaning_CallCenters,business,persona_x_initial_plan,1,1,1,0,100.0,100.0,0.0,6.0,81.83962976328767120000,81.83962976328768
2025-11-01,2026-04-01,5,Cleaning_CallCenters,free,persona_x_initial_plan,5,5,5,0,100.0,100.0,0.0,6.0,8.64306075013696024200,1.728612150027392
2025-11-01,2026-04-01,5,Cleaning_CallCenters,plus,persona_x_initial_plan,4,3,3,0,75.0,75.0,0.0,6.0,83.44453887671228275668,20.86113471917807
2025-11-01,2026-04-01,5,Cleaning_CallCenters,start,persona_x_initial_plan,6,6,6,0,100.0,100.0,0.0,6.0,197.01316674739665271300,32.83552779123277
2025-11-01,2026-04-01,5,Consultant,business,persona_x_initial_plan,5,5,5,0,100.0,100.0,0.0,6.0,353.77133067726025250250,70.75426613545206
2025-11-01,2026-04-01,5,Consultant,free,persona_x_initial_plan,184,163,157,6,88.59,85.33,3.26,5.84,3905.45205825095280275831,21.225282925276918
2025-11-01,2026-04-01,5,Consultant,plus,persona_x_initial_plan,41,38,37,1,92.68,90.24,2.44,5.89,4114.68194401488089987870,100.3580961954849
2025-11-01,2026-04-01,5,Consultant,start,persona_x_initial_plan,206,189,188,1,91.75,91.26,0.49,5.97,10482.25867232053521093072,50.88475083650745
2025-11-01,2026-04-01,5,Developer_IT,business,persona_x_initial_plan,4,3,3,0,75.0,75.0,0.0,6.0,332.70002751725989932609,83.17500687931498
2025-11-01,2026-04-01,5,Developer_IT,free,persona_x_initial_plan,99,93,91,2,93.94,91.92,2.02,5.92,3702.65565061972277754728,37.40056212747194
2025-11-01,2026-04-01,5,Developer_IT,plus,persona_x_initial_plan,14,12,12,0,85.71,85.71,0.0,6.0,842.60550964328660049800,60.18610783166333
2025-11-01,2026-04-01,5,Developer_IT,start,persona_x_initial_plan,113,108,106,2,95.58,93.81,1.77,5.93,5576.31202838978764823373,49.34789405654679
2025-11-01,2026-04-01,5,Media_Publishing,business,persona_x_initial_plan,1,1,1,0,100.0,100.0,0.0,6.0,80.03519293808219178800,80.03519293808219
2025-11-01,2026-04-01,5,Media_Publishing,free,persona_x_initial_plan,45,44,43,1,97.78,95.56,2.22,5.89,608.82243361862870192152,13.529387413747305
2025-11-01,2026-04-01,5,Media_Publishing,plus,persona_x_initial_plan,7,6,5,1,85.71,71.43,14.29,5.67,850.54001414246514550000,121.50571630606645
2025-11-01,2026-04-01,5,Media_Publishing,start,persona_x_initial_plan,36,35,34,1,97.22,94.44,2.78,5.86,2577.17309808986016654480,71.58814161360722
2025-11-01,2026-04-01,5,Medical_Professionals,free,persona_x_initial_plan,13,13,13,0,100.0,100.0,0.0,6.0,127.41876105534232827700,9.801443158103256
2025-11-01,2026-04-01,5,Medical_Professionals,plus,persona_x_initial_plan,1,1,1,0,100.0,100.0,0.0,6.0,427.96555772876709230000,427.96555772876707
2025-11-01,2026-04-01,5,Medical_Professionals,start,persona_x_initial_plan,15,13,13,0,86.67,86.67,0.0,6.0,600.15527942629999475800,40.01035196175334
2025-11-01,2026-04-01,5,Others,business,persona_x_initial_plan,7,2,2,0,28.57,28.57,0.0,6.0,574.81925607013634627910,82.11703658144805
2025-11-01,2026-04-01,5,Others,free,persona_x_initial_plan,131,114,111,3,87.02,84.73,2.29,5.92,2186.90202256766663072884,16.69390856921883
2025-11-01,2026-04-01,5,Others,plus,persona_x_initial_plan,63,50,49,1,79.37,77.78,1.59,5.9,4168.74091426120980599567,66.17049070255888
2025-11-01,2026-04-01,5,Others,start,persona_x_initial_plan,160,144,141,3,90.0,88.13,1.88,5.92,6820.98595251209690160235,42.63116220320061
2025-11-01,2026-04-01,5,Professeur,free,persona_x_initial_plan,39,33,31,2,84.62,79.49,5.13,5.73,443.55250168821837489160,11.373141068928676
2025-11-01,2026-04-01,5,Professeur,plus,persona_x_initial_plan,7,6,5,1,85.71,71.43,14.29,5.67,304.35941383232793605060,43.47991626176114
2025-11-01,2026-04-01,5,Professeur,start,persona_x_initial_plan,29,29,29,0,100.0,100.0,0.0,6.0,847.12552539890293331310,29.211225013755275
2025-11-01,2026-04-01,5,Repair,free,persona_x_initial_plan,7,4,4,0,57.14,57.14,0.0,6.0,12.52900914356164175770,1.7898584490802345
2025-11-01,2026-04-01,5,Repair,start,persona_x_initial_plan,8,7,7,0,87.5,87.5,0.0,6.0,207.23824583616429949400,25.90478072952054
2025-11-01,2026-04-01,5,Repair_Installation,free,persona_x_initial_plan,3,3,3,0,100.0,100.0,0.0,6.0,31.60090035232876433000,10.533633450776255
2025-11-01,2026-04-01,5,Repair_Installation,plus,persona_x_initial_plan,1,1,1,0,100.0,100.0,0.0,6.0,238.38010772657435800000,238.38010772657435
2025-11-01,2026-04-01,5,Repair_Installation,start,persona_x_initial_plan,5,5,5,0,100.0,100.0,0.0,6.0,296.40254747616355380000,59.28050949523271
2025-11-01,2026-04-01,5,Restauration,free,persona_x_initial_plan,20,15,15,0,75.0,75.0,0.0,6.0,382.94470742356068878760,19.147235371178034
2025-11-01,2026-04-01,5,Restauration,plus,persona_x_initial_plan,8,8,8,0,100.0,100.0,0.0,6.0,1471.98557163725587786715,183.99819645465698
2025-11-01,2026-04-01,5,Restauration,start,persona_x_initial_plan,31,26,25,1,83.87,80.65,3.23,5.88,1311.81776714520138138480,42.316702165974235
2025-11-01,2026-04-01,5,Retail,business,persona_x_initial_plan,5,4,4,0,80.0,80.0,0.0,6.0,840.63023956931210471096,168.12604791386244
2025-11-01,2026-04-01,5,Retail,free,persona_x_initial_plan,110,97,93,4,88.18,84.55,3.64,5.87,1819.75473994794017295795,16.54322490861764
2025-11-01,2026-04-01,5,Retail,plus,persona_x_initial_plan,45,35,35,0,77.78,77.78,0.0,6.0,4135.99227938324759510990,91.91093954184994
2025-11-01,2026-04-01,5,Retail,start,persona_x_initial_plan,161,130,129,1,80.75,80.12,0.62,5.96,9779.94404890802524087623,60.74499409259642
2025-11-01,2026-04-01,5,Wholesale,business,persona_x_initial_plan,4,3,3,0,75.0,75.0,0.0,6.0,303.15342273917777284580,75.78835568479444
2025-11-01,2026-04-01,5,Wholesale,free,persona_x_initial_plan,18,17,16,1,94.44,88.89,5.56,5.82,322.46940372328657064000,17.914966873515922
2025-11-01,2026-04-01,5,Wholesale,plus,persona_x_initial_plan,17,15,15,0,88.24,88.24,0.0,6.0,1932.06970497807550421160,113.65115911635739
2025-11-01,2026-04-01,5,Wholesale,start,persona_x_initial_plan,23,21,21,0,91.3,91.3,0.0,6.0,1243.35734086574996448860,54.059014820250006
2025-12-01,2025-12-01,0,ALL,business,initial_plan,65,65,65,0,100.0,100.0,0.0,1.0,6402.38643150521462761628,98.49825279238792
2025-12-01,2025-12-01,0,ALL,free,initial_plan,1129,1124,1124,0,99.56,99.56,0.0,1.0,21272.49112027194838034466,18.841887617601373
2025-12-01,2025-12-01,0,ALL,plus,initial_plan,357,355,355,0,99.44,99.44,0.0,1.0,16510.54901535298117794048,46.24803645757138
2025-12-01,2025-12-01,0,ALL,start,initial_plan,1155,1150,1150,0,99.57,99.57,0.0,1.0,29948.27960500893006109541,25.929246411263144
2025-12-01,2025-12-01,0,ALL,ALL,overall,2706,2694,2694,0,99.56,99.56,0.0,1.0,74133.70617213907424699683,27.396048105003356
2025-12-01,2025-12-01,0,Automobile_Trade_Repair,ALL,persona,123,121,121,0,98.37,98.37,0.0,1.0,3025.08361238094262560077,24.594175710414167
2025-12-01,2025-12-01,0,BTP,ALL,persona,461,461,461,0,100.0,100.0,0.0,1.0,15009.36139591175615968895,32.55826767009058
2025-12-01,2025-12-01,0,Bankers_Insurance,ALL,persona,39,39,39,0,100.0,100.0,0.0,1.0,1700.86796295679322526264,43.611999050174184
2025-12-01,2025-12-01,0,Bikers_Drivers,ALL,persona,152,150,150,0,98.68,98.68,0.0,1.0,2743.02376605921101105790,18.04620898723165
2025-12-01,2025-12-01,0,Cleaning_CallCenters,ALL,persona,11,10,10,0,90.91,90.91,0.0,1.0,589.07079907048486973200,53.551890824589535
2025-12-01,2025-12-01,0,Consultant,ALL,persona,459,458,458,0,99.78,99.78,0.0,1.0,13209.84882841831280961686,28.77962707716408
2025-12-01,2025-12-01,0,Developer_IT,ALL,persona,231,230,230,0,99.57,99.57,0.0,1.0,6906.97560913811846320745,29.90032731228623
2025-12-01,2025-12-01,0,Media_Publishing,ALL,persona,109,107,107,0,98.17,98.17,0.0,1.0,2420.55752310325586486174,22.206949753240877
2025-12-01,2025-12-01,0,Medical_Professionals,ALL,persona,28,28,28,0,100.0,100.0,0.0,1.0,884.34430305563545157637,31.583725109129837
2025-12-01,2025-12-01,0,Others,ALL,persona,452,452,452,0,100.0,100.0,0.0,1.0,11994.38163032195351621522,26.536242544960075
2025-12-01,2025-12-01,0,Professeur,ALL,persona,83,83,83,0,100.0,100.0,0.0,1.0,1245.16537219659460871820,15.001992436103551
2025-12-01,2025-12-01,0,Repair,ALL,persona,19,19,19,0,100.0,100.0,0.0,1.0,247.74895161598784618410,13.039418506104623
2025-12-01,2025-12-01,0,Repair_Installation,ALL,persona,4,4,4,0,100.0,100.0,0.0,1.0,51.72240697877045119800,12.930601744692613
2025-12-01,2025-12-01,0,Restauration,ALL,persona,81,81,81,0,100.0,100.0,0.0,1.0,2044.60660776333066379470,25.242056885967045
2025-12-01,2025-12-01,0,Retail,ALL,persona,387,385,385,0,99.48,99.48,0.0,1.0,10559.48825484695258017950,27.285499366529592
2025-12-01,2025-12-01,0,Wholesale,ALL,persona,67,66,66,0,98.51,98.51,0.0,1.0,1501.45914832097410010243,22.409838034641403
2025-12-01,2025-12-01,0,Automobile_Trade_Repair,business,persona_x_initial_plan,4,4,4,0,100.0,100.0,0.0,1.0,412.47564096911672867100,103.11891024227918
2025-12-01,2025-12-01,0,Automobile_Trade_Repair,free,persona_x_initial_plan,30,29,29,0,96.67,96.67,0.0,1.0,228.20101929815453165657,7.606700643271818
2025-12-01,2025-12-01,0,Automobile_Trade_Repair,plus,persona_x_initial_plan,25,25,25,0,100.0,100.0,0.0,1.0,1116.56007817272836048350,44.66240312690913
2025-12-01,2025-12-01,0,Automobile_Trade_Repair,start,persona_x_initial_plan,64,63,63,0,98.44,98.44,0.0,1.0,1267.84687394094300478970,19.810107405327233
2025-12-01,2025-12-01,0,BTP,business,persona_x_initial_plan,21,21,21,0,100.0,100.0,0.0,1.0,2204.24098371110452665500,104.96385636719545
2025-12-01,2025-12-01,0,BTP,free,persona_x_initial_plan,175,175,175,0,100.0,100.0,0.0,1.0,3915.77818355689984001514,22.375875334610857
2025-12-01,2025-12-01,0,BTP,plus,persona_x_initial_plan,96,96,96,0,100.0,100.0,0.0,1.0,3537.45198953741515532485,36.84845822434807
2025-12-01,2025-12-01,0,BTP,start,persona_x_initial_plan,169,169,169,0,100.0,100.0,0.0,1.0,5351.89023910633663769396,31.667989580510866
2025-12-01,2025-12-01,0,Bankers_Insurance,free,persona_x_initial_plan,26,26,26,0,100.0,100.0,0.0,1.0,557.30195236170621623264,21.43469047545024
2025-12-01,2025-12-01,0,Bankers_Insurance,plus,persona_x_initial_plan,3,3,3,0,100.0,100.0,0.0,1.0,432.09739936702052380000,144.0324664556735
2025-12-01,2025-12-01,0,Bankers_Insurance,start,persona_x_initial_plan,10,10,10,0,100.0,100.0,0.0,1.0,711.46861122806648523000,71.14686112280665
2025-12-01,2025-12-01,0,Bikers_Drivers,business,persona_x_initial_plan,5,5,5,0,100.0,100.0,0.0,1.0,157.40036843652111597438,31.480073687304223
2025-12-01,2025-12-01,0,Bikers_Drivers,free,persona_x_initial_plan,62,60,60,0,96.77,96.77,0.0,1.0,685.98081052752340519029,11.064206621411667
2025-12-01,2025-12-01,0,Bikers_Drivers,plus,persona_x_initial_plan,24,24,24,0,100.0,100.0,0.0,1.0,941.52509236648029445910,39.23021218193668
2025-12-01,2025-12-01,0,Bikers_Drivers,start,persona_x_initial_plan,61,61,61,0,100.0,100.0,0.0,1.0,958.11749472868619543413,15.706844175880102
2025-12-01,2025-12-01,0,Cleaning_CallCenters,free,persona_x_initial_plan,3,3,3,0,100.0,100.0,0.0,1.0,122.94665933095890414200,40.982219776986305
2025-12-01,2025-12-01,0,Cleaning_CallCenters,plus,persona_x_initial_plan,4,3,3,0,75.0,75.0,0.0,1.0,316.66279574113108600000,79.16569893528278
2025-12-01,2025-12-01,0,Cleaning_CallCenters,start,persona_x_initial_plan,4,4,4,0,100.0,100.0,0.0,1.0,149.46134399839487959000,37.36533599959872
2025-12-01,2025-12-01,0,Consultant,business,persona_x_initial_plan,4,4,4,0,100.0,100.0,0.0,1.0,543.99488533100200876560,135.9987213327505
2025-12-01,2025-12-01,0,Consultant,free,persona_x_initial_plan,222,221,221,0,99.55,99.55,0.0,1.0,4107.42289262541074507954,18.501904921736084
2025-12-01,2025-12-01,0,Consultant,plus,persona_x_initial_plan,28,28,28,0,100.0,100.0,0.0,1.0,2152.88144315610046393900,76.88862296986073
2025-12-01,2025-12-01,0,Consultant,start,persona_x_initial_plan,205,205,205,0,100.0,100.0,0.0,1.0,6405.54960730579959183272,31.24658345027219
2025-12-01,2025-12-01,0,Developer_IT,free,persona_x_initial_plan,101,101,101,0,100.0,100.0,0.0,1.0,3442.34346883248896001563,34.082608602301875
2025-12-01,2025-12-01,0,Developer_IT,plus,persona_x_initial_plan,13,13,13,0,100.0,100.0,0.0,1.0,307.46596762295743079000,23.651228278689032
2025-12-01,2025-12-01,0,Developer_IT,start,persona_x_initial_plan,117,116,116,0,99.15,99.15,0.0,1.0,3157.16617268267207240182,26.98432626224506
2025-12-01,2025-12-01,0,Media_Publishing,business,persona_x_initial_plan,1,1,1,0,100.0,100.0,0.0,1.0,7.18839770958904100000,7.188397709589041
2025-12-01,2025-12-01,0,Media_Publishing,free,persona_x_initial_plan,55,55,55,0,100.0,100.0,0.0,1.0,816.80860006253186330263,14.851065455682397
2025-12-01,2025-12-01,0,Media_Publishing,plus,persona_x_initial_plan,8,7,7,0,87.5,87.5,0.0,1.0,536.03426046000836139533,67.00428255750104
2025-12-01,2025-12-01,0,Media_Publishing,start,persona_x_initial_plan,45,44,44,0,97.78,97.78,0.0,1.0,1060.52626487112659916378,23.56725033046948
2025-12-01,2025-12-01,0,Medical_Professionals,free,persona_x_initial_plan,11,11,11,0,100.0,100.0,0.0,1.0,16.95343382543702473367,1.5412212568579113
2025-12-01,2025-12-01,0,Medical_Professionals,plus,persona_x_initial_plan,3,3,3,0,100.0,100.0,0.0,1.0,655.59445911445749091000,218.5314863714858
2025-12-01,2025-12-01,0,Medical_Professionals,start,persona_x_initial_plan,14,14,14,0,100.0,100.0,0.0,1.0,211.79641011574093593270,15.12831500826721
2025-12-01,2025-12-01,0,Others,business,persona_x_initial_plan,18,18,18,0,100.0,100.0,0.0,1.0,2367.67090501864955398550,131.53727250103609
2025-12-01,2025-12-01,0,Others,free,persona_x_initial_plan,183,183,183,0,100.0,100.0,0.0,1.0,3380.43167831095585648086,18.47230425306533
2025-12-01,2025-12-01,0,Others,plus,persona_x_initial_plan,60,60,60,0,100.0,100.0,0.0,1.0,2526.43345638485298365605,42.10722427308088
2025-12-01,2025-12-01,0,Others,start,persona_x_initial_plan,191,191,191,0,100.0,100.0,0.0,1.0,3719.84559060749512209281,19.475631364437145
2025-12-01,2025-12-01,0,Professeur,business,persona_x_initial_plan,2,2,2,0,100.0,100.0,0.0,1.0,180.72774981782344766280,90.36387490891173
2025-12-01,2025-12-01,0,Professeur,free,persona_x_initial_plan,33,33,33,0,100.0,100.0,0.0,1.0,151.01800720607261240430,4.576303248668867
2025-12-01,2025-12-01,0,Professeur,plus,persona_x_initial_plan,5,5,5,0,100.0,100.0,0.0,1.0,115.47167250881784163000,23.09433450176357
2025-12-01,2025-12-01,0,Professeur,start,persona_x_initial_plan,43,43,43,0,100.0,100.0,0.0,1.0,797.94794266388070702110,18.556928899160017
2025-12-01,2025-12-01,0,Repair,business,persona_x_initial_plan,1,1,1,0,100.0,100.0,0.0,1.0,140.33490961278893600000,140.33490961278895
2025-12-01,2025-12-01,0,Repair,free,persona_x_initial_plan,8,8,8,0,100.0,100.0,0.0,1.0,21.52430901511776046980,2.6905386268897202
2025-12-01,2025-12-01,0,Repair,plus,persona_x_initial_plan,2,2,2,0,100.0,100.0,0.0,1.0,27.96864125701114822000,13.984320628505575
2025-12-01,2025-12-01,0,Repair,start,persona_x_initial_plan,8,8,8,0,100.0,100.0,0.0,1.0,57.92109173107000149430,7.24013646638375
2025-12-01,2025-12-01,0,Repair_Installation,free,persona_x_initial_plan,2,2,2,0,100.0,100.0,0.0,1.0,14.90028377657866396800,7.450141888289332
2025-12-01,2025-12-01,0,Repair_Installation,start,persona_x_initial_plan,2,2,2,0,100.0,100.0,0.0,1.0,36.82212320219178723000,18.411061601095895
2025-12-01,2025-12-01,0,Restauration,business,persona_x_initial_plan,1,1,1,0,100.0,100.0,0.0,1.0,134.25513326594296120000,134.25513326594296
2025-12-01,2025-12-01,0,Restauration,free,persona_x_initial_plan,34,34,34,0,100.0,100.0,0.0,1.0,278.65328693289729067790,8.195684909791098
2025-12-01,2025-12-01,0,Restauration,plus,persona_x_initial_plan,13,13,13,0,100.0,100.0,0.0,1.0,989.59426147349571470800,76.12263549796121
2025-12-01,2025-12-01,0,Restauration,start,persona_x_initial_plan,33,33,33,0,100.0,100.0,0.0,1.0,642.10392609099469720880,19.45769473003014
2025-12-01,2025-12-01,0,Retail,business,persona_x_initial_plan,3,3,3,0,100.0,100.0,0.0,1.0,90.35402170109594134000,30.11800723369865
2025-12-01,2025-12-01,0,Retail,free,persona_x_initial_plan,172,171,171,0,99.42,99.42,0.0,1.0,3340.93457551342135837269,19.424038229729195
2025-12-01,2025-12-01,0,Retail,plus,persona_x_initial_plan,57,57,57,0,100.0,100.0,0.0,1.0,2228.11676278665025709365,39.089767768186846
2025-12-01,2025-12-01,0,Retail,start,persona_x_initial_plan,155,154,154,0,99.35,99.35,0.0,1.0,4900.08289484578502337316,31.613438031263126
2025-12-01,2025-12-01,0,Wholesale,business,persona_x_initial_plan,5,5,5,0,100.0,100.0,0.0,1.0,163.74343593158036636200,32.748687186316076
2025-12-01,2025-12-01,0,Wholesale,free,persona_x_initial_plan,12,12,12,0,100.0,100.0,0.0,1.0,191.29195909579334760300,15.940996591316113
2025-12-01,2025-12-01,0,Wholesale,plus,persona_x_initial_plan,16,16,16,0,100.0,100.0,0.0,1.0,626.69073540385406553100,39.16817096274088
2025-12-01,2025-12-01,0,Wholesale,start,persona_x_initial_plan,34,33,33,0,97.06,97.06,0.0,1.0,519.73301788974632060643,15.286265232051361
2025-12-01,2026-01-01,1,ALL,business,initial_plan,65,42,42,0,64.62,64.62,0.0,2.0,8548.29472236819523509110,131.51222649797222
2025-12-01,2026-01-01,1,ALL,free,initial_plan,1129,1077,1076,1,95.39,95.31,0.09,2.0,17338.62759003232209790562,15.35750893714112
2025-12-01,2026-01-01,1,ALL,plus,initial_plan,357,339,338,1,94.96,94.68,0.28,2.0,28160.72285937086693588610,78.88157663689319
2025-12-01,2026-01-01,1,ALL,start,initial_plan,1155,1125,1125,0,97.4,97.4,0.0,2.0,44179.43047061415542503102,38.250589152046885
2025-12-01,2026-01-01,1,ALL,ALL,overall,2706,2583,2581,2,95.45,95.38,0.07,2.0,98227.07564238553969391384,36.29973231425925
2025-12-01,2026-01-01,1,Automobile_Trade_Repair,ALL,persona,123,117,117,0,95.12,95.12,0.0,2.0,5224.49544705582103322007,42.475572740291234
2025-12-01,2026-01-01,1,BTP,ALL,persona,461,442,442,0,95.88,95.88,0.0,2.0,24666.14993882428848975255,53.50574824039976
2025-12-01,2026-01-01,1,Bankers_Insurance,ALL,persona,39,37,37,0,94.87,94.87,0.0,2.0,1000.58200896931308908129,25.655948947931105
2025-12-01,2026-01-01,1,Bikers_Drivers,ALL,persona,152,136,135,1,89.47,88.82,0.66,1.99,3336.00014574175900621481,21.94736937987999
2025-12-01,2026-01-01,1,Cleaning_CallCenters,ALL,persona,11,9,9,0,81.82,81.82,0.0,2.0,1210.73594534794182137900,110.06690412254017
2025-12-01,2026-01-01,1,Consultant,ALL,persona,459,442,442,0,96.3,96.3,0.0,2.0,17540.91070502117095334667,38.215491732072266
2025-12-01,2026-01-01,1,Developer_IT,ALL,persona,231,222,222,0,96.1,96.1,0.0,2.0,7015.38004991030262759388,30.369610605672307
2025-12-01,2026-01-01,1,Media_Publishing,ALL,persona,109,104,103,1,95.41,94.5,0.92,1.99,3034.21253819417117878700,27.836812277010743
2025-12-01,2026-01-01,1,Medical_Professionals,ALL,persona,28,28,28,0,100.0,100.0,0.0,2.0,1054.08340651013412776689,37.645835946790505
2025-12-01,2026-01-01,1,Others,ALL,persona,452,428,428,0,94.69,94.69,0.0,2.0,13730.13897624761191440273,30.37641366426463
2025-12-01,2026-01-01,1,Professeur,ALL,persona,83,80,80,0,96.39,96.39,0.0,2.0,1637.34394018201122473656,19.727035423879652
2025-12-01,2026-01-01,1,Repair,ALL,persona,19,18,18,0,94.74,94.74,0.0,2.0,389.45238558630004398490,20.49749397822632
2025-12-01,2026-01-01,1,Repair_Installation,ALL,persona,4,4,4,0,100.0,100.0,0.0,2.0,102.55775013534215188000,25.639437533835537
2025-12-01,2026-01-01,1,Restauration,ALL,persona,81,79,79,0,97.53,97.53,0.0,2.0,4215.72862654409377480915,52.04603242647029
2025-12-01,2026-01-01,1,Retail,ALL,persona,387,372,372,0,96.12,96.12,0.0,2.0,10721.99929340953203388554,27.705424530773982
2025-12-01,2026-01-01,1,Wholesale,ALL,persona,67,65,65,0,97.01,97.01,0.0,2.0,3347.30448470574622307280,49.95976842844397
2025-12-01,2026-01-01,1,Automobile_Trade_Repair,business,persona_x_initial_plan,4,4,4,0,100.0,100.0,0.0,2.0,772.33595660766962885800,193.0839891519174
2025-12-01,2026-01-01,1,Automobile_Trade_Repair,free,persona_x_initial_plan,30,27,27,0,90.0,90.0,0.0,2.0,348.16406429260166159431,11.605468809753388
2025-12-01,2026-01-01,1,Automobile_Trade_Repair,plus,persona_x_initial_plan,25,24,24,0,96.0,96.0,0.0,2.0,1696.80460694559799872996,67.87218427782392
2025-12-01,2026-01-01,1,Automobile_Trade_Repair,start,persona_x_initial_plan,64,62,62,0,96.88,96.88,0.0,2.0,2407.19081920995174403780,37.612356550155496
2025-12-01,2026-01-01,1,BTP,business,persona_x_initial_plan,21,16,16,0,76.19,76.19,0.0,2.0,4474.54180394957296937560,213.07341923569393
2025-12-01,2026-01-01,1,BTP,free,persona_x_initial_plan,175,168,168,0,96.0,96.0,0.0,2.0,4525.14599701962210813307,25.857977125826412
2025-12-01,2026-01-01,1,BTP,plus,persona_x_initial_plan,96,92,92,0,95.83,95.83,0.0,2.0,7646.28568600299416735392,79.64880922919785
2025-12-01,2026-01-01,1,BTP,start,persona_x_initial_plan,169,166,166,0,98.22,98.22,0.0,2.0,8020.17645185209924488996,47.456665395574554
2025-12-01,2026-01-01,1,Bankers_Insurance,free,persona_x_initial_plan,26,24,24,0,92.31,92.31,0.0,2.0,356.53588883726031184129,13.712918801433089
2025-12-01,2026-01-01,1,Bankers_Insurance,plus,persona_x_initial_plan,3,3,3,0,100.0,100.0,0.0,2.0,458.32000672218984390000,152.77333557406328
2025-12-01,2026-01-01,1,Bankers_Insurance,start,persona_x_initial_plan,10,10,10,0,100.0,100.0,0.0,2.0,185.72611340986293334000,18.572611340986292
2025-12-01,2026-01-01,1,Bikers_Drivers,business,persona_x_initial_plan,5,4,4,0,80.0,80.0,0.0,2.0,647.61641336657355500000,129.5232826733147
2025-12-01,2026-01-01,1,Bikers_Drivers,free,persona_x_initial_plan,62,54,53,1,87.1,85.48,1.61,1.98,508.65376962849128207493,8.204093058524053
2025-12-01,2026-01-01,1,Bikers_Drivers,plus,persona_x_initial_plan,24,22,22,0,91.67,91.67,0.0,2.0,1014.31594071546346026388,42.263164196477646
2025-12-01,2026-01-01,1,Bikers_Drivers,start,persona_x_initial_plan,61,56,56,0,91.8,91.8,0.0,2.0,1165.41402203123070887600,19.105147902151323
2025-12-01,2026-01-01,1,Cleaning_CallCenters,free,persona_x_initial_plan,3,3,3,0,100.0,100.0,0.0,2.0,30.46983784767112242900,10.156612615890374
2025-12-01,2026-01-01,1,Cleaning_CallCenters,plus,persona_x_initial_plan,4,3,3,0,75.0,75.0,0.0,2.0,874.50472368164191500000,218.6261809204105
2025-12-01,2026-01-01,1,Cleaning_CallCenters,start,persona_x_initial_plan,4,3,3,0,75.0,75.0,0.0,2.0,305.76138381862878395000,76.44034595465719
2025-12-01,2026-01-01,1,Consultant,business,persona_x_initial_plan,4,1,1,0,25.0,25.0,0.0,2.0,80.53373788493150676000,20.133434471232878
2025-12-01,2026-01-01,1,Consultant,free,persona_x_initial_plan,222,214,214,0,96.4,96.4,0.0,2.0,4344.48018845478902487129,19.569730578625176
2025-12-01,2026-01-01,1,Consultant,plus,persona_x_initial_plan,28,26,26,0,92.86,92.86,0.0,2.0,2376.65658607491112131640,84.88059235981825
2025-12-01,2026-01-01,1,Consultant,start,persona_x_initial_plan,205,201,201,0,98.05,98.05,0.0,2.0,10739.24019260653930039898,52.38653752490995
2025-12-01,2026-01-01,1,Developer_IT,free,persona_x_initial_plan,101,94,94,0,93.07,93.07,0.0,2.0,1827.81691250629889811128,18.097197153527713
2025-12-01,2026-01-01,1,Developer_IT,plus,persona_x_initial_plan,13,13,13,0,100.0,100.0,0.0,2.0,509.88957196186291981000,39.22227476629715
2025-12-01,2026-01-01,1,Developer_IT,start,persona_x_initial_plan,117,115,115,0,98.29,98.29,0.0,2.0,4677.67356544214080967260,39.98011594394992
2025-12-01,2026-01-01,1,Media_Publishing,business,persona_x_initial_plan,1,1,1,0,100.0,100.0,0.0,2.0,98.99408941041092020000,98.99408941041092
2025-12-01,2026-01-01,1,Media_Publishing,free,persona_x_initial_plan,55,53,53,0,96.36,96.36,0.0,2.0,351.60342300931425320750,6.392789509260259
2025-12-01,2026-01-01,1,Media_Publishing,plus,persona_x_initial_plan,8,7,6,1,87.5,75.0,12.5,1.86,748.80829857917697036000,93.60103732239712
2025-12-01,2026-01-01,1,Media_Publishing,start,persona_x_initial_plan,45,43,43,0,95.56,95.56,0.0,2.0,1834.80672719526903501950,40.77348282656153
2025-12-01,2026-01-01,1,Medical_Professionals,free,persona_x_initial_plan,11,11,11,0,100.0,100.0,0.0,2.0,92.07015306904091509999,8.370013915367355
2025-12-01,2026-01-01,1,Medical_Professionals,plus,persona_x_initial_plan,3,3,3,0,100.0,100.0,0.0,2.0,701.75366935451818854000,233.9178897848394
2025-12-01,2026-01-01,1,Medical_Professionals,start,persona_x_initial_plan,14,14,14,0,100.0,100.0,0.0,2.0,260.25958408657502412690,18.58997029189822
2025-12-01,2026-01-01,1,Others,business,persona_x_initial_plan,18,8,8,0,44.44,44.44,0.0,2.0,1553.35959013040798715750,86.29775500724489
2025-12-01,2026-01-01,1,Others,free,persona_x_initial_plan,183,177,177,0,96.72,96.72,0.0,2.0,2007.83315134532392762274,10.971765854346033
2025-12-01,2026-01-01,1,Others,plus,persona_x_initial_plan,60,56,56,0,93.33,93.33,0.0,2.0,4145.10344478434407549983,69.0850574130724
2025-12-01,2026-01-01,1,Others,start,persona_x_initial_plan,191,187,187,0,97.91,97.91,0.0,2.0,6023.84278998753592412266,31.538443926636315
2025-12-01,2026-01-01,1,Professeur,business,persona_x_initial_plan,2,1,1,0,50.0,50.0,0.0,2.0,111.62522417862998000000,55.81261208931499
2025-12-01,2026-01-01,1,Professeur,free,persona_x_initial_plan,33,31,31,0,93.94,93.94,0.0,2.0,334.30816193753359469290,10.130550361743444
2025-12-01,2026-01-01,1,Professeur,plus,persona_x_initial_plan,5,5,5,0,100.0,100.0,0.0,2.0,244.68392289643812629000,48.936784579287625
2025-12-01,2026-01-01,1,Professeur,start,persona_x_initial_plan,43,43,43,0,100.0,100.0,0.0,2.0,946.72663116940952375366,22.016898399288593
2025-12-01,2026-01-01,1,Repair,business,persona_x_initial_plan,1,0,0,0,0.0,0.0,0.0,,0.00000000000000000000,0.0
2025-12-01,2026-01-01,1,Repair,free,persona_x_initial_plan,8,8,8,0,100.0,100.0,0.0,2.0,231.95135554410841477990,28.993919443013553
2025-12-01,2026-01-01,1,Repair,plus,persona_x_initial_plan,2,2,2,0,100.0,100.0,0.0,2.0,56.49268220328764034500,28.24634110164382
2025-12-01,2026-01-01,1,Repair,start,persona_x_initial_plan,8,8,8,0,100.0,100.0,0.0,2.0,101.00834783890398886000,12.626043479862998
2025-12-01,2026-01-01,1,Repair_Installation,free,persona_x_initial_plan,2,2,2,0,100.0,100.0,0.0,2.0,66.82700040767095318000,33.413500203835476
2025-12-01,2026-01-01,1,Repair_Installation,start,persona_x_initial_plan,2,2,2,0,100.0,100.0,0.0,2.0,35.73074972767119870000,17.865374863835598
2025-12-01,2026-01-01,1,Restauration,business,persona_x_initial_plan,1,0,0,0,0.0,0.0,0.0,,0.00000000000000000000,0.0
2025-12-01,2026-01-01,1,Restauration,free,persona_x_initial_plan,34,33,33,0,97.06,97.06,0.0,2.0,427.57277166739593944540,12.57566975492341
2025-12-01,2026-01-01,1,Restauration,plus,persona_x_initial_plan,13,13,13,0,100.0,100.0,0.0,2.0,2728.46047367834492540265,209.88157489833424
2025-12-01,2026-01-01,1,Restauration,start,persona_x_initial_plan,33,33,33,0,100.0,100.0,0.0,2.0,1059.69538119835290996110,32.11198124843494
2025-12-01,2026-01-01,1,Retail,business,persona_x_initial_plan,3,2,2,0,66.67,66.67,0.0,2.0,326.45631277862925962000,108.81877092620975
2025-12-01,2026-01-01,1,Retail,free,persona_x_initial_plan,172,167,167,0,97.09,97.09,0.0,2.0,1816.92735008328194419202,10.56353110513536
2025-12-01,2026-01-01,1,Retail,plus,persona_x_initial_plan,57,54,54,0,94.74,94.74,0.0,2.0,3533.84011915256577535086,61.99719507285203
2025-12-01,2026-01-01,1,Retail,start,persona_x_initial_plan,155,149,149,0,96.13,96.13,0.0,2.0,5044.77551139505505472266,32.5469387831939
2025-12-01,2026-01-01,1,Wholesale,business,persona_x_initial_plan,5,5,5,0,100.0,100.0,0.0,2.0,482.83159406136942812000,96.56631881227388
2025-12-01,2026-01-01,1,Wholesale,free,persona_x_initial_plan,12,11,11,0,91.67,91.67,0.0,2.0,68.26756438191774663000,5.688963698493146
2025-12-01,2026-01-01,1,Wholesale,plus,persona_x_initial_plan,16,16,16,0,100.0,100.0,0.0,2.0,1424.80312661752980772360,89.05019541359562
2025-12-01,2026-01-01,1,Wholesale,start,persona_x_initial_plan,34,33,33,0,97.06,97.06,0.0,2.0,1371.40219964492924059920,40.33535881308615
2025-12-01,2026-02-01,2,ALL,business,initial_plan,65,39,39,0,60.0,60.0,0.0,3.0,8096.18378744436549551330,124.55667365299024
2025-12-01,2026-02-01,2,ALL,free,initial_plan,1129,1043,1034,9,92.38,91.59,0.8,2.98,23183.08726790558073837503,20.534178270952683
2025-12-01,2026-02-01,2,ALL,plus,initial_plan,357,323,317,6,90.48,88.8,1.68,2.97,30952.99792866542582421193,86.70307543043538
2025-12-01,2026-02-01,2,ALL,start,initial_plan,1155,1097,1091,6,94.98,94.46,0.52,2.99,51706.31995859972713912700,44.76737658753223
2025-12-01,2026-02-01,2,ALL,ALL,overall,2706,2502,2481,21,92.46,91.69,0.78,2.98,113938.58894261509919722726,42.1059087001534
2025-12-01,2026-02-01,2,Automobile_Trade_Repair,ALL,persona,123,109,109,0,88.62,88.62,0.0,3.0,6094.62196851928723339329,49.54977210178282
2025-12-01,2026-02-01,2,BTP,ALL,persona,461,432,429,3,93.71,93.06,0.65,2.99,29519.72541744042927751643,64.03411153457795
2025-12-01,2026-02-01,2,Bankers_Insurance,ALL,persona,39,34,34,0,87.18,87.18,0.0,3.0,1406.98569214465533984300,36.07655620883732
2025-12-01,2026-02-01,2,Bikers_Drivers,ALL,persona,152,131,128,3,86.18,84.21,1.97,2.96,4131.95524952258073238618,27.183916115280137
2025-12-01,2026-02-01,2,Cleaning_CallCenters,ALL,persona,11,9,9,0,81.82,81.82,0.0,3.0,624.05096851506805078190,56.73190622864254
2025-12-01,2026-02-01,2,Consultant,ALL,persona,459,436,432,4,94.99,94.12,0.87,2.98,19028.61128907280230402378,41.45666947510415
2025-12-01,2026-02-01,2,Developer_IT,ALL,persona,231,217,216,1,93.94,93.51,0.43,2.99,8303.94680974782676181250,35.947821687220035
2025-12-01,2026-02-01,2,Media_Publishing,ALL,persona,109,103,100,3,94.5,91.74,2.75,2.95,3295.97673118739224885215,30.238318634746715
2025-12-01,2026-02-01,2,Medical_Professionals,ALL,persona,28,27,27,0,96.43,96.43,0.0,3.0,1750.30144273643358628418,62.510765812015485
2025-12-01,2026-02-01,2,Others,ALL,persona,452,413,411,2,91.37,90.93,0.44,2.99,16723.97388796458749430463,36.99994223001015
2025-12-01,2026-02-01,2,Professeur,ALL,persona,83,77,77,0,92.77,92.77,0.0,3.0,3183.87871431561180682256,38.35998450982665
2025-12-01,2026-02-01,2,Repair,ALL,persona,19,18,18,0,94.74,94.74,0.0,3.0,277.97820397095845354560,14.630431787945183
2025-12-01,2026-02-01,2,Repair_Installation,ALL,persona,4,4,4,0,100.0,100.0,0.0,3.0,148.05365928712297543000,37.01341482178074
2025-12-01,2026-02-01,2,Restauration,ALL,persona,81,74,74,0,91.36,91.36,0.0,3.0,4012.22043977478379955618,49.533585676231894
2025-12-01,2026-02-01,2,Retail,ALL,persona,387,355,350,5,91.73,90.44,1.29,2.97,12595.70447653172647795948,32.547039991038055
2025-12-01,2026-02-01,2,Wholesale,ALL,persona,67,63,63,0,94.03,94.03,0.0,3.0,2840.60399188383265471540,42.397074505728845
2025-12-01,2026-02-01,2,Automobile_Trade_Repair,business,persona_x_initial_plan,4,4,4,0,100.0,100.0,0.0,3.0,745.19552373040980002500,186.29888093260246
2025-12-01,2026-02-01,2,Automobile_Trade_Repair,free,persona_x_initial_plan,30,27,27,0,90.0,90.0,0.0,3.0,266.28806334739669589663,8.876268778246557
2025-12-01,2026-02-01,2,Automobile_Trade_Repair,plus,persona_x_initial_plan,25,20,20,0,80.0,80.0,0.0,3.0,1642.11172251765439679870,65.68446890070618
2025-12-01,2026-02-01,2,Automobile_Trade_Repair,start,persona_x_initial_plan,64,58,58,0,90.63,90.63,0.0,3.0,3441.02665892382634067296,53.766041545684786
2025-12-01,2026-02-01,2,BTP,business,persona_x_initial_plan,21,15,15,0,71.43,71.43,0.0,3.0,4309.81783011341291674440,205.2294204815911
2025-12-01,2026-02-01,2,BTP,free,persona_x_initial_plan,175,162,161,1,92.57,92.0,0.57,2.99,5430.53491718796444653120,31.031628098216938
2025-12-01,2026-02-01,2,BTP,plus,persona_x_initial_plan,96,93,91,2,96.88,94.79,2.08,2.96,8851.16071956241966240924,92.19959082877521
2025-12-01,2026-02-01,2,BTP,start,persona_x_initial_plan,169,162,162,0,95.86,95.86,0.0,3.0,10928.21195057663225183159,64.66397603891498
2025-12-01,2026-02-01,2,Bankers_Insurance,free,persona_x_initial_plan,26,22,22,0,84.62,84.62,0.0,3.0,517.33448457917809961300,19.897480176122237
2025-12-01,2026-02-01,2,Bankers_Insurance,plus,persona_x_initial_plan,3,3,3,0,100.0,100.0,0.0,3.0,636.54653942246361220000,212.18217980748787
2025-12-01,2026-02-01,2,Bankers_Insurance,start,persona_x_initial_plan,10,9,9,0,90.0,90.0,0.0,3.0,253.10466814301362803000,25.310466814301364
2025-12-01,2026-02-01,2,Bikers_Drivers,business,persona_x_initial_plan,5,3,3,0,60.0,60.0,0.0,3.0,816.97780364273786070000,163.39556072854757
2025-12-01,2026-02-01,2,Bikers_Drivers,free,persona_x_initial_plan,62,50,48,2,80.65,77.42,3.23,2.94,724.49460277095710054828,11.685396818886405
2025-12-01,2026-02-01,2,Bikers_Drivers,plus,persona_x_initial_plan,24,21,21,0,87.5,87.5,0.0,3.0,1185.79683740751840347992,49.408201558646596
2025-12-01,2026-02-01,2,Bikers_Drivers,start,persona_x_initial_plan,61,57,56,1,93.44,91.8,1.64,2.96,1404.68600570136736765798,23.027639437727334
2025-12-01,2026-02-01,2,Cleaning_CallCenters,free,persona_x_initial_plan,3,3,3,0,100.0,100.0,0.0,3.0,30.38022827397259238190,10.126742757990863
2025-12-01,2026-02-01,2,Cleaning_CallCenters,plus,persona_x_initial_plan,4,3,3,0,75.0,75.0,0.0,3.0,500.84535462246554900000,125.21133865561639
2025-12-01,2026-02-01,2,Cleaning_CallCenters,start,persona_x_initial_plan,4,3,3,0,75.0,75.0,0.0,3.0,92.82538561862990940000,23.206346404657477
2025-12-01,2026-02-01,2,Consultant,business,persona_x_initial_plan,4,1,1,0,25.0,25.0,0.0,3.0,80.26114985205479468000,20.0652874630137
2025-12-01,2026-02-01,2,Consultant,free,persona_x_initial_plan,222,214,212,2,96.4,95.5,0.9,2.98,5863.85508781215756898084,26.41376165681152
2025-12-01,2026-02-01,2,Consultant,plus,persona_x_initial_plan,28,24,24,0,85.71,85.71,0.0,3.0,2116.34895553847536341900,75.58389126923126
2025-12-01,2026-02-01,2,Consultant,start,persona_x_initial_plan,205,197,195,2,96.1,95.12,0.98,2.98,10968.14609587011457694394,53.5031516871713
2025-12-01,2026-02-01,2,Developer_IT,free,persona_x_initial_plan,101,93,92,1,92.08,91.09,0.99,2.98,2683.91155534728534478110,26.573381736111735
2025-12-01,2026-02-01,2,Developer_IT,plus,persona_x_initial_plan,13,10,10,0,76.92,76.92,0.0,3.0,556.34830401260265491700,42.79602338558482
2025-12-01,2026-02-01,2,Developer_IT,start,persona_x_initial_plan,117,114,114,0,97.44,97.44,0.0,3.0,5063.68695038793876211440,43.27937564434136
2025-12-01,2026-02-01,2,Media_Publishing,business,persona_x_initial_plan,1,1,1,0,100.0,100.0,0.0,3.0,149.29447047890385220000,149.29447047890386
2025-12-01,2026-02-01,2,Media_Publishing,free,persona_x_initial_plan,55,52,51,1,94.55,92.73,1.82,2.96,544.49000619342347852940,9.89981829442588
2025-12-01,2026-02-01,2,Media_Publishing,plus,persona_x_initial_plan,8,7,6,1,87.5,75.0,12.5,2.86,967.18247795506780086000,120.89780974438348
2025-12-01,2026-02-01,2,Media_Publishing,start,persona_x_initial_plan,45,43,42,1,95.56,93.33,2.22,2.95,1635.00977655999711726275,36.33355059022216
2025-12-01,2026-02-01,2,Medical_Professionals,free,persona_x_initial_plan,11,10,10,0,90.91,90.91,0.0,3.0,224.33918836383527437418,20.394471669439568
2025-12-01,2026-02-01,2,Medical_Professionals,plus,persona_x_initial_plan,3,3,3,0,100.0,100.0,0.0,3.0,1221.43392212328345770000,407.1446407077612
2025-12-01,2026-02-01,2,Medical_Professionals,start,persona_x_initial_plan,14,14,14,0,100.0,100.0,0.0,3.0,304.52833224931485421000,21.75202373209392
2025-12-01,2026-02-01,2,Others,business,persona_x_initial_plan,18,7,7,0,38.89,38.89,0.0,3.0,1107.38605215232667187590,61.521447341795934
2025-12-01,2026-02-01,2,Others,free,persona_x_initial_plan,183,170,170,0,92.9,92.9,0.0,3.0,2489.48523702668070637160,13.60374446462667
2025-12-01,2026-02-01,2,Others,plus,persona_x_initial_plan,60,56,55,1,93.33,91.67,1.67,2.96,5647.18439674708259493864,94.1197399457847
2025-12-01,2026-02-01,2,Others,start,persona_x_initial_plan,191,180,179,1,94.24,93.72,0.52,2.99,7479.91820203849752111849,39.16187540334292
2025-12-01,2026-02-01,2,Professeur,business,persona_x_initial_plan,2,1,1,0,50.0,50.0,0.0,3.0,80.18447494849315000600,40.09223747424657
2025-12-01,2026-02-01,2,Professeur,free,persona_x_initial_plan,33,29,29,0,87.88,87.88,0.0,3.0,467.74342071287593982830,14.17404305190533
2025-12-01,2026-02-01,2,Professeur,plus,persona_x_initial_plan,5,5,5,0,100.0,100.0,0.0,3.0,758.18794604164181060000,151.63758920832836
2025-12-01,2026-02-01,2,Professeur,start,persona_x_initial_plan,43,42,42,0,97.67,97.67,0.0,3.0,1877.76287261260090638826,43.66890401424653
2025-12-01,2026-02-01,2,Repair,business,persona_x_initial_plan,1,0,0,0,0.0,0.0,0.0,,0.00000000000000000000,0.0
2025-12-01,2026-02-01,2,Repair,free,persona_x_initial_plan,8,8,8,0,100.0,100.0,0.0,3.0,117.55526496328734053530,14.694408120410918
2025-12-01,2026-02-01,2,Repair,plus,persona_x_initial_plan,2,2,2,0,100.0,100.0,0.0,3.0,63.38958011232872011300,31.69479005616436
2025-12-01,2026-02-01,2,Repair,start,persona_x_initial_plan,8,8,8,0,100.0,100.0,0.0,3.0,97.03335889534239289730,12.129169861917799
2025-12-01,2026-02-01,2,Repair_Installation,free,persona_x_initial_plan,2,2,2,0,100.0,100.0,0.0,3.0,108.29328697972572030000,54.14664348986286
2025-12-01,2026-02-01,2,Repair_Installation,start,persona_x_initial_plan,2,2,2,0,100.0,100.0,0.0,3.0,39.76037230739725513000,19.880186153698627
2025-12-01,2026-02-01,2,Restauration,business,persona_x_initial_plan,1,0,0,0,0.0,0.0,0.0,,0.00000000000000000000,0.0
2025-12-01,2026-02-01,2,Restauration,free,persona_x_initial_plan,34,31,31,0,91.18,91.18,0.0,3.0,743.31801556273757237728,21.862294575374637
2025-12-01,2026-02-01,2,Restauration,plus,persona_x_initial_plan,13,11,11,0,84.62,84.62,0.0,3.0,2045.13031526684309880000,157.31771655898794
2025-12-01,2026-02-01,2,Restauration,start,persona_x_initial_plan,33,32,32,0,96.97,96.97,0.0,3.0,1223.77210894520312837890,37.08400330136979
2025-12-01,2026-02-01,2,Retail,business,persona_x_initial_plan,3,2,2,0,66.67,66.67,0.0,3.0,352.38173583068413701000,117.46057861022804
2025-12-01,2026-02-01,2,Retail,free,persona_x_initial_plan,172,159,157,2,92.44,91.28,1.16,2.97,2755.85871404985630787502,16.022434384010793
2025-12-01,2026-02-01,2,Retail,plus,persona_x_initial_plan,57,50,48,2,87.72,84.21,3.51,2.92,3807.25363068242968204653,66.79392334530579
2025-12-01,2026-02-01,2,Retail,start,persona_x_initial_plan,155,144,143,1,92.9,92.26,0.65,2.99,5680.21039596875635102793,36.6465186836694
2025-12-01,2026-02-01,2,Wholesale,business,persona_x_initial_plan,5,5,5,0,100.0,100.0,0.0,3.0,454.68474669534231227200,90.93694933906846
2025-12-01,2026-02-01,2,Wholesale,free,persona_x_initial_plan,12,11,11,0,91.67,91.67,0.0,3.0,215.20519473424654945100,17.93376622785388
2025-12-01,2026-02-01,2,Wholesale,plus,persona_x_initial_plan,16,15,15,0,93.75,93.75,0.0,3.0,954.07722665314901692990,59.62982666582182
2025-12-01,2026-02-01,2,Wholesale,start,persona_x_initial_plan,34,32,32,0,94.12,94.12,0.0,3.0,1216.63682380109477606250,35.78343599414985
2025-12-01,2026-03-01,3,ALL,business,initial_plan,65,37,37,0,56.92,56.92,0.0,4.0,7090.26932813971053700140,109.08106658676478
2025-12-01,2026-03-01,3,ALL,free,initial_plan,1129,1026,1012,14,90.88,89.64,1.24,3.97,26225.47801430544119061766,23.228944211076566
2025-12-01,2026-03-01,3,ALL,plus,initial_plan,357,307,299,8,85.99,83.75,2.24,3.94,27472.89312203474148071950,76.95488269477518
2025-12-01,2026-03-01,3,ALL,start,initial_plan,1155,1071,1064,7,92.73,92.12,0.61,3.99,47336.22358771997565117115,40.98374336599132
2025-12-01,2026-03-01,3,ALL,ALL,overall,2706,2441,2412,29,90.21,89.14,1.07,3.97,108124.86405219986885950971,39.95745160835177
2025-12-01,2026-03-01,3,Automobile_Trade_Repair,ALL,persona,123,106,105,1,86.18,85.37,0.81,3.97,5971.85894264476501723100,48.551698720689146
2025-12-01,2026-03-01,3,BTP,ALL,persona,461,419,415,4,90.89,90.02,0.87,3.98,25777.98502963909876432694,55.9175380252475
2025-12-01,2026-03-01,3,Bankers_Insurance,ALL,persona,39,32,32,0,82.05,82.05,0.0,4.0,1112.00140164109424908600,28.512856452335747
2025-12-01,2026-03-01,3,Bikers_Drivers,ALL,persona,152,127,123,4,83.55,80.92,2.63,3.94,4736.45429517573010607039,31.160883520892963
2025-12-01,2026-03-01,3,Cleaning_CallCenters,ALL,persona,11,9,9,0,81.82,81.82,0.0,4.0,528.58785123123217182080,48.05344102102111
2025-12-01,2026-03-01,3,Consultant,ALL,persona,459,428,424,4,93.25,92.37,0.87,3.98,17242.35275369434059512009,37.565038679072636
2025-12-01,2026-03-01,3,Developer_IT,ALL,persona,231,214,212,2,92.64,91.77,0.87,3.98,8861.89161721752342888607,38.36316717410183
2025-12-01,2026-03-01,3,Media_Publishing,ALL,persona,109,102,99,3,93.58,90.83,2.75,3.94,3672.74269308328137768175,33.694887092507166
2025-12-01,2026-03-01,3,Medical_Professionals,ALL,persona,28,28,27,1,100.0,96.43,3.57,3.89,1866.92275803889916119510,66.67581278710354
2025-12-01,2026-03-01,3,Others,ALL,persona,452,404,402,2,89.38,88.94,0.44,3.99,15696.75195451590333818096,34.727327332999785
2025-12-01,2026-03-01,3,Professeur,ALL,persona,83,76,74,2,91.57,89.16,2.41,3.92,2345.33021185588504449690,28.25699050428777
2025-12-01,2026-03-01,3,Repair,ALL,persona,19,17,17,0,89.47,89.47,0.0,4.0,193.45683175835587895480,10.181938513597679
2025-12-01,2026-03-01,3,Repair_Installation,ALL,persona,4,4,4,0,100.0,100.0,0.0,4.0,205.69386654849248127800,51.42346663712312
2025-12-01,2026-03-01,3,Restauration,ALL,persona,81,73,73,0,90.12,90.12,0.0,4.0,4246.96865562793349712118,52.43171179787573
2025-12-01,2026-03-01,3,Retail,ALL,persona,387,343,337,6,88.63,87.08,1.55,3.96,12753.34774922377667544043,32.954386948898645
2025-12-01,2026-03-01,3,Wholesale,ALL,persona,67,59,59,0,88.06,88.06,0.0,4.0,2912.51744030355707261930,43.47040955676951
2025-12-01,2026-03-01,3,Automobile_Trade_Repair,business,persona_x_initial_plan,4,4,4,0,100.0,100.0,0.0,4.0,567.96632005589001051000,141.9915800139725
2025-12-01,2026-03-01,3,Automobile_Trade_Repair,free,persona_x_initial_plan,30,26,26,0,86.67,86.67,0.0,4.0,290.49459052657483473186,9.683153017552494
2025-12-01,2026-03-01,3,Automobile_Trade_Repair,plus,persona_x_initial_plan,25,20,19,1,80.0,76.0,4.0,3.85,2206.75117149244540379900,88.27004685969781
2025-12-01,2026-03-01,3,Automobile_Trade_Repair,start,persona_x_initial_plan,64,56,56,0,87.5,87.5,0.0,4.0,2906.64686056985476819014,45.41635719640398
2025-12-01,2026-03-01,3,BTP,business,persona_x_initial_plan,21,15,15,0,71.43,71.43,0.0,4.0,3757.37181662245584951060,178.92246745821217
2025-12-01,2026-03-01,3,BTP,free,persona_x_initial_plan,175,161,160,1,92.0,91.43,0.57,3.99,6653.30805401752723681632,38.01890316581444
2025-12-01,2026-03-01,3,BTP,plus,persona_x_initial_plan,96,87,85,2,90.63,88.54,2.08,3.95,7190.78307972406553511080,74.90399041379236
2025-12-01,2026-03-01,3,BTP,start,persona_x_initial_plan,169,156,155,1,92.31,91.72,0.59,3.98,8176.52207927505014288922,48.381787451331654
2025-12-01,2026-03-01,3,Bankers_Insurance,free,persona_x_initial_plan,26,20,20,0,76.92,76.92,0.0,4.0,586.97048984657472430600,22.575788071022107
2025-12-01,2026-03-01,3,Bankers_Insurance,plus,persona_x_initial_plan,3,3,3,0,100.0,100.0,0.0,4.0,280.19701934520456490000,93.39900644840152
2025-12-01,2026-03-01,3,Bankers_Insurance,start,persona_x_initial_plan,10,9,9,0,90.0,90.0,0.0,4.0,244.83389244931495988000,24.483389244931494
2025-12-01,2026-03-01,3,Bikers_Drivers,business,persona_x_initial_plan,5,3,3,0,60.0,60.0,0.0,4.0,888.40351919616201670000,177.68070383923242
2025-12-01,2026-03-01,3,Bikers_Drivers,free,persona_x_initial_plan,62,49,46,3,79.03,74.19,4.84,3.88,996.89093954739586749800,16.078886121732193
2025-12-01,2026-03-01,3,Bikers_Drivers,plus,persona_x_initial_plan,24,20,20,0,83.33,83.33,0.0,4.0,1225.06153659601127916200,51.04423069150047
2025-12-01,2026-03-01,3,Bikers_Drivers,start,persona_x_initial_plan,61,55,54,1,90.16,88.52,1.64,3.96,1626.09829983616094271039,26.657349177641983
2025-12-01,2026-03-01,3,Cleaning_CallCenters,free,persona_x_initial_plan,3,3,3,0,100.0,100.0,0.0,4.0,36.42788841369862461180,12.142629471232874
2025-12-01,2026-03-01,3,Cleaning_CallCenters,plus,persona_x_initial_plan,4,3,3,0,75.0,75.0,0.0,4.0,428.04442266520489200000,107.01110566630122
2025-12-01,2026-03-01,3,Cleaning_CallCenters,start,persona_x_initial_plan,4,3,3,0,75.0,75.0,0.0,4.0,64.11554015232865520900,16.028885038082162
2025-12-01,2026-03-01,3,Consultant,business,persona_x_initial_plan,4,1,1,0,25.0,25.0,0.0,4.0,80.26134660821917821000,20.065336652054796
2025-12-01,2026-03-01,3,Consultant,free,persona_x_initial_plan,222,209,207,2,94.14,93.24,0.9,3.98,5059.39777910218750641910,22.790080086045887
2025-12-01,2026-03-01,3,Consultant,plus,persona_x_initial_plan,28,23,23,0,82.14,82.14,0.0,4.0,1869.12512200970839636331,66.75446864320386
2025-12-01,2026-03-01,3,Consultant,start,persona_x_initial_plan,205,195,193,2,95.12,94.15,0.98,3.98,10233.56850597422551412768,49.91984637060598
2025-12-01,2026-03-01,3,Developer_IT,free,persona_x_initial_plan,101,92,90,2,91.09,89.11,1.98,3.95,3733.63108230410438755979,36.96664437924856
2025-12-01,2026-03-01,3,Developer_IT,plus,persona_x_initial_plan,13,9,9,0,69.23,69.23,0.0,4.0,475.31917660109575806970,36.563013584699675
2025-12-01,2026-03-01,3,Developer_IT,start,persona_x_initial_plan,117,113,113,0,96.58,96.58,0.0,4.0,4652.94135831232328325658,39.76872955822498
2025-12-01,2026-03-01,3,Media_Publishing,business,persona_x_initial_plan,1,1,1,0,100.0,100.0,0.0,4.0,161.47667042465716750000,161.47667042465716
2025-12-01,2026-03-01,3,Media_Publishing,free,persona_x_initial_plan,55,51,50,1,92.73,90.91,1.82,3.96,668.67018519068297746390,12.15763973073969
2025-12-01,2026-03-01,3,Media_Publishing,plus,persona_x_initial_plan,8,7,6,1,87.5,75.0,12.5,3.86,853.53264747451988787600,106.69158093431498
2025-12-01,2026-03-01,3,Media_Publishing,start,persona_x_initial_plan,45,43,42,1,95.56,93.33,2.22,3.93,1989.06318999342134484185,44.20140422207603
2025-12-01,2026-03-01,3,Medical_Professionals,free,persona_x_initial_plan,11,11,10,1,100.0,90.91,9.09,3.73,432.94082647452056392000,39.35825695222914
2025-12-01,2026-03-01,3,Medical_Professionals,plus,persona_x_initial_plan,3,3,3,0,100.0,100.0,0.0,4.0,1028.01842124383121720000,342.6728070812771
2025-12-01,2026-03-01,3,Medical_Professionals,start,persona_x_initial_plan,14,14,14,0,100.0,100.0,0.0,4.0,405.96351032054738007510,28.997393594324812
2025-12-01,2026-03-01,3,Others,business,persona_x_initial_plan,18,7,7,0,38.89,38.89,0.0,4.0,768.34965919451946591880,42.686092177473306
2025-12-01,2026-03-01,3,Others,free,persona_x_initial_plan,183,168,168,0,91.8,91.8,0.0,4.0,3301.64138964109162137597,18.04175622754695
2025-12-01,2026-03-01,3,Others,plus,persona_x_initial_plan,60,53,52,1,88.33,86.67,1.67,3.96,3923.41824479092162015698,65.39030407984869
2025-12-01,2026-03-01,3,Others,start,persona_x_initial_plan,191,176,175,1,92.15,91.62,0.52,3.99,7703.34266088937063072921,40.331636968007174
2025-12-01,2026-03-01,3,Professeur,business,persona_x_initial_plan,2,0,0,0,0.0,0.0,0.0,,0.00000000000000000000,0.0
2025-12-01,2026-03-01,3,Professeur,free,persona_x_initial_plan,33,30,28,2,90.91,84.85,6.06,3.8,369.34862965150608063960,11.192382716712306
2025-12-01,2026-03-01,3,Professeur,plus,persona_x_initial_plan,5,5,5,0,100.0,100.0,0.0,4.0,698.64161679123065913000,139.72832335824612
2025-12-01,2026-03-01,3,Professeur,start,persona_x_initial_plan,43,41,41,0,95.35,95.35,0.0,4.0,1277.33996541314830472730,29.70558059100345
2025-12-01,2026-03-01,3,Repair,business,persona_x_initial_plan,1,0,0,0,0.0,0.0,0.0,,0.00000000000000000000,0.0
2025-12-01,2026-03-01,3,Repair,free,persona_x_initial_plan,8,7,7,0,87.5,87.5,0.0,4.0,60.47355327397236438530,7.5591941592465455
2025-12-01,2026-03-01,3,Repair,plus,persona_x_initial_plan,2,2,2,0,100.0,100.0,0.0,4.0,52.27813419178081777000,26.139067095890407
2025-12-01,2026-03-01,3,Repair,start,persona_x_initial_plan,8,8,8,0,100.0,100.0,0.0,4.0,80.70514429260269679950,10.088143036575337
2025-12-01,2026-03-01,3,Repair_Installation,free,persona_x_initial_plan,2,2,2,0,100.0,100.0,0.0,4.0,157.40476675561579130000,78.70238337780789
2025-12-01,2026-03-01,3,Repair_Installation,start,persona_x_initial_plan,2,2,2,0,100.0,100.0,0.0,4.0,48.28909979287668997800,24.144549896438345
2025-12-01,2026-03-01,3,Restauration,business,persona_x_initial_plan,1,0,0,0,0.0,0.0,0.0,,0.00000000000000000000,0.0
2025-12-01,2026-03-01,3,Restauration,free,persona_x_initial_plan,34,31,31,0,91.18,91.18,0.0,4.0,678.91885584438123572758,19.9682016424818
2025-12-01,2026-03-01,3,Restauration,plus,persona_x_initial_plan,13,11,11,0,84.62,84.62,0.0,4.0,2450.09191574519830000000,188.46860890347676
2025-12-01,2026-03-01,3,Restauration,start,persona_x_initial_plan,33,31,31,0,93.94,93.94,0.0,4.0,1117.95788403835396139360,33.87751163752588
2025-12-01,2026-03-01,3,Retail,business,persona_x_initial_plan,3,2,2,0,66.67,66.67,0.0,4.0,469.62192413917680970000,156.5406413797256
2025-12-01,2026-03-01,3,Retail,free,persona_x_initial_plan,172,156,154,2,90.7,89.53,1.16,3.97,2960.44186025807314475244,17.211871280570193
2025-12-01,2026-03-01,3,Retail,plus,persona_x_initial_plan,57,46,43,3,80.7,75.44,5.26,3.85,3767.21927394544340315901,66.09156620956918
2025-12-01,2026-03-01,3,Retail,start,persona_x_initial_plan,155,139,138,1,89.68,89.03,0.65,3.99,5556.06469088108331782898,35.845578650845695
2025-12-01,2026-03-01,3,Wholesale,business,persona_x_initial_plan,5,4,4,0,80.0,80.0,0.0,4.0,396.81807189863003895200,79.363614379726
2025-12-01,2026-03-01,3,Wholesale,free,persona_x_initial_plan,12,10,10,0,83.33,83.33,0.0,4.0,238.51712345753422911000,19.87642695479452
2025-12-01,2026-03-01,3,Wholesale,plus,persona_x_initial_plan,16,15,15,0,93.75,93.75,0.0,4.0,1024.41133941807974602270,64.02570871362998
2025-12-01,2026-03-01,3,Wholesale,start,persona_x_initial_plan,34,30,30,0,88.24,88.24,0.0,4.0,1252.77090552931305853460,36.846203103803326
2025-12-01,2026-04-01,4,ALL,business,initial_plan,65,34,34,0,52.31,52.31,0.0,5.0,7687.62242444326591180060,118.27111422220409
2025-12-01,2026-04-01,4,ALL,free,initial_plan,1129,1005,989,16,89.02,87.6,1.42,4.96,24482.49953949669577071801,21.685119166958987
2025-12-01,2026-04-01,4,ALL,plus,initial_plan,357,304,293,11,85.15,82.07,3.08,4.9,26540.24627395911683854053,74.3424265377006
2025-12-01,2026-04-01,4,ALL,start,initial_plan,1155,1050,1043,7,90.91,90.3,0.61,4.98,48984.97640900291724290169,42.411234986149715
2025-12-01,2026-04-01,4,ALL,ALL,overall,2706,2393,2359,34,88.43,87.18,1.26,4.96,107695.34464690199576396083,39.798723077199554
2025-12-01,2026-04-01,4,Automobile_Trade_Repair,ALL,persona,123,104,102,2,84.55,82.93,1.63,4.93,6688.01417211325136976436,54.37409896027034
2025-12-01,2026-04-01,4,BTP,ALL,persona,461,414,409,5,89.8,88.72,1.08,4.97,25573.04581095201714817102,55.47298440553583
2025-12-01,2026-04-01,4,Bankers_Insurance,ALL,persona,39,33,32,1,84.62,82.05,2.56,4.88,1155.32501422246417741800,29.62371831339652
2025-12-01,2026-04-01,4,Bikers_Drivers,ALL,persona,152,123,119,4,80.92,78.29,2.63,4.93,4481.32762062887876592510,29.482418556768938
2025-12-01,2026-04-01,4,Cleaning_CallCenters,ALL,persona,11,9,9,0,81.82,81.82,0.0,5.0,379.48711022575278059500,34.49882820234116
2025-12-01,2026-04-01,4,Consultant,ALL,persona,459,416,414,2,90.63,90.2,0.44,4.99,17565.75821690657118678146,38.26962574489449
2025-12-01,2026-04-01,4,Developer_IT,ALL,persona,231,212,210,2,91.77,90.91,0.87,4.98,9288.12344444546970922978,40.20832659933104
2025-12-01,2026-04-01,4,Media_Publishing,ALL,persona,109,98,95,3,89.91,87.16,2.75,4.94,3676.47199207013003048339,33.72910084468009
2025-12-01,2026-04-01,4,Medical_Professionals,ALL,persona,28,28,27,1,100.0,96.43,3.57,4.89,1098.67678328986076234050,39.23845654606646
2025-12-01,2026-04-01,4,Others,ALL,persona,452,396,390,6,87.61,86.28,1.33,4.95,14924.69697555591169202542,33.019241096362634
2025-12-01,2026-04-01,4,Professeur,ALL,persona,83,73,73,0,87.95,87.95,0.0,5.0,1958.95352175068083434990,23.601849659646756
2025-12-01,2026-04-01,4,Repair,ALL,persona,19,17,17,0,89.47,89.47,0.0,5.0,188.11931577972573118350,9.901016619985564
2025-12-01,2026-04-01,4,Repair_Installation,ALL,persona,4,3,3,0,75.0,75.0,0.0,5.0,153.85365974630088730000,38.46341493657522
2025-12-01,2026-04-01,4,Restauration,ALL,persona,81,72,72,0,88.89,88.89,0.0,5.0,4391.74011560053230417376,54.21901377284608
2025-12-01,2026-04-01,4,Retail,ALL,persona,387,337,329,8,87.08,85.01,2.07,4.94,12930.18918028842811398874,33.411341551132885
2025-12-01,2026-04-01,4,Wholesale,ALL,persona,67,58,58,0,86.57,86.57,0.0,5.0,3241.56171332602027023090,48.38151810934359
2025-12-01,2026-04-01,4,Automobile_Trade_Repair,business,persona_x_initial_plan,4,4,4,0,100.0,100.0,0.0,5.0,654.94840353643715430000,163.73710088410928
2025-12-01,2026-04-01,4,Automobile_Trade_Repair,free,persona_x_initial_plan,30,26,26,0,86.67,86.67,0.0,5.0,452.16966621150564398712,15.072322207050188
2025-12-01,2026-04-01,4,Automobile_Trade_Repair,plus,persona_x_initial_plan,25,21,19,2,84.0,76.0,8.0,4.67,2374.74463606943046895574,94.9897854427772
2025-12-01,2026-04-01,4,Automobile_Trade_Repair,start,persona_x_initial_plan,64,53,53,0,82.81,82.81,0.0,5.0,3206.15146629587810252150,50.09611666087309
2025-12-01,2026-04-01,4,BTP,business,persona_x_initial_plan,21,15,15,0,71.43,71.43,0.0,5.0,3613.07011406574156395440,172.05095781265436
2025-12-01,2026-04-01,4,BTP,free,persona_x_initial_plan,175,158,157,1,90.29,89.71,0.57,4.99,6171.90644559292416054900,35.26803683195956
2025-12-01,2026-04-01,4,BTP,plus,persona_x_initial_plan,96,88,84,4,91.67,87.5,4.17,4.86,6555.43686434324220645690,68.28580067024211
2025-12-01,2026-04-01,4,BTP,start,persona_x_initial_plan,169,153,153,0,90.53,90.53,0.0,5.0,9232.63238695010921721072,54.63096086952727
2025-12-01,2026-04-01,4,Bankers_Insurance,free,persona_x_initial_plan,26,21,20,1,80.77,76.92,3.85,4.81,631.68005223397231285800,24.29538662438355
2025-12-01,2026-04-01,4,Bankers_Insurance,plus,persona_x_initial_plan,3,3,3,0,100.0,100.0,0.0,5.0,277.44294442575233180000,92.48098147525077
2025-12-01,2026-04-01,4,Bankers_Insurance,start,persona_x_initial_plan,10,9,9,0,90.0,90.0,0.0,5.0,246.20201756273953276000,24.620201756273953
2025-12-01,2026-04-01,4,Bikers_Drivers,business,persona_x_initial_plan,5,3,3,0,60.0,60.0,0.0,5.0,918.46926254520276250000,183.69385250904057
2025-12-01,2026-04-01,4,Bikers_Drivers,free,persona_x_initial_plan,62,48,45,3,77.42,72.58,4.84,4.85,812.78510789972364902410,13.109437224189092
2025-12-01,2026-04-01,4,Bikers_Drivers,plus,persona_x_initial_plan,24,18,18,0,75.0,75.0,0.0,5.0,960.03921887765567197710,40.00163411990232
2025-12-01,2026-04-01,4,Bikers_Drivers,start,persona_x_initial_plan,61,54,53,1,88.52,86.89,1.64,4.96,1790.03403130629668242390,29.344820185349125
2025-12-01,2026-04-01,4,Cleaning_CallCenters,free,persona_x_initial_plan,3,3,3,0,100.0,100.0,0.0,5.0,81.09969767780801276500,27.033232559269337
2025-12-01,2026-04-01,4,Cleaning_CallCenters,plus,persona_x_initial_plan,4,3,3,0,75.0,75.0,0.0,5.0,251.96972289862975860000,62.99243072465744
2025-12-01,2026-04-01,4,Cleaning_CallCenters,start,persona_x_initial_plan,4,3,3,0,75.0,75.0,0.0,5.0,46.41768964931500923000,11.604422412328752
2025-12-01,2026-04-01,4,Consultant,business,persona_x_initial_plan,4,1,1,0,25.0,25.0,0.0,5.0,80.25313727123287688000,20.06328431780822
2025-12-01,2026-04-01,4,Consultant,free,persona_x_initial_plan,222,206,204,2,92.79,91.89,0.9,4.97,4742.63407593149845261354,21.36321655824999
2025-12-01,2026-04-01,4,Consultant,plus,persona_x_initial_plan,28,21,21,0,75.0,75.0,0.0,5.0,1962.24661860532379910790,70.08023637876157
2025-12-01,2026-04-01,4,Consultant,start,persona_x_initial_plan,205,188,188,0,91.71,91.71,0.0,5.0,10780.62438509851605818002,52.58841163462691
2025-12-01,2026-04-01,4,Developer_IT,free,persona_x_initial_plan,101,91,89,2,90.1,88.12,1.98,4.95,3769.01983810629806514150,37.31702810006236
2025-12-01,2026-04-01,4,Developer_IT,plus,persona_x_initial_plan,13,8,8,0,61.54,61.54,0.0,5.0,603.01437454739611123000,46.385721119030464
2025-12-01,2026-04-01,4,Developer_IT,start,persona_x_initial_plan,117,113,113,0,96.58,96.58,0.0,5.0,4916.08923179177553285828,42.01785668198098
2025-12-01,2026-04-01,4,Media_Publishing,business,persona_x_initial_plan,1,1,1,0,100.0,100.0,0.0,5.0,174.67405412273924110000,174.67405412273925
2025-12-01,2026-04-01,4,Media_Publishing,free,persona_x_initial_plan,55,49,48,1,89.09,87.27,1.82,4.96,535.29169717808063019670,9.732576312328739
2025-12-01,2026-04-01,4,Media_Publishing,plus,persona_x_initial_plan,8,7,6,1,87.5,75.0,12.5,4.86,942.98191849041003848318,117.87273981130126
2025-12-01,2026-04-01,4,Media_Publishing,start,persona_x_initial_plan,45,41,40,1,91.11,88.89,2.22,4.93,2023.52432227890012070351,44.967207161753336
2025-12-01,2026-04-01,4,Medical_Professionals,free,persona_x_initial_plan,11,11,10,1,100.0,90.91,9.09,4.73,227.78362794136988258600,20.707602540124533
2025-12-01,2026-04-01,4,Medical_Professionals,plus,persona_x_initial_plan,3,3,3,0,100.0,100.0,0.0,5.0,459.65172166246415290000,153.2172405541547
2025-12-01,2026-04-01,4,Medical_Professionals,start,persona_x_initial_plan,14,14,14,0,100.0,100.0,0.0,5.0,411.24143368602672685450,29.374388120430478
2025-12-01,2026-04-01,4,Others,business,persona_x_initial_plan,18,4,4,0,22.22,22.22,0.0,5.0,860.24990774958801747400,47.791661541643776
2025-12-01,2026-04-01,4,Others,free,persona_x_initial_plan,183,164,162,2,89.62,88.52,1.09,4.95,2542.95859125065289315035,13.89594858606914
2025-12-01,2026-04-01,4,Others,plus,persona_x_initial_plan,60,53,52,1,88.33,86.67,1.67,4.96,4064.98671242653710425835,67.74977854044228
2025-12-01,2026-04-01,4,Others,start,persona_x_initial_plan,191,175,172,3,91.62,90.05,1.57,4.94,7456.50176412913367714272,39.039276251984994
2025-12-01,2026-04-01,4,Professeur,business,persona_x_initial_plan,2,0,0,0,0.0,0.0,0.0,,0.00000000000000000000,0.0
2025-12-01,2026-04-01,4,Professeur,free,persona_x_initial_plan,33,28,28,0,84.85,84.85,0.0,5.0,436.26181813369743901280,13.220055094960529
2025-12-01,2026-04-01,4,Professeur,plus,persona_x_initial_plan,5,5,5,0,100.0,100.0,0.0,5.0,384.88927017040973599100,76.97785403408196
2025-12-01,2026-04-01,4,Professeur,start,persona_x_initial_plan,43,40,40,0,93.02,93.02,0.0,5.0,1137.80243344657365934610,26.46052170805985
2025-12-01,2026-04-01,4,Repair,business,persona_x_initial_plan,1,0,0,0,0.0,0.0,0.0,,0.00000000000000000000,0.0
2025-12-01,2026-04-01,4,Repair,free,persona_x_initial_plan,8,7,7,0,87.5,87.5,0.0,5.0,34.77495018958891920900,4.346868773698615
2025-12-01,2026-04-01,4,Repair,plus,persona_x_initial_plan,2,2,2,0,100.0,100.0,0.0,5.0,50.16556496657534248500,25.082782483287673
2025-12-01,2026-04-01,4,Repair,start,persona_x_initial_plan,8,8,8,0,100.0,100.0,0.0,5.0,103.17880062356146948950,12.897350077945184
2025-12-01,2026-04-01,4,Repair_Installation,free,persona_x_initial_plan,2,2,2,0,100.0,100.0,0.0,5.0,114.91604247452009710000,57.45802123726005
2025-12-01,2026-04-01,4,Repair_Installation,start,persona_x_initial_plan,2,1,1,0,50.0,50.0,0.0,5.0,38.93761727178079020000,19.468808635890394
2025-12-01,2026-04-01,4,Restauration,business,persona_x_initial_plan,1,0,0,0,0.0,0.0,0.0,,0.00000000000000000000,0.0
2025-12-01,2026-04-01,4,Restauration,free,persona_x_initial_plan,34,30,30,0,88.24,88.24,0.0,5.0,632.72580315397017687334,18.609582445705005
2025-12-01,2026-04-01,4,Restauration,plus,persona_x_initial_plan,13,11,11,0,84.62,84.62,0.0,5.0,2541.44233476272965924000,195.49556421251768
2025-12-01,2026-04-01,4,Restauration,start,persona_x_initial_plan,33,31,31,0,93.94,93.94,0.0,5.0,1217.57197768383246806042,36.89612053587371
2025-12-01,2026-04-01,4,Retail,business,persona_x_initial_plan,3,2,2,0,66.67,66.67,0.0,5.0,434.39370510191652563000,144.79790170063885
2025-12-01,2026-04-01,4,Retail,free,persona_x_initial_plan,172,152,149,3,88.37,86.63,1.74,4.95,3089.69335312327721493456,17.963333448391147
2025-12-01,2026-04-01,4,Retail,plus,persona_x_initial_plan,57,46,43,3,80.7,75.44,5.26,4.85,4047.90100026215195178736,71.01580702214302
2025-12-01,2026-04-01,4,Retail,start,persona_x_initial_plan,155,137,135,2,88.39,87.1,1.29,4.96,5358.20112180108242163682,34.569039495490856
2025-12-01,2026-04-01,4,Wholesale,business,persona_x_initial_plan,5,4,4,0,80.0,80.0,0.0,5.0,951.56384005040776996220,190.31276801008156
2025-12-01,2026-04-01,4,Wholesale,free,persona_x_initial_plan,12,9,9,0,75.0,75.0,0.0,5.0,206.79877239780822071700,17.233231033150684
2025-12-01,2026-04-01,4,Wholesale,plus,persona_x_initial_plan,16,15,15,0,93.75,93.75,0.0,5.0,1063.33337145040850526800,66.45833571565053
2025-12-01,2026-04-01,4,Wholesale,start,persona_x_initial_plan,34,30,30,0,88.24,88.24,0.0,5.0,1019.86572942739577428370,29.99605086551164
2026-01-01,2026-01-01,0,ALL,business,initial_plan,53,53,53,0,100.0,100.0,0.0,1.0,3544.30262160601944782765,66.87363436992489
2026-01-01,2026-01-01,0,ALL,free,initial_plan,1130,1125,1125,0,99.56,99.56,0.0,1.0,15622.22011406913190558075,13.824973552273569
2026-01-01,2026-01-01,0,ALL,plus,initial_plan,357,355,355,0,99.44,99.44,0.0,1.0,16069.23855140948437065435,45.01187269302376
2026-01-01,2026-01-01,0,ALL,start,initial_plan,1211,1204,1204,0,99.42,99.42,0.0,1.0,28105.75589308528445693296,23.208716674719472
2026-01-01,2026-01-01,0,ALL,ALL,overall,2751,2737,2737,0,99.49,99.49,0.0,1.0,63341.51718016992018099571,23.024906281414
2026-01-01,2026-01-01,0,Automobile_Trade_Repair,ALL,persona,126,126,126,0,100.0,100.0,0.0,1.0,2684.11281462430747192124,21.30248265574847
2026-01-01,2026-01-01,0,BTP,ALL,persona,491,488,488,0,99.39,99.39,0.0,1.0,14293.12714067302253841563,29.110238575708806
2026-01-01,2026-01-01,0,Bankers_Insurance,ALL,persona,47,47,47,0,100.0,100.0,0.0,1.0,1422.93897409373820407540,30.275297321143363
2026-01-01,2026-01-01,0,Bikers_Drivers,ALL,persona,154,153,153,0,99.35,99.35,0.0,1.0,4374.30781067193886796854,28.404596173194406
2026-01-01,2026-01-01,0,Cleaning_CallCenters,ALL,persona,11,11,11,0,100.0,100.0,0.0,1.0,86.60119908438337793850,7.872836280398489
2026-01-01,2026-01-01,0,Consultant,ALL,persona,488,487,487,0,99.8,99.8,0.0,1.0,11927.67663335595865524849,24.441960314254015
2026-01-01,2026-01-01,0,Developer_IT,ALL,persona,211,209,209,0,99.05,99.05,0.0,1.0,5819.58921793237469859532,27.58099155418187
2026-01-01,2026-01-01,0,Media_Publishing,ALL,persona,105,102,102,0,97.14,97.14,0.0,1.0,1988.85712494298350485615,18.941496428028415
2026-01-01,2026-01-01,0,Medical_Professionals,ALL,persona,30,30,30,0,100.0,100.0,0.0,1.0,107.72206312219156377750,3.5907354374063853
2026-01-01,2026-01-01,0,Others,ALL,persona,437,435,435,0,99.54,99.54,0.0,1.0,6022.60545541611385109148,13.781705847634127
2026-01-01,2026-01-01,0,Professeur,ALL,persona,86,86,86,0,100.0,100.0,0.0,1.0,1337.44128530795681654756,15.551642852418103
2026-01-01,2026-01-01,0,Repair,ALL,persona,27,27,27,0,100.0,100.0,0.0,1.0,459.14276910465716717916,17.005287744616933
2026-01-01,2026-01-01,0,Repair_Installation,ALL,persona,13,13,13,0,100.0,100.0,0.0,1.0,322.45694936087569888200,24.80438072006736
2026-01-01,2026-01-01,0,Restauration,ALL,persona,78,77,77,0,98.72,98.72,0.0,1.0,2363.58551841188686114830,30.302378441178035
2026-01-01,2026-01-01,0,Retail,ALL,persona,389,388,388,0,99.74,99.74,0.0,1.0,8520.99994437223318483592,21.904884175764096
2026-01-01,2026-01-01,0,Wholesale,ALL,persona,58,58,58,0,100.0,100.0,0.0,1.0,1610.35227969529771851452,27.764694477505135
2026-01-01,2026-01-01,0,Automobile_Trade_Repair,business,persona_x_initial_plan,3,3,3,0,100.0,100.0,0.0,1.0,368.31036359725854550000,122.77012119908619
2026-01-01,2026-01-01,0,Automobile_Trade_Repair,free,persona_x_initial_plan,42,42,42,0,100.0,100.0,0.0,1.0,271.69627460328736973885,6.468958919125889
2026-01-01,2026-01-01,0,Automobile_Trade_Repair,plus,persona_x_initial_plan,37,37,37,0,100.0,100.0,0.0,1.0,1222.02762490358606524450,33.02777364604287
2026-01-01,2026-01-01,0,Automobile_Trade_Repair,start,persona_x_initial_plan,44,44,44,0,100.0,100.0,0.0,1.0,822.07855152017549143789,18.68360344364035
2026-01-01,2026-01-01,0,BTP,business,persona_x_initial_plan,15,15,15,0,100.0,100.0,0.0,1.0,1247.95605485533906062710,83.19707032368927
2026-01-01,2026-01-01,0,BTP,free,persona_x_initial_plan,191,189,189,0,98.95,98.95,0.0,1.0,3623.61220598216132121856,18.971791654356867
2026-01-01,2026-01-01,0,BTP,plus,persona_x_initial_plan,91,91,91,0,100.0,100.0,0.0,1.0,4871.68879278461574181281,53.53504167895182
2026-01-01,2026-01-01,0,BTP,start,persona_x_initial_plan,194,193,193,0,99.48,99.48,0.0,1.0,4549.87008705090641475716,23.45293859304591
2026-01-01,2026-01-01,0,Bankers_Insurance,free,persona_x_initial_plan,26,26,26,0,100.0,100.0,0.0,1.0,1056.11668609887581341340,40.61987254226445
2026-01-01,2026-01-01,0,Bankers_Insurance,plus,persona_x_initial_plan,3,3,3,0,100.0,100.0,0.0,1.0,64.00822496164362865000,21.336074987214545
2026-01-01,2026-01-01,0,Bankers_Insurance,start,persona_x_initial_plan,18,18,18,0,100.0,100.0,0.0,1.0,302.81406303321876201200,16.823003501845488
2026-01-01,2026-01-01,0,Bikers_Drivers,business,persona_x_initial_plan,7,7,7,0,100.0,100.0,0.0,1.0,601.81930686903960899500,85.97418669557707
2026-01-01,2026-01-01,0,Bikers_Drivers,free,persona_x_initial_plan,44,44,44,0,100.0,100.0,0.0,1.0,1195.97325087671158247272,27.18121024719799
2026-01-01,2026-01-01,0,Bikers_Drivers,plus,persona_x_initial_plan,19,18,18,0,94.74,94.74,0.0,1.0,550.97373760571134926500,28.998617768721648
2026-01-01,2026-01-01,0,Bikers_Drivers,start,persona_x_initial_plan,84,84,84,0,100.0,100.0,0.0,1.0,2025.54151532047632723582,24.11358946810091
2026-01-01,2026-01-01,0,Cleaning_CallCenters,free,persona_x_initial_plan,7,7,7,0,100.0,100.0,0.0,1.0,12.84109482465750224150,1.8344421178082144
2026-01-01,2026-01-01,0,Cleaning_CallCenters,plus,persona_x_initial_plan,1,1,1,0,100.0,100.0,0.0,1.0,55.78948009260259040000,55.78948009260259
2026-01-01,2026-01-01,0,Cleaning_CallCenters,start,persona_x_initial_plan,3,3,3,0,100.0,100.0,0.0,1.0,17.97062416712328529700,5.990208055707762
2026-01-01,2026-01-01,0,Consultant,business,persona_x_initial_plan,5,5,5,0,100.0,100.0,0.0,1.0,291.74956551945189199100,58.34991310389038
2026-01-01,2026-01-01,0,Consultant,free,persona_x_initial_plan,226,225,225,0,99.56,99.56,0.0,1.0,2844.52462334317583682593,12.586392138686618
2026-01-01,2026-01-01,0,Consultant,plus,persona_x_initial_plan,38,38,38,0,100.0,100.0,0.0,1.0,2310.40916363525485580100,60.80024114829619
2026-01-01,2026-01-01,0,Consultant,start,persona_x_initial_plan,219,219,219,0,100.0,100.0,0.0,1.0,6480.99328085807607063056,29.593576624922722
2026-01-01,2026-01-01,0,Developer_IT,business,persona_x_initial_plan,5,5,5,0,100.0,100.0,0.0,1.0,252.98539927671233274165,50.59707985534247
2026-01-01,2026-01-01,0,Developer_IT,free,persona_x_initial_plan,93,93,93,0,100.0,100.0,0.0,1.0,1700.55619599561406952548,18.285550494576494
2026-01-01,2026-01-01,0,Developer_IT,plus,persona_x_initial_plan,22,21,21,0,95.45,95.45,0.0,1.0,1268.25575851566704086810,57.647989023439415
2026-01-01,2026-01-01,0,Developer_IT,start,persona_x_initial_plan,91,90,90,0,98.9,98.9,0.0,1.0,2597.79186414438125546009,28.54716334224595
2026-01-01,2026-01-01,0,Media_Publishing,free,persona_x_initial_plan,43,42,42,0,97.67,97.67,0.0,1.0,440.07494271013605648500,10.234300993258978
2026-01-01,2026-01-01,0,Media_Publishing,plus,persona_x_initial_plan,6,6,6,0,100.0,100.0,0.0,1.0,210.31372510520474878000,35.052287517534126
2026-01-01,2026-01-01,0,Media_Publishing,start,persona_x_initial_plan,56,54,54,0,96.43,96.43,0.0,1.0,1338.46845712764269959115,23.901222448707905
2026-01-01,2026-01-01,0,Medical_Professionals,free,persona_x_initial_plan,9,9,9,0,100.0,100.0,0.0,1.0,25.58946750356160700300,2.843274167062401
2026-01-01,2026-01-01,0,Medical_Professionals,plus,persona_x_initial_plan,2,2,2,0,100.0,100.0,0.0,1.0,4.72775413479452110000,2.3638770673972607
2026-01-01,2026-01-01,0,Medical_Professionals,start,persona_x_initial_plan,19,19,19,0,100.0,100.0,0.0,1.0,77.40484148383543567450,4.073939025465023
2026-01-01,2026-01-01,0,Others,business,persona_x_initial_plan,10,10,10,0,100.0,100.0,0.0,1.0,264.10210881260250787000,26.41021088126025
2026-01-01,2026-01-01,0,Others,free,persona_x_initial_plan,185,184,184,0,99.46,99.46,0.0,1.0,1563.19849568931309894058,8.449721598320611
2026-01-01,2026-01-01,0,Others,plus,persona_x_initial_plan,57,57,57,0,100.0,100.0,0.0,1.0,1092.02956700273766044060,19.15841345618838
2026-01-01,2026-01-01,0,Others,start,persona_x_initial_plan,185,184,184,0,99.46,99.46,0.0,1.0,3103.27528391146058384030,16.774460994116
2026-01-01,2026-01-01,0,Professeur,business,persona_x_initial_plan,1,1,1,0,100.0,100.0,0.0,1.0,50.63636183013676170000,50.636361830136764
2026-01-01,2026-01-01,0,Professeur,free,persona_x_initial_plan,40,40,40,0,100.0,100.0,0.0,1.0,237.63044513315029830273,5.940761128328758
2026-01-01,2026-01-01,0,Professeur,plus,persona_x_initial_plan,3,3,3,0,100.0,100.0,0.0,1.0,139.14591626520547955600,46.381972088401824
2026-01-01,2026-01-01,0,Professeur,start,persona_x_initial_plan,42,42,42,0,100.0,100.0,0.0,1.0,910.02856207946427698883,21.66734671617772
2026-01-01,2026-01-01,0,Repair,free,persona_x_initial_plan,15,15,15,0,100.0,100.0,0.0,1.0,135.29948452657506498746,9.019965635105004
2026-01-01,2026-01-01,0,Repair,plus,persona_x_initial_plan,3,3,3,0,100.0,100.0,0.0,1.0,142.10430795013696630710,47.36810265004565
2026-01-01,2026-01-01,0,Repair,start,persona_x_initial_plan,9,9,9,0,100.0,100.0,0.0,1.0,181.73897662794513588460,20.193219625327238
2026-01-01,2026-01-01,0,Repair_Installation,free,persona_x_initial_plan,3,3,3,0,100.0,100.0,0.0,1.0,83.23237962136953742000,27.74412654045651
2026-01-01,2026-01-01,0,Repair_Installation,plus,persona_x_initial_plan,3,3,3,0,100.0,100.0,0.0,1.0,172.84075465753369551900,57.61358488584457
2026-01-01,2026-01-01,0,Repair_Installation,start,persona_x_initial_plan,7,7,7,0,100.0,100.0,0.0,1.0,66.38381508197246594300,9.483402154567496
2026-01-01,2026-01-01,0,Restauration,business,persona_x_initial_plan,1,1,1,0,100.0,100.0,0.0,1.0,94.07157361260266678000,94.07157361260266
2026-01-01,2026-01-01,0,Restauration,free,persona_x_initial_plan,28,28,28,0,100.0,100.0,0.0,1.0,499.26431359013560909300,17.830868342504843
2026-01-01,2026-01-01,0,Restauration,plus,persona_x_initial_plan,15,15,15,0,100.0,100.0,0.0,1.0,1287.99634492643679609790,85.86642299509579
2026-01-01,2026-01-01,0,Restauration,start,persona_x_initial_plan,34,33,33,0,97.06,97.06,0.0,1.0,482.25328628271178917740,14.18392018478564
2026-01-01,2026-01-01,0,Retail,business,persona_x_initial_plan,5,5,5,0,100.0,100.0,0.0,1.0,309.80139361424592162290,61.96027872284918
2026-01-01,2026-01-01,0,Retail,free,persona_x_initial_plan,159,159,159,0,100.0,100.0,0.0,1.0,1652.18269887725687944354,10.391086156460736
2026-01-01,2026-01-01,0,Retail,plus,persona_x_initial_plan,46,46,46,0,100.0,100.0,0.0,1.0,2100.06932005255962287782,45.653680870707824
2026-01-01,2026-01-01,0,Retail,start,persona_x_initial_plan,179,178,178,0,99.44,99.44,0.0,1.0,4458.94653182817076089166,24.910315820269112
2026-01-01,2026-01-01,0,Wholesale,business,persona_x_initial_plan,1,1,1,0,100.0,100.0,0.0,1.0,62.87049361863015000000,62.87049361863015
2026-01-01,2026-01-01,0,Wholesale,free,persona_x_initial_plan,19,19,19,0,100.0,100.0,0.0,1.0,280.42755469315025846900,14.759344983850015
2026-01-01,2026-01-01,0,Wholesale,plus,persona_x_initial_plan,11,11,11,0,100.0,100.0,0.0,1.0,576.85807881579360793452,52.44164352870851
2026-01-01,2026-01-01,0,Wholesale,start,persona_x_initial_plan,27,27,27,0,100.0,100.0,0.0,1.0,690.19615256772370211100,25.56282046547125
2026-01-01,2026-02-01,1,ALL,business,initial_plan,53,51,51,0,96.23,96.23,0.0,2.0,9118.36274119614602156490,172.0445800225688
2026-01-01,2026-02-01,1,ALL,free,initial_plan,1130,1084,1084,0,95.93,95.93,0.0,2.0,20004.02093091316260240004,17.70267339018864
2026-01-01,2026-02-01,1,ALL,plus,initial_plan,357,342,342,0,95.8,95.8,0.0,2.0,31055.71307745262707052194,86.99079293404097
2026-01-01,2026-02-01,1,ALL,start,initial_plan,1211,1161,1158,3,95.87,95.62,0.25,2.0,42911.94500773745212778484,35.435132128602355
2026-01-01,2026-02-01,1,ALL,ALL,overall,2751,2638,2635,3,95.89,95.78,0.11,2.0,103090.04175729938782227172,37.47366112588128
2026-01-01,2026-02-01,1,Automobile_Trade_Repair,ALL,persona,126,122,122,0,96.83,96.83,0.0,2.0,7348.82066268491300409580,58.32397351337233
2026-01-01,2026-02-01,1,BTP,ALL,persona,491,476,475,1,96.95,96.74,0.2,2.0,30720.57328780072738329452,62.56735903829068
2026-01-01,2026-02-01,1,Bankers_Insurance,ALL,persona,47,46,46,0,97.87,97.87,0.0,2.0,2268.95829466027355354550,48.275708397027095
2026-01-01,2026-02-01,1,Bikers_Drivers,ALL,persona,154,141,141,0,91.56,91.56,0.0,2.0,5237.29325030793515098352,34.00839772927231
2026-01-01,2026-02-01,1,Cleaning_CallCenters,ALL,persona,11,11,11,0,100.0,100.0,0.0,2.0,182.09336166301338346700,16.553941969364853
2026-01-01,2026-02-01,1,Consultant,ALL,persona,488,472,472,0,96.72,96.72,0.0,2.0,14276.05282844953762638739,29.254206615675283
2026-01-01,2026-02-01,1,Developer_IT,ALL,persona,211,200,200,0,94.79,94.79,0.0,2.0,5572.36309095286915836078,26.409303748591796
2026-01-01,2026-02-01,1,Media_Publishing,ALL,persona,105,101,100,1,96.19,95.24,0.95,1.99,2582.01956696657128532450,24.590662542538773
2026-01-01,2026-02-01,1,Medical_Professionals,ALL,persona,30,29,29,0,96.67,96.67,0.0,2.0,603.17657822630091279700,20.105885940876696
2026-01-01,2026-02-01,1,Others,ALL,persona,437,423,422,1,96.8,96.57,0.23,2.0,12512.60730022189360836780,28.632968650393348
2026-01-01,2026-02-01,1,Professeur,ALL,persona,86,83,83,0,96.51,96.51,0.0,2.0,2978.89565046534989769701,34.63832151703895
2026-01-01,2026-02-01,1,Repair,ALL,persona,27,25,25,0,92.59,92.59,0.0,2.0,649.74105862191642477640,24.064483652663572
2026-01-01,2026-02-01,1,Repair_Installation,ALL,persona,13,13,13,0,100.0,100.0,0.0,2.0,678.99328114849147957400,52.23025239603781
2026-01-01,2026-02-01,1,Restauration,ALL,persona,78,74,74,0,94.87,94.87,0.0,2.0,3416.19689777862179602126,43.797396125366944
2026-01-01,2026-02-01,1,Retail,ALL,persona,389,367,367,0,94.34,94.34,0.0,2.0,11598.97354543590749061504,29.817412713202845
2026-01-01,2026-02-01,1,Wholesale,ALL,persona,58,55,55,0,94.83,94.83,0.0,2.0,2463.28310191506566696420,42.47039830888045
2026-01-01,2026-02-01,1,Automobile_Trade_Repair,business,persona_x_initial_plan,3,3,3,0,100.0,100.0,0.0,2.0,1062.48391264218921400000,354.161304214063
2026-01-01,2026-02-01,1,Automobile_Trade_Repair,free,persona_x_initial_plan,42,41,41,0,97.62,97.62,0.0,2.0,386.60788924876618300100,9.204949744018242
2026-01-01,2026-02-01,1,Automobile_Trade_Repair,plus,persona_x_initial_plan,37,36,36,0,97.3,97.3,0.0,2.0,4188.57961357533117916560,113.20485442095489
2026-01-01,2026-02-01,1,Automobile_Trade_Repair,start,persona_x_initial_plan,44,42,42,0,95.45,95.45,0.0,2.0,1711.14924721862642792920,38.88975561860514
2026-01-01,2026-02-01,1,BTP,business,persona_x_initial_plan,15,14,14,0,93.33,93.33,0.0,2.0,3756.12140395779765908650,250.4080935971865
2026-01-01,2026-02-01,1,BTP,free,persona_x_initial_plan,191,183,183,0,95.81,95.81,0.0,2.0,6617.66987328273421917181,34.64748624755358
2026-01-01,2026-02-01,1,BTP,plus,persona_x_initial_plan,91,90,90,0,98.9,98.9,0.0,2.0,11282.19563279144655878280,123.98017178891699
2026-01-01,2026-02-01,1,BTP,start,persona_x_initial_plan,194,189,188,1,97.42,96.91,0.52,1.99,9064.58637776874894625341,46.72467205035437
2026-01-01,2026-02-01,1,Bankers_Insurance,free,persona_x_initial_plan,26,26,26,0,100.0,100.0,0.0,2.0,1559.98376223945230985850,59.99937547074816
2026-01-01,2026-02-01,1,Bankers_Insurance,plus,persona_x_initial_plan,3,3,3,0,100.0,100.0,0.0,2.0,242.62900142630089720000,80.87633380876697
2026-01-01,2026-02-01,1,Bankers_Insurance,start,persona_x_initial_plan,18,17,17,0,94.44,94.44,0.0,2.0,466.34553099452034648700,25.90808505525113
2026-01-01,2026-02-01,1,Bikers_Drivers,business,persona_x_initial_plan,7,7,7,0,100.0,100.0,0.0,2.0,1310.98275235999835250280,187.28325033714262
2026-01-01,2026-02-01,1,Bikers_Drivers,free,persona_x_initial_plan,44,41,41,0,93.18,93.18,0.0,2.0,489.68558931287558796059,11.12921793892899
2026-01-01,2026-02-01,1,Bikers_Drivers,plus,persona_x_initial_plan,19,18,18,0,94.74,94.74,0.0,2.0,927.99811850684819462606,48.84200623720253
2026-01-01,2026-02-01,1,Bikers_Drivers,start,persona_x_initial_plan,84,75,75,0,89.29,89.29,0.0,2.0,2508.62679012821301589407,29.86460464438349
2026-01-01,2026-02-01,1,Cleaning_CallCenters,free,persona_x_initial_plan,7,7,7,0,100.0,100.0,0.0,2.0,37.73743265479440643700,5.391061807827772
2026-01-01,2026-02-01,1,Cleaning_CallCenters,plus,persona_x_initial_plan,1,1,1,0,100.0,100.0,0.0,2.0,111.78081445205461000000,111.78081445205461
2026-01-01,2026-02-01,1,Cleaning_CallCenters,start,persona_x_initial_plan,3,3,3,0,100.0,100.0,0.0,2.0,32.57511455616436703000,10.858371518721455
2026-01-01,2026-02-01,1,Consultant,business,persona_x_initial_plan,5,5,5,0,100.0,100.0,0.0,2.0,443.48273423835594907000,88.69654684767119
2026-01-01,2026-02-01,1,Consultant,free,persona_x_initial_plan,226,217,217,0,96.02,96.02,0.0,2.0,2505.29297901807907637638,11.08536716379681
2026-01-01,2026-02-01,1,Consultant,plus,persona_x_initial_plan,38,36,36,0,94.74,94.74,0.0,2.0,3463.38095317847378381700,91.14160403101246
2026-01-01,2026-02-01,1,Consultant,start,persona_x_initial_plan,219,214,214,0,97.72,97.72,0.0,2.0,7863.89616201462881712401,35.90820165303484
2026-01-01,2026-02-01,1,Developer_IT,business,persona_x_initial_plan,5,5,5,0,100.0,100.0,0.0,2.0,412.59017059452053387260,82.51803411890411
2026-01-01,2026-02-01,1,Developer_IT,free,persona_x_initial_plan,93,87,87,0,93.55,93.55,0.0,2.0,1579.62889666355888746850,16.9852569533716
2026-01-01,2026-02-01,1,Developer_IT,plus,persona_x_initial_plan,22,21,21,0,95.45,95.45,0.0,2.0,1384.73151552986048746400,62.94234161499366
2026-01-01,2026-02-01,1,Developer_IT,start,persona_x_initial_plan,91,87,87,0,95.6,95.6,0.0,2.0,2195.41250816492924955568,24.125412177636584
2026-01-01,2026-02-01,1,Media_Publishing,free,persona_x_initial_plan,43,40,40,0,93.02,93.02,0.0,2.0,480.86190557698523628280,11.182835013418261
2026-01-01,2026-02-01,1,Media_Publishing,plus,persona_x_initial_plan,6,6,6,0,100.0,100.0,0.0,2.0,288.06789114191732022000,48.01131519031955
2026-01-01,2026-02-01,1,Media_Publishing,start,persona_x_initial_plan,56,55,54,1,98.21,96.43,1.79,1.98,1813.08977024766872882170,32.37660304013694
2026-01-01,2026-02-01,1,Medical_Professionals,free,persona_x_initial_plan,9,9,9,0,100.0,100.0,0.0,2.0,130.13435537205462594000,14.45937281911718
2026-01-01,2026-02-01,1,Medical_Professionals,plus,persona_x_initial_plan,2,2,2,0,100.0,100.0,0.0,2.0,77.80836103013698040000,38.90418051506849
2026-01-01,2026-02-01,1,Medical_Professionals,start,persona_x_initial_plan,19,18,18,0,94.74,94.74,0.0,2.0,395.23386182410930645700,20.80178220126891
2026-01-01,2026-02-01,1,Others,business,persona_x_initial_plan,10,9,9,0,90.0,90.0,0.0,2.0,1108.03498125095679987200,110.80349812509569
2026-01-01,2026-02-01,1,Others,free,persona_x_initial_plan,185,181,181,0,97.84,97.84,0.0,2.0,2113.81660552766686036632,11.426035705554957
2026-01-01,2026-02-01,1,Others,plus,persona_x_initial_plan,57,54,54,0,94.74,94.74,0.0,2.0,2954.89168856328272714198,51.840205062513725
2026-01-01,2026-02-01,1,Others,start,persona_x_initial_plan,185,179,178,1,96.76,96.22,0.54,1.99,6335.86402487998722098750,34.24791364799993
2026-01-01,2026-02-01,1,Professeur,business,persona_x_initial_plan,1,1,1,0,100.0,100.0,0.0,2.0,168.13664394904076050000,168.13664394904077
2026-01-01,2026-02-01,1,Professeur,free,persona_x_initial_plan,40,39,39,0,97.5,97.5,0.0,2.0,413.96325138465637810848,10.349081284616409
2026-01-01,2026-02-01,1,Professeur,plus,persona_x_initial_plan,3,3,3,0,100.0,100.0,0.0,2.0,75.71771344986300191200,25.239237816621
2026-01-01,2026-02-01,1,Professeur,start,persona_x_initial_plan,42,40,40,0,95.24,95.24,0.0,2.0,2321.07804168178975717653,55.26376289718547
2026-01-01,2026-02-01,1,Repair,free,persona_x_initial_plan,15,14,14,0,93.33,93.33,0.0,2.0,239.08428144438312334440,15.938952096292208
2026-01-01,2026-02-01,1,Repair,plus,persona_x_initial_plan,3,3,3,0,100.0,100.0,0.0,2.0,155.61557567287628820100,51.87185855762542
2026-01-01,2026-02-01,1,Repair,start,persona_x_initial_plan,9,8,8,0,88.89,88.89,0.0,2.0,255.04120150465701323100,28.337911278295223
2026-01-01,2026-02-01,1,Repair_Installation,free,persona_x_initial_plan,3,3,3,0,100.0,100.0,0.0,2.0,94.88271425150660072000,31.627571417168866
2026-01-01,2026-02-01,1,Repair_Installation,plus,persona_x_initial_plan,3,3,3,0,100.0,100.0,0.0,2.0,369.13568468547851891000,123.04522822849283
2026-01-01,2026-02-01,1,Repair_Installation,start,persona_x_initial_plan,7,7,7,0,100.0,100.0,0.0,2.0,214.97488221150635994400,30.710697458786623
2026-01-01,2026-02-01,1,Restauration,business,persona_x_initial_plan,1,1,1,0,100.0,100.0,0.0,2.0,80.07758101041095890000,80.07758101041095
2026-01-01,2026-02-01,1,Restauration,free,persona_x_initial_plan,28,27,27,0,96.43,96.43,0.0,2.0,978.82838189588732592800,34.95815649628169
2026-01-01,2026-02-01,1,Restauration,plus,persona_x_initial_plan,15,15,15,0,100.0,100.0,0.0,2.0,1202.88458841369567582000,80.19230589424637
2026-01-01,2026-02-01,1,Restauration,start,persona_x_initial_plan,34,31,31,0,91.18,91.18,0.0,2.0,1154.40634645862783537326,33.95312783701847
2026-01-01,2026-02-01,1,Retail,business,persona_x_initial_plan,5,5,5,0,100.0,100.0,0.0,2.0,524.73961091671159876100,104.94792218334233
2026-01-01,2026-02-01,1,Retail,free,persona_x_initial_plan,159,151,151,0,94.97,94.97,0.0,2.0,1909.05361146825533676146,12.006626487221732
2026-01-01,2026-02-01,1,Retail,plus,persona_x_initial_plan,46,41,41,0,89.13,89.13,0.0,2.0,3154.65696700273351780550,68.57949928266812
2026-01-01,2026-02-01,1,Retail,start,persona_x_initial_plan,179,170,170,0,94.97,94.97,0.0,2.0,6010.52335604820703728708,33.578342771219035
2026-01-01,2026-02-01,1,Wholesale,business,persona_x_initial_plan,1,1,1,0,100.0,100.0,0.0,2.0,251.71295027616419500000,251.7129502761642
2026-01-01,2026-02-01,1,Wholesale,free,persona_x_initial_plan,19,18,18,0,94.74,94.74,0.0,2.0,466.78940157150644467480,24.567863240605604
2026-01-01,2026-02-01,1,Wholesale,plus,persona_x_initial_plan,11,10,10,0,90.91,90.91,0.0,2.0,1175.63895803232732905600,106.87626891202976
2026-01-01,2026-02-01,1,Wholesale,start,persona_x_initial_plan,27,26,26,0,96.3,96.3,0.0,2.0,569.14179203506769823340,21.079325630928434
2026-01-01,2026-03-01,2,ALL,business,initial_plan,53,44,44,0,83.02,83.02,0.0,3.0,7579.27731260656345861090,143.0052323133314
2026-01-01,2026-03-01,2,ALL,free,initial_plan,1130,1037,1035,2,91.77,91.59,0.18,3.0,20298.37218474556693022403,17.963161225438554
2026-01-01,2026-03-01,2,ALL,plus,initial_plan,357,328,326,2,91.88,91.32,0.56,2.99,31832.83470619398795686873,89.16760421903078
2026-01-01,2026-03-01,2,ALL,start,initial_plan,1211,1108,1105,3,91.49,91.25,0.25,3.0,42078.30403181581023576806,34.74674156219307
2026-01-01,2026-03-01,2,ALL,ALL,overall,2751,2517,2510,7,91.49,91.24,0.25,3.0,101788.78823536192858147172,37.00065003102942
2026-01-01,2026-03-01,2,Automobile_Trade_Repair,ALL,persona,126,118,117,1,93.65,92.86,0.79,2.98,7350.70125158080521356073,58.338898822069886
2026-01-01,2026-03-01,2,BTP,ALL,persona,491,453,452,1,92.26,92.06,0.2,3.0,25027.22874748183053455263,50.97195264252918
2026-01-01,2026-03-01,2,Bankers_Insurance,ALL,persona,47,46,46,0,97.87,97.87,0.0,3.0,1791.60859424493028861000,38.11933179244533
2026-01-01,2026-03-01,2,Bikers_Drivers,ALL,persona,154,132,132,0,85.71,85.71,0.0,3.0,5800.39523810738293341179,37.66490414355444
2026-01-01,2026-03-01,2,Cleaning_CallCenters,ALL,persona,11,11,11,0,100.0,100.0,0.0,3.0,178.41720047780791167500,16.219745497982537
2026-01-01,2026-03-01,2,Consultant,ALL,persona,488,453,452,1,92.83,92.62,0.2,3.0,15275.60229978926197622812,31.302463729076354
2026-01-01,2026-03-01,2,Developer_IT,ALL,persona,211,191,191,0,90.52,90.52,0.0,3.0,8328.07020128037779292890,39.46952702028615
2026-01-01,2026-03-01,2,Media_Publishing,ALL,persona,105,100,99,1,95.24,94.29,0.95,2.99,2809.46800314355627908400,26.756838125176728
2026-01-01,2026-03-01,2,Medical_Professionals,ALL,persona,30,29,29,0,96.67,96.67,0.0,3.0,684.20600027999946401400,22.80686667599998
2026-01-01,2026-03-01,2,Others,ALL,persona,437,395,395,0,90.39,90.39,0.0,3.0,11655.08707107231021169244,26.670679796504142
2026-01-01,2026-03-01,2,Professeur,ALL,persona,86,83,83,0,96.51,96.51,0.0,3.0,2519.22182041439321194448,29.293276981562713
2026-01-01,2026-03-01,2,Repair,ALL,persona,27,23,23,0,85.19,85.19,0.0,3.0,544.91693603177973344290,20.18210874191777
2026-01-01,2026-03-01,2,Repair_Installation,ALL,persona,13,13,13,0,100.0,100.0,0.0,3.0,979.01747167396966568700,75.30903628261305
2026-01-01,2026-03-01,2,Restauration,ALL,persona,78,70,70,0,89.74,89.74,0.0,3.0,4339.28497608492028500913,55.63185866775539
2026-01-01,2026-03-01,2,Retail,ALL,persona,389,349,346,3,89.72,88.95,0.77,2.98,11907.41886577915528493137,30.61033127449654
2026-01-01,2026-03-01,2,Wholesale,ALL,persona,58,51,51,0,87.93,87.93,0.0,3.0,2598.14355791944779469923,44.79557858481806
2026-01-01,2026-03-01,2,Automobile_Trade_Repair,business,persona_x_initial_plan,3,3,3,0,100.0,100.0,0.0,3.0,1854.77419214903835090000,618.2580640496794
2026-01-01,2026-03-01,2,Automobile_Trade_Repair,free,persona_x_initial_plan,42,40,39,1,95.24,92.86,2.38,2.95,382.97442108054717252693,9.118438597155885
2026-01-01,2026-03-01,2,Automobile_Trade_Repair,plus,persona_x_initial_plan,37,34,34,0,91.89,91.89,0.0,3.0,3907.89921791505782069850,105.61889778148804
2026-01-01,2026-03-01,2,Automobile_Trade_Repair,start,persona_x_initial_plan,44,41,41,0,93.18,93.18,0.0,3.0,1205.05342043616186943530,27.387577737185495
2026-01-01,2026-03-01,2,BTP,business,persona_x_initial_plan,15,14,14,0,93.33,93.33,0.0,3.0,1995.40779817753060294010,133.02718654516872
2026-01-01,2026-03-01,2,BTP,free,persona_x_initial_plan,191,174,174,0,91.1,91.1,0.0,3.0,5719.36965905752474968184,29.94434376469908
2026-01-01,2026-03-01,2,BTP,plus,persona_x_initial_plan,91,87,87,0,95.6,95.6,0.0,3.0,9500.73798517939480660440,104.40371412285049
2026-01-01,2026-03-01,2,BTP,start,persona_x_initial_plan,194,178,177,1,91.75,91.24,0.52,2.99,7811.71330506738037532629,40.26656342818237
2026-01-01,2026-03-01,2,Bankers_Insurance,free,persona_x_initial_plan,26,26,26,0,100.0,100.0,0.0,3.0,1135.81661112273890036100,43.6852542739515
2026-01-01,2026-03-01,2,Bankers_Insurance,plus,persona_x_initial_plan,3,3,3,0,100.0,100.0,0.0,3.0,239.65693171725995458000,79.88564390575333
2026-01-01,2026-03-01,2,Bankers_Insurance,start,persona_x_initial_plan,18,17,17,0,94.44,94.44,0.0,3.0,416.13505140493143366900,23.118613966940636
2026-01-01,2026-03-01,2,Bikers_Drivers,business,persona_x_initial_plan,7,6,6,0,85.71,85.71,0.0,3.0,1103.79210324986102669000,157.68458617855157
2026-01-01,2026-03-01,2,Bikers_Drivers,free,persona_x_initial_plan,44,39,39,0,88.64,88.64,0.0,3.0,559.62581746575219902275,12.718768578767095
2026-01-01,2026-03-01,2,Bikers_Drivers,plus,persona_x_initial_plan,19,18,18,0,94.74,94.74,0.0,3.0,820.89667519725927633498,43.2050881682768
2026-01-01,2026-03-01,2,Bikers_Drivers,start,persona_x_initial_plan,84,69,69,0,82.14,82.14,0.0,3.0,3316.08064219451043136406,39.4771505023156
2026-01-01,2026-03-01,2,Cleaning_CallCenters,free,persona_x_initial_plan,7,7,7,0,100.0,100.0,0.0,3.0,19.93818323342465274500,2.848311890489236
2026-01-01,2026-03-01,2,Cleaning_CallCenters,plus,persona_x_initial_plan,1,1,1,0,100.0,100.0,0.0,3.0,114.01916472273943900000,114.01916472273943
2026-01-01,2026-03-01,2,Cleaning_CallCenters,start,persona_x_initial_plan,3,3,3,0,100.0,100.0,0.0,3.0,44.45985252164381993000,14.81995084054794
2026-01-01,2026-03-01,2,Consultant,business,persona_x_initial_plan,5,3,3,0,60.0,60.0,0.0,3.0,336.22565992767084594880,67.24513198553417
2026-01-01,2026-03-01,2,Consultant,free,persona_x_initial_plan,226,207,206,1,91.59,91.15,0.44,2.99,3150.43223275177670624542,13.939965631645029
2026-01-01,2026-03-01,2,Consultant,plus,persona_x_initial_plan,38,34,34,0,89.47,89.47,0.0,3.0,3420.10599697354262275030,90.00278939404059
2026-01-01,2026-03-01,2,Consultant,start,persona_x_initial_plan,219,209,209,0,95.43,95.43,0.0,3.0,8368.83841013627180128360,38.21387401888708
2026-01-01,2026-03-01,2,Developer_IT,business,persona_x_initial_plan,5,5,5,0,100.0,100.0,0.0,3.0,336.15248313863011245000,67.23049662772601
2026-01-01,2026-03-01,2,Developer_IT,free,persona_x_initial_plan,93,83,83,0,89.25,89.25,0.0,3.0,1754.91074011436673471850,18.870007958219
2026-01-01,2026-03-01,2,Developer_IT,plus,persona_x_initial_plan,22,20,20,0,90.91,90.91,0.0,3.0,3803.10242132162954413490,172.8682918782559
2026-01-01,2026-03-01,2,Developer_IT,start,persona_x_initial_plan,91,83,83,0,91.21,91.21,0.0,3.0,2433.90455670575140162550,26.746203919843424
2026-01-01,2026-03-01,2,Media_Publishing,free,persona_x_initial_plan,43,39,39,0,90.7,90.7,0.0,3.0,592.08369935506730833570,13.76938835709459
2026-01-01,2026-03-01,2,Media_Publishing,plus,persona_x_initial_plan,6,6,6,0,100.0,100.0,0.0,3.0,368.53036427780726682000,61.42172737963455
2026-01-01,2026-03-01,2,Media_Publishing,start,persona_x_initial_plan,56,55,54,1,98.21,96.43,1.79,2.98,1848.85393951068170392830,33.0152489198336
2026-01-01,2026-03-01,2,Medical_Professionals,free,persona_x_initial_plan,9,9,9,0,100.0,100.0,0.0,3.0,136.53095269205463751000,15.170105854672736
2026-01-01,2026-03-01,2,Medical_Professionals,plus,persona_x_initial_plan,2,2,2,0,100.0,100.0,0.0,3.0,75.88705487999999542000,37.94352744
2026-01-01,2026-03-01,2,Medical_Professionals,start,persona_x_initial_plan,19,18,18,0,94.74,94.74,0.0,3.0,471.78799270794483108400,24.830946984628678
2026-01-01,2026-03-01,2,Others,business,persona_x_initial_plan,10,7,7,0,70.0,70.0,0.0,3.0,680.26149073260176140200,68.02614907326017
2026-01-01,2026-03-01,2,Others,free,persona_x_initial_plan,185,172,172,0,92.97,92.97,0.0,3.0,2629.37570631670864063507,14.212841655765992
2026-01-01,2026-03-01,2,Others,plus,persona_x_initial_plan,57,51,51,0,89.47,89.47,0.0,3.0,2986.84010063451620220577,52.40070351990379
2026-01-01,2026-03-01,2,Others,start,persona_x_initial_plan,185,165,165,0,89.19,89.19,0.0,3.0,5358.60977338848360744960,28.965458234532342
2026-01-01,2026-03-01,2,Professeur,business,persona_x_initial_plan,1,1,1,0,100.0,100.0,0.0,3.0,612.97913795506736700000,612.9791379550674
2026-01-01,2026-03-01,2,Professeur,free,persona_x_initial_plan,40,39,39,0,97.5,97.5,0.0,3.0,386.20118588712241081502,9.65502964717806
2026-01-01,2026-03-01,2,Professeur,plus,persona_x_initial_plan,3,3,3,0,100.0,100.0,0.0,3.0,92.84398483342458392200,30.94799494447486
2026-01-01,2026-03-01,2,Professeur,start,persona_x_initial_plan,42,40,40,0,95.24,95.24,0.0,3.0,1427.19751173877885020746,33.98089313663759
2026-01-01,2026-03-01,2,Repair,free,persona_x_initial_plan,15,14,14,0,93.33,93.33,0.0,3.0,163.32518793424630026590,10.888345862283085
2026-01-01,2026-03-01,2,Repair,plus,persona_x_initial_plan,3,2,2,0,66.67,66.67,0.0,3.0,55.81265391999995145000,18.604217973333316
2026-01-01,2026-03-01,2,Repair,start,persona_x_initial_plan,9,7,7,0,77.78,77.78,0.0,3.0,325.77909417753348172700,36.19767713083705
2026-01-01,2026-03-01,2,Repair_Installation,free,persona_x_initial_plan,3,3,3,0,100.0,100.0,0.0,3.0,101.89984454958876126700,33.96661484986292
2026-01-01,2026-03-01,2,Repair_Installation,plus,persona_x_initial_plan,3,3,3,0,100.0,100.0,0.0,3.0,431.58799836054642860000,143.86266612018213
2026-01-01,2026-03-01,2,Repair_Installation,start,persona_x_initial_plan,7,7,7,0,100.0,100.0,0.0,3.0,445.52962876383447582000,63.647089823404926
2026-01-01,2026-03-01,2,Restauration,business,persona_x_initial_plan,1,1,1,0,100.0,100.0,0.0,3.0,83.89678427999998196000,83.89678427999998
2026-01-01,2026-03-01,2,Restauration,free,persona_x_initial_plan,28,25,25,0,89.29,89.29,0.0,3.0,958.35282830301024529460,34.22688672510751
2026-01-01,2026-03-01,2,Restauration,plus,persona_x_initial_plan,15,14,14,0,93.33,93.33,0.0,3.0,1248.43995141807862925233,83.22933009453858
2026-01-01,2026-03-01,2,Restauration,start,persona_x_initial_plan,34,30,30,0,88.24,88.24,0.0,3.0,2048.59541208383142850220,60.25280623775975
2026-01-01,2026-03-01,2,Retail,business,persona_x_initial_plan,5,3,3,0,60.0,60.0,0.0,3.0,473.11140227671135632000,94.62228045534228
2026-01-01,2026-03-01,2,Retail,free,persona_x_initial_plan,159,143,143,0,89.94,89.94,0.0,3.0,2158.33472535889827584850,13.574432234961623
2026-01-01,2026-03-01,2,Retail,plus,persona_x_initial_plan,46,41,39,2,89.13,84.78,4.35,2.9,3546.99089972602106976555,77.10849782013089
2026-01-01,2026-03-01,2,Retail,start,persona_x_initial_plan,179,162,161,1,90.5,89.94,0.56,2.99,5728.98183841752458299732,32.005485130824155
2026-01-01,2026-03-01,2,Wholesale,business,persona_x_initial_plan,1,1,1,0,100.0,100.0,0.0,3.0,102.67626071945205300000,102.67626071945206
2026-01-01,2026-03-01,2,Wholesale,free,persona_x_initial_plan,19,17,17,0,89.47,89.47,0.0,3.0,449.20038952273923495080,23.642125764354695
2026-01-01,2026-03-01,2,Wholesale,plus,persona_x_initial_plan,11,9,9,0,81.82,81.82,0.0,3.0,1219.48330511671036533000,110.86211864697367
2026-01-01,2026-03-01,2,Wholesale,start,persona_x_initial_plan,27,24,24,0,88.89,88.89,0.0,3.0,826.78360256054614141843,30.621614909649857
2026-01-01,2026-04-01,3,ALL,business,initial_plan,53,42,42,0,79.25,79.25,0.0,4.0,6766.61152780217520753410,127.67191561890897
2026-01-01,2026-04-01,3,ALL,free,initial_plan,1130,1016,1004,12,89.91,88.85,1.06,3.97,18543.52671329470181253760,16.41020063123425
2026-01-01,2026-04-01,3,ALL,plus,initial_plan,357,314,313,1,87.96,87.68,0.28,3.99,30541.30429894537780304856,85.54987198584139
2026-01-01,2026-04-01,3,ALL,start,initial_plan,1211,1090,1082,8,90.01,89.35,0.66,3.98,44857.24305607825662533861,37.04148889849567
2026-01-01,2026-04-01,3,ALL,ALL,overall,2751,2462,2441,21,89.49,88.73,0.76,3.98,100708.68559612051144845887,36.608028206514184
2026-01-01,2026-04-01,3,Automobile_Trade_Repair,ALL,persona,126,114,114,0,90.48,90.48,0.0,4.0,6206.59098930025606974100,49.25865864524013
2026-01-01,2026-04-01,3,BTP,ALL,persona,491,446,442,4,90.84,90.02,0.81,3.98,22979.18880153991159892552,46.800791856496765
2026-01-01,2026-04-01,3,Bankers_Insurance,ALL,persona,47,44,44,0,93.62,93.62,0.0,4.0,1635.72304567506741390330,34.80261799308654
2026-01-01,2026-04-01,3,Bikers_Drivers,ALL,persona,154,127,127,0,82.47,82.47,0.0,4.0,5727.86369846518814103471,37.19392011990382
2026-01-01,2026-04-01,3,Cleaning_CallCenters,ALL,persona,11,11,11,0,100.0,100.0,0.0,4.0,88.21118097479447783140,8.019198270435862
2026-01-01,2026-04-01,3,Consultant,ALL,persona,488,445,442,3,91.19,90.57,0.61,3.98,17937.65961197432981378311,36.75749920486543
2026-01-01,2026-04-01,3,Developer_IT,ALL,persona,211,190,187,3,90.05,88.63,1.42,3.95,7380.17881621916660453369,34.977150787768565
2026-01-01,2026-04-01,3,Media_Publishing,ALL,persona,105,99,96,3,94.29,91.43,2.86,3.93,2925.39000676766439533374,27.860857207311092
2026-01-01,2026-04-01,3,Medical_Professionals,ALL,persona,30,28,28,0,93.33,93.33,0.0,4.0,865.64202443397147590100,28.85473414779905
2026-01-01,2026-04-01,3,Others,ALL,persona,437,384,381,3,87.87,87.19,0.69,3.98,11772.18632956114089806396,26.93864148640993
2026-01-01,2026-04-01,3,Professeur,ALL,persona,86,82,82,0,95.35,95.35,0.0,4.0,2759.88600436836489331702,32.09169772521354
2026-01-01,2026-04-01,3,Repair,ALL,persona,27,21,21,0,77.78,77.78,0.0,4.0,509.27009425643720093740,18.861855342831007
2026-01-01,2026-04-01,3,Repair_Installation,ALL,persona,13,13,13,0,100.0,100.0,0.0,4.0,1057.93477774958558673900,81.37959828842966
2026-01-01,2026-04-01,3,Restauration,ALL,persona,78,68,67,1,87.18,85.9,1.28,3.96,4056.94456145533025118840,52.012109762247825
2026-01-01,2026-04-01,3,Retail,ALL,persona,389,340,336,4,87.4,86.38,1.03,3.97,12287.84715226571964305325,31.588296021248638
2026-01-01,2026-04-01,3,Wholesale,ALL,persona,58,50,50,0,86.21,86.21,0.0,4.0,2518.16850111358298417237,43.41669829506177
2026-01-01,2026-04-01,3,Automobile_Trade_Repair,business,persona_x_initial_plan,3,3,3,0,100.0,100.0,0.0,4.0,518.81656565040971154700,172.93885521680326
2026-01-01,2026-04-01,3,Automobile_Trade_Repair,free,persona_x_initial_plan,42,38,38,0,90.48,90.48,0.0,4.0,374.33227508547841853960,8.912673216320915
2026-01-01,2026-04-01,3,Automobile_Trade_Repair,plus,persona_x_initial_plan,37,32,32,0,86.49,86.49,0.0,4.0,3353.31420518135907577870,90.63011365355025
2026-01-01,2026-04-01,3,Automobile_Trade_Repair,start,persona_x_initial_plan,44,41,41,0,93.18,93.18,0.0,4.0,1960.12794338300886387570,44.54836234961384
2026-01-01,2026-04-01,3,BTP,business,persona_x_initial_plan,15,14,14,0,93.33,93.33,0.0,4.0,2745.28675546903243883450,183.01911703126882
2026-01-01,2026-04-01,3,BTP,free,persona_x_initial_plan,191,173,170,3,90.58,89.01,1.57,3.95,4431.89653356327882231550,23.203646772582616
2026-01-01,2026-04-01,3,BTP,plus,persona_x_initial_plan,91,84,84,0,92.31,92.31,0.0,4.0,7419.91782416022258013869,81.53755850725518
2026-01-01,2026-04-01,3,BTP,start,persona_x_initial_plan,194,175,174,1,90.21,89.69,0.52,3.99,8382.08768834737775763683,43.206637568800915
2026-01-01,2026-04-01,3,Bankers_Insurance,free,persona_x_initial_plan,26,26,26,0,100.0,100.0,0.0,4.0,957.36946221314980959300,36.821902392813456
2026-01-01,2026-04-01,3,Bankers_Insurance,plus,persona_x_initial_plan,3,3,3,0,100.0,100.0,0.0,4.0,287.43156283452051605000,95.81052094484016
2026-01-01,2026-04-01,3,Bankers_Insurance,start,persona_x_initial_plan,18,15,15,0,83.33,83.33,0.0,4.0,390.92202062739708826030,21.717890034855394
2026-01-01,2026-04-01,3,Bikers_Drivers,business,persona_x_initial_plan,7,6,6,0,85.71,85.71,0.0,4.0,1217.77323715944857138300,173.96760530849267
2026-01-01,2026-04-01,3,Bikers_Drivers,free,persona_x_initial_plan,44,39,39,0,88.64,88.64,0.0,4.0,455.44122175780723840932,10.350936858131982
2026-01-01,2026-04-01,3,Bikers_Drivers,plus,persona_x_initial_plan,19,15,15,0,78.95,78.95,0.0,4.0,973.49685231068281492350,51.236676437404356
2026-01-01,2026-04-01,3,Bikers_Drivers,start,persona_x_initial_plan,84,67,67,0,79.76,79.76,0.0,4.0,3081.15238723724951631889,36.68038556234821
2026-01-01,2026-04-01,3,Cleaning_CallCenters,free,persona_x_initial_plan,7,7,7,0,100.0,100.0,0.0,4.0,13.88690973150684762140,1.983844247358121
2026-01-01,2026-04-01,3,Cleaning_CallCenters,plus,persona_x_initial_plan,1,1,1,0,100.0,100.0,0.0,4.0,28.35257779068491445000,28.352577790684915
2026-01-01,2026-04-01,3,Cleaning_CallCenters,start,persona_x_initial_plan,3,3,3,0,100.0,100.0,0.0,4.0,45.97169345260271576000,15.323897817534238
2026-01-01,2026-04-01,3,Consultant,business,persona_x_initial_plan,5,3,3,0,60.0,60.0,0.0,4.0,436.35289709862915793290,87.27057941972583
2026-01-01,2026-04-01,3,Consultant,free,persona_x_initial_plan,226,202,200,2,89.38,88.5,0.88,3.98,3652.51284069795301488461,16.16156124202634
2026-01-01,2026-04-01,3,Consultant,plus,persona_x_initial_plan,38,33,33,0,86.84,86.84,0.0,4.0,4820.47476306723471507900,126.85459902808512
2026-01-01,2026-04-01,3,Consultant,start,persona_x_initial_plan,219,207,206,1,94.52,94.06,0.46,3.99,9028.31911111051292588660,41.22520142059595
2026-01-01,2026-04-01,3,Developer_IT,business,persona_x_initial_plan,5,5,5,0,100.0,100.0,0.0,4.0,285.30501210136980891000,57.061002420273965
2026-01-01,2026-04-01,3,Developer_IT,free,persona_x_initial_plan,93,82,81,1,88.17,87.1,1.08,3.96,1675.34981549808062139160,18.01451414514065
2026-01-01,2026-04-01,3,Developer_IT,plus,persona_x_initial_plan,22,19,19,0,86.36,86.36,0.0,4.0,2068.24725685533577418800,94.0112389479698
2026-01-01,2026-04-01,3,Developer_IT,start,persona_x_initial_plan,91,84,82,2,92.31,90.11,2.2,3.93,3351.27673176438040004409,36.82721683257561
2026-01-01,2026-04-01,3,Media_Publishing,free,persona_x_initial_plan,43,40,38,2,93.02,88.37,4.65,3.85,497.31448191397150191360,11.56545306776678
2026-01-01,2026-04-01,3,Media_Publishing,plus,persona_x_initial_plan,6,6,6,0,100.0,100.0,0.0,4.0,654.07171349205210234000,109.01195224867536
2026-01-01,2026-04-01,3,Media_Publishing,start,persona_x_initial_plan,56,53,52,1,94.64,92.86,1.79,3.98,1774.00381136164079108014,31.67863948860073
2026-01-01,2026-04-01,3,Medical_Professionals,free,persona_x_initial_plan,9,8,8,0,88.89,88.89,0.0,4.0,161.02391368602715202100,17.89154596511413
2026-01-01,2026-04-01,3,Medical_Professionals,plus,persona_x_initial_plan,2,2,2,0,100.0,100.0,0.0,4.0,114.99568455287648760000,57.49784227643824
2026-01-01,2026-04-01,3,Medical_Professionals,start,persona_x_initial_plan,19,18,18,0,94.74,94.74,0.0,4.0,589.62242619506783628000,31.032759273424624
2026-01-01,2026-04-01,3,Others,business,persona_x_initial_plan,10,5,5,0,50.0,50.0,0.0,4.0,581.63432018246557004670,58.16343201824655
2026-01-01,2026-04-01,3,Others,free,persona_x_initial_plan,185,167,166,1,90.27,89.73,0.54,3.98,2181.61389230526835559256,11.792507525974425
2026-01-01,2026-04-01,3,Others,plus,persona_x_initial_plan,57,49,49,0,85.96,85.96,0.0,4.0,3509.38712889643247598397,61.56819524379706
2026-01-01,2026-04-01,3,Others,start,persona_x_initial_plan,185,163,161,2,88.11,87.03,1.08,3.96,5499.55098817697449644073,29.72730263879446
2026-01-01,2026-04-01,3,Professeur,business,persona_x_initial_plan,1,1,1,0,100.0,100.0,0.0,4.0,386.56035274027292340000,386.56035274027295
2026-01-01,2026-04-01,3,Professeur,free,persona_x_initial_plan,40,38,38,0,95.0,95.0,0.0,4.0,688.20290307068322179662,17.20507257676708
2026-01-01,2026-04-01,3,Professeur,plus,persona_x_initial_plan,3,3,3,0,100.0,100.0,0.0,4.0,104.63899988712315648200,34.879666629041054
2026-01-01,2026-04-01,3,Professeur,start,persona_x_initial_plan,42,40,40,0,95.24,95.24,0.0,4.0,1580.48374867028559163840,37.63056544453061
2026-01-01,2026-04-01,3,Repair,free,persona_x_initial_plan,15,12,12,0,80.0,80.0,0.0,4.0,190.96183217972552045130,12.730788811981702
2026-01-01,2026-04-01,3,Repair,plus,persona_x_initial_plan,3,2,2,0,66.67,66.67,0.0,4.0,50.94015502520545703410,16.980051675068484
2026-01-01,2026-04-01,3,Repair,start,persona_x_initial_plan,9,7,7,0,77.78,77.78,0.0,4.0,267.36810705150622345200,29.70756745016736
2026-01-01,2026-04-01,3,Repair_Installation,free,persona_x_initial_plan,3,3,3,0,100.0,100.0,0.0,4.0,89.79931625589009665800,29.93310541863003
2026-01-01,2026-04-01,3,Repair_Installation,plus,persona_x_initial_plan,3,3,3,0,100.0,100.0,0.0,4.0,506.37615191232653520000,168.79205063744217
2026-01-01,2026-04-01,3,Repair_Installation,start,persona_x_initial_plan,7,7,7,0,100.0,100.0,0.0,4.0,461.75930958136895488100,65.96561565448128
2026-01-01,2026-04-01,3,Restauration,business,persona_x_initial_plan,1,1,1,0,100.0,100.0,0.0,4.0,81.78706673863012792000,81.78706673863013
2026-01-01,2026-04-01,3,Restauration,free,persona_x_initial_plan,28,24,23,1,85.71,82.14,3.57,3.88,701.72064257424390642700,25.06145152050871
2026-01-01,2026-04-01,3,Restauration,plus,persona_x_initial_plan,15,13,13,0,86.67,86.67,0.0,4.0,1589.33853674081617058800,105.95590244938775
2026-01-01,2026-04-01,3,Restauration,start,persona_x_initial_plan,34,30,30,0,88.24,88.24,0.0,4.0,1684.09831540164004625340,49.532303394165886
2026-01-01,2026-04-01,3,Retail,business,persona_x_initial_plan,5,3,3,0,60.0,60.0,0.0,4.0,419.78453019835525756000,83.95690603967105
2026-01-01,2026-04-01,3,Retail,free,persona_x_initial_plan,159,141,139,2,88.68,87.42,1.26,3.96,1972.40974574903526869509,12.40509274055997
2026-01-01,2026-04-01,3,Retail,plus,persona_x_initial_plan,46,40,39,1,86.96,84.78,2.17,3.95,3869.65402298409769239860,84.12291354313255
2026-01-01,2026-04-01,3,Retail,start,persona_x_initial_plan,179,156,155,1,87.15,86.59,0.56,3.99,6025.99885333423142439956,33.66479806331973
2026-01-01,2026-04-01,3,Wholesale,business,persona_x_initial_plan,1,1,1,0,100.0,100.0,0.0,4.0,93.31079046356164000000,93.31079046356164
2026-01-01,2026-04-01,3,Wholesale,free,persona_x_initial_plan,19,16,16,0,84.21,84.21,0.0,4.0,499.69092701260201622740,26.299522474347473
2026-01-01,2026-04-01,3,Wholesale,plus,persona_x_initial_plan,11,9,9,0,81.82,81.82,0.0,4.0,1190.66686325440733481400,108.24244211403703
2026-01-01,2026-04-01,3,Wholesale,start,persona_x_initial_plan,27,24,24,0,88.89,88.89,0.0,4.0,734.49992038301199313097,27.20370075492637
2026-02-01,2026-02-01,0,ALL,business,initial_plan,61,60,60,0,98.36,98.36,0.0,1.0,5343.06046084108319226325,87.59115509575545
2026-02-01,2026-02-01,0,ALL,free,initial_plan,1289,1285,1285,0,99.69,99.69,0.0,1.0,17832.93916370258239487605,13.834708428008211
2026-02-01,2026-02-01,0,ALL,plus,initial_plan,396,393,393,0,99.24,99.24,0.0,1.0,20210.03699789890345439949,51.03544696439117
2026-02-01,2026-02-01,0,ALL,start,initial_plan,1482,1480,1480,0,99.87,99.87,0.0,1.0,34499.81697788465586466772,23.279228730016637
2026-02-01,2026-02-01,0,ALL,ALL,overall,3228,3218,3218,0,99.69,99.69,0.0,1.0,77885.85360032722490620651,24.12820743504561
2026-02-01,2026-02-01,0,Automobile_Trade_Repair,ALL,persona,130,130,130,0,100.0,100.0,0.0,1.0,4568.17209805149653901524,35.1397853696269
2026-02-01,2026-02-01,0,BTP,ALL,persona,624,624,624,0,100.0,100.0,0.0,1.0,19390.07394282539995119365,31.073836446835575
2026-02-01,2026-02-01,0,Bankers_Insurance,ALL,persona,57,57,57,0,100.0,100.0,0.0,1.0,1423.84268075780723573532,24.979696153645744
2026-02-01,2026-02-01,0,Bikers_Drivers,ALL,persona,164,164,164,0,100.0,100.0,0.0,1.0,3299.68637136313163944071,20.12003884977519
2026-02-01,2026-02-01,0,Cleaning_CallCenters,ALL,persona,26,26,26,0,100.0,100.0,0.0,1.0,283.49848427123262458690,10.903787856585868
2026-02-01,2026-02-01,0,Consultant,ALL,persona,562,559,559,0,99.47,99.47,0.0,1.0,12885.84507763216565679350,22.928549960199582
2026-02-01,2026-02-01,0,Developer_IT,ALL,persona,266,266,266,0,100.0,100.0,0.0,1.0,7178.97557685811872956480,26.988629988188418
2026-02-01,2026-02-01,0,Media_Publishing,ALL,persona,114,114,114,0,100.0,100.0,0.0,1.0,2735.96458961424291311135,23.999689382581078
2026-02-01,2026-02-01,0,Medical_Professionals,ALL,persona,41,41,41,0,100.0,100.0,0.0,1.0,555.37047762575230447587,13.545621405506154
2026-02-01,2026-02-01,0,Others,ALL,persona,517,515,515,0,99.61,99.61,0.0,1.0,8763.78842617176662853316,16.951234866869953
2026-02-01,2026-02-01,0,Professeur,ALL,persona,92,91,91,0,98.91,98.91,0.0,1.0,1397.57110555999890512303,15.190990277826074
2026-02-01,2026-02-01,0,Repair,ALL,persona,11,11,11,0,100.0,100.0,0.0,1.0,43.50424521205477351110,3.9549313829140704
2026-02-01,2026-02-01,0,Repair_Installation,ALL,persona,2,2,2,0,100.0,100.0,0.0,1.0,11.19583898849315067100,5.597919494246575
2026-02-01,2026-02-01,0,Restauration,ALL,persona,85,84,84,0,98.82,98.82,0.0,1.0,1733.00624881957161932987,20.38830880964202
2026-02-01,2026-02-01,0,Retail,ALL,persona,451,448,448,0,99.33,99.33,0.0,1.0,11589.30369863407788034291,25.696903988102168
2026-02-01,2026-02-01,0,Wholesale,ALL,persona,86,86,86,0,100.0,100.0,0.0,1.0,2026.05473794191435477810,23.5587760225804
2026-02-01,2026-02-01,0,Automobile_Trade_Repair,business,persona_x_initial_plan,3,3,3,0,100.0,100.0,0.0,1.0,209.38925269643791692900,69.7964175654793
2026-02-01,2026-02-01,0,Automobile_Trade_Repair,free,persona_x_initial_plan,29,29,29,0,100.0,100.0,0.0,1.0,415.76138050520487451494,14.336599327765686
2026-02-01,2026-02-01,0,Automobile_Trade_Repair,plus,persona_x_initial_plan,26,26,26,0,100.0,100.0,0.0,1.0,1186.87252330520294716000,45.64894320404627
2026-02-01,2026-02-01,0,Automobile_Trade_Repair,start,persona_x_initial_plan,72,72,72,0,100.0,100.0,0.0,1.0,2756.14894154465080041130,38.27984641034237
2026-02-01,2026-02-01,0,BTP,business,persona_x_initial_plan,22,22,22,0,100.0,100.0,0.0,1.0,2040.68432691506437607150,92.75837849613929
2026-02-01,2026-02-01,0,BTP,free,persona_x_initial_plan,243,243,243,0,100.0,100.0,0.0,1.0,4863.24015042682822451713,20.013333952373777
2026-02-01,2026-02-01,0,BTP,plus,persona_x_initial_plan,109,109,109,0,100.0,100.0,0.0,1.0,5721.07795137283374757232,52.48695368231958
2026-02-01,2026-02-01,0,BTP,start,persona_x_initial_plan,250,250,250,0,100.0,100.0,0.0,1.0,6765.07151411067360303270,27.060286056442695
2026-02-01,2026-02-01,0,Bankers_Insurance,free,persona_x_initial_plan,29,29,29,0,100.0,100.0,0.0,1.0,384.00080149260265310730,13.241406948020781
2026-02-01,2026-02-01,0,Bankers_Insurance,plus,persona_x_initial_plan,2,2,2,0,100.0,100.0,0.0,1.0,593.73292408657459620000,296.8664620432873
2026-02-01,2026-02-01,0,Bankers_Insurance,start,persona_x_initial_plan,26,26,26,0,100.0,100.0,0.0,1.0,446.10895517862998642802,17.158036737639613
2026-02-01,2026-02-01,0,Bikers_Drivers,business,persona_x_initial_plan,7,7,7,0,100.0,100.0,0.0,1.0,241.39077533808160066530,34.4843964768688
2026-02-01,2026-02-01,0,Bikers_Drivers,free,persona_x_initial_plan,39,39,39,0,100.0,100.0,0.0,1.0,558.49945085972563433268,14.320498739992964
2026-02-01,2026-02-01,0,Bikers_Drivers,plus,persona_x_initial_plan,29,29,29,0,100.0,100.0,0.0,1.0,1256.27181915835315632300,43.31971790201217
2026-02-01,2026-02-01,0,Bikers_Drivers,start,persona_x_initial_plan,89,89,89,0,100.0,100.0,0.0,1.0,1243.52432600697124811973,13.972183438280576
2026-02-01,2026-02-01,0,Cleaning_CallCenters,business,persona_x_initial_plan,1,1,1,0,100.0,100.0,0.0,1.0,0.83063303452054793000,0.8306330345205479
2026-02-01,2026-02-01,0,Cleaning_CallCenters,free,persona_x_initial_plan,5,5,5,0,100.0,100.0,0.0,1.0,3.80058475835616159600,0.7601169516712323
2026-02-01,2026-02-01,0,Cleaning_CallCenters,plus,persona_x_initial_plan,5,5,5,0,100.0,100.0,0.0,1.0,164.37877735671216089340,32.87575547134243
2026-02-01,2026-02-01,0,Cleaning_CallCenters,start,persona_x_initial_plan,15,15,15,0,100.0,100.0,0.0,1.0,114.48848912164375416750,7.632565941442917
2026-02-01,2026-02-01,0,Consultant,business,persona_x_initial_plan,5,5,5,0,100.0,100.0,0.0,1.0,705.67457219068288159500,141.13491443813658
2026-02-01,2026-02-01,0,Consultant,free,persona_x_initial_plan,262,260,260,0,99.24,99.24,0.0,1.0,3115.06116724288815633018,11.889546439858352
2026-02-01,2026-02-01,0,Consultant,plus,persona_x_initial_plan,49,49,49,0,100.0,100.0,0.0,1.0,3317.12622809832455827650,67.69645363465969
2026-02-01,2026-02-01,0,Consultant,start,persona_x_initial_plan,246,245,245,0,99.59,99.59,0.0,1.0,5747.98311010027006059182,23.3657850004076
2026-02-01,2026-02-01,0,Developer_IT,business,persona_x_initial_plan,5,5,5,0,100.0,100.0,0.0,1.0,99.23935559506847041200,19.847871119013696
2026-02-01,2026-02-01,0,Developer_IT,free,persona_x_initial_plan,123,123,123,0,100.0,100.0,0.0,1.0,2080.44671767232775189915,16.914200956685594
2026-02-01,2026-02-01,0,Developer_IT,plus,persona_x_initial_plan,23,23,23,0,100.0,100.0,0.0,1.0,915.96882446834053614760,39.82473149862351
2026-02-01,2026-02-01,0,Developer_IT,start,persona_x_initial_plan,115,115,115,0,100.0,100.0,0.0,1.0,4083.32067912238197110605,35.50713634019463
2026-02-01,2026-02-01,0,Media_Publishing,business,persona_x_initial_plan,1,1,1,0,100.0,100.0,0.0,1.0,0.23269580109588956000,0.23269580109588955
2026-02-01,2026-02-01,0,Media_Publishing,free,persona_x_initial_plan,50,50,50,0,100.0,100.0,0.0,1.0,767.65151405369754017043,15.35303028107395
2026-02-01,2026-02-01,0,Media_Publishing,plus,persona_x_initial_plan,8,8,8,0,100.0,100.0,0.0,1.0,1153.70862799999827380836,144.21357849999978
2026-02-01,2026-02-01,0,Media_Publishing,start,persona_x_initial_plan,55,55,55,0,100.0,100.0,0.0,1.0,814.37175175945120957256,14.806759122899113
2026-02-01,2026-02-01,0,Medical_Professionals,free,persona_x_initial_plan,17,17,17,0,100.0,100.0,0.0,1.0,282.82066376931411906100,16.636509633489066
2026-02-01,2026-02-01,0,Medical_Professionals,plus,persona_x_initial_plan,3,3,3,0,100.0,100.0,0.0,1.0,15.65360811232876698757,5.217869370776255
2026-02-01,2026-02-01,0,Medical_Professionals,start,persona_x_initial_plan,21,21,21,0,100.0,100.0,0.0,1.0,256.89620574410941842730,12.233152654481401
2026-02-01,2026-02-01,0,Others,business,persona_x_initial_plan,7,6,6,0,85.71,85.71,0.0,1.0,853.71418318849092502300,121.95916902692727
2026-02-01,2026-02-01,0,Others,free,persona_x_initial_plan,194,194,194,0,100.0,100.0,0.0,1.0,1926.03619029424337659159,9.928021599454864
2026-02-01,2026-02-01,0,Others,plus,persona_x_initial_plan,66,65,65,0,98.48,98.48,0.0,1.0,2432.73807716328421330290,36.859667835807336
2026-02-01,2026-02-01,0,Others,start,persona_x_initial_plan,250,250,250,0,100.0,100.0,0.0,1.0,3551.29997552574811361567,14.205199902102994
2026-02-01,2026-02-01,0,Professeur,business,persona_x_initial_plan,1,1,1,0,100.0,100.0,0.0,1.0,32.68796438356164900000,32.68796438356165
2026-02-01,2026-02-01,0,Professeur,free,persona_x_initial_plan,41,40,40,0,97.56,97.56,0.0,1.0,410.13908500547928976199,10.003392317206812
2026-02-01,2026-02-01,0,Professeur,plus,persona_x_initial_plan,4,4,4,0,100.0,100.0,0.0,1.0,217.86413802465709769550,54.46603450616428
2026-02-01,2026-02-01,0,Professeur,start,persona_x_initial_plan,46,46,46,0,100.0,100.0,0.0,1.0,736.87991814630086866554,16.019128655354365
2026-02-01,2026-02-01,0,Repair,free,persona_x_initial_plan,7,7,7,0,100.0,100.0,0.0,1.0,10.93004615452053380510,1.5614351649315048
2026-02-01,2026-02-01,0,Repair,plus,persona_x_initial_plan,2,2,2,0,100.0,100.0,0.0,1.0,19.63253330410958904800,9.816266652054795
2026-02-01,2026-02-01,0,Repair,start,persona_x_initial_plan,2,2,2,0,100.0,100.0,0.0,1.0,12.94166575342465065800,6.4708328767123255
2026-02-01,2026-02-01,0,Repair_Installation,start,persona_x_initial_plan,2,2,2,0,100.0,100.0,0.0,1.0,11.19583898849315067100,5.597919494246575
2026-02-01,2026-02-01,0,Restauration,free,persona_x_initial_plan,31,31,31,0,100.0,100.0,0.0,1.0,214.30234491999951799094,6.912978868387081
2026-02-01,2026-02-01,0,Restauration,plus,persona_x_initial_plan,13,12,12,0,92.31,92.31,0.0,1.0,401.56570951436897788453,30.889669962643765
2026-02-01,2026-02-01,0,Restauration,start,persona_x_initial_plan,41,41,41,0,100.0,100.0,0.0,1.0,1117.13819438520312345440,27.247273033785444
2026-02-01,2026-02-01,0,Retail,business,persona_x_initial_plan,8,8,8,0,100.0,100.0,0.0,1.0,1158.68703320492825007745,144.83587915061602
2026-02-01,2026-02-01,0,Retail,free,persona_x_initial_plan,193,192,192,0,99.48,99.48,0.0,1.0,2502.64563277369604726522,12.967075817480291
2026-02-01,2026-02-01,0,Retail,plus,persona_x_initial_plan,41,40,40,0,97.56,97.56,0.0,1.0,1926.25058247847430046841,46.981721523865225
2026-02-01,2026-02-01,0,Retail,start,persona_x_initial_plan,209,208,208,0,99.52,99.52,0.0,1.0,6001.72045017697928253183,28.716365790320474
2026-02-01,2026-02-01,0,Wholesale,business,persona_x_initial_plan,1,1,1,0,100.0,100.0,0.0,1.0,0.52966849315068500000,0.529668493150685
2026-02-01,2026-02-01,0,Wholesale,free,persona_x_initial_plan,26,26,26,0,100.0,100.0,0.0,1.0,297.60343377369851393240,11.44628591437302
2026-02-01,2026-02-01,0,Wholesale,plus,persona_x_initial_plan,16,16,16,0,100.0,100.0,0.0,1.0,887.19467345534053263140,55.44966709095878
2026-02-01,2026-02-01,0,Wholesale,start,persona_x_initial_plan,43,43,43,0,100.0,100.0,0.0,1.0,840.72696221972462321430,19.551789819063366
2026-02-01,2026-03-01,1,ALL,business,initial_plan,61,54,54,0,88.52,88.52,0.0,2.0,7545.31217768984722255372,123.69364225721061
2026-02-01,2026-03-01,1,ALL,free,initial_plan,1289,1213,1213,0,94.1,94.1,0.0,2.0,23940.61056294375924832781,18.573010522066532
2026-02-01,2026-03-01,1,ALL,plus,initial_plan,396,382,380,2,96.46,95.96,0.51,1.99,32056.93739276599292307531,80.95186210294443
2026-02-01,2026-03-01,1,ALL,start,initial_plan,1482,1422,1420,2,95.95,95.82,0.13,2.0,48015.63081616833862349471,32.39921107703667
2026-02-01,2026-03-01,1,ALL,ALL,overall,3228,3071,3067,4,95.14,95.01,0.12,2.0,111558.49094956793801745155,34.55963164484756
2026-02-01,2026-03-01,1,Automobile_Trade_Repair,ALL,persona,130,127,127,0,97.69,97.69,0.0,2.0,8286.29044707423609821897,63.740695746724896
2026-02-01,2026-03-01,1,BTP,ALL,persona,624,604,604,0,96.79,96.79,0.0,2.0,33211.12406680615449458006,53.22295523526627
2026-02-01,2026-03-01,1,Bankers_Insurance,ALL,persona,57,55,55,0,96.49,96.49,0.0,2.0,5139.23665603999737616320,90.16204659719294
2026-02-01,2026-03-01,1,Bikers_Drivers,ALL,persona,164,142,142,0,86.59,86.59,0.0,2.0,4439.12869863216720145827,27.067857918488826
2026-02-01,2026-03-01,1,Cleaning_CallCenters,ALL,persona,26,25,25,0,96.15,96.15,0.0,2.0,640.50128251451999166403,24.63466471209692
2026-02-01,2026-03-01,1,Consultant,ALL,persona,562,538,537,1,95.73,95.55,0.18,2.0,17518.93379636610077366572,31.172480064708367
2026-02-01,2026-03-01,1,Developer_IT,ALL,persona,266,251,251,0,94.36,94.36,0.0,2.0,6745.04375609174404624055,25.357307353728363
2026-02-01,2026-03-01,1,Media_Publishing,ALL,persona,114,110,110,0,96.49,96.49,0.0,2.0,2928.17615513040487041902,25.685755746757938
2026-02-01,2026-03-01,1,Medical_Professionals,ALL,persona,41,39,39,0,95.12,95.12,0.0,2.0,891.81729319010831965600,21.751641297319715
2026-02-01,2026-03-01,1,Others,ALL,persona,517,491,490,1,94.97,94.78,0.19,2.0,12068.61398415363361610402,23.34354735813082
2026-02-01,2026-03-01,1,Professeur,ALL,persona,92,85,85,0,92.39,92.39,0.0,2.0,1881.75556532986000553273,20.453864840541957
2026-02-01,2026-03-01,1,Repair,ALL,persona,11,10,10,0,90.91,90.91,0.0,2.0,102.51438296821906552600,9.319489360747188
2026-02-01,2026-03-01,1,Repair_Installation,ALL,persona,2,2,2,0,100.0,100.0,0.0,2.0,23.73945026191780912000,11.869725130958905
2026-02-01,2026-03-01,1,Restauration,ALL,persona,85,83,82,1,97.65,96.47,1.18,1.99,3472.28996749298902885410,40.85047020579987
2026-02-01,2026-03-01,1,Retail,ALL,persona,451,425,424,1,94.24,94.01,0.22,2.0,11059.49623940630291303720,24.52216461065699
2026-02-01,2026-03-01,1,Wholesale,ALL,persona,86,84,84,0,97.67,97.67,0.0,2.0,3149.82920810958240721168,36.62592102453003
2026-02-01,2026-03-01,1,Automobile_Trade_Repair,business,persona_x_initial_plan,3,3,3,0,100.0,100.0,0.0,2.0,585.47135230191573852300,195.15711743397193
2026-02-01,2026-03-01,1,Automobile_Trade_Repair,free,persona_x_initial_plan,29,28,28,0,96.55,96.55,0.0,2.0,565.59154571835430115317,19.50315674890877
2026-02-01,2026-03-01,1,Automobile_Trade_Repair,plus,persona_x_initial_plan,26,26,26,0,100.0,100.0,0.0,2.0,2967.09939511780135402800,114.11920750453083
2026-02-01,2026-03-01,1,Automobile_Trade_Repair,start,persona_x_initial_plan,72,70,70,0,97.22,97.22,0.0,2.0,4168.12815393616470451480,57.89066880466895
2026-02-01,2026-03-01,1,BTP,business,persona_x_initial_plan,22,21,21,0,95.45,95.45,0.0,2.0,4135.40629301039955465240,187.9730133186545
2026-02-01,2026-03-01,1,BTP,free,persona_x_initial_plan,243,233,233,0,95.88,95.88,0.0,2.0,8379.88566848053529956381,34.48512620773883
2026-02-01,2026-03-01,1,BTP,plus,persona_x_initial_plan,109,106,106,0,97.25,97.25,0.0,2.0,8757.41139038502969403987,80.34322376500027
2026-02-01,2026-03-01,1,BTP,start,persona_x_initial_plan,250,244,244,0,97.6,97.6,0.0,2.0,11938.42071493018994632398,47.753682859720755
2026-02-01,2026-03-01,1,Bankers_Insurance,free,persona_x_initial_plan,29,27,27,0,93.1,93.1,0.0,2.0,3326.69351125095854952920,114.71356935348133
2026-02-01,2026-03-01,1,Bankers_Insurance,plus,persona_x_initial_plan,2,2,2,0,100.0,100.0,0.0,2.0,1323.02248335890224380000,661.5112416794511
2026-02-01,2026-03-01,1,Bankers_Insurance,start,persona_x_initial_plan,26,26,26,0,100.0,100.0,0.0,2.0,489.52066143013658283400,18.827717747312946
2026-02-01,2026-03-01,1,Bikers_Drivers,business,persona_x_initial_plan,7,6,6,0,85.71,85.71,0.0,2.0,556.33443243397210153720,79.47634749056745
2026-02-01,2026-03-01,1,Bikers_Drivers,free,persona_x_initial_plan,39,33,33,0,84.62,84.62,0.0,2.0,229.46470627287614027930,5.883710417253234
2026-02-01,2026-03-01,1,Bikers_Drivers,plus,persona_x_initial_plan,29,28,28,0,96.55,96.55,0.0,2.0,1816.30042657807689403798,62.631049192347476
2026-02-01,2026-03-01,1,Bikers_Drivers,start,persona_x_initial_plan,89,75,75,0,84.27,84.27,0.0,2.0,1837.02913334724206560379,20.640776779182495
2026-02-01,2026-03-01,1,Cleaning_CallCenters,business,persona_x_initial_plan,1,1,1,0,100.0,100.0,0.0,2.0,80.06198430027397261500,80.06198430027398
2026-02-01,2026-03-01,1,Cleaning_CallCenters,free,persona_x_initial_plan,5,4,4,0,80.0,80.0,0.0,2.0,29.81705785589039948000,5.96341157117808
2026-02-01,2026-03-01,1,Cleaning_CallCenters,plus,persona_x_initial_plan,5,5,5,0,100.0,100.0,0.0,2.0,258.32273520602709876153,51.664547041205424
2026-02-01,2026-03-01,1,Cleaning_CallCenters,start,persona_x_initial_plan,15,15,15,0,100.0,100.0,0.0,2.0,272.29950515232852080750,18.153300343488567
2026-02-01,2026-03-01,1,Consultant,business,persona_x_initial_plan,5,5,5,0,100.0,100.0,0.0,2.0,440.57687864273947217860,88.11537572854789
2026-02-01,2026-03-01,1,Consultant,free,persona_x_initial_plan,262,246,246,0,93.89,93.89,0.0,2.0,4190.69903279725450668683,15.995034476325399
2026-02-01,2026-03-01,1,Consultant,plus,persona_x_initial_plan,49,46,46,0,93.88,93.88,0.0,2.0,3759.93468805120129581057,76.73336098063676
2026-02-01,2026-03-01,1,Consultant,start,persona_x_initial_plan,246,241,240,1,97.97,97.56,0.41,2.0,9127.72319687490549898972,37.1045658409549
2026-02-01,2026-03-01,1,Developer_IT,business,persona_x_initial_plan,5,4,4,0,80.0,80.0,0.0,2.0,368.13310388164381362500,73.62662077632876
2026-02-01,2026-03-01,1,Developer_IT,free,persona_x_initial_plan,123,115,115,0,93.5,93.5,0.0,2.0,1636.43631532054591917643,13.304360287158909
2026-02-01,2026-03-01,1,Developer_IT,plus,persona_x_initial_plan,23,22,22,0,95.65,95.65,0.0,2.0,1470.31199540298295865600,63.92660849578187
2026-02-01,2026-03-01,1,Developer_IT,start,persona_x_initial_plan,115,110,110,0,95.65,95.65,0.0,2.0,3270.16234148657135478312,28.43619427379627
2026-02-01,2026-03-01,1,Media_Publishing,business,persona_x_initial_plan,1,1,1,0,100.0,100.0,0.0,2.0,80.00018859561643835618,80.00018859561644
2026-02-01,2026-03-01,1,Media_Publishing,free,persona_x_initial_plan,50,48,48,0,96.0,96.0,0.0,2.0,566.59147472109492874882,11.3318294944219
2026-02-01,2026-03-01,1,Media_Publishing,plus,persona_x_initial_plan,8,8,8,0,100.0,100.0,0.0,2.0,1115.11318536163992877672,139.389148170205
2026-02-01,2026-03-01,1,Media_Publishing,start,persona_x_initial_plan,55,53,53,0,96.36,96.36,0.0,2.0,1166.47130645205357453730,21.208569208219156
2026-02-01,2026-03-01,1,Medical_Professionals,free,persona_x_initial_plan,17,17,17,0,100.0,100.0,0.0,2.0,217.00222034630094989400,12.76483649095888
2026-02-01,2026-03-01,1,Medical_Professionals,plus,persona_x_initial_plan,3,2,2,0,66.67,66.67,0.0,2.0,225.28295668438341190000,75.09431889479447
2026-02-01,2026-03-01,1,Medical_Professionals,start,persona_x_initial_plan,21,20,20,0,95.24,95.24,0.0,2.0,449.53211615942395786200,21.406291245686855
2026-02-01,2026-03-01,1,Others,business,persona_x_initial_plan,7,5,5,0,71.43,71.43,0.0,2.0,681.48326423725893124922,97.35475203389413
2026-02-01,2026-03-01,1,Others,free,persona_x_initial_plan,194,186,186,0,95.88,95.88,0.0,2.0,1962.65881799200892999147,10.116798030886644
2026-02-01,2026-03-01,1,Others,plus,persona_x_initial_plan,66,63,62,1,95.45,93.94,1.52,1.98,4028.61162561095154102329,61.03957008501442
2026-02-01,2026-03-01,1,Others,start,persona_x_initial_plan,250,237,237,0,94.8,94.8,0.0,2.0,5395.86027631341421384004,21.583441105253655
2026-02-01,2026-03-01,1,Professeur,business,persona_x_initial_plan,1,1,1,0,100.0,100.0,0.0,2.0,171.45531079452055700000,171.45531079452056
2026-02-01,2026-03-01,1,Professeur,free,persona_x_initial_plan,41,36,36,0,87.8,87.8,0.0,2.0,343.14404836602715470733,8.369367033317737
2026-02-01,2026-03-01,1,Professeur,plus,persona_x_initial_plan,4,4,4,0,100.0,100.0,0.0,2.0,225.57005286958863915200,56.39251321739716
2026-02-01,2026-03-01,1,Professeur,start,persona_x_initial_plan,46,44,44,0,95.65,95.65,0.0,2.0,1141.58615329972365467340,24.81709028912443
2026-02-01,2026-03-01,1,Repair,free,persona_x_initial_plan,7,6,6,0,85.71,85.71,0.0,2.0,20.31500833753417779600,2.902144048219168
2026-02-01,2026-03-01,1,Repair,plus,persona_x_initial_plan,2,2,2,0,100.0,100.0,0.0,2.0,50.35116956219178080000,25.17558478109589
2026-02-01,2026-03-01,1,Repair,start,persona_x_initial_plan,2,2,2,0,100.0,100.0,0.0,2.0,31.84820506849310693000,15.924102534246554
2026-02-01,2026-03-01,1,Repair_Installation,start,persona_x_initial_plan,2,2,2,0,100.0,100.0,0.0,2.0,23.73945026191780912000,11.869725130958905
2026-02-01,2026-03-01,1,Restauration,free,persona_x_initial_plan,31,30,30,0,96.77,96.77,0.0,2.0,454.56170486082042876910,14.66328080196195
2026-02-01,2026-03-01,1,Restauration,plus,persona_x_initial_plan,13,13,12,1,100.0,92.31,7.69,1.92,1432.89549461354285721700,110.22273035488791
2026-02-01,2026-03-01,1,Restauration,start,persona_x_initial_plan,41,40,40,0,97.56,97.56,0.0,2.0,1584.83276801862574286800,38.65445775655185
2026-02-01,2026-03-01,1,Retail,business,persona_x_initial_plan,8,6,6,0,75.0,75.0,0.0,2.0,325.16723223232874551712,40.64590402904109
2026-02-01,2026-03-01,1,Retail,free,persona_x_initial_plan,193,179,179,0,92.75,92.75,0.0,2.0,1605.15781745972224330595,8.316879883210996
2026-02-01,2026-03-01,1,Retail,plus,persona_x_initial_plan,41,39,39,0,95.12,95.12,0.0,2.0,3315.32270005682777330935,80.86152926967873
2026-02-01,2026-03-01,1,Retail,start,persona_x_initial_plan,209,201,200,1,96.17,95.69,0.48,2.0,5813.84848965742415090478,27.817456888313036
2026-02-01,2026-03-01,1,Wholesale,business,persona_x_initial_plan,1,1,1,0,100.0,100.0,0.0,2.0,121.22213725917789730000,121.2221372591779
2026-02-01,2026-03-01,1,Wholesale,free,persona_x_initial_plan,26,25,25,0,96.15,96.15,0.0,2.0,412.59163316383531924640,15.868908967839818
2026-02-01,2026-03-01,1,Wholesale,plus,persona_x_initial_plan,16,16,16,0,100.0,100.0,0.0,2.0,1311.38709390684545176300,81.96169336917784
2026-02-01,2026-03-01,1,Wholesale,start,persona_x_initial_plan,43,42,42,0,97.67,97.67,0.0,2.0,1304.62834377972373890228,30.340194041388926
2026-02-01,2026-04-01,2,ALL,business,initial_plan,61,48,47,1,78.69,77.05,1.64,2.96,9689.33819726024113898104,158.8416097911515
2026-02-01,2026-04-01,2,ALL,free,initial_plan,1289,1172,1164,8,90.92,90.3,0.62,2.99,26010.73003073314925005604,20.17899924804744
2026-02-01,2026-04-01,2,ALL,plus,initial_plan,396,370,367,3,93.43,92.68,0.76,2.99,32878.74788426077496922958,83.02714112187064
2026-02-01,2026-04-01,2,ALL,start,initial_plan,1482,1397,1380,17,94.26,93.12,1.15,2.98,52008.81856088326478636038,35.09366974418574
2026-02-01,2026-04-01,2,ALL,ALL,overall,3228,2987,2958,29,92.53,91.64,0.9,2.98,120587.63467313743014462704,37.35676414905125
2026-02-01,2026-04-01,2,Automobile_Trade_Repair,ALL,persona,130,119,119,0,91.54,91.54,0.0,3.0,8098.15116720490248874082,62.29347051696079
2026-02-01,2026-04-01,2,BTP,ALL,persona,624,587,583,4,94.07,93.43,0.64,2.99,35406.78508309917415423123,56.74164276137688
2026-02-01,2026-04-01,2,Bankers_Insurance,ALL,persona,57,55,54,1,96.49,94.74,1.75,2.96,4131.75820262410670630010,72.48698601094925
2026-02-01,2026-04-01,2,Bikers_Drivers,ALL,persona,164,139,133,6,84.76,81.1,3.66,2.91,5721.27894785133860087302,34.885847242995965
2026-02-01,2026-04-01,2,Cleaning_CallCenters,ALL,persona,26,24,24,0,92.31,92.31,0.0,3.0,1074.44297803890158908797,41.32472992457314
2026-02-01,2026-04-01,2,Consultant,ALL,persona,562,523,519,4,93.06,92.35,0.71,2.99,20570.59365543528307232650,36.60247981394179
2026-02-01,2026-04-01,2,Developer_IT,ALL,persona,266,249,245,4,93.61,92.11,1.5,2.97,8928.21136068846332981299,33.56470436349046
2026-02-01,2026-04-01,2,Media_Publishing,ALL,persona,114,107,106,1,93.86,92.98,0.88,2.98,2787.28280945314468138609,24.44984920572934
2026-02-01,2026-04-01,2,Medical_Professionals,ALL,persona,41,38,38,0,92.68,92.68,0.0,3.0,1509.77803510574994858400,36.82385451477439
2026-02-01,2026-04-01,2,Others,ALL,persona,517,478,474,4,92.46,91.68,0.77,2.99,12355.83089900709609949440,23.89909264798278
2026-02-01,2026-04-01,2,Professeur,ALL,persona,92,83,83,0,90.22,90.22,0.0,3.0,1990.42878731780469525220,21.635095514323964
2026-02-01,2026-04-01,2,Repair,ALL,persona,11,10,10,0,90.91,90.91,0.0,3.0,84.43332192493141792500,7.675756538630129
2026-02-01,2026-04-01,2,Repair_Installation,ALL,persona,2,2,2,0,100.0,100.0,0.0,3.0,24.43231190356164410000,12.216155951780822
2026-02-01,2026-04-01,2,Restauration,ALL,persona,85,81,81,0,95.29,95.29,0.0,3.0,4231.30981416424993235580,49.78011546075589
2026-02-01,2026-04-01,2,Retail,ALL,persona,451,410,405,5,90.91,89.8,1.11,2.98,10599.22555024804357726960,23.501608758864844
2026-02-01,2026-04-01,2,Wholesale,ALL,persona,86,82,82,0,95.35,95.35,0.0,3.0,3073.69174907067820688732,35.74060173337998
2026-02-01,2026-04-01,2,Automobile_Trade_Repair,business,persona_x_initial_plan,3,3,3,0,100.0,100.0,0.0,3.0,935.57072766410523225230,311.8569092213684
2026-02-01,2026-04-01,2,Automobile_Trade_Repair,free,persona_x_initial_plan,29,26,26,0,89.66,89.66,0.0,3.0,295.89006875123201641880,10.203105819008002
2026-02-01,2026-04-01,2,Automobile_Trade_Repair,plus,persona_x_initial_plan,26,25,25,0,96.15,96.15,0.0,3.0,2844.30847788875723251100,109.39647991879836
2026-02-01,2026-04-01,2,Automobile_Trade_Repair,start,persona_x_initial_plan,72,65,65,0,90.28,90.28,0.0,3.0,4022.38189290080800755872,55.86641517917789
2026-02-01,2026-04-01,2,BTP,business,persona_x_initial_plan,22,21,21,0,95.45,95.45,0.0,3.0,6843.38549642243770303520,311.0629771101108
2026-02-01,2026-04-01,2,BTP,free,persona_x_initial_plan,243,227,225,2,93.42,92.59,0.82,2.98,8416.71943315053659329262,34.6367054862162
2026-02-01,2026-04-01,2,BTP,plus,persona_x_initial_plan,109,103,102,1,94.5,93.58,0.92,2.98,8674.26582169571044225404,79.58042038252945
2026-02-01,2026-04-01,2,BTP,start,persona_x_initial_plan,250,236,235,1,94.4,94.0,0.4,2.99,11472.41433183048941564937,45.889657327321956
2026-02-01,2026-04-01,2,Bankers_Insurance,free,persona_x_initial_plan,29,27,26,1,93.1,89.66,3.45,2.93,2186.63904643835558640010,75.40134642890882
2026-02-01,2026-04-01,2,Bankers_Insurance,plus,persona_x_initial_plan,2,2,2,0,100.0,100.0,0.0,3.0,949.38265962136968500000,474.69132981068486
2026-02-01,2026-04-01,2,Bankers_Insurance,start,persona_x_initial_plan,26,26,26,0,100.0,100.0,0.0,3.0,995.73649656438143490000,38.29755756016852
2026-02-01,2026-04-01,2,Bikers_Drivers,business,persona_x_initial_plan,7,5,4,1,71.43,57.14,14.29,2.6,282.27764572383558049060,40.32537796054794
2026-02-01,2026-04-01,2,Bikers_Drivers,free,persona_x_initial_plan,39,31,31,0,79.49,79.49,0.0,3.0,440.41397805698490797099,11.292666104025253
2026-02-01,2026-04-01,2,Bikers_Drivers,plus,persona_x_initial_plan,29,27,27,0,93.1,93.1,0.0,3.0,2479.07725273040273389400,85.48542250794493
2026-02-01,2026-04-01,2,Bikers_Drivers,start,persona_x_initial_plan,89,76,71,5,85.39,79.78,5.62,2.87,2519.51007134011537851743,28.309101925169834
2026-02-01,2026-04-01,2,Cleaning_CallCenters,business,persona_x_initial_plan,1,1,1,0,100.0,100.0,0.0,3.0,103.96449394082179293000,103.9644939408218
2026-02-01,2026-04-01,2,Cleaning_CallCenters,free,persona_x_initial_plan,5,4,4,0,80.0,80.0,0.0,3.0,18.53509085315064623000,3.7070181706301293
2026-02-01,2026-04-01,2,Cleaning_CallCenters,plus,persona_x_initial_plan,5,5,5,0,100.0,100.0,0.0,3.0,411.66214812493073457647,82.33242962498615
2026-02-01,2026-04-01,2,Cleaning_CallCenters,start,persona_x_initial_plan,15,14,14,0,93.33,93.33,0.0,3.0,540.28124511999841535150,36.01874967466656
2026-02-01,2026-04-01,2,Consultant,business,persona_x_initial_plan,5,5,5,0,100.0,100.0,0.0,3.0,386.93639253753419547610,77.38727850750684
2026-02-01,2026-04-01,2,Consultant,free,persona_x_initial_plan,262,234,231,3,89.31,88.17,1.15,2.97,5485.90007495411449503170,20.93854990440502
2026-02-01,2026-04-01,2,Consultant,plus,persona_x_initial_plan,49,45,45,0,91.84,91.84,0.0,3.0,4851.46396567256808737280,99.00946868719528
2026-02-01,2026-04-01,2,Consultant,start,persona_x_initial_plan,246,239,238,1,97.15,96.75,0.41,3.0,9846.29322227106629444590,40.025582204353924
2026-02-01,2026-04-01,2,Developer_IT,business,persona_x_initial_plan,5,2,2,0,40.0,40.0,0.0,3.0,237.81888872164382740000,47.56377774432876
2026-02-01,2026-04-01,2,Developer_IT,free,persona_x_initial_plan,123,112,111,1,91.06,90.24,0.81,2.98,2159.10331345424291745626,17.55368547523775
2026-02-01,2026-04-01,2,Developer_IT,plus,persona_x_initial_plan,23,23,22,1,100.0,95.65,4.35,2.91,1659.19915222818696307143,72.13909357513856
2026-02-01,2026-04-01,2,Developer_IT,start,persona_x_initial_plan,115,112,110,2,97.39,95.65,1.74,2.96,4872.09000628438962188530,42.36600005464686
2026-02-01,2026-04-01,2,Media_Publishing,business,persona_x_initial_plan,1,0,0,0,0.0,0.0,0.0,,0.00000000000000000000,0.0
2026-02-01,2026-04-01,2,Media_Publishing,free,persona_x_initial_plan,50,46,46,0,92.0,92.0,0.0,3.0,820.79872238355973117267,16.415974447671193
2026-02-01,2026-04-01,2,Media_Publishing,plus,persona_x_initial_plan,8,8,8,0,100.0,100.0,0.0,3.0,683.31049087561402290152,85.41381135945176
2026-02-01,2026-04-01,2,Media_Publishing,start,persona_x_initial_plan,55,53,52,1,96.36,94.55,1.82,2.96,1283.17359619397092731190,23.330429021708564
2026-02-01,2026-04-01,2,Medical_Professionals,free,persona_x_initial_plan,17,16,16,0,94.12,94.12,0.0,3.0,382.25354908602623956300,22.485502887413308
2026-02-01,2026-04-01,2,Medical_Professionals,plus,persona_x_initial_plan,3,2,2,0,66.67,66.67,0.0,3.0,579.36407236054654550000,193.12135745351551
2026-02-01,2026-04-01,2,Medical_Professionals,start,persona_x_initial_plan,21,20,20,0,95.24,95.24,0.0,3.0,548.16041365917716352100,26.102876840913197
2026-02-01,2026-04-01,2,Others,business,persona_x_initial_plan,7,5,5,0,71.43,71.43,0.0,3.0,401.79721862246574365296,57.399602660352244
2026-02-01,2026-04-01,2,Others,free,persona_x_initial_plan,194,180,180,0,92.78,92.78,0.0,3.0,2263.76362640437746432134,11.668884672187513
2026-02-01,2026-04-01,2,Others,plus,persona_x_initial_plan,66,60,59,1,90.91,89.39,1.52,2.98,4090.04858483177131572542,61.97043310351169
2026-02-01,2026-04-01,2,Others,start,persona_x_initial_plan,250,233,230,3,93.2,92.0,1.2,2.97,5600.22146914848157579468,22.400885876593925
2026-02-01,2026-04-01,2,Professeur,business,persona_x_initial_plan,1,1,1,0,100.0,100.0,0.0,3.0,173.05718817095872500000,173.05718817095874
2026-02-01,2026-04-01,2,Professeur,free,persona_x_initial_plan,41,35,35,0,85.37,85.37,0.0,3.0,449.02382134246543384490,10.951800520547938
2026-02-01,2026-04-01,2,Professeur,plus,persona_x_initial_plan,4,4,4,0,100.0,100.0,0.0,3.0,249.11379737479414608900,62.27844934369854
2026-02-01,2026-04-01,2,Professeur,start,persona_x_initial_plan,46,43,43,0,93.48,93.48,0.0,3.0,1119.23398042958639031830,24.331173487599703
2026-02-01,2026-04-01,2,Repair,free,persona_x_initial_plan,7,6,6,0,85.71,85.71,0.0,3.0,14.01033831123282403500,2.001476901604689
2026-02-01,2026-04-01,2,Repair,plus,persona_x_initial_plan,2,2,2,0,100.0,100.0,0.0,3.0,53.21100837972602176000,26.605504189863012
2026-02-01,2026-04-01,2,Repair,start,persona_x_initial_plan,2,2,2,0,100.0,100.0,0.0,3.0,17.21197523397257213000,8.605987616986287
2026-02-01,2026-04-01,2,Repair_Installation,start,persona_x_initial_plan,2,2,2,0,100.0,100.0,0.0,3.0,24.43231190356164410000,12.216155951780822
2026-02-01,2026-04-01,2,Restauration,free,persona_x_initial_plan,31,30,30,0,96.77,96.77,0.0,3.0,756.13234903071149054590,24.391366097764884
2026-02-01,2026-04-01,2,Restauration,plus,persona_x_initial_plan,13,12,12,0,92.31,92.31,0.0,3.0,1397.86778351491293392190,107.52829103960867
2026-02-01,2026-04-01,2,Restauration,start,persona_x_initial_plan,41,39,39,0,95.12,95.12,0.0,3.0,2077.30968161862550788800,50.66608979557623
2026-02-01,2026-04-01,2,Retail,business,persona_x_initial_plan,8,4,4,0,50.0,50.0,0.0,3.0,243.31962384438354374388,30.414952980547945
2026-02-01,2026-04-01,2,Retail,free,persona_x_initial_plan,193,174,173,1,90.16,89.64,0.52,2.99,1840.25499236328275464166,9.534999960431517
2026-02-01,2026-04-01,2,Retail,plus,persona_x_initial_plan,41,36,36,0,87.8,87.8,0.0,3.0,2661.17117548148777146700,64.90661403613385
2026-02-01,2026-04-01,2,Retail,start,persona_x_initial_plan,209,196,192,4,93.78,91.87,1.91,2.96,5854.47975855888950741706,28.01186487348751
2026-02-01,2026-04-01,2,Wholesale,business,persona_x_initial_plan,1,1,1,0,100.0,100.0,0.0,3.0,81.21052161205479500000,81.21052161205479
2026-02-01,2026-04-01,2,Wholesale,free,persona_x_initial_plan,26,24,24,0,92.31,92.31,0.0,3.0,481.29162615287614913110,18.51121639049524
2026-02-01,2026-04-01,2,Wholesale,plus,persona_x_initial_plan,16,16,16,0,100.0,100.0,0.0,3.0,1295.30149347999633318500,80.95634334249976
2026-02-01,2026-04-01,2,Wholesale,start,persona_x_initial_plan,43,41,41,0,95.35,95.35,0.0,3.0,1215.88810782575092957122,28.27646762385467
2026-03-01,2026-03-01,0,ALL,business,initial_plan,40,40,40,0,100.0,100.0,0.0,1.0,3026.06691021807744084279,75.65167275545193
2026-03-01,2026-03-01,0,ALL,free,initial_plan,978,971,971,0,99.28,99.28,0.0,1.0,15668.50152837243180377509,16.020962707947273
2026-03-01,2026-03-01,0,ALL,plus,initial_plan,289,288,288,0,99.65,99.65,0.0,1.0,11146.69410358950810367044,38.56987579096716
2026-03-01,2026-03-01,0,ALL,start,initial_plan,1132,1128,1128,0,99.65,99.65,0.0,1.0,23896.87489342118765905601,21.110313510089387
2026-03-01,2026-03-01,0,ALL,ALL,overall,2439,2427,2427,0,99.51,99.51,0.0,1.0,53738.13743560120500734433,22.032856677163263
2026-03-01,2026-03-01,0,Automobile_Trade_Repair,ALL,persona,115,115,115,0,100.0,100.0,0.0,1.0,2476.69835984054317044202,21.536507476874288
2026-03-01,2026-03-01,0,BTP,ALL,persona,378,377,377,0,99.74,99.74,0.0,1.0,10982.60213569886002257132,29.05450300449434
2026-03-01,2026-03-01,0,Bankers_Insurance,ALL,persona,28,27,27,0,96.43,96.43,0.0,1.0,1145.13649583561579966805,40.89773199412913
2026-03-01,2026-03-01,0,Bikers_Drivers,ALL,persona,148,148,148,0,100.0,100.0,0.0,1.0,2882.07426883725462511793,19.47347478944091
2026-03-01,2026-03-01,0,Cleaning_CallCenters,ALL,persona,15,15,15,0,100.0,100.0,0.0,1.0,140.82825483013666862865,9.388550322009111
2026-03-01,2026-03-01,0,Consultant,ALL,persona,442,440,440,0,99.55,99.55,0.0,1.0,8551.05639911600235620240,19.346281445963804
2026-03-01,2026-03-01,0,Developer_IT,ALL,persona,195,194,194,0,99.49,99.49,0.0,1.0,5143.79761186833691380163,26.3784492916325
2026-03-01,2026-03-01,0,Media_Publishing,ALL,persona,92,91,91,0,98.91,98.91,0.0,1.0,2343.25267752054510680999,25.47013779913636
2026-03-01,2026-03-01,0,Medical_Professionals,ALL,persona,38,37,37,0,97.37,97.37,0.0,1.0,575.97505416766981456294,15.157238267570257
2026-03-01,2026-03-01,0,Others,ALL,persona,453,452,452,0,99.78,99.78,0.0,1.0,8934.11482445149257187196,19.722107780246123
2026-03-01,2026-03-01,0,Professeur,ALL,persona,81,81,81,0,100.0,100.0,0.0,1.0,856.37172552931369504324,10.572490438633503
2026-03-01,2026-03-01,0,Repair,ALL,persona,18,17,17,0,94.44,94.44,0.0,1.0,214.17547332642453027994,11.898637407023585
2026-03-01,2026-03-01,0,Repair_Installation,ALL,persona,5,5,5,0,100.0,100.0,0.0,1.0,98.75287121095889034670,19.750574242191778
2026-03-01,2026-03-01,0,Restauration,ALL,persona,58,57,57,0,98.28,98.28,0.0,1.0,1094.99846393424372728292,18.87928386093524
2026-03-01,2026-03-01,0,Retail,ALL,persona,311,310,310,0,99.68,99.68,0.0,1.0,6611.06824281791808342835,21.257454156970798
2026-03-01,2026-03-01,0,Wholesale,ALL,persona,62,61,61,0,98.39,98.39,0.0,1.0,1687.23457661588903128629,27.213460913159498
2026-03-01,2026-03-01,0,Automobile_Trade_Repair,business,persona_x_initial_plan,3,3,3,0,100.0,100.0,0.0,1.0,139.03998404986276755000,46.34666134995425
2026-03-01,2026-03-01,0,Automobile_Trade_Repair,free,persona_x_initial_plan,30,30,30,0,100.0,100.0,0.0,1.0,566.81791555452031268164,18.893930518484012
2026-03-01,2026-03-01,0,Automobile_Trade_Repair,plus,persona_x_initial_plan,17,17,17,0,100.0,100.0,0.0,1.0,492.29765615123121447320,28.958685655954778
2026-03-01,2026-03-01,0,Automobile_Trade_Repair,start,persona_x_initial_plan,65,65,65,0,100.0,100.0,0.0,1.0,1278.54280408492887573718,19.66988929361429
2026-03-01,2026-03-01,0,BTP,business,persona_x_initial_plan,12,12,12,0,100.0,100.0,0.0,1.0,1667.49278690629838140119,138.95773224219153
2026-03-01,2026-03-01,0,BTP,free,persona_x_initial_plan,140,140,140,0,100.0,100.0,0.0,1.0,4036.91245752876322752378,28.83508898234831
2026-03-01,2026-03-01,0,BTP,plus,persona_x_initial_plan,71,71,71,0,100.0,100.0,0.0,1.0,2795.10417933941957611311,39.3676644977383
2026-03-01,2026-03-01,0,BTP,start,persona_x_initial_plan,155,154,154,0,99.35,99.35,0.0,1.0,2483.09271192437883753324,16.01995298015728
2026-03-01,2026-03-01,0,Bankers_Insurance,free,persona_x_initial_plan,18,17,17,0,94.44,94.44,0.0,1.0,892.56848943726036325660,49.587138302070024
2026-03-01,2026-03-01,0,Bankers_Insurance,plus,persona_x_initial_plan,4,4,4,0,100.0,100.0,0.0,1.0,201.41405712273900825145,50.35351428068475
2026-03-01,2026-03-01,0,Bankers_Insurance,start,persona_x_initial_plan,6,6,6,0,100.0,100.0,0.0,1.0,51.15394927561642816000,8.525658212602737
2026-03-01,2026-03-01,0,Bikers_Drivers,business,persona_x_initial_plan,2,2,2,0,100.0,100.0,0.0,1.0,5.70578663671230285000,2.8528933183561516
2026-03-01,2026-03-01,0,Bikers_Drivers,free,persona_x_initial_plan,55,55,55,0,100.0,100.0,0.0,1.0,751.44169315671141258279,13.662576239212934
2026-03-01,2026-03-01,0,Bikers_Drivers,plus,persona_x_initial_plan,23,23,23,0,100.0,100.0,0.0,1.0,846.31499905095688815090,36.79630430656334
2026-03-01,2026-03-01,0,Bikers_Drivers,start,persona_x_initial_plan,68,68,68,0,100.0,100.0,0.0,1.0,1278.61178999287402153424,18.803114558718736
2026-03-01,2026-03-01,0,Cleaning_CallCenters,free,persona_x_initial_plan,8,8,8,0,100.0,100.0,0.0,1.0,15.86911897698629582000,1.983639872123287
2026-03-01,2026-03-01,0,Cleaning_CallCenters,plus,persona_x_initial_plan,2,2,2,0,100.0,100.0,0.0,1.0,52.07772956602724734000,26.038864783013622
2026-03-01,2026-03-01,0,Cleaning_CallCenters,start,persona_x_initial_plan,5,5,5,0,100.0,100.0,0.0,1.0,72.88140628712312546865,14.576281257424625
2026-03-01,2026-03-01,0,Consultant,business,persona_x_initial_plan,7,7,7,0,100.0,100.0,0.0,1.0,630.89320649753330791000,90.12760092821905
2026-03-01,2026-03-01,0,Consultant,free,persona_x_initial_plan,189,188,188,0,99.47,99.47,0.0,1.0,2498.46434249573609934703,13.219388055532995
2026-03-01,2026-03-01,0,Consultant,plus,persona_x_initial_plan,33,33,33,0,100.0,100.0,0.0,1.0,1211.71627768547662664350,36.71867508137808
2026-03-01,2026-03-01,0,Consultant,start,persona_x_initial_plan,213,212,212,0,99.53,99.53,0.0,1.0,4209.98257243725632230187,19.765176396419047
2026-03-01,2026-03-01,0,Developer_IT,business,persona_x_initial_plan,2,2,2,0,100.0,100.0,0.0,1.0,38.60739410246563528000,19.303697051232817
2026-03-01,2026-03-01,0,Developer_IT,free,persona_x_initial_plan,93,93,93,0,100.0,100.0,0.0,1.0,702.32029898246479678263,7.55183117185446
2026-03-01,2026-03-01,0,Developer_IT,plus,persona_x_initial_plan,15,14,14,0,93.33,93.33,0.0,1.0,847.09147919108006139200,56.472765279405344
2026-03-01,2026-03-01,0,Developer_IT,start,persona_x_initial_plan,85,85,85,0,100.0,100.0,0.0,1.0,3555.77843959232642034700,41.8326875246156
2026-03-01,2026-03-01,0,Media_Publishing,free,persona_x_initial_plan,34,33,33,0,97.06,97.06,0.0,1.0,612.86938559506764848565,18.025570164560815
2026-03-01,2026-03-01,0,Media_Publishing,plus,persona_x_initial_plan,4,4,4,0,100.0,100.0,0.0,1.0,38.70865967999998525930,9.677164919999996
2026-03-01,2026-03-01,0,Media_Publishing,start,persona_x_initial_plan,54,54,54,0,100.0,100.0,0.0,1.0,1691.67463224547747306504,31.327308004545877
2026-03-01,2026-03-01,0,Medical_Professionals,free,persona_x_initial_plan,23,23,23,0,100.0,100.0,0.0,1.0,297.26041616383515160500,12.924365920166746
2026-03-01,2026-03-01,0,Medical_Professionals,start,persona_x_initial_plan,15,14,14,0,93.33,93.33,0.0,1.0,278.71463800383466295794,18.58097586692231
2026-03-01,2026-03-01,0,Others,business,persona_x_initial_plan,6,6,6,0,100.0,100.0,0.0,1.0,154.40421288109575131000,25.734035480182627
2026-03-01,2026-03-01,0,Others,free,persona_x_initial_plan,175,174,174,0,99.43,99.43,0.0,1.0,2095.52901208547683542221,11.974451497631296
2026-03-01,2026-03-01,0,Others,plus,persona_x_initial_plan,59,59,59,0,100.0,100.0,0.0,1.0,2451.13889175560969211448,41.544726978908635
2026-03-01,2026-03-01,0,Others,start,persona_x_initial_plan,213,213,213,0,100.0,100.0,0.0,1.0,4233.04270772931029302527,19.87343994239113
2026-03-01,2026-03-01,0,Professeur,free,persona_x_initial_plan,33,33,33,0,100.0,100.0,0.0,1.0,65.47345496273964584614,1.9840440897799894
2026-03-01,2026-03-01,0,Professeur,plus,persona_x_initial_plan,7,7,7,0,100.0,100.0,0.0,1.0,276.27234978136903711680,39.46747854019558
2026-03-01,2026-03-01,0,Professeur,start,persona_x_initial_plan,41,41,41,0,100.0,100.0,0.0,1.0,514.62592078520501208030,12.551851726468415
2026-03-01,2026-03-01,0,Repair,free,persona_x_initial_plan,12,11,11,0,91.67,91.67,0.0,1.0,146.90524742136979457294,12.242103951780818
2026-03-01,2026-03-01,0,Repair,plus,persona_x_initial_plan,2,2,2,0,100.0,100.0,0.0,1.0,29.99056942465753185350,14.995284712328766
2026-03-01,2026-03-01,0,Repair,start,persona_x_initial_plan,4,4,4,0,100.0,100.0,0.0,1.0,37.27965648039720385350,9.3199141200993
2026-03-01,2026-03-01,0,Repair_Installation,business,persona_x_initial_plan,1,1,1,0,100.0,100.0,0.0,1.0,80.36394432876712329000,80.36394432876712
2026-03-01,2026-03-01,0,Repair_Installation,free,persona_x_initial_plan,3,3,3,0,100.0,100.0,0.0,1.0,8.45021455342464364670,2.816738184474881
2026-03-01,2026-03-01,0,Repair_Installation,start,persona_x_initial_plan,1,1,1,0,100.0,100.0,0.0,1.0,9.93871232876712341000,9.938712328767123
2026-03-01,2026-03-01,0,Restauration,business,persona_x_initial_plan,1,1,1,0,100.0,100.0,0.0,1.0,10.00466290027392264000,10.004662900273923
2026-03-01,2026-03-01,0,Restauration,free,persona_x_initial_plan,17,16,16,0,94.12,94.12,0.0,1.0,121.21909892219134440122,7.130535230717138
2026-03-01,2026-03-01,0,Restauration,plus,persona_x_initial_plan,9,9,9,0,100.0,100.0,0.0,1.0,298.24958378191721747000,33.13884264243525
2026-03-01,2026-03-01,0,Restauration,start,persona_x_initial_plan,31,31,31,0,100.0,100.0,0.0,1.0,665.52511832986124277170,21.468552204189074
2026-03-01,2026-03-01,0,Retail,business,persona_x_initial_plan,4,4,4,0,100.0,100.0,0.0,1.0,170.34738632931482451160,42.586846582328704
2026-03-01,2026-03-01,0,Retail,free,persona_x_initial_plan,126,126,126,0,100.0,100.0,0.0,1.0,2277.03135761369283417476,18.071677441378515
2026-03-01,2026-03-01,0,Retail,plus,persona_x_initial_plan,29,29,29,0,100.0,100.0,0.0,1.0,1096.63164271765471989139,37.81488423164327
2026-03-01,2026-03-01,0,Retail,start,persona_x_initial_plan,152,151,151,0,99.34,99.34,0.0,1.0,3067.05785615725570485060,20.178012211560894
2026-03-01,2026-03-01,0,Wholesale,business,persona_x_initial_plan,2,2,2,0,100.0,100.0,0.0,1.0,129.20754558575342410000,64.60377279287671
2026-03-01,2026-03-01,0,Wholesale,free,persona_x_initial_plan,22,21,21,0,95.45,95.45,0.0,1.0,579.36902492219139762600,26.33495567828143
2026-03-01,2026-03-01,0,Wholesale,plus,persona_x_initial_plan,14,14,14,0,100.0,100.0,0.0,1.0,509.68602834136929760081,36.40614488152638
2026-03-01,2026-03-01,0,Wholesale,start,persona_x_initial_plan,24,24,24,0,100.0,100.0,0.0,1.0,468.97197776657491195948,19.54049907360729
2026-03-01,2026-04-01,1,ALL,business,initial_plan,40,39,39,0,97.5,97.5,0.0,2.0,6802.48012393751879113760,170.06200309843797
2026-03-01,2026-04-01,1,ALL,free,initial_plan,978,917,914,3,93.76,93.46,0.31,2.0,17309.47268915556184830387,17.69884733042491
2026-03-01,2026-04-01,1,ALL,plus,initial_plan,289,278,278,0,96.19,96.19,0.0,2.0,23127.27712714208148267090,80.02518037073385
2026-03-01,2026-04-01,1,ALL,start,initial_plan,1132,1090,1090,0,96.29,96.29,0.0,2.0,34657.13185759893119823934,30.615840863603292
2026-03-01,2026-04-01,1,ALL,ALL,overall,2439,2324,2321,3,95.28,95.16,0.12,2.0,81896.36179783409332035171,33.577844115553134
2026-03-01,2026-04-01,1,Automobile_Trade_Repair,ALL,persona,115,110,110,0,95.65,95.65,0.0,2.0,3417.39972412930647174024,29.716519340254838
2026-03-01,2026-04-01,1,BTP,ALL,persona,378,360,360,0,95.24,95.24,0.0,2.0,20596.31731925746821811916,54.48761195570759
2026-03-01,2026-04-01,1,Bankers_Insurance,ALL,persona,28,25,25,0,89.29,89.29,0.0,2.0,824.72390437705309889830,29.454425156323328
2026-03-01,2026-04-01,1,Bikers_Drivers,ALL,persona,148,140,140,0,94.59,94.59,0.0,2.0,4022.49728744875489544609,27.1790357260051
2026-03-01,2026-04-01,1,Cleaning_CallCenters,ALL,persona,15,14,14,0,93.33,93.33,0.0,2.0,271.34683205424593870400,18.089788803616397
2026-03-01,2026-04-01,1,Consultant,ALL,persona,442,424,423,1,95.93,95.7,0.23,2.0,11977.95935533029992283743,27.099455555045928
2026-03-01,2026-04-01,1,Developer_IT,ALL,persona,195,186,186,0,95.38,95.38,0.0,2.0,7031.07354530120210890788,36.05678741180104
2026-03-01,2026-04-01,1,Media_Publishing,ALL,persona,92,89,88,1,96.74,95.65,1.09,1.99,1650.04803906650506374931,17.93530477246201
2026-03-01,2026-04-01,1,Medical_Professionals,ALL,persona,38,36,36,0,94.74,94.74,0.0,2.0,993.20128468219006653400,26.13687591268921
2026-03-01,2026-04-01,1,Others,ALL,persona,453,432,432,0,95.36,95.36,0.0,2.0,13573.27502193800461040677,29.96307951862694
2026-03-01,2026-04-01,1,Professeur,ALL,persona,81,79,79,0,97.53,97.53,0.0,2.0,1524.72208175177807975610,18.823729404342938
2026-03-01,2026-04-01,1,Repair,ALL,persona,18,17,16,1,94.44,88.89,5.56,1.94,425.16377613135506586564,23.620209785075282
2026-03-01,2026-04-01,1,Repair_Installation,ALL,persona,5,5,5,0,100.0,100.0,0.0,2.0,122.46214015945201316000,24.492428031890405
2026-03-01,2026-04-01,1,Restauration,ALL,persona,58,54,54,0,93.1,93.1,0.0,2.0,2956.02144025588119211290,50.96588690096347
2026-03-01,2026-04-01,1,Retail,ALL,persona,311,293,293,0,94.21,94.21,0.0,2.0,9643.61190237626131185589,31.00839839992367
2026-03-01,2026-04-01,1,Wholesale,ALL,persona,62,60,60,0,96.77,96.77,0.0,2.0,2866.53814357433526225800,46.23448618668282
2026-03-01,2026-04-01,1,Automobile_Trade_Repair,business,persona_x_initial_plan,3,3,3,0,100.0,100.0,0.0,2.0,277.87135467890391833800,92.62378489296798
2026-03-01,2026-04-01,1,Automobile_Trade_Repair,free,persona_x_initial_plan,30,29,29,0,96.67,96.67,0.0,2.0,368.16179687013561648021,12.272059895671187
2026-03-01,2026-04-01,1,Automobile_Trade_Repair,plus,persona_x_initial_plan,17,17,17,0,100.0,100.0,0.0,2.0,1132.09024372109243994420,66.59354374829957
2026-03-01,2026-04-01,1,Automobile_Trade_Repair,start,persona_x_initial_plan,65,61,61,0,93.85,93.85,0.0,2.0,1639.27632885917449697783,25.219635828602687
2026-03-01,2026-04-01,1,BTP,business,persona_x_initial_plan,12,12,12,0,100.0,100.0,0.0,2.0,2758.81744777588269721000,229.90145398132356
2026-03-01,2026-04-01,1,BTP,free,persona_x_initial_plan,140,128,128,0,91.43,91.43,0.0,2.0,4656.98151444547220379404,33.26415367461052
2026-03-01,2026-04-01,1,BTP,plus,persona_x_initial_plan,71,69,69,0,97.18,97.18,0.0,2.0,7363.95749976434898250720,103.71771126428659
2026-03-01,2026-04-01,1,BTP,start,persona_x_initial_plan,155,151,151,0,97.42,97.42,0.0,2.0,5816.56085727176433460792,37.52619907917268
2026-03-01,2026-04-01,1,Bankers_Insurance,free,persona_x_initial_plan,18,16,16,0,88.89,88.89,0.0,2.0,463.79368894856090183400,25.766316052697828
2026-03-01,2026-04-01,1,Bankers_Insurance,plus,persona_x_initial_plan,4,3,3,0,75.0,75.0,0.0,2.0,245.82534732328679457430,61.4563368308217
2026-03-01,2026-04-01,1,Bankers_Insurance,start,persona_x_initial_plan,6,6,6,0,100.0,100.0,0.0,2.0,115.10486810520540249000,19.1841446842009
2026-03-01,2026-04-01,1,Bikers_Drivers,business,persona_x_initial_plan,2,2,2,0,100.0,100.0,0.0,2.0,160.04770910027397261210,80.02385455013699
2026-03-01,2026-04-01,1,Bikers_Drivers,free,persona_x_initial_plan,55,53,53,0,96.36,96.36,0.0,2.0,645.16367678081913741545,11.730248668742167
2026-03-01,2026-04-01,1,Bikers_Drivers,plus,persona_x_initial_plan,23,22,22,0,95.65,95.65,0.0,2.0,890.56717279068317063876,38.720311860464484
2026-03-01,2026-04-01,1,Bikers_Drivers,start,persona_x_initial_plan,68,63,63,0,92.65,92.65,0.0,2.0,2326.71872877697861477978,34.216451893779094
2026-03-01,2026-04-01,1,Cleaning_CallCenters,free,persona_x_initial_plan,8,8,8,0,100.0,100.0,0.0,2.0,85.90187694136960739000,10.737734617671201
2026-03-01,2026-04-01,1,Cleaning_CallCenters,plus,persona_x_initial_plan,2,2,2,0,100.0,100.0,0.0,2.0,95.25348586082166391000,47.626742930410835
2026-03-01,2026-04-01,1,Cleaning_CallCenters,start,persona_x_initial_plan,5,4,4,0,80.0,80.0,0.0,2.0,90.19146925205466740400,18.038293850410934
2026-03-01,2026-04-01,1,Consultant,business,persona_x_initial_plan,7,7,7,0,100.0,100.0,0.0,2.0,1856.74392092985769700990,265.24913156140826
2026-03-01,2026-04-01,1,Consultant,free,persona_x_initial_plan,189,179,178,1,94.71,94.18,0.53,1.99,2369.39656887881683297643,12.536489782427601
2026-03-01,2026-04-01,1,Consultant,plus,persona_x_initial_plan,33,31,31,0,93.94,93.94,0.0,2.0,1781.14476125095361283160,53.97408367427133
2026-03-01,2026-04-01,1,Consultant,start,persona_x_initial_plan,213,207,207,0,97.18,97.18,0.0,2.0,5970.67410427067178001950,28.031333822867005
2026-03-01,2026-04-01,1,Developer_IT,business,persona_x_initial_plan,2,2,2,0,100.0,100.0,0.0,2.0,201.26908378465704870000,100.63454189232853
2026-03-01,2026-04-01,1,Developer_IT,free,persona_x_initial_plan,93,86,86,0,92.47,92.47,0.0,2.0,2547.61054803122656369240,27.393661806787385
2026-03-01,2026-04-01,1,Developer_IT,plus,persona_x_initial_plan,15,13,13,0,86.67,86.67,0.0,2.0,1405.87832473080400970400,93.72522164872026
2026-03-01,2026-04-01,1,Developer_IT,start,persona_x_initial_plan,85,85,85,0,100.0,100.0,0.0,2.0,2876.31558875451448681148,33.8390069265237
2026-03-01,2026-04-01,1,Media_Publishing,free,persona_x_initial_plan,34,32,31,1,94.12,91.18,2.94,1.97,229.37166998410905450811,6.746225587767913
2026-03-01,2026-04-01,1,Media_Publishing,plus,persona_x_initial_plan,4,4,4,0,100.0,100.0,0.0,2.0,73.27783764712327211040,18.31945941178082
2026-03-01,2026-04-01,1,Media_Publishing,start,persona_x_initial_plan,54,53,53,0,98.15,98.15,0.0,2.0,1347.39853143527273713080,24.951824656208757
2026-03-01,2026-04-01,1,Medical_Professionals,free,persona_x_initial_plan,23,23,23,0,100.0,100.0,0.0,2.0,492.33189661534212231400,21.405734635449658
2026-03-01,2026-04-01,1,Medical_Professionals,start,persona_x_initial_plan,15,13,13,0,86.67,86.67,0.0,2.0,500.86938806684794422000,33.39129253778986
2026-03-01,2026-04-01,1,Others,business,persona_x_initial_plan,6,6,6,0,100.0,100.0,0.0,2.0,769.52886082082111022200,128.2548101368035
2026-03-01,2026-04-01,1,Others,free,persona_x_initial_plan,175,163,163,0,93.14,93.14,0.0,2.0,1716.83296539122697632009,9.810474087949869
2026-03-01,2026-04-01,1,Others,plus,persona_x_initial_plan,59,58,58,0,98.31,98.31,0.0,2.0,4327.96387231067122626232,73.35531986967239
2026-03-01,2026-04-01,1,Others,start,persona_x_initial_plan,213,205,205,0,96.24,96.24,0.0,2.0,6758.94932341528529760236,31.732156447959085
2026-03-01,2026-04-01,1,Professeur,free,persona_x_initial_plan,33,32,32,0,96.97,96.97,0.0,2.0,240.67368098958873298530,7.2931418481693555
2026-03-01,2026-04-01,1,Professeur,plus,persona_x_initial_plan,7,7,7,0,100.0,100.0,0.0,2.0,513.76902557698488306000,73.3955750824264
2026-03-01,2026-04-01,1,Professeur,start,persona_x_initial_plan,41,40,40,0,97.56,97.56,0.0,2.0,770.27937518520446371080,18.787301833785474
2026-03-01,2026-04-01,1,Repair,free,persona_x_initial_plan,12,11,10,1,91.67,83.33,8.33,1.91,117.80246607397214436464,9.816872172831012
2026-03-01,2026-04-01,1,Repair,plus,persona_x_initial_plan,2,2,2,0,100.0,100.0,0.0,2.0,219.20702083725976885000,109.60351041862988
2026-03-01,2026-04-01,1,Repair,start,persona_x_initial_plan,4,4,4,0,100.0,100.0,0.0,2.0,88.15428922012315265100,22.038572305030787
2026-03-01,2026-04-01,1,Repair_Installation,business,persona_x_initial_plan,1,1,1,0,100.0,100.0,0.0,2.0,80.28617468493150683000,80.28617468493151
2026-03-01,2026-04-01,1,Repair_Installation,free,persona_x_initial_plan,3,3,3,0,100.0,100.0,0.0,2.0,14.65552083452050353000,4.8851736115068345
2026-03-01,2026-04-01,1,Repair_Installation,start,persona_x_initial_plan,1,1,1,0,100.0,100.0,0.0,2.0,27.52044464000000280000,27.520444640000004
2026-03-01,2026-04-01,1,Restauration,business,persona_x_initial_plan,1,1,1,0,100.0,100.0,0.0,2.0,127.71584267616413456000,127.71584267616413
2026-03-01,2026-04-01,1,Restauration,free,persona_x_initial_plan,17,15,15,0,88.24,88.24,0.0,2.0,620.17145117862902966690,36.48067359874288
2026-03-01,2026-04-01,1,Restauration,plus,persona_x_initial_plan,9,9,9,0,100.0,100.0,0.0,2.0,862.70022172876395524000,95.85558019208489
2026-03-01,2026-04-01,1,Restauration,start,persona_x_initial_plan,31,29,29,0,93.55,93.55,0.0,2.0,1345.43392467232407264600,43.40109434426852
2026-03-01,2026-04-01,1,Retail,business,persona_x_initial_plan,4,3,3,0,75.0,75.0,0.0,2.0,370.66926440767054515560,92.66731610191763
2026-03-01,2026-04-01,1,Retail,free,persona_x_initial_plan,126,118,118,0,93.65,93.65,0.0,2.0,2012.32666879780124884530,15.970846577760327
2026-03-01,2026-04-01,1,Retail,plus,persona_x_initial_plan,29,27,27,0,93.1,93.1,0.0,2.0,2875.73930184531998295462,99.16342420156276
2026-03-01,2026-04-01,1,Retail,start,persona_x_initial_plan,152,145,145,0,95.39,95.39,0.0,2.0,4384.87666732546953490037,28.847872811351774
2026-03-01,2026-04-01,1,Wholesale,business,persona_x_initial_plan,2,2,2,0,100.0,100.0,0.0,2.0,199.53046507835616050000,99.76523253917809
2026-03-01,2026-04-01,1,Wholesale,free,persona_x_initial_plan,22,21,21,0,95.45,95.45,0.0,2.0,728.29669839397117218700,33.104395381544144
2026-03-01,2026-04-01,1,Wholesale,plus,persona_x_initial_plan,14,14,14,0,100.0,100.0,0.0,2.0,1339.90301175396772008350,95.70735798242627
2026-03-01,2026-04-01,1,Wholesale,start,persona_x_initial_plan,24,23,23,0,95.83,95.83,0.0,2.0,598.80796834804020948750,24.950332014501672
2026-04-01,2026-04-01,0,ALL,business,initial_plan,53,52,52,0,98.11,98.11,0.0,1.0,3484.82277735012834319307,65.7513731575496
2026-04-01,2026-04-01,0,ALL,free,initial_plan,1271,1265,1265,0,99.53,99.53,0.0,1.0,21674.36594517257270860988,17.053002317208946
2026-04-01,2026-04-01,0,ALL,plus,initial_plan,308,306,306,0,99.35,99.35,0.0,1.0,12797.56807843910186446097,41.550545709217864
2026-04-01,2026-04-01,0,ALL,start,initial_plan,1240,1232,1232,0,99.35,99.35,0.0,1.0,31105.58798237066232338655,25.085151598686018
2026-04-01,2026-04-01,0,ALL,ALL,overall,2872,2855,2855,0,99.41,99.41,0.0,1.0,69062.34478333246523965047,24.046777431522443
2026-04-01,2026-04-01,0,Automobile_Trade_Repair,ALL,persona,98,98,98,0,100.0,100.0,0.0,1.0,1803.47883552180445867441,18.402845260426577
2026-04-01,2026-04-01,0,BTP,ALL,persona,497,493,493,0,99.2,99.2,0.0,1.0,11028.87107448138585488946,22.190887473805603
2026-04-01,2026-04-01,0,Bankers_Insurance,ALL,persona,58,57,57,0,98.28,98.28,0.0,1.0,2104.99596137884807967698,36.293033816876694
2026-04-01,2026-04-01,0,Bikers_Drivers,ALL,persona,174,172,172,0,98.85,98.85,0.0,1.0,3513.04757593455476155983,20.18992859732503
2026-04-01,2026-04-01,0,Cleaning_CallCenters,ALL,persona,10,10,10,0,100.0,100.0,0.0,1.0,136.18147862630106478930,13.618147862630106
2026-04-01,2026-04-01,0,Consultant,ALL,persona,485,481,481,0,99.18,99.18,0.0,1.0,9743.71949399392341567574,20.09014328658541
2026-04-01,2026-04-01,0,Developer_IT,ALL,persona,211,210,210,0,99.53,99.53,0.0,1.0,8243.30441585287730438057,39.06779344006103
2026-04-01,2026-04-01,0,Media_Publishing,ALL,persona,104,104,104,0,100.0,100.0,0.0,1.0,4610.81763445829377518657,44.33478494671436
2026-04-01,2026-04-01,0,Medical_Professionals,ALL,persona,43,43,43,0,100.0,100.0,0.0,1.0,276.48192678497223984100,6.429812250813308
2026-04-01,2026-04-01,0,Others,ALL,persona,523,521,521,0,99.62,99.62,0.0,1.0,12600.23737616976689602272,24.09223207680644
2026-04-01,2026-04-01,0,Professeur,ALL,persona,93,93,93,0,100.0,100.0,0.0,1.0,982.90897013366993295470,10.56891365735129
2026-04-01,2026-04-01,0,Repair,ALL,persona,22,21,21,0,95.45,95.45,0.0,1.0,466.51073512365538146630,21.205033414711608
2026-04-01,2026-04-01,0,Repair_Installation,ALL,persona,5,5,5,0,100.0,100.0,0.0,1.0,43.06284067546573865300,8.612568135093147
2026-04-01,2026-04-01,0,Restauration,ALL,persona,82,82,82,0,100.0,100.0,0.0,1.0,2239.23155503081494537420,27.307701890619693
2026-04-01,2026-04-01,0,Retail,ALL,persona,390,388,388,0,99.49,99.49,0.0,1.0,7871.70975039117899961279,20.18387115484918
2026-04-01,2026-04-01,0,Wholesale,ALL,persona,77,77,77,0,100.0,100.0,0.0,1.0,3397.78515877495239089290,44.127079984090294
2026-04-01,2026-04-01,0,Automobile_Trade_Repair,business,persona_x_initial_plan,3,3,3,0,100.0,100.0,0.0,1.0,228.12587911890308235000,76.04195970630103
2026-04-01,2026-04-01,0,Automobile_Trade_Repair,free,persona_x_initial_plan,28,28,28,0,100.0,100.0,0.0,1.0,483.96862720383503380740,17.284593828708392
2026-04-01,2026-04-01,0,Automobile_Trade_Repair,plus,persona_x_initial_plan,18,18,18,0,100.0,100.0,0.0,1.0,289.36260203272549576000,16.075700112929194
2026-04-01,2026-04-01,0,Automobile_Trade_Repair,start,persona_x_initial_plan,49,49,49,0,100.0,100.0,0.0,1.0,802.02172716634084675701,16.367790350333486
2026-04-01,2026-04-01,0,BTP,business,persona_x_initial_plan,14,14,14,0,100.0,100.0,0.0,1.0,438.70897280657496172951,31.336355200469637
2026-04-01,2026-04-01,0,BTP,free,persona_x_initial_plan,209,206,206,0,98.56,98.56,0.0,1.0,3112.16973950903560541755,14.890764303870982
2026-04-01,2026-04-01,0,BTP,plus,persona_x_initial_plan,79,79,79,0,100.0,100.0,0.0,1.0,3256.28414766547017634480,41.21878667930975
2026-04-01,2026-04-01,0,BTP,start,persona_x_initial_plan,195,194,194,0,99.49,99.49,0.0,1.0,4221.70821450030511139760,21.64978571538618
2026-04-01,2026-04-01,0,Bankers_Insurance,business,persona_x_initial_plan,1,1,1,0,100.0,100.0,0.0,1.0,80.09512865534246577000,80.09512865534246
2026-04-01,2026-04-01,0,Bankers_Insurance,free,persona_x_initial_plan,30,30,30,0,100.0,100.0,0.0,1.0,1449.63658485315067248498,48.32121949510502
2026-04-01,2026-04-01,0,Bankers_Insurance,plus,persona_x_initial_plan,3,3,3,0,100.0,100.0,0.0,1.0,156.06423782465704390000,52.021412608219016
2026-04-01,2026-04-01,0,Bankers_Insurance,start,persona_x_initial_plan,24,23,23,0,95.83,95.83,0.0,1.0,419.20001004569789752200,17.466667085237415
2026-04-01,2026-04-01,0,Bikers_Drivers,business,persona_x_initial_plan,6,5,5,0,83.33,83.33,0.0,1.0,340.67275314082187370330,56.77879219013698
2026-04-01,2026-04-01,0,Bikers_Drivers,free,persona_x_initial_plan,69,69,69,0,100.0,100.0,0.0,1.0,826.41846328766972718864,11.97707917808217
2026-04-01,2026-04-01,0,Bikers_Drivers,plus,persona_x_initial_plan,20,20,20,0,100.0,100.0,0.0,1.0,1176.40766814191504110020,58.820383407095754
2026-04-01,2026-04-01,0,Bikers_Drivers,start,persona_x_initial_plan,79,78,78,0,98.73,98.73,0.0,1.0,1169.54869136414811956769,14.804413814736053
2026-04-01,2026-04-01,0,Cleaning_CallCenters,free,persona_x_initial_plan,3,3,3,0,100.0,100.0,0.0,1.0,10.10494133698627441930,3.3683137789954247
2026-04-01,2026-04-01,0,Cleaning_CallCenters,plus,persona_x_initial_plan,2,2,2,0,100.0,100.0,0.0,1.0,25.38404602739726031000,12.69202301369863
2026-04-01,2026-04-01,0,Cleaning_CallCenters,start,persona_x_initial_plan,5,5,5,0,100.0,100.0,0.0,1.0,100.69249126191753006000,20.138498252383506
2026-04-01,2026-04-01,0,Consultant,business,persona_x_initial_plan,3,3,3,0,100.0,100.0,0.0,1.0,244.50729606082104173000,81.50243202027367
2026-04-01,2026-04-01,0,Consultant,free,persona_x_initial_plan,234,232,232,0,99.15,99.15,0.0,1.0,2444.79792717698459505610,10.447854389645233
2026-04-01,2026-04-01,0,Consultant,plus,persona_x_initial_plan,28,28,28,0,100.0,100.0,0.0,1.0,963.34129909839581921000,34.405046396371276
2026-04-01,2026-04-01,0,Consultant,start,persona_x_initial_plan,220,218,218,0,99.09,99.09,0.0,1.0,6091.07297165772195967964,27.686695325716915
2026-04-01,2026-04-01,0,Developer_IT,business,persona_x_initial_plan,5,5,5,0,100.0,100.0,0.0,1.0,674.51322474794256473000,134.9026449495885
2026-04-01,2026-04-01,0,Developer_IT,free,persona_x_initial_plan,110,110,110,0,100.0,100.0,0.0,1.0,3923.93079466739502100144,35.67209813333995
2026-04-01,2026-04-01,0,Developer_IT,plus,persona_x_initial_plan,19,19,19,0,100.0,100.0,0.0,1.0,1438.85186302626838298060,75.72904542243518
2026-04-01,2026-04-01,0,Developer_IT,start,persona_x_initial_plan,77,76,76,0,98.7,98.7,0.0,1.0,2206.00853341127133566853,28.649461472873654
2026-04-01,2026-04-01,0,Media_Publishing,business,persona_x_initial_plan,1,1,1,0,100.0,100.0,0.0,1.0,50.82887613972577820000,50.82887613972578
2026-04-01,2026-04-01,0,Media_Publishing,free,persona_x_initial_plan,48,48,48,0,100.0,100.0,0.0,1.0,981.54507870082164771541,20.448855806267115
2026-04-01,2026-04-01,0,Media_Publishing,plus,persona_x_initial_plan,5,5,5,0,100.0,100.0,0.0,1.0,833.18963151287283207870,166.63792630257456
2026-04-01,2026-04-01,0,Media_Publishing,start,persona_x_initial_plan,50,50,50,0,100.0,100.0,0.0,1.0,2745.25404810487351719246,54.90508096209747
2026-04-01,2026-04-01,0,Medical_Professionals,free,persona_x_initial_plan,21,21,21,0,100.0,100.0,0.0,1.0,40.72389423506845881000,1.9392330588127837
2026-04-01,2026-04-01,0,Medical_Professionals,start,persona_x_initial_plan,22,22,22,0,100.0,100.0,0.0,1.0,235.75803254990378103100,10.716274206813809
2026-04-01,2026-04-01,0,Others,business,persona_x_initial_plan,9,9,9,0,100.0,100.0,0.0,1.0,661.81170427835473721000,73.53463380870608
2026-04-01,2026-04-01,0,Others,free,persona_x_initial_plan,229,229,229,0,100.0,100.0,0.0,1.0,4446.52982161807244248041,19.41716079309202
2026-04-01,2026-04-01,0,Others,plus,persona_x_initial_plan,59,58,58,0,98.31,98.31,0.0,1.0,2131.11296357981691000913,36.12055870474266
2026-04-01,2026-04-01,0,Others,start,persona_x_initial_plan,226,225,225,0,99.56,99.56,0.0,1.0,5360.78288669352280632318,23.72027825970585
2026-04-01,2026-04-01,0,Professeur,free,persona_x_initial_plan,52,52,52,0,100.0,100.0,0.0,1.0,324.92399250684869596801,6.248538317439398
2026-04-01,2026-04-01,0,Professeur,plus,persona_x_initial_plan,6,6,6,0,100.0,100.0,0.0,1.0,241.63689702428764129137,40.272816170714606
2026-04-01,2026-04-01,0,Professeur,start,persona_x_initial_plan,35,35,35,0,100.0,100.0,0.0,1.0,416.34808060253359569532,11.895659445786674
2026-04-01,2026-04-01,0,Repair,free,persona_x_initial_plan,11,10,10,0,90.91,90.91,0.0,1.0,306.56756732602584203800,27.86977884782053
2026-04-01,2026-04-01,0,Repair,plus,persona_x_initial_plan,2,2,2,0,100.0,100.0,0.0,1.0,11.63718705479445714900,5.818593527397229
2026-04-01,2026-04-01,0,Repair,start,persona_x_initial_plan,9,9,9,0,100.0,100.0,0.0,1.0,148.30598074283508227930,16.478442304759454
2026-04-01,2026-04-01,0,Repair_Installation,free,persona_x_initial_plan,1,1,1,0,100.0,100.0,0.0,1.0,3.45944055397258820000,3.459440553972588
2026-04-01,2026-04-01,0,Repair_Installation,plus,persona_x_initial_plan,2,2,2,0,100.0,100.0,0.0,1.0,22.52404856328767100000,11.262024281643836
2026-04-01,2026-04-01,0,Repair_Installation,start,persona_x_initial_plan,2,2,2,0,100.0,100.0,0.0,1.0,17.07935155820547945300,8.53967577910274
2026-04-01,2026-04-01,0,Restauration,free,persona_x_initial_plan,19,19,19,0,100.0,100.0,0.0,1.0,190.15094972712300691780,10.00794472248016
2026-04-01,2026-04-01,0,Restauration,plus,persona_x_initial_plan,7,7,7,0,100.0,100.0,0.0,1.0,278.62824650982132479440,39.804035215688764
2026-04-01,2026-04-01,0,Restauration,start,persona_x_initial_plan,56,56,56,0,100.0,100.0,0.0,1.0,1770.45235879387061366200,31.61522069274769
2026-04-01,2026-04-01,0,Retail,business,persona_x_initial_plan,6,6,6,0,100.0,100.0,0.0,1.0,355.68805932109506418026,59.281343220182514
2026-04-01,2026-04-01,0,Retail,free,persona_x_initial_plan,176,176,176,0,100.0,100.0,0.0,1.0,1422.29331583561378887594,8.081212021793261
2026-04-01,2026-04-01,0,Retail,plus,persona_x_initial_plan,44,43,43,0,97.73,97.73,0.0,1.0,1571.61102119413251107477,35.71843229986665
2026-04-01,2026-04-01,0,Retail,start,persona_x_initial_plan,164,163,163,0,99.39,99.39,0.0,1.0,4522.11735404033763548182,27.573886305124013
2026-04-01,2026-04-01,0,Wholesale,business,persona_x_initial_plan,5,5,5,0,100.0,100.0,0.0,1.0,409.87088308054677359000,81.97417661610936
2026-04-01,2026-04-01,0,Wholesale,free,persona_x_initial_plan,31,31,31,0,100.0,100.0,0.0,1.0,1707.14480663396930822890,55.0691873107732
2026-04-01,2026-04-01,0,Wholesale,plus,persona_x_initial_plan,14,14,14,0,100.0,100.0,0.0,1.0,401.53221918325929745800,28.680872798804238
2026-04-01,2026-04-01,0,Wholesale,start,persona_x_initial_plan,27,27,27,0,100.0,100.0,0.0,1.0,879.23724987717701161600,32.564342588043594
