month_start,persona,initial_subscription_group,segment_level,prior_revenue_companies,retained_revenue_companies,revenue_company_dropouts,new_revenue_companies,reactivated_revenue_companies,prior_subscription_revenue,prior_interchange_revenue,prior_banking_fees,prior_deposit_interest_revenue,prior_total_revenue,dropped_prior_subscription_revenue,dropped_prior_interchange_revenue,dropped_prior_banking_fees,dropped_prior_deposit_interest_revenue,dropped_prior_total_revenue,one_month_revenue_company_dropout_pct,one_month_gross_revenue_dropout_pct
2025-11-01,ALL,business,initial_plan,28,25,3,50,0,0.00000000000000000000,1219.45155582925844833000,398.00000000000000000000,185.02885769369861670951,1802.48041352295706503951,0.00000000000000000000,436.16156492177549000000,4.00000000000000000000,3.88982992876712270000,444.05139485054261270000,10.71,24.64
2025-11-01,ALL,free,initial_plan,408,391,17,921,0,0.00000000000000000000,2284.29594601270553887600,7688.00000000000000000000,1159.89368328273968996608,11132.18962929544522884208,0.00000000000000000000,318.85442769954908614000,500.00000000000000000000,10.63402746904109539920,829.48845516859018153920,4.17,7.45
2025-11-01,ALL,plus,initial_plan,210,199,11,361,0,146.30208333200000000000,3487.93497582367831999000,4306.68000000000000000000,665.78803301863010842483,8606.70509217430842841483,0.00000000000000000000,317.61315387485923080000,0.00000000000000000000,4.83098832273972623800,322.44414219759895703800,5.24,3.75
2025-11-01,ALL,start,initial_plan,547,537,10,1094,0,444.70900537700000000000,4839.88583439878039110400,6779.06000000000000000000,1999.85228985534244199101,14063.50712963112283309501,9.62500000000000000000,22.44780734497440772000,118.00000000000000000000,5.65393060493150741772,155.72673794990591513772,1.83,1.11
2025-11-01,ALL,ALL,overall,1193,1152,41,2426,0,591.01108870900000000000,11831.56831206442269830000,19171.74000000000000000000,4010.56286385041085709143,35604.88226462383355539143,9.62500000000000000000,1095.07695384115821466000,622.00000000000000000000,25.00877632547945175492,1751.71073016663766641492,3.44,4.92
2025-11-01,Automobile_Trade_Repair,ALL,persona,53,53,0,93,0,16.87500000000000000000,2482.76418829728949583000,840.00000000000000000000,146.87505948438355842006,3486.51424778167305425006,,,,,,0.0,
2025-11-01,BTP,ALL,persona,239,228,11,450,0,72.03125000000000000000,3541.44714571629516714300,1590.00000000000000000000,1872.14339214904106296468,7075.62178786533623010768,0.00000000000000000000,544.86360859149804400000,122.00000000000000000000,12.83846229260273878530,679.70207088410078278530,4.6,9.61
2025-11-01,Bankers_Insurance,ALL,persona,15,14,1,32,0,20.46875000000000000000,252.53642193246836006000,419.06000000000000000000,27.94756988657533891220,720.01274181904369897220,0.00000000000000000000,0.00000000000000000000,0.00000000000000000000,0.04045945205479451600,0.04045945205479451600,6.67,0.01
2025-11-01,Bikers_Drivers,ALL,persona,99,92,7,155,0,30.46875000000000000000,1167.39876211141362225300,1666.00000000000000000000,124.13683208493150411050,2988.00434419634512636350,0.00000000000000000000,259.75490230221020084000,240.00000000000000000000,2.28003526904109604632,502.03493757125129688632,7.07,16.8
2025-11-01,Cleaning_CallCenters,ALL,persona,6,6,0,16,0,0.00000000000000000000,0.00000000000000000000,138.00000000000000000000,11.24100030520547723484,149.24100030520547723484,,,,,,0.0,
2025-11-01,Consultant,ALL,persona,202,197,5,436,0,168.32358871000000000000,807.83394392028917436100,3388.00000000000000000000,695.37149882191778081683,5059.52903145220695517783,9.62500000000000000000,6.95081122441054160000,0.00000000000000000000,0.75191998684931496520,17.32773121125985656520,2.48,0.34
2025-11-01,Developer_IT,ALL,persona,90,84,6,230,0,103.79166666600000000000,403.73032400499453243000,2618.00000000000000000000,158.77933978410959184440,3284.30133045510412427440,0.00000000000000000000,8.25724743531012530000,138.00000000000000000000,0.58163861041095895880,146.83888604572108425880,6.67,4.47
2025-11-01,Media_Publishing,ALL,persona,34,32,2,89,0,26.37500000000000000000,194.73845406206524177000,256.00000000000000000000,233.77246200821916928265,710.88591607028441105265,0.00000000000000000000,0.00000000000000000000,118.00000000000000000000,4.85823649315068550000,122.85823649315068550000,5.88,17.28
2025-11-01,Medical_Professionals,ALL,persona,14,14,0,29,0,0.00000000000000000000,7.02409007870888260000,4.00000000000000000000,14.73797814027397225943,25.76206821898285485943,,,,,,0.0,
2025-11-01,Others,ALL,persona,191,185,6,359,0,38.37500000000000000000,1564.47165264189053427300,3090.00000000000000000000,278.09799848767121263556,4970.94465112956174690856,0.00000000000000000000,128.27980979803950292000,4.00000000000000000000,2.28723737205479450330,134.56704717009429742330,3.14,2.71
2025-11-01,Professeur,ALL,persona,34,34,0,74,0,17.15625000000000000000,32.95733241993773031000,122.00000000000000000000,35.11840073863013507550,207.23198315856786538550,,,,,,0.0,
2025-11-01,Repair,ALL,persona,8,8,0,15,0,7.21875000000000000000,160.49577944514755671000,4.00000000000000000000,5.39412137863013733280,177.10865082377769404280,,,,,,0.0,
2025-11-01,Repair_Installation,ALL,persona,0,0,0,9,0,,,,,,,,,,,,
2025-11-01,Restauration,ALL,persona,28,27,1,59,0,8.75000000000000000000,224.73137415774967698000,897.34000000000000000000,86.57598201369863055890,1217.39735617144830753890,0.00000000000000000000,0.00000000000000000000,0.00000000000000000000,0.74163287671232880000,0.74163287671232880000,3.57,0.06
2025-11-01,Retail,ALL,persona,157,155,2,319,0,64.86458333300000000000,896.90945574952166740000,3863.34000000000000000000,251.35046619780821480562,5076.46450528032988220562,0.00000000000000000000,146.97057448968980000000,0.00000000000000000000,0.62915397260273968000,147.59972846229253968000,1.27,2.91
2025-11-01,Wholesale,ALL,persona,23,23,0,61,0,16.31250000000000000000,94.52938752665105618000,276.00000000000000000000,69.02076236931507083746,455.86264989596612701746,,,,,,0.0,
2025-11-01,Automobile_Trade_Repair,business,persona_x_initial_plan,5,5,0,5,0,0.00000000000000000000,115.10495104322153423000,0.00000000000000000000,14.43951172602739678680,129.54446276924893101680,,,,,,0.0,
2025-11-01,Automobile_Trade_Repair,free,persona_x_initial_plan,15,15,0,29,0,0.00000000000000000000,155.92155986880653430000,264.00000000000000000000,36.85969401753424962486,456.78125388634078392486,,,,,,0.0,
2025-11-01,Automobile_Trade_Repair,plus,persona_x_initial_plan,11,11,0,27,0,16.87500000000000000000,302.65077066863400030000,138.00000000000000000000,71.67619202958903548200,529.20196269822303578200,,,,,,0.0,
2025-11-01,Automobile_Trade_Repair,start,persona_x_initial_plan,22,22,0,32,0,0.00000000000000000000,1909.08690671662742700000,438.00000000000000000000,23.89966171123287652640,2370.98656842786030352640,,,,,,0.0,
2025-11-01,BTP,business,persona_x_initial_plan,8,7,1,12,0,0.00000000000000000000,669.85667136297194200000,0.00000000000000000000,74.03988364493149735000,743.89655500790343935000,0.00000000000000000000,165.55306091942072000000,0.00000000000000000000,1.95041495890410910000,167.50347587832482910000,12.5,22.52
2025-11-01,BTP,free,persona_x_initial_plan,73,69,4,146,0,0.00000000000000000000,863.72852959903144439300,540.00000000000000000000,654.23399662904107805090,2057.96252622807252244390,0.00000000000000000000,150.53319340016029000000,122.00000000000000000000,7.79800684054794456650,280.33120024070823456650,5.48,13.62
2025-11-01,BTP,plus,persona_x_initial_plan,67,63,4,94,0,5.62500000000000000000,1436.89313033541545307000,378.00000000000000000000,293.75983710739724207613,2114.27796744281269514613,0.00000000000000000000,228.77735427191703400000,0.00000000000000000000,3.04581254794520567100,231.82316681986223967100,5.97,10.96
2025-11-01,BTP,start,persona_x_initial_plan,91,89,2,198,0,66.40625000000000000000,570.96881441887632768000,672.00000000000000000000,850.10967476767124548765,2159.48473918654757316765,0.00000000000000000000,0.00000000000000000000,0.00000000000000000000,0.04422794520547944780,0.04422794520547944780,2.2,0.0
2025-11-01,Bankers_Insurance,business,persona_x_initial_plan,0,0,0,0,0,,,,,,,,,,,,
2025-11-01,Bankers_Insurance,free,persona_x_initial_plan,8,7,1,20,0,0.00000000000000000000,0.00000000000000000000,276.00000000000000000000,23.11712315013698272220,299.11712315013698272220,0.00000000000000000000,0.00000000000000000000,0.00000000000000000000,0.04045945205479451600,0.04045945205479451600,12.5,0.01
2025-11-01,Bankers_Insurance,plus,persona_x_initial_plan,0,0,0,0,0,,,,,,,,,,,,
2025-11-01,Bankers_Insurance,start,persona_x_initial_plan,7,7,0,12,0,20.46875000000000000000,252.53642193246836006000,143.06000000000000000000,4.83044673643835619000,420.89561866890671625000,,,,,,0.0,
2025-11-01,Bikers_Drivers,business,persona_x_initial_plan,5,5,0,6,0,0.00000000000000000000,87.70934475144056100000,138.00000000000000000000,71.47720615506849267970,297.18655090650905367970,,,,,,0.0,
2025-11-01,Bikers_Drivers,free,persona_x_initial_plan,35,33,2,56,0,0.00000000000000000000,222.78137949479908834000,760.00000000000000000000,18.06228800602739666702,1000.84366750082648500702,0.00000000000000000000,160.06398686407867084000,122.00000000000000000000,1.62453746684931525850,283.68852433092798609850,5.71,28.34
2025-11-01,Bikers_Drivers,plus,persona_x_initial_plan,26,23,3,32,0,16.25000000000000000000,617.12767549788502549000,118.00000000000000000000,23.78432826739725852490,775.16200376528228401490,0.00000000000000000000,84.98884021604921200000,0.00000000000000000000,0.53497007616438350920,85.52381029221359550920,11.54,11.03
2025-11-01,Bikers_Drivers,start,persona_x_initial_plan,33,31,2,61,0,14.21875000000000000000,239.78036236728894742300,650.00000000000000000000,10.81300965643835623888,914.81212202372730366188,0.00000000000000000000,14.70207522208231800000,118.00000000000000000000,0.12052772602739727862,132.82260294810971527862,6.06,14.52
2025-11-01,Cleaning_CallCenters,business,persona_x_initial_plan,0,0,0,1,0,,,,,,,,,,,,
2025-11-01,Cleaning_CallCenters,free,persona_x_initial_plan,4,4,0,5,0,0.00000000000000000000,0.00000000000000000000,138.00000000000000000000,1.62245045698630113484,139.62245045698630113484,,,,,,0.0,
2025-11-01,Cleaning_CallCenters,plus,persona_x_initial_plan,0,0,0,4,0,,,,,,,,,,,,
2025-11-01,Cleaning_CallCenters,start,persona_x_initial_plan,2,2,0,6,0,0.00000000000000000000,0.00000000000000000000,0.00000000000000000000,9.61854984821917610000,9.61854984821917610000,,,,,,0.0,
2025-11-01,Consultant,business,persona_x_initial_plan,2,2,0,5,0,0.00000000000000000000,0.00000000000000000000,0.00000000000000000000,4.81070023616438436301,4.81070023616438436301,,,,,,0.0,
2025-11-01,Consultant,free,persona_x_initial_plan,80,77,3,184,0,0.00000000000000000000,260.70444103746833117300,2062.00000000000000000000,160.75720237369861890528,2483.46164341116695007828,0.00000000000000000000,0.00000000000000000000,0.00000000000000000000,0.42742635945205473520,0.42742635945205473520,3.75,0.02
2025-11-01,Consultant,plus,persona_x_initial_plan,15,15,0,41,0,17.50000000000000000000,123.16442603235815640000,142.00000000000000000000,48.40949322410959713040,331.07391925646775353040,,,,,,0.0,
2025-11-01,Consultant,start,persona_x_initial_plan,105,103,2,206,0,150.82358871000000000000,423.96507685046268678800,1184.00000000000000000000,481.39410298794518041814,2240.18276854840786720614,9.62500000000000000000,6.95081122441054160000,0.00000000000000000000,0.32449362739726023000,16.90030485180780183000,1.9,0.75
2025-11-01,Developer_IT,business,persona_x_initial_plan,0,0,0,4,0,,,,,,,,,,,,
2025-11-01,Developer_IT,free,persona_x_initial_plan,35,31,4,99,0,0.00000000000000000000,22.08577237391380847000,816.00000000000000000000,67.86026224273973093470,905.94603461665353940470,0.00000000000000000000,8.25724743531012530000,138.00000000000000000000,0.30299811726027400300,146.56024555257039930300,11.43,16.18
2025-11-01,Developer_IT,plus,persona_x_initial_plan,13,12,1,14,0,48.38541666600000000000,168.05071470680476960000,276.00000000000000000000,16.68922552547945126180,509.12535689828422086180,0.00000000000000000000,0.00000000000000000000,0.00000000000000000000,0.00384597260273972580,0.00384597260273972580,7.69,0.0
2025-11-01,Developer_IT,start,persona_x_initial_plan,42,41,1,113,0,55.40625000000000000000,213.59383692427595436000,1526.00000000000000000000,74.22985201589040964790,1869.22993894016636400790,0.00000000000000000000,0.00000000000000000000,0.00000000000000000000,0.27479452054794523000,0.27479452054794523000,2.38,0.01
2025-11-01,Media_Publishing,business,persona_x_initial_plan,0,0,0,1,0,,,,,,,,,,,,
2025-11-01,Media_Publishing,free,persona_x_initial_plan,15,14,1,45,0,0.00000000000000000000,0.80083658888885267000,256.00000000000000000000,8.37711434958903961299,265.17795093847789228299,0.00000000000000000000,0.00000000000000000000,118.00000000000000000000,0.04837347945205480000,118.04837347945205480000,6.67,44.52
2025-11-01,Media_Publishing,plus,persona_x_initial_plan,1,1,0,7,0,0.00000000000000000000,26.91862734335986900000,0.00000000000000000000,59.69368183780821400000,86.61230918116808300000,,,,,,0.0,
2025-11-01,Media_Publishing,start,persona_x_initial_plan,18,17,1,36,0,26.37500000000000000000,167.01899012981652010000,0.00000000000000000000,165.70166582082191566966,359.09565595063843576966,0.00000000000000000000,0.00000000000000000000,0.00000000000000000000,4.80986301369863070000,4.80986301369863070000,5.56,1.34
2025-11-01,Medical_Professionals,free,persona_x_initial_plan,5,5,0,13,0,0.00000000000000000000,1.28789509909026000000,4.00000000000000000000,3.37116048712328764900,8.65905558621354764900,,,,,,0.0,
2025-11-01,Medical_Professionals,plus,persona_x_initial_plan,1,1,0,1,0,0.00000000000000000000,0.00000000000000000000,0.00000000000000000000,0.02746849315068492600,0.02746849315068492600,,,,,,0.0,
2025-11-01,Medical_Professionals,start,persona_x_initial_plan,8,8,0,15,0,0.00000000000000000000,5.73619497961862260000,0.00000000000000000000,11.33934915999999968443,17.07554413961862228443,,,,,,0.0,
2025-11-01,Others,business,persona_x_initial_plan,6,5,1,7,0,0.00000000000000000000,199.81001418193461110000,260.00000000000000000000,18.14254948328766763000,477.95256366522227873000,0.00000000000000000000,123.63792951266497000000,4.00000000000000000000,1.33224017534246570000,128.97016968800743570000,16.67,26.98
2025-11-01,Others,free,persona_x_initial_plan,59,58,1,129,0,0.00000000000000000000,466.25487569216967860000,1146.00000000000000000000,94.97696213369862428093,1707.23183782586830288093,0.00000000000000000000,0.00000000000000000000,0.00000000000000000000,0.37024657534246574000,0.37024657534246574000,1.69,0.02
2025-11-01,Others,plus,persona_x_initial_plan,34,32,2,63,0,0.00000000000000000000,304.64676862761222875000,778.00000000000000000000,35.64808926136985607427,1118.29485788898208482427,0.00000000000000000000,3.84695938689298480000,0.00000000000000000000,0.50472684931506853200,4.35168623620805333200,5.88,0.39
2025-11-01,Others,start,persona_x_initial_plan,92,90,2,160,0,38.37500000000000000000,593.75999414017401582300,906.00000000000000000000,129.33039760931506465036,1667.46539174948908047336,0.00000000000000000000,0.79492089848154812000,0.00000000000000000000,0.08002377205479453130,0.87494467053634265130,2.17,0.05
2025-11-01,Professeur,business,persona_x_initial_plan,0,0,0,0,0,,,,,,,,,,,,
2025-11-01,Professeur,free,persona_x_initial_plan,12,12,0,38,0,0.00000000000000000000,1.09287098408516360000,122.00000000000000000000,5.17652300876712264650,128.26939399285228624650,,,,,,0.0,
2025-11-01,Professeur,plus,persona_x_initial_plan,1,1,0,7,0,0.00000000000000000000,0.00000000000000000000,0.00000000000000000000,0.54936986301369872000,0.54936986301369872000,,,,,,0.0,
2025-11-01,Professeur,start,persona_x_initial_plan,21,21,0,29,0,17.15625000000000000000,31.86446143585256671000,0.00000000000000000000,29.39250786684931370900,78.41321930270188041900,,,,,,0.0,
2025-11-01,Repair,business,persona_x_initial_plan,0,0,0,0,0,,,,,,,,,,,,
2025-11-01,Repair,free,persona_x_initial_plan,3,3,0,7,0,0.00000000000000000000,133.81062820444026381000,4.00000000000000000000,0.73355484657534239280,138.54418305101560620280,,,,,,0.0,
2025-11-01,Repair,plus,persona_x_initial_plan,1,1,0,0,0,0.00000000000000000000,17.63248993271501100000,0.00000000000000000000,0.16855051123287673000,17.80104044394788773000,,,,,,0.0,
2025-11-01,Repair,start,persona_x_initial_plan,4,4,0,8,0,7.21875000000000000000,9.05266130799228190000,0.00000000000000000000,4.49201602082191821000,20.76342732881420011000,,,,,,0.0,
2025-11-01,Repair_Installation,business,persona_x_initial_plan,0,0,0,0,0,,,,,,,,,,,,
2025-11-01,Repair_Installation,free,persona_x_initial_plan,0,0,0,3,0,,,,,,,,,,,,
2025-11-01,Repair_Installation,plus,persona_x_initial_plan,0,0,0,1,0,,,,,,,,,,,,
2025-11-01,Repair_Installation,start,persona_x_initial_plan,0,0,0,5,0,,,,,,,,,,,,
2025-11-01,Restauration,business,persona_x_initial_plan,0,0,0,0,0,,,,,,,,,,,,
2025-11-01,Restauration,free,persona_x_initial_plan,9,9,0,20,0,0.00000000000000000000,22.73887515861309645000,118.00000000000000000000,24.43874903890410470930,165.17762419751720115930,,,,,,0.0,
2025-11-01,Restauration,plus,persona_x_initial_plan,12,11,1,8,0,8.75000000000000000000,199.16391867337249293000,543.34000000000000000000,55.03192305315069157260,806.28584172652318450260,0.00000000000000000000,0.00000000000000000000,0.00000000000000000000,0.74163287671232880000,0.74163287671232880000,8.33,0.09
2025-11-01,Restauration,start,persona_x_initial_plan,7,7,0,31,0,0.00000000000000000000,2.82858032576408760000,236.00000000000000000000,7.10530992164383427700,245.93389024740792187700,,,,,,0.0,
2025-11-01,Retail,business,persona_x_initial_plan,1,0,1,5,0,0.00000000000000000000,146.97057448968980000000,0.00000000000000000000,0.60717479452054790000,147.57774928421034790000,0.00000000000000000000,146.97057448968980000000,0.00000000000000000000,0.60717479452054790000,147.57774928421034790000,100.0,100.0
2025-11-01,Retail,free,persona_x_initial_plan,49,48,1,109,0,0.00000000000000000000,115.74830174185948007000,906.00000000000000000000,54.33829257041096083500,1076.08659431227044090500,0.00000000000000000000,0.00000000000000000000,0.00000000000000000000,0.02197917808219178000,0.02197917808219178000,2.04,0.0
2025-11-01,Retail,plus,persona_x_initial_plan,25,25,0,45,0,32.91666666600000000000,260.77697162735507035000,1933.34000000000000000000,57.69995055068492676673,2284.73358884403999711673,,,,,,0.0,
2025-11-01,Retail,start,persona_x_initial_plan,82,82,0,160,0,31.94791666700000000000,373.41360789061731698000,1024.00000000000000000000,138.70504828219177930389,1568.06657283980909628389,,,,,,0.0,
2025-11-01,Wholesale,business,persona_x_initial_plan,1,1,0,4,0,0.00000000000000000000,0.00000000000000000000,0.00000000000000000000,1.51183165369863000000,1.51183165369863000000,,,,,,0.0,
2025-11-01,Wholesale,free,persona_x_initial_plan,6,6,0,18,0,0.00000000000000000000,17.33998016953953700000,276.00000000000000000000,5.96830997150684979976,299.30829014104638679976,,,,,,0.0,
2025-11-01,Wholesale,plus,persona_x_initial_plan,3,3,0,17,0,0.00000000000000000000,30.90948237816624310000,0.00000000000000000000,2.64992329424657516000,33.55940567241281826000,,,,,,0.0,
2025-11-01,Wholesale,start,persona_x_initial_plan,13,13,0,22,0,16.31250000000000000000,46.27992497894527608000,0.00000000000000000000,58.89069744986301587770,121.48312242880829195770,,,,,,0.0,
2025-12-01,ALL,business,initial_plan,75,68,7,65,0,3619.00000000000000000000,4786.56935064272591618000,152.40000000000000000000,784.50781635068504564810,9342.47716699341096182810,320.00000000000000000000,1387.29229714655518900000,4.00000000000000000000,12.27960072109589134600,1723.57189786765108034600,9.33,18.45
2025-12-01,ALL,free,initial_plan,1312,1259,53,1125,3,84.19115384600000000000,7442.99876221498299673827,13668.46000000000000020000,12622.94839442410960030038,33818.59831048509259723865,0.00000000000000000000,40.93149396876069717800,634.00000000000000000000,36.65094507945205774076,711.58243904821275491876,4.04,2.1
2025-12-01,ALL,plus,initial_plan,560,531,29,355,1,6601.70197772199999800000,15737.88475725414271707930,1629.59999999999999994000,4605.92469757150723350566,28575.11143254764994852496,339.90000000000000000000,648.04184443019454734000,118.00000000000000000000,29.23622881095890596689,1135.17807324115345330689,5.18,3.97
2025-12-01,ALL,start,initial_plan,1631,1590,41,1150,2,10419.70336151200000000000,15257.95220922099796768400,13812.02000000000000000000,12634.91342015232961250460,52124.58899088532758018860,256.00000000000000000000,440.57542576429045538000,121.62000000000000000000,37.98230152657533977141,856.17772729086579515141,2.51,1.64
2025-12-01,ALL,ALL,overall,3578,3448,130,2695,6,20724.59649307999999800000,43225.40507933284959768157,29262.48000000000000014000,30648.29432849863149195874,123860.77590091148108778031,915.90000000000000000000,2516.84106130980088889800,877.62000000000000000000,116.14907613808219482506,4426.51013744788308372306,3.63,3.57
2025-12-01,Automobile_Trade_Repair,ALL,persona,146,138,8,121,0,1385.74193548400000000000,3390.58576062986539014900,309.54000000000000000000,808.41856463397264077705,5894.28626074783803092605,138.00000000000000000000,4.30413512813293260000,4.00000000000000000000,3.25991967616438397480,149.56405480429731657480,5.48,2.54
2025-12-01,BTP,ALL,persona,678,659,19,461,0,4798.18491879800000000000,14494.74703644854786179000,2620.70000000000000000000,15537.75226881369932051137,37451.38422406024718230137,177.90000000000000000000,126.40523941234180378800,259.62000000000000000000,24.17238779506849319107,588.09762720741029697907,2.8,1.57
2025-12-01,Bankers_Insurance,ALL,persona,46,44,2,39,1,116.51612903200000000000,151.33473818470121200000,620.36000000000000000000,427.33573177863014567830,1315.54659899533135767830,9.00000000000000000000,2.35894436371497700000,138.00000000000000000000,0.25681095890410959000,149.61575532261908659000,4.35,11.37
2025-12-01,Bikers_Drivers,ALL,persona,247,225,22,150,1,2002.86838709700000000000,4133.43532116186167386200,1703.12000000000000000000,517.92368170082194979795,8357.34738995968362365995,252.00000000000000000000,515.33909200773283860000,354.00000000000000000000,24.70507387342466363011,1146.04416588115750223011,8.91,13.71
2025-12-01,Cleaning_CallCenters,ALL,persona,22,22,0,10,0,133.00000000000000000000,75.39376649348357430000,374.00000000000000000000,39.07870241643835880958,621.47246890992193310958,,,,,,0.0,
2025-12-01,Consultant,ALL,persona,633,621,12,458,2,2799.11375377299999800000,4488.78689756426592446900,6362.46000000000000000000,5746.85230113205492930723,19397.21295246932085177623,42.00000000000000000000,7.50144307661362620000,0.00000000000000000000,7.81032189589041114381,57.31176497250403734381,1.9,0.3
2025-12-01,Developer_IT,ALL,persona,314,302,12,230,0,1835.15397849400000000000,3092.08563280238542738900,4504.90000000000000040000,1782.79074285041112644077,11214.93035414679655422977,91.00000000000000000000,1409.76456220671149700000,118.00000000000000000000,17.17377470904109381900,1635.93833691575259081900,3.82,14.59
2025-12-01,Media_Publishing,ALL,persona,121,118,3,107,1,394.71548387200000000000,1122.09438988983607271200,1440.66000000000000000000,1183.99524710849326024180,4141.46512087032933295380,11.00000000000000000000,0.00000000000000000000,0.00000000000000000000,0.69847214301369865000,11.69847214301369865000,2.48,0.28
2025-12-01,Medical_Professionals,ALL,persona,43,43,0,28,0,177.58064516100000000000,90.88221950190411337000,4.00000000000000000000,196.81634630630137362200,469.27921096920548699200,,,,,,0.0,
2025-12-01,Others,ALL,persona,544,522,22,453,0,3146.47440860100000000000,4828.38805931297576697457,2651.11999999999999994000,1728.73721478191787067940,12354.71968269589363759397,92.00000000000000000000,387.95085426853806610000,0.00000000000000000000,6.28954115013698660041,486.24039541867505270041,4.04,3.94
2025-12-01,Professeur,ALL,persona,108,103,5,83,0,315.38384615400000000000,634.94017482371323070000,521.54000000000000000000,240.13799046575342743440,1712.00201144346665813440,0.00000000000000000000,15.54588019843053140000,0.00000000000000000000,2.84408454794520630402,18.38996474637573770402,4.63,1.07
2025-12-01,Repair,ALL,persona,23,21,2,19,0,80.00000000000000000000,52.24820629093715749000,122.00000000000000000000,39.82613630136986891863,294.07434259230702640863,0.00000000000000000000,0.00000000000000000000,0.00000000000000000000,0.00157910136986301413,0.00157910136986301413,8.7,0.0
2025-12-01,Repair_Installation,ALL,persona,9,9,0,4,0,26.00000000000000000000,75.58174814877871792000,138.00000000000000000000,34.38173783999999924600,273.96348598877871716600,,,,,,0.0,
2025-12-01,Restauration,ALL,persona,86,82,4,81,1,458.84365591400000000000,1053.44443470115769602000,1312.81999999999999940000,310.99119420109590246080,3136.09928481625359788080,0.00000000000000000000,4.48884396654420590000,4.00000000000000000000,0.39264976712328767300,8.88149373366749357300,4.65,0.28
2025-12-01,Retail,ALL,persona,474,458,16,385,0,2447.89031844200000000000,4605.51254427441259224900,5731.26000000000000040000,1505.64248106684940025699,14290.30534378326199290599,81.00000000000000000000,42.91996175173874624000,0.00000000000000000000,26.98137766136986017551,150.90133941310860641551,3.38,1.06
2025-12-01,Wholesale,ALL,persona,84,81,3,66,0,607.12903225800000000000,935.94414910402318628700,846.00000000000000000000,547.61398710082191777647,2936.68716846284510406347,22.00000000000000000000,0.26210492930166407000,0.00000000000000000000,1.56308285863013705920,23.82518778793180112920,3.57,0.81
2025-12-01,Automobile_Trade_Repair,business,persona_x_initial_plan,10,8,2,4,0,579.00000000000000000000,299.36890257350930100000,5.54000000000000000000,74.70481821150685140775,958.61372078501615240775,80.00000000000000000000,4.24959458707764700000,4.00000000000000000000,1.80356481260274003400,90.05315939968038703400,20.0,9.39
2025-12-01,Automobile_Trade_Repair,free,persona_x_initial_plan,44,42,2,29,0,0.00000000000000000000,865.27721086342497533600,166.00000000000000000000,147.71870912164384224610,1178.99591998506881758210,0.00000000000000000000,0.00000000000000000000,0.00000000000000000000,0.07597102904109589600,0.07597102904109589600,4.55,0.01
2025-12-01,Automobile_Trade_Repair,plus,persona_x_initial_plan,38,37,1,25,0,490.00000000000000000000,1573.89968911849291077300,138.00000000000000000000,434.30038750027398505750,2636.20007661876689583050,25.00000000000000000000,0.05454054105528560000,0.00000000000000000000,0.00155818630136986290,25.05609872735665546290,2.63,0.95
2025-12-01,Automobile_Trade_Repair,start,persona_x_initial_plan,54,51,3,63,0,316.74193548400000000000,652.03995807443820304000,0.00000000000000000000,151.69464980054796206570,1120.47654335898616510570,33.00000000000000000000,0.00000000000000000000,0.00000000000000000000,1.37882564821917818190,34.37882564821917818190,5.56,3.07
2025-12-01,BTP,business,persona_x_initial_plan,19,18,1,21,0,880.00000000000000000000,1901.67115900896068990000,0.00000000000000000000,356.26058168164392402570,3137.93174069060461392570,80.00000000000000000000,19.36331617807559600000,0.00000000000000000000,0.24112660054794521000,99.60444277862354121000,5.26,3.17
2025-12-01,BTP,free,persona_x_initial_plan,215,211,4,175,0,10.50000000000000000000,2093.89719824519727365800,1270.00000000000000000000,7688.66875809424643061229,11063.06595633944370427029,0.00000000000000000000,0.08266789470174484800,138.00000000000000000000,2.73445413095890414700,140.81712202566064899500,1.86,1.27
2025-12-01,BTP,plus,persona_x_initial_plan,157,149,8,96,0,2067.25161290200000000000,5746.73262077132095930200,259.08000000000000000000,2111.18784057150710783201,10184.25207424482806713401,64.90000000000000000000,21.43162112251893194000,118.00000000000000000000,7.29041232219178190647,211.62203344471071384647,5.1,2.08
2025-12-01,BTP,start,persona_x_initial_plan,287,281,6,169,0,1840.43330589600000000000,4752.44605842306893893000,1091.62000000000000000000,5381.63508846630185804137,13066.13445278537079697137,33.00000000000000000000,85.52763421704553100000,3.62000000000000000000,13.90639474136986192760,136.05402895841539292760,2.09,1.04
2025-12-01,Bankers_Insurance,business,persona_x_initial_plan,0,0,0,0,0,,,,,,,,,,,,
2025-12-01,Bankers_Insurance,free,persona_x_initial_plan,27,26,1,26,1,0.00000000000000000000,46.23899647148571470000,414.00000000000000000000,179.23737405643836540830,639.47637052792408010830,0.00000000000000000000,0.00000000000000000000,138.00000000000000000000,0.03710136986301370000,138.03710136986301370000,3.7,21.59
2025-12-01,Bankers_Insurance,plus,persona_x_initial_plan,0,0,0,3,0,,,,,,,,,,,,
2025-12-01,Bankers_Insurance,start,persona_x_initial_plan,19,18,1,10,0,116.51612903200000000000,105.09574171321549730000,206.36000000000000000000,248.09835772219178027000,676.07022846740727757000,9.00000000000000000000,2.35894436371497700000,0.00000000000000000000,0.21970958904109589000,11.57865395275607289000,5.26,1.71
2025-12-01,Bikers_Drivers,business,persona_x_initial_plan,11,9,2,5,0,640.00000000000000000000,548.83947438924252278000,0.86000000000000000000,50.17079198520547961970,1239.87026637444800239970,80.00000000000000000000,13.96131611150634600000,0.00000000000000000000,4.04364880602739810200,98.00496491753374410200,18.18,7.9
2025-12-01,Bikers_Drivers,free,persona_x_initial_plan,89,81,8,60,1,0.00000000000000000000,617.86199426126122303300,1182.00000000000000000000,189.93128464219179227870,1989.79327890345301531170,0.00000000000000000000,0.81776737942119193000,354.00000000000000000000,9.51962833369863383521,364.33739571311982576521,8.99,18.31
2025-12-01,Bikers_Drivers,plus,persona_x_initial_plan,55,47,8,24,0,773.23333333300000000000,2472.07175182945918711000,0.26000000000000000000,166.57366803506851323525,3412.13875319752770034525,150.00000000000000000000,498.76929016615437840000,0.00000000000000000000,9.37417364164383690350,658.14346380779821530350,14.55,19.29
2025-12-01,Bikers_Drivers,start,persona_x_initial_plan,92,88,4,61,0,589.63505376400000000000,494.66210068189874093900,520.00000000000000000000,111.24793703835616466430,1715.54509148425490560330,22.00000000000000000000,1.79071835065092227000,0.00000000000000000000,1.76762309205479478940,25.55834144270571705940,4.35,1.49
2025-12-01,Cleaning_CallCenters,business,persona_x_initial_plan,1,1,0,0,0,80.00000000000000000000,0.00000000000000000000,0.00000000000000000000,0.08898060273972602200,80.08898060273972602200,,,,,,0.0,
2025-12-01,Cleaning_CallCenters,free,persona_x_initial_plan,9,9,0,3,0,0.00000000000000000000,0.26280387577980180000,236.00000000000000000000,7.75075174575342400018,244.01355562153322580018,,,,,,0.0,
2025-12-01,Cleaning_CallCenters,plus,persona_x_initial_plan,4,4,0,3,0,0.00000000000000000000,10.32518684829021900000,0.00000000000000000000,0.11105704109589042140,10.43624388938610942140,,,,,,0.0,
2025-12-01,Cleaning_CallCenters,start,persona_x_initial_plan,8,8,0,4,0,53.00000000000000000000,64.80577576941355350000,138.00000000000000000000,31.12791302684931836600,286.93368879626287186600,,,,,,0.0,
2025-12-01,Consultant,business,persona_x_initial_plan,7,6,1,4,0,240.00000000000000000000,85.49312023995510400000,0.00000000000000000000,10.27220565479452052025,335.76532589474962452025,0.00000000000000000000,0.00000000000000000000,0.00000000000000000000,0.68794630136986300000,0.68794630136986300000,14.29,0.2
2025-12-01,Consultant,free,persona_x_initial_plan,261,254,7,221,1,2.86000000000000000000,1076.45055508131564677700,3540.80000000000000000000,2422.09452297589051592727,7042.20507805720616270427,0.00000000000000000000,7.50144307661362620000,0.00000000000000000000,5.54947800547945202200,13.05092108209307822200,2.68,0.19
2025-12-01,Consultant,plus,persona_x_initial_plan,56,56,0,28,0,609.15789170399999800000,1290.75361388115273928400,512.00000000000000000000,562.33464765424656099720,2974.24615323939929828120,,,,,,0.0,
2025-12-01,Consultant,start,persona_x_initial_plan,309,305,4,205,1,1947.09586206900000000000,2036.08960836184243440800,2309.66000000000000000000,2752.15092484712333186251,9044.99639527796576627051,42.00000000000000000000,0.00000000000000000000,0.00000000000000000000,1.57289758904109612181,43.57289758904109612181,1.29,0.48
2025-12-01,Developer_IT,business,persona_x_initial_plan,4,3,1,0,0,320.00000000000000000000,1351.03360985738455880000,0.00000000000000000000,15.66935465260273909300,1686.70296450998729789300,80.00000000000000000000,1349.71807026989560000000,0.00000000000000000000,5.50331420054794500000,1435.22138447044354500000,25.0,85.09
2025-12-01,Developer_IT,free,persona_x_initial_plan,130,123,7,101,0,20.84000000000000000000,388.91348878975050834300,2282.40000000000000040000,662.45278086684937124455,3354.60626965659987998755,0.00000000000000000000,0.00000000000000000000,0.00000000000000000000,10.86084657972602559400,10.86084657972602559400,5.38,0.32
2025-12-01,Developer_IT,plus,persona_x_initial_plan,26,26,0,13,0,388.23333333300000000000,560.43111730859450673000,147.76000000000000000000,439.00947821534254131660,1535.43392885693704804660,,,,,,0.0,
2025-12-01,Developer_IT,start,persona_x_initial_plan,154,150,4,116,0,1106.08064516100000000000,791.70741684665585351600,2074.74000000000000000000,665.65912911561647478662,4638.18719112327232830262,11.00000000000000000000,60.04649193681589700000,118.00000000000000000000,0.80961392876712322500,189.85610586558302022500,2.6,4.09
2025-12-01,Media_Publishing,business,persona_x_initial_plan,1,1,0,1,0,0.00000000000000000000,0.00000000000000000000,138.00000000000000000000,0.06950756164383561900,138.06950756164383561900,,,,,,0.0,
2025-12-01,Media_Publishing,free,persona_x_initial_plan,59,59,0,55,0,2.62000000000000000000,174.80151671493779844000,528.00000000000000000000,85.17091275835616441940,790.59242947329396285940,,,,,,0.0,
2025-12-01,Media_Publishing,plus,persona_x_initial_plan,8,7,1,7,0,25.00000000000000000000,219.60826701074754000000,0.00000000000000000000,65.19727614849316790300,309.80554315924070790300,0.00000000000000000000,0.00000000000000000000,0.00000000000000000000,0.47461680054794525000,0.47461680054794525000,12.5,0.15
2025-12-01,Media_Publishing,start,persona_x_initial_plan,53,51,2,44,1,367.09548387200000000000,727.68460616415073427200,774.66000000000000000000,1033.55755064000009230040,2902.99764067615082657240,11.00000000000000000000,0.00000000000000000000,0.00000000000000000000,0.22385534246575340000,11.22385534246575340000,3.77,0.39
2025-12-01,Medical_Professionals,free,persona_x_initial_plan,18,18,0,11,0,0.00000000000000000000,8.50881716189164190000,4.00000000000000000000,71.56383258684931247000,84.07264974874095437000,,,,,,0.0,
2025-12-01,Medical_Professionals,plus,persona_x_initial_plan,2,2,0,3,0,25.00000000000000000000,5.08483562845228220000,0.00000000000000000000,8.34178751561643850000,38.42662314406872070000,,,,,,0.0,
2025-12-01,Medical_Professionals,start,persona_x_initial_plan,23,23,0,14,0,152.58064516100000000000,77.28856671156018927000,0.00000000000000000000,116.91072620383562265200,346.77993807639581192200,,,,,,0.0,
2025-12-01,Others,business,persona_x_initial_plan,12,12,0,18,0,560.00000000000000000000,407.30334201830114720000,8.00000000000000000000,248.49550270082194136970,1223.79884471912308856970,,,,,,0.0,
2025-12-01,Others,free,persona_x_initial_plan,187,180,7,184,0,19.94000000000000000000,827.77227404587548550227,1070.80000000000000000000,522.86903722356165910808,2441.38131126943714461035,0.00000000000000000000,18.68808145920864970000,0.00000000000000000000,1.84943410082191799549,20.53751556003056769549,3.74,0.84
2025-12-01,Others,plus,persona_x_initial_plan,95,87,8,60,0,938.05053763400000000000,1300.66776603194586270330,148.49999999999999994000,247.01934433972603106870,2634.23764800567189371200,50.00000000000000000000,122.97239873229205600000,0.00000000000000000000,3.02473388767123297002,175.99713261996328897002,8.42,6.68
2025-12-01,Others,start,persona_x_initial_plan,250,243,7,191,0,1628.48387096700000000000,2292.64467721685327156900,1423.82000000000000000000,710.35333051780823913292,6055.30187870166151070192,42.00000000000000000000,246.29037407703736040000,0.00000000000000000000,1.41537316164383563490,289.70574723868119603490,2.8,4.78
2025-12-01,Professeur,business,persona_x_initial_plan,0,0,0,2,0,,,,,,,,,,,,
2025-12-01,Professeur,free,persona_x_initial_plan,50,47,3,33,0,12.38384615400000000000,89.59655113952456387000,264.00000000000000000000,69.18886500273972950213,435.16926229626429337213,0.00000000000000000000,0.00000000000000000000,0.00000000000000000000,2.74957424657534327702,2.74957424657534327702,6.0,0.63
2025-12-01,Professeur,plus,persona_x_initial_plan,8,7,1,5,0,25.00000000000000000000,11.98417126147412382000,0.00000000000000000000,10.83409260438356375587,47.81826386585768757587,0.00000000000000000000,4.81399386817389540000,0.00000000000000000000,0.03911150684931507400,4.85310537502321047400,12.5,10.15
2025-12-01,Professeur,start,persona_x_initial_plan,50,49,1,43,0,278.00000000000000000000,533.35945242271454301000,257.54000000000000000000,160.11503285863013417640,1229.01448528134467718640,0.00000000000000000000,10.73188633025663600000,0.00000000000000000000,0.05539879452054795300,10.78728512477718395300,2.0,0.88
2025-12-01,Repair,business,persona_x_initial_plan,0,0,0,1,0,,,,,,,,,,,,
2025-12-01,Repair,free,persona_x_initial_plan,10,8,2,8,0,0.00000000000000000000,11.67485249757425556000,4.00000000000000000000,3.60670242630136947363,19.28155492387562503363,0.00000000000000000000,0.00000000000000000000,0.00000000000000000000,0.00157910136986301413,0.00157910136986301413,20.0,0.01
2025-12-01,Repair,plus,persona_x_initial_plan,1,1,0,2,0,25.00000000000000000000,12.57056988296976000000,0.00000000000000000000,0.15667021698630137000,37.72724009995606137000,,,,,,0.0,
2025-12-01,Repair,start,persona_x_initial_plan,12,12,0,8,0,55.00000000000000000000,28.00278391039314193000,118.00000000000000000000,36.06276365808219807500,237.06554756847534000500,,,,,,0.0,
2025-12-01,Repair_Installation,business,persona_x_initial_plan,0,0,0,0,0,,,,,,,,,,,,
2025-12-01,Repair_Installation,free,persona_x_initial_plan,3,3,0,2,0,0.00000000000000000000,0.60137354978973812000,138.00000000000000000000,10.13449985315068584600,148.73587340294042396600,,,,,,0.0,
2025-12-01,Repair_Installation,plus,persona_x_initial_plan,1,1,0,0,0,0.00000000000000000000,1.76501459391740580000,0.00000000000000000000,0.65202812547945210000,2.41704271939685790000,,,,,,0.0,
2025-12-01,Repair_Installation,start,persona_x_initial_plan,5,5,0,2,0,26.00000000000000000000,73.21536000507157400000,0.00000000000000000000,23.59520986136986130000,122.81056986644143530000,,,,,,0.0,
2025-12-01,Restauration,business,persona_x_initial_plan,0,0,0,1,0,,,,,,,,,,,,
2025-12-01,Restauration,free,persona_x_initial_plan,29,25,4,34,0,0.00000000000000000000,250.71617307125353894000,264.81999999999999940000,107.63236886958903961320,623.16854194084257795320,0.00000000000000000000,4.48884396654420590000,4.00000000000000000000,0.39264976712328767300,8.88149373366749357300,13.79,1.43
2025-12-01,Restauration,plus,persona_x_initial_plan,19,19,0,13,1,203.23333333300000000000,508.43922342802142478000,140.00000000000000000000,146.92474121808220540360,998.59729797910363018360,,,,,,0.0,
2025-12-01,Restauration,start,persona_x_initial_plan,38,38,0,33,0,255.61032258100000000000,294.28903820188273230000,908.00000000000000000000,56.43408411342465744400,1514.33344489630738974400,,,,,,0.0,
2025-12-01,Retail,business,persona_x_initial_plan,5,5,0,3,0,80.00000000000000000000,68.41585180265709410000,0.00000000000000000000,16.82550205315068480000,165.24135385580777890000,,,,,,0.0,
2025-12-01,Retail,free,persona_x_initial_plan,157,150,7,171,0,15.04730769200000000000,949.96825681975912525900,2015.64000000000000040000,272.07021566630136603825,3252.72578017806049169725,0.00000000000000000000,9.35269019227127860000,0.00000000000000000000,2.87679652000000003861,12.22948671227127863861,4.46,0.38
2025-12-01,Retail,plus,persona_x_initial_plan,70,68,2,57,0,841.25161290200000000000,1755.02219296101890986000,8.00000000000000000000,362.48908971999999625153,2966.76289558301890611153,50.00000000000000000000,0.00000000000000000000,0.00000000000000000000,9.03162246575342400000,59.03162246575342400000,2.86,1.99
2025-12-01,Retail,start,persona_x_initial_plan,242,235,7,154,0,1511.59139784800000000000,1832.10624269097746303000,3707.62000000000000000000,854.25767362739735316721,7905.57531416637481619721,31.00000000000000000000,33.56727155946746764000,0.00000000000000000000,15.07295867561643613690,79.64023023508390377690,2.89,1.01
2025-12-01,Wholesale,business,persona_x_initial_plan,5,5,0,5,0,240.00000000000000000000,124.44389075271549840000,0.00000000000000000000,11.95057124657534317100,376.39446199929084157100,,,,,,0.0,
2025-12-01,Wholesale,free,persona_x_initial_plan,24,23,1,12,0,0.00000000000000000000,40.45669962616170550000,288.00000000000000000000,182.85777853424653211230,511.31447816040823761230,0.00000000000000000000,0.00000000000000000000,0.00000000000000000000,0.00343189479452054830,0.00343189479452054830,4.17,0.0
2025-12-01,Wholesale,plus,persona_x_initial_plan,20,20,0,16,0,191.29032258100000000000,268.52873669828488571700,276.00000000000000000000,50.79258866520547829300,786.61164794449036401000,,,,,,0.0,
2025-12-01,Wholesale,start,persona_x_initial_plan,35,33,2,33,0,175.83870967700000000000,502.51482202686109667000,282.00000000000000000000,302.01304865479456420017,1262.36658035865566087017,22.00000000000000000000,0.26210492930166407000,0.00000000000000000000,1.55965096383561651090,23.82175589313728058090,5.71,1.89
2026-01-01,ALL,business,initial_plan,133,104,29,53,0,6236.81250000000000000000,7408.26479430527341456000,140.00000000000000000000,1169.10851652712375781967,14954.18581083239717237967,480.00000000000000000000,3949.23667829671023300000,0.00000000000000000000,89.66665038684935723520,4518.90332868355959023520,21.8,30.22
2026-01-01,ALL,free,initial_plan,2387,2285,102,1127,9,509.07288793099999900000,14922.23346675031468615600,14486.87999999999999360000,21418.11204932274925935249,51336.29840400406393810849,12.48000000000000000000,976.09967419397443212000,759.51999999999999740000,233.89682087561659535031,1981.99649506959102487031,4.27,3.86
2026-01-01,ALL,plus,initial_plan,887,839,48,356,4,14198.55783332800000000000,30740.13613697111987122500,3890.99999999999999814000,11059.18006424877159471356,59888.87403454789146407856,470.00000000000000000000,1339.08166925278285127600,120.66000000000000014000,160.94033971397273326215,2090.68200896675558467815,5.41,3.49
2026-01-01,ALL,start,initial_plan,2742,2659,83,1205,5,21715.42529551900000100000,38058.09120635985559923648,12397.75999999999999910000,24746.75604586138124288590,96918.03254774023684222238,640.43750000000000000000,363.55738901597957551500,177.33999999999999810000,143.32728128438370843249,1324.66217030036328204749,3.03,1.37
2026-01-01,ALL,ALL,overall,6149,5887,262,2741,18,42659.86851677800000000000,91128.72560438656357117748,30915.63999999999999084000,58393.15667596002585477162,223097.39079712458941678910,1602.91750000000000000000,6627.97541075944709191100,1057.51999999999999564000,627.83109226082239428015,9916.24400302026948183115,4.26,4.44
2026-01-01,Automobile_Trade_Repair,ALL,persona,259,247,12,126,1,2613.59833333299999900000,5944.28661111220401653100,827.18000000000000050000,1824.73753124657613644438,11209.80247569178015247538,80.00000000000000000000,38.39362225419898400000,32.00000000000000000000,69.03514174410964185440,219.42876399830862585440,4.63,1.96
2026-01-01,BTP,ALL,persona,1120,1073,47,488,2,9923.69000000000000100000,23986.56905134371809322300,3799.03999999999999150000,21668.88144595124372450774,59378.18049729496181023074,393.00000000000000000000,721.47899613502562734000,132.45999999999999550000,144.20898397424669168373,1391.14798010927231452373,4.2,2.34
2026-01-01,Bankers_Insurance,ALL,persona,84,80,4,47,0,220.96925000000000000000,1135.16984088363900310000,1482.64000000000000000000,1446.78514380876782963874,4285.56423469240683273874,0.00000000000000000000,0.00000000000000000000,138.00000000000000000000,2.35410318356164481878,140.35410318356164481878,4.76,3.28
2026-01-01,Bikers_Drivers,ALL,persona,376,336,40,155,0,2924.42333333300000000000,5625.19510084654090328648,1359.39999999999999954000,1087.70068168712378284857,10996.71911586666468567505,346.48000000000000000000,900.95101458482659130000,39.06000000000000014000,73.56473325479457300624,1360.05574783962116444624,10.64,12.37
2026-01-01,Cleaning_CallCenters,ALL,persona,32,31,1,11,0,308.00000000000000000000,485.23541055545452314000,122.00000000000000000000,292.16805940712333285620,1207.40346996257785599620,0.00000000000000000000,40.11922937724229100000,0.00000000000000000000,0.40881242739726043000,40.52804180463955143000,3.13,3.36
2026-01-01,Consultant,ALL,persona,1081,1045,36,487,0,6191.89355368800000100000,12205.70675367620596711500,5898.94000000000000130000,12195.57586582082677856771,36492.11617318503274798271,180.43750000000000000000,1066.14067148413636370000,268.00000000000000000000,44.81370274575344313015,1559.39187422988980683015,3.33,4.27
2026-01-01,Developer_IT,ALL,persona,532,516,16,209,4,3203.01380555500000000000,4140.93089274200859498500,4488.64000000000000400000,4637.93904592712523120091,16470.52374422413383018591,56.00000000000000000000,7.64875264444962527500,4.00000000000000000000,31.77439525369866819666,99.42314789814829347166,3.01,0.6
2026-01-01,Media_Publishing,ALL,persona,226,220,6,103,3,966.22000000000000000000,1488.42319768086912312300,1390.54000000000000000000,2073.09817030137076967965,5918.28136798223989280265,25.00000000000000000000,0.33423834126401226300,138.00000000000000000000,0.58716791013698644241,163.92140625140099870541,2.65,2.77
2026-01-01,Medical_Professionals,ALL,persona,71,71,0,30,0,372.00000000000000000000,1006.54040813465579057000,21.52000000000000000000,637.71940777589071800037,2037.77981591054650857037,,,,,,0.0,
2026-01-01,Others,ALL,persona,975,930,45,435,4,6338.98455459700000000000,12131.51552244829420270600,4392.34000000000000200000,5046.08540885479661169741,27908.92548590009081640341,157.00000000000000000000,2799.45333585768567390000,176.00000000000000000000,95.36789604712332868826,3227.82123190480900258826,4.62,11.57
2026-01-01,Professeur,ALL,persona,186,182,4,87,1,1195.18500000000000000000,958.23879072696856475700,309.16000000000000000000,684.92567848164408735825,3147.50946920861265211525,11.00000000000000000000,100.25461361645725340000,0.00000000000000000000,0.85633160000000005530,112.11094521645725345530,2.15,3.56
2026-01-01,Repair,ALL,persona,40,38,2,27,0,191.00000000000000000000,325.30956187993132066000,20.00000000000000000000,79.90901927178087247750,616.21858115171219313750,0.00000000000000000000,139.81914882374784000000,0.00000000000000000000,0.87196918356164420000,140.69111800730948420000,5.0,22.83
2026-01-01,Repair_Installation,ALL,persona,13,13,0,13,0,95.00000000000000000000,343.63623919194015100000,0.00000000000000000000,97.25794841972608227800,535.89418761166623327800,,,,,,0.0,
2026-01-01,Restauration,ALL,persona,164,157,7,77,0,1128.96458333299999900000,3218.45248674089452928500,617.44000000000000200000,699.62226205315097243900,5664.47933212704550272400,42.00000000000000000000,263.80049342725790680000,8.00000000000000000000,10.86075699232877633320,324.66125041958668313320,4.27,5.73
2026-01-01,Retail,ALL,persona,843,805,38,388,2,5397.48860293900000000000,14367.18329229066889639400,5830.59999999999999000000,4526.24601413534417111625,30121.51790936501305751025,287.00000000000000000000,549.58129421315492293300,122.00000000000000000000,151.93529080876726957331,1110.51658502192219250631,4.51,3.69
2026-01-01,Wholesale,ALL,persona,147,143,4,58,1,1589.43750000000000000000,3766.33244413256989130200,356.20000000000000000000,1394.50499281753475366094,7106.47493695010464496294,25.00000000000000000000,0.00000000000000000000,0.00000000000000000000,1.19180713534246586771,26.19180713534246586771,2.72,0.37
2026-01-01,Automobile_Trade_Repair,business,persona_x_initial_plan,12,12,0,3,0,819.00000000000000000000,666.91709459546353850000,139.56000000000000000000,120.71241590849319366769,1746.18951050395673216769,,,,,,0.0,
2026-01-01,Automobile_Trade_Repair,free,persona_x_initial_plan,71,66,5,42,1,6.42000000000000000000,640.90788534505538968000,103.26000000000000050000,319.76504431506865961679,1070.35292966012404979679,0.00000000000000000000,23.41967382729795600000,32.00000000000000000000,66.27598103013703849890,121.69565485743499449890,7.04,11.37
2026-01-01,Automobile_Trade_Repair,plus,persona_x_initial_plan,62,60,2,37,0,959.58333333300000000000,2653.64629830790881035300,299.82000000000000000000,973.73945626465788835340,4886.78908790556669870640,25.00000000000000000000,14.97394842690102800000,0.00000000000000000000,2.29089295726027393500,42.26484138416130193500,3.23,0.86
2026-01-01,Automobile_Trade_Repair,start,persona_x_initial_plan,114,109,5,44,0,828.59499999999999900000,1982.81533286377627799800,284.54000000000000000000,410.52061475835639480650,3506.47094762213267180450,55.00000000000000000000,0.00000000000000000000,0.00000000000000000000,0.46826775671232942050,55.46826775671232942050,4.39,1.58
2026-01-01,BTP,business,persona_x_initial_plan,39,33,6,15,0,1952.81250000000000000000,2044.58071083895096190000,0.00000000000000000000,542.18615432712351468300,4539.57936516607447658300,160.00000000000000000000,652.52654592981259800000,0.00000000000000000000,3.47774869479452123300,816.00429462460711923300,15.38,17.98
2026-01-01,BTP,free,persona_x_initial_plan,386,369,17,189,2,35.39000000000000000000,3092.50751840931090159600,1078.47999999999999740000,10430.73895615781302764053,14637.11647456712392663653,0.00000000000000000000,7.10033649625183205000,121.11999999999999740000,25.54763799945206961293,153.76797449570389906293,4.4,1.05
2026-01-01,BTP,plus,persona_x_initial_plan,245,235,10,91,0,4241.83750000000000000000,9356.92896388520558654800,610.27999999999999600000,3704.54615105808393155425,17913.59261494328951410225,125.00000000000000000000,7.65734734465355648000,2.00000000000000000000,93.12203212000007494820,227.77937946465363142820,4.08,1.27
2026-01-01,BTP,start,persona_x_initial_plan,450,436,14,193,0,3693.65000000000000100000,9492.55185821025064317900,2110.27999999999999810000,6991.41018440822325062996,22287.89204261847389290896,108.00000000000000000000,54.19476636430764081000,9.33999999999999810000,22.06156516000002588960,193.59633152430766479960,3.11,0.87
2026-01-01,Bankers_Insurance,business,persona_x_initial_plan,0,0,0,0,0,,,,,,,,,,,,
2026-01-01,Bankers_Insurance,free,persona_x_initial_plan,53,49,4,26,0,0.00000000000000000000,197.87123786106199700000,430.00000000000000000000,1012.93657096986355237874,1640.80780883092554937874,0.00000000000000000000,0.00000000000000000000,138.00000000000000000000,2.35410318356164481878,140.35410318356164481878,7.55,8.55
2026-01-01,Bankers_Insurance,plus,persona_x_initial_plan,3,3,0,3,0,0.00000000000000000000,134.29619093578764900000,276.00000000000000000000,21.80120843123287480000,432.09739936702052380000,,,,,,0.0,
2026-01-01,Bankers_Insurance,start,persona_x_initial_plan,28,28,0,18,0,220.96925000000000000000,803.00241208678935710000,776.64000000000000000000,412.04736440767140246000,2212.65902649446075956000,,,,,,0.0,
2026-01-01,Bikers_Drivers,business,persona_x_initial_plan,14,11,3,7,0,505.00000000000000000000,441.57794117141870750000,0.44000000000000000000,71.32692176986303214998,1018.34486294128173964998,160.00000000000000000000,74.66071053695273500000,0.00000000000000000000,0.45202517041095903660,235.11273570736369403660,21.43,23.09
2026-01-01,Bikers_Drivers,free,persona_x_initial_plan,142,126,16,45,0,38.76000000000000000000,915.08225265673232096000,768.61999999999999940000,263.58837822684944782719,1986.05063088358176818719,12.48000000000000000000,67.93905370215520100000,22.40000000000000000000,49.34120204164387161921,152.16025574379907261921,11.27,7.66
2026-01-01,Bikers_Drivers,plus,persona_x_initial_plan,71,63,8,18,0,1198.74666666600000000000,2053.26691630474520715000,63.32000000000000014000,352.95232565260286516953,3668.28590862334807245953,75.00000000000000000000,651.97446907597228600000,0.66000000000000014000,22.74190585589042709970,750.37637493186271323970,11.27,20.46
2026-01-01,Bikers_Drivers,start,persona_x_initial_plan,149,136,13,85,0,1181.91666666700000000000,2215.26799071364466767648,527.02000000000000000000,399.83305603780843770187,4324.03771341845310537835,99.00000000000000000000,106.37678126974636930000,16.00000000000000000000,1.02960018684931525073,222.40638145659568455073,8.72,5.14
2026-01-01,Cleaning_CallCenters,business,persona_x_initial_plan,1,1,0,0,0,80.00000000000000000000,3.91851127939668280000,0.00000000000000000000,3.25853962410958920000,87.17705090350627200000,,,,,,0.0,
2026-01-01,Cleaning_CallCenters,free,persona_x_initial_plan,12,12,0,7,0,0.00000000000000000000,35.93755403666307834000,122.00000000000000000000,21.53349093369864235620,179.47104497036172069620,,,,,,0.0,
2026-01-01,Cleaning_CallCenters,plus,persona_x_initial_plan,7,7,0,1,0,120.00000000000000000000,181.93298529276184600000,0.00000000000000000000,227.58374793041097461000,529.51673322317282061000,,,,,,0.0,
2026-01-01,Cleaning_CallCenters,start,persona_x_initial_plan,12,11,1,3,0,108.00000000000000000000,263.44635994663291600000,0.00000000000000000000,39.79228091890412669000,411.23864086553704269000,0.00000000000000000000,40.11922937724229100000,0.00000000000000000000,0.40881242739726043000,40.52804180463955143000,8.33,9.86
2026-01-01,Consultant,business,persona_x_initial_plan,10,7,3,5,0,560.00000000000000000000,860.37997985612334500000,0.00000000000000000000,29.48072925479452457270,1449.86070911091786957270,0.00000000000000000000,461.91455809593351500000,0.00000000000000000000,1.33927616657534259560,463.25383426250885759560,30.0,31.95
2026-01-01,Consultant,free,persona_x_initial_plan,476,459,17,225,0,78.18000000000000000000,2532.21580413430713447000,2756.56000000000000130000,4158.92146922520708906509,9525.87727335951422483509,0.00000000000000000000,369.46053329061494760000,268.00000000000000000000,28.79883870082193148955,666.25937199143687908955,3.57,6.99
2026-01-01,Consultant,plus,persona_x_initial_plan,84,78,6,38,0,1402.50833333200000000000,3212.20005102044057891000,917.94000000000000000000,1642.05798397698692763420,7174.70636832942750654420,95.00000000000000000000,204.75159601197083880000,0.00000000000000000000,6.79800232876712403000,306.54959834073796283000,7.14,4.27
2026-01-01,Consultant,start,persona_x_initial_plan,511,501,10,219,0,4151.20522035600000100000,5600.91091866533490873500,2224.44000000000000000000,6365.11568336383823729572,18341.67182238517314703072,85.43750000000000000000,30.01398408561706230000,0.00000000000000000000,7.87758554958904501500,123.32906963520610731500,1.96,0.67
2026-01-01,Developer_IT,business,persona_x_initial_plan,3,3,0,5,0,240.00000000000000000000,9.25346805845162000000,0.00000000000000000000,27.72781823506851432600,276.98128629352013432600,,,,,,0.0,
2026-01-01,Developer_IT,free,persona_x_initial_plan,224,213,11,93,1,69.21000000000000000000,1221.71314711371016975100,2977.92000000000000300000,1723.18295282904181582385,5992.02609994275198857485,0.00000000000000000000,6.91112929978708837000,4.00000000000000000000,10.68000650191781590666,21.59113580170490427666,4.91,0.36
2026-01-01,Developer_IT,plus,persona_x_initial_plan,39,38,1,21,0,770.27033333300000000000,444.37258044945727472000,5.44000000000000000000,787.55050771780856660000,2007.63342150026584132000,25.00000000000000000000,0.00000000000000000000,0.00000000000000000000,20.15881896986304200000,45.15881896986304200000,2.56,2.25
2026-01-01,Developer_IT,start,persona_x_initial_plan,266,262,4,90,3,2123.53347222200000000000,2465.59169712038953051400,1505.28000000000000100000,2099.47776714520633445106,8193.88293648759586596506,31.00000000000000000000,0.73762334466253690500,0.00000000000000000000,0.93556978191781029000,32.67319312658034719500,1.5,0.4
2026-01-01,Media_Publishing,business,persona_x_initial_plan,2,2,0,0,0,0.00000000000000000000,0.29179537729397892000,0.00000000000000000000,7.20076773698630127900,7.49256311428028019900,,,,,,0.0,
2026-01-01,Media_Publishing,free,persona_x_initial_plan,114,110,4,42,1,11.00000000000000000000,338.99112205394483278000,709.34000000000000000000,226.74104246575350098454,1286.07216451969833376454,0.00000000000000000000,0.30063766145440257000,0.00000000000000000000,0.46370177315068506008,0.76433943460508763008,3.51,0.06
2026-01-01,Media_Publishing,plus,persona_x_initial_plan,14,13,1,7,1,201.87500000000000000000,408.01929758070767552300,118.00000000000000000000,518.34726253698646760233,1246.24156011769414312533,25.00000000000000000000,0.03360067980960969300,0.00000000000000000000,0.00012367123287671233,25.03372435104248640533,7.14,2.01
2026-01-01,Media_Publishing,start,persona_x_initial_plan,96,95,1,54,1,753.34500000000000000000,741.12098266892263590000,563.20000000000000000000,1320.80909756164449981378,3378.47508023056713571378,0.00000000000000000000,0.00000000000000000000,138.00000000000000000000,0.12334246575342467000,138.12334246575342467000,1.04,4.09
2026-01-01,Medical_Professionals,free,persona_x_initial_plan,29,29,0,9,0,0.00000000000000000000,33.52743032762474274000,15.52000000000000000000,293.55974313589058793567,342.60717346351533067567,,,,,,0.0,
2026-01-01,Medical_Professionals,plus,persona_x_initial_plan,5,5,0,2,0,50.00000000000000000000,661.26620654027041520000,0.00000000000000000000,97.85078336219181781000,809.11698990246223301000,,,,,,0.0,
2026-01-01,Medical_Professionals,start,persona_x_initial_plan,37,37,0,19,0,322.00000000000000000000,311.74677126676063263000,6.00000000000000000000,246.30888127780831225470,886.05565254456894488470,,,,,,0.0,
2026-01-01,Others,business,persona_x_initial_plan,30,18,12,10,0,1120.00000000000000000000,2549.84391270233324966000,0.00000000000000000000,239.06987883342474248850,3908.91379153575799214850,80.00000000000000000000,2304.53484602556121500000,0.00000000000000000000,65.03136631561646025000,2449.56621234117767525000,40.0,62.67
2026-01-01,Others,free,persona_x_initial_plan,364,353,11,184,2,72.56288793100000000000,3031.14293287981875174300,2362.18000000000000200000,1382.77389437753484233866,6848.65971518835359608166,0.00000000000000000000,489.06696681241757283000,166.00000000000000000000,16.42140412986301809600,671.48837094228059092600,3.02,9.8
2026-01-01,Others,plus,persona_x_initial_plan,147,139,8,57,2,1865.02499999900000000000,2951.90547728291293223700,852.68000000000000000000,1236.55353899178126580175,6906.16401627369419803875,0.00000000000000000000,0.26880543847687755000,0.00000000000000000000,8.51452537972603580180,8.78333081820291335180,5.44,0.13
2026-01-01,Others,start,persona_x_initial_plan,434,420,14,184,0,3281.39666666700000000000,3598.62319958322926906600,1177.48000000000000000000,2187.68809665205576106850,10245.18796290228503013450,77.00000000000000000000,5.58271758123000852000,10.00000000000000000000,5.40060022191781454046,97.98331780314782306046,3.23,0.96
2026-01-01,Professeur,business,persona_x_initial_plan,2,1,1,1,0,80.00000000000000000000,100.35481438056317370000,0.00000000000000000000,0.37293543726027396280,180.72774981782344766280,0.00000000000000000000,100.11322549273208000000,0.00000000000000000000,0.37139867397260273000,100.48462416670468273000,50.0,55.6
2026-01-01,Professeur,free,persona_x_initial_plan,80,78,2,41,0,75.36000000000000000000,224.21241652261862051000,38.80000000000000000000,201.45375842520555407042,539.82617494782417458042,0.00000000000000000000,0.00000000000000000000,0.00000000000000000000,0.48289090410958910200,0.48289090410958910200,2.5,0.09
2026-01-01,Professeur,plus,persona_x_initial_plan,12,12,0,3,1,261.25000000000000000000,35.08301801083142600000,0.00000000000000000000,57.40009033315070172863,353.73310834398212772863,,,,,,0.0,
2026-01-01,Professeur,start,persona_x_initial_plan,92,91,1,42,0,778.57500000000000000000,598.58854181295534454700,270.36000000000000000000,425.69889428602755759640,2073.22243609898290214340,11.00000000000000000000,0.14138812372517340000,0.00000000000000000000,0.00204202191780822330,11.14343014564298162330,1.09,0.54
2026-01-01,Repair,business,persona_x_initial_plan,1,0,1,0,0,0.00000000000000000000,139.81914882374784000000,0.00000000000000000000,0.51576078904109600000,140.33490961278893600000,0.00000000000000000000,139.81914882374784000000,0.00000000000000000000,0.51576078904109600000,140.33490961278893600000,100.0,100.0
2026-01-01,Repair,free,persona_x_initial_plan,16,15,1,15,0,0.00000000000000000000,52.49481954989788168000,18.40000000000000000000,33.99067589643838373520,104.88549544633626541520,0.00000000000000000000,0.00000000000000000000,0.00000000000000000000,0.35620839452054820000,0.35620839452054820000,6.25,0.34
2026-01-01,Repair,plus,persona_x_initial_plan,3,3,0,3,0,50.00000000000000000000,11.13452253703517590000,0.00000000000000000000,0.70523490904109593000,61.83975744607627183000,,,,,,0.0,
2026-01-01,Repair,start,persona_x_initial_plan,20,20,0,9,0,141.00000000000000000000,121.86107096925042308000,1.60000000000000000000,44.69734767726029681230,309.15841864651071989230,,,,,,0.0,
2026-01-01,Repair_Installation,business,persona_x_initial_plan,0,0,0,0,0,,,,,,,,,,,,
2026-01-01,Repair_Installation,free,persona_x_initial_plan,5,5,0,3,0,0.00000000000000000000,127.74838755523870300000,0.00000000000000000000,7.19241959780822714800,134.94080715304693014800,,,,,,0.0,
2026-01-01,Repair_Installation,plus,persona_x_initial_plan,1,1,0,3,0,25.00000000000000000000,42.65959993196366200000,0.00000000000000000000,4.40755373041096000000,72.06715366237462200000,,,,,,0.0,
2026-01-01,Repair_Installation,start,persona_x_initial_plan,7,7,0,7,0,70.00000000000000000000,173.22825170473778600000,0.00000000000000000000,85.65797509150689513000,328.88622679624468113000,,,,,,0.0,
2026-01-01,Restauration,business,persona_x_initial_plan,1,0,1,1,0,0.00000000000000000000,132.35307777005255000000,0.00000000000000000000,1.90205549589041120000,134.25513326594296120000,0.00000000000000000000,132.35307777005255000000,0.00000000000000000000,1.90205549589041120000,134.25513326594296120000,100.0,100.0
2026-01-01,Restauration,free,persona_x_initial_plan,59,58,1,28,0,56.44999999999999900000,307.12356530891479983000,179.20000000000000000000,200.20732352712338659880,742.98088883603818542880,0.00000000000000000000,0.50737026512510630000,4.00000000000000000000,0.00187064109589041120,4.50924090622099671120,1.69,0.61
2026-01-01,Restauration,plus,persona_x_initial_plan,33,32,1,15,0,573.23333333300000000000,1518.14354542563005651600,158.24000000000000200000,296.56807124547955742220,2546.18495000410961593820,0.00000000000000000000,6.28902155539632450000,0.00000000000000000000,0.05536143945205489200,6.34438299484837939200,3.03,0.25
2026-01-01,Restauration,start,persona_x_initial_plan,71,67,4,33,0,499.28125000000000000000,1260.83229823629712293900,280.00000000000000000000,200.94481178465761721800,2241.05836002095474015700,42.00000000000000000000,124.65102383668392600000,4.00000000000000000000,8.90146941589041983000,179.55249325257434583000,5.63,8.01
2026-01-01,Retail,business,persona_x_initial_plan,8,6,2,5,0,400.00000000000000000000,380.99888648217040580000,0.00000000000000000000,89.56128412547950903000,870.56017060764991483000,80.00000000000000000000,83.31456562191770000000,0.00000000000000000000,16.57701908054796419000,179.89158470246566419000,25.0,20.66
2026-01-01,Retail,free,persona_x_initial_plan,321,310,11,159,2,65.74000000000000000000,2000.88698101603010437600,2736.59999999999999000000,964.14976203616480920781,5767.37674305219490358381,0.00000000000000000000,11.39397283887032540000,4.00000000000000000000,32.00836187671235547200,47.40233471558268087200,3.43,0.82
2026-01-01,Retail,plus,persona_x_initial_plan,125,116,9,46,0,1866.10333333200000000000,5708.18700798253144216600,444.84000000000000000000,899.46149306246614779206,8918.59183437699758995806,75.00000000000000000000,453.13288071960233025300,118.00000000000000000000,7.23148355506849503841,653.36436427467082529141,7.2,7.33
2026-01-01,Retail,start,persona_x_initial_plan,389,373,16,178,0,3065.64526960700000000000,6277.11041680993694405200,2649.16000000000000000000,2573.07347491123370508638,14564.98916132817064913838,132.00000000000000000000,1.73987503276456728000,0.00000000000000000000,96.11842629643845487290,229.85830132920302215290,4.11,1.58
2026-01-01,Wholesale,business,persona_x_initial_plan,10,10,0,1,0,480.00000000000000000000,77.97545296930736078000,0.00000000000000000000,35.79325498958905526000,593.76870795889641604000,,,,,,0.0,
2026-01-01,Wholesale,free,persona_x_initial_plan,35,33,2,19,0,0.00000000000000000000,169.87041197938525770000,190.00000000000000000000,177.37656720328773262500,537.24697918267299032500,0.00000000000000000000,0.00000000000000000000,0.00000000000000000000,1.16461369863013706300,1.16461369863013706300,5.71,0.22
2026-01-01,Wholesale,plus,persona_x_initial_plan,36,34,2,11,0,613.12500000000000000000,1367.09347548293013300200,144.44000000000000000000,237.65465504547955190521,2362.31313052840968490721,25.00000000000000000000,0.00000000000000000000,0.00000000000000000000,0.02719343671232880471,25.02719343671232880471,5.56,1.06
2026-01-01,Wholesale,start,persona_x_initial_plan,66,66,0,27,1,496.31250000000000000000,2151.39310370094713982000,21.76000000000000000000,943.68051557917841387073,3613.14611928012555369073,,,,,,0.0,
2026-02-01,ALL,business,initial_plan,157,145,12,60,0,9085.00000000000000000000,9492.01264799995039556000,140.34000000000000000000,1980.10584409479460175779,20697.45849209474499731779,400.00000000000000000000,368.71154999999805100000,0.04000000000000000000,22.98279096821917944560,791.73434096821723044560,7.64,3.83
2026-02-01,ALL,free,initial_plan,3421,3302,119,1285,21,1497.43978255699998150000,21078.65749319988962858546,10129.41999999999998410000,30612.65272328548240184070,63318.16999904237199602616,46.15000000000000000000,322.34568119999830434000,358.76000000000000000000,578.36294741589041735801,1305.61862861588872169801,3.48,2.06
2026-02-01,ALL,plus,initial_plan,1199,1140,59,393,6,22386.05513532800000000000,46045.08898199976063088900,5352.21999999999999500000,15723.86907046630269566914,89507.23318779406332155814,875.00000000000000000000,889.82618399999537352500,-3.28000000000000000000,183.20249037424658749424,1944.74867437424196101924,4.92,2.17
2026-02-01,ALL,start,initial_plan,3869,3748,121,1484,11,33223.21414750000000810000,59150.39702759968858159720,12537.53999999999999793000,40536.68235185424945577494,145447.83352695393804340214,743.75268817200000000000,609.90146999999683693500,131.60000000000000000000,246.26779529369864744194,1731.52195346569548437694,3.13,1.19
2026-02-01,ALL,ALL,overall,8646,8335,311,3222,38,66191.70906538499998960000,135766.15615079928923663166,28159.51999999999997703000,88853.30998970082915504257,318970.69520588511835830423,2064.90268817200000000000,2190.78488519998856580000,487.12000000000000000000,1030.81602405205483173979,5773.62359742404339753979,3.6,1.81
2026-02-01,Automobile_Trade_Repair,ALL,persona,374,355,19,130,0,3950.16978494700000000000,9463.86031499995106226900,761.04000000000000500000,2608.95769790739746165003,16784.02779785434852891903,257.00000000000000000000,193.77332999999898845500,12.04000000000000000000,170.99521386630137690436,633.80854386630036535936,5.08,3.78
2026-02-01,BTP,ALL,persona,1563,1517,46,625,5,15190.36326371400000160000,38825.46669599979751809100,2998.79999999999999100000,24302.08649882575530974927,81316.71645853955282044027,307.00000000000000000000,521.48195999999725524000,24.48000000000000000000,231.26715783835624313135,1084.22911783835349837135,2.94,1.33
2026-02-01,Bankers_Insurance,ALL,persona,127,122,5,57,1,470.28516129099999900000,1095.61406939999426594000,639.48000000000000000000,2656.03309411616496404687,4861.41232480715922898687,17.00000000000000000000,0.00000000000000000000,0.00000000000000000000,8.10250893150685052389,25.10250893150685052389,3.94,0.52
2026-02-01,Bikers_Drivers,ALL,persona,491,461,30,164,6,4214.93526881700000000000,6546.45136679996568510792,2736.09999999999999700000,1516.59292356000021633714,15014.07955917696589844506,268.00000000000000000000,20.75725799999988946000,119.44000000000000000000,11.34397227123287734418,419.54123027123276680418,6.11,2.79
2026-02-01,Cleaning_CallCenters,ALL,persona,42,42,0,26,0,405.00000000000000000000,953.07082379999488159400,77.18000000000000000000,534.22179372328775063380,1969.47261752328263222780,,,,,,0.0,
2026-02-01,Consultant,ALL,persona,1532,1495,37,559,5,9553.52199522100000200000,19565.68625639989547787900,6061.66000000000000063000,19558.31792017315264002214,54739.18617179404812053114,183.33333333300000000000,92.64121919999950605000,156.52000000000000000000,37.02776543726027570595,469.52231797025978175595,2.42,0.86
2026-02-01,Developer_IT,ALL,persona,729,707,22,266,4,4848.80817204200000000000,7397.90008739996121325000,2668.72000000000000250000,8728.17106603068584789724,23643.59932547264706364724,92.00000000000000000000,121.80850199999936028000,143.04000000000000000000,26.90774429369863361600,383.75624629369799389600,3.02,1.62
2026-02-01,Media_Publishing,ALL,persona,326,318,8,116,1,1728.05096774100000000000,2930.95186199998464276100,1018.90000000000000000000,4015.03478035616456338139,9692.93761009714920614239,33.00000000000000000000,9.23399999999995000000,0.00000000000000000000,29.77656661095890140530,72.01056661095885140530,2.45,0.74
2026-02-01,Medical_Professionals,ALL,persona,101,97,4,41,0,474.00000000000000000000,1014.45227999999474140200,216.36000000000000000000,874.32862261041106351439,2579.14090261040580491639,22.00000000000000000000,0.00000000000000000000,0.00000000000000000000,3.71603528767123283000,25.71603528767123283000,3.96,1.0
2026-02-01,Others,ALL,persona,1369,1322,47,516,7,10002.69667861399999900000,15662.92975199991818203792,3652.55999999999999030000,8716.37093727945263333739,38034.55736789337080467531,359.15000000000000000000,193.42967399999899240000,0.00000000000000000000,312.38758052986294338913,864.96725452986193578913,3.43,2.27
2026-02-01,Professeur,ALL,persona,270,260,10,91,0,1753.20514934300000000000,1552.44323699999197598600,512.80000000000000100000,1435.38782036000013381097,5253.83620670299211079697,0.00000000000000000000,0.97199999999999500000,0.80000000000000000000,11.38658961424657812970,13.15858961424657312970,3.7,0.25
2026-02-01,Repair,ALL,persona,65,61,4,11,0,349.73999999999999500000,470.85647939999750733100,282.98000000000000000000,93.79964578739727293726,1197.37612518739477526826,11.00000000000000000000,12.73915799999993100000,4.00000000000000000000,7.26578545150685062480,35.00494345150678162480,6.15,2.92
2026-02-01,Repair_Installation,ALL,persona,26,26,0,2,0,177.89387096800000000000,486.07608599999742197000,8.00000000000000000000,164.71864791068494243200,836.68860487868236440200,,,,,,0.0,
2026-02-01,Restauration,ALL,persona,234,223,11,84,2,1958.77075268900000000000,6453.84926159996672052700,1273.30000000000000000000,1028.69173548712333059169,10714.61174977609005111869,47.00000000000000000000,471.70529999999756450000,0.00000000000000000000,10.37289326520548018905,529.07819326520304468905,4.7,4.94
2026-02-01,Retail,ALL,persona,1195,1135,60,448,6,8571.00316128899999300000,17364.44456819990969910182,4699.83999999999998960000,10140.63339142137015504397,40775.92112091027983674579,396.41935483900000000000,533.67280199999723028000,17.20000000000000000000,166.00195408164384812406,1113.29411092064107840406,5.02,2.73
2026-02-01,Wholesale,ALL,persona,202,194,8,86,1,2543.26483870900000000000,5982.10300979996824138400,551.80000000000000000000,2479.96341415178086965702,11557.13126266074911104102,72.00000000000000000000,18.56968199999990313500,9.60000000000000000000,4.26425657260273982202,104.43393857260264295702,3.96,0.9
2026-02-01,Automobile_Trade_Repair,business,persona_x_initial_plan,15,14,1,3,0,899.00000000000000000000,1457.39770379999253070000,63.90000000000000000000,254.24366467945207431277,2674.54136847944460501277,80.00000000000000000000,0.00000000000000000000,0.04000000000000000000,8.97022315616438530000,89.01022315616438530000,6.67,3.33
2026-02-01,Automobile_Trade_Repair,free,persona_x_initial_plan,109,107,2,29,0,26.56000000000000000000,1101.77915399999431816700,319.98000000000000000000,361.31078578246575053148,1809.62993978246006869848,0.00000000000000000000,11.04125399999994125000,12.00000000000000000000,0.13040695342465756280,23.17166095342459881280,1.83,1.28
2026-02-01,Automobile_Trade_Repair,plus,persona_x_initial_plan,97,90,7,26,0,1636.22010752700000000000,3239.83157399998317442000,240.12000000000000000000,1393.93019696767137338174,6510.10187849465454780174,100.00000000000000000000,32.98980599999982400000,0.00000000000000000000,101.16827890630137116556,234.15808490630119516556,7.22,3.6
2026-02-01,Automobile_Trade_Repair,start,persona_x_initial_plan,153,144,9,72,0,1388.38967742000000000000,3664.85188319998103898200,137.04000000000000500000,599.47305047780826342404,5789.75461109778930740604,77.00000000000000000000,149.74226999999922320500,0.00000000000000000000,60.72630485041096287600,287.46857485041018608100,5.88,4.97
2026-02-01,BTP,business,persona_x_initial_plan,48,43,5,22,0,2801.00000000000000000000,5165.63735399997304302000,15.74000000000000000000,666.12205723178083792160,8648.49941123175388094160,80.00000000000000000000,355.40729999999812100000,0.00000000000000000000,5.51416385589041096500,440.92146385588853196500,10.42,5.1
2026-02-01,BTP,free,persona_x_initial_plan,560,543,17,243,3,234.21235125399999850000,4613.09594579997573385200,1069.11999999999999600000,11350.33283225479533481261,17266.76112930877106316461,0.00000000000000000000,0.00000000000000000000,26.40000000000000000000,212.95703430958911780051,239.35703430958911780051,3.04,1.39
2026-02-01,BTP,plus,persona_x_initial_plan,326,317,9,109,2,6634.44158694600000000000,15343.02150299992056509100,1250.11999999999999500000,4011.94199841808257107473,27239.52508836400313116573,150.00000000000000000000,71.31324599999962690000,-1.92000000000000000000,1.95587206027397287470,221.34911806027359977470,2.76,0.81
2026-02-01,BTP,start,persona_x_initial_plan,629,614,15,251,0,5520.70932551400000310000,13703.71189319992817612800,663.82000000000000000000,8273.68961092109656594033,28161.93082963502474516833,77.00000000000000000000,94.76141399999950734000,0.00000000000000000000,10.84008761260274149114,182.60150161260224883114,2.38,0.65
2026-02-01,Bankers_Insurance,business,persona_x_initial_plan,0,0,0,0,0,,,,,,,,,,,,
2026-02-01,Bankers_Insurance,free,persona_x_initial_plan,75,72,3,29,1,8.25290322599999900000,347.95172339999818245000,448.40000000000000000000,2076.92053447178134598487,2881.52516109777952743487,0.00000000000000000000,0.00000000000000000000,0.00000000000000000000,2.79651715068493172389,2.79651715068493172389,4.0,0.1
2026-02-01,Bankers_Insurance,plus,persona_x_initial_plan,6,6,0,2,0,70.00000000000000000000,409.61203019999785200000,0.00000000000000000000,42.71620148383562055000,522.32823168383347255000,,,,,,0.0,
2026-02-01,Bankers_Insurance,start,persona_x_initial_plan,46,44,2,26,0,392.03225806500000000000,338.05031579999823149000,191.08000000000000000000,536.39635816054799751200,1457.55893202554622900200,17.00000000000000000000,0.00000000000000000000,0.00000000000000000000,5.30599178082191880000,22.30599178082191880000,4.35,1.53
2026-02-01,Bikers_Drivers,business,persona_x_initial_plan,18,16,2,7,0,905.00000000000000000000,1056.04043399999448825000,4.64000000000000000000,184.56985882301373171560,2150.25029282300821996560,160.00000000000000000000,0.00000000000000000000,0.00000000000000000000,0.00237657260273972660,160.00237657260273972660,11.11,7.44
2026-02-01,Bikers_Drivers,free,persona_x_initial_plan,171,159,12,39,4,35.78000000000000000000,1160.35424099999387141110,1399.63999999999999700000,327.62284708438361868529,2923.39708808437748709639,0.00000000000000000000,5.16949199999997233000,6.80000000000000000000,0.45565134410958912190,12.42514334410956145190,7.02,0.43
2026-02-01,Bikers_Drivers,plus,persona_x_initial_plan,81,78,3,29,1,1580.53118279500000000000,1881.22102199999004560200,186.88000000000000000000,407.92610843342469931525,4056.55831322841474491725,75.00000000000000000000,0.20485799999999893000,-5.36000000000000000000,2.95506741150684966628,72.79992541150684859628,3.7,1.79
2026-02-01,Bikers_Drivers,start,persona_x_initial_plan,221,208,13,89,1,1693.62408602200000000000,2448.83566979998727984482,1144.94000000000000000000,596.47410921917816662100,5883.87386504116544646582,33.00000000000000000000,15.38290799999991820000,118.00000000000000000000,7.93087694301369882940,174.31378494301361702940,5.88,2.96
2026-02-01,Cleaning_CallCenters,business,persona_x_initial_plan,1,1,0,1,0,80.00000000000000000000,1.55951999999999180000,0.00000000000000000000,7.57425367561644000000,89.13377367561643180000,,,,,,0.0,
2026-02-01,Cleaning_CallCenters,free,persona_x_initial_plan,19,19,0,5,0,0.00000000000000000000,55.99324799999970754400,13.60000000000000000000,35.51146169369863383780,105.10470969369834138180,,,,,,0.0,
2026-02-01,Cleaning_CallCenters,plus,persona_x_initial_plan,8,8,0,5,0,195.00000000000000000000,524.15542979999716300000,46.70000000000000000000,439.74354523671239785900,1205.59897503670956085900,,,,,,0.0,
2026-02-01,Cleaning_CallCenters,start,persona_x_initial_plan,14,14,0,15,0,130.00000000000000000000,371.36262599999801925000,16.88000000000000000000,51.39253311726027893700,569.63515911725829818700,,,,,,0.0,
2026-02-01,Consultant,business,persona_x_initial_plan,12,12,0,5,0,800.00000000000000000000,54.21187799999971149000,0.00000000000000000000,49.33027767506849159610,903.54215567506820308610,,,,,,0.0,
2026-02-01,Consultant,free,persona_x_initial_plan,684,667,17,260,3,219.21193548400000000000,3500.74399319998154770400,2161.60000000000000090000,7208.53374870630210188147,13090.08967739028365048547,0.00000000000000000000,33.83244719999981795000,156.52000000000000000000,10.30819606356164439549,200.66064326356146234549,2.49,1.53
2026-02-01,Consultant,plus,persona_x_initial_plan,116,111,5,49,0,2339.73892473000000000000,4306.69378259997723802000,56.78000000000000000000,2608.68149477808230924100,9311.89420210805954726100,75.00000000000000000000,34.25533199999981580000,0.00000000000000000000,24.71067206520548038330,133.96600406520529618330,4.31,1.44
2026-02-01,Consultant,start,persona_x_initial_plan,720,705,15,245,2,6194.57113500700000200000,11704.03660259993698066500,3843.27999999999999973000,9691.77239901369973730357,31433.66013662063671969857,108.33333333300000000000,24.55343999999987230000,0.00000000000000000000,2.00889730849315092716,134.89567064149302322716,2.08,0.43
2026-02-01,Developer_IT,business,persona_x_initial_plan,8,8,0,5,0,480.00000000000000000000,12.99077999999993000000,0.00000000000000000000,50.80982996602739923752,543.80060996602732923752,,,,,,0.0,
2026-02-01,Developer_IT,free,persona_x_initial_plan,307,295,12,123,3,72.22000000000000000000,1657.37962979999126314700,1060.36000000000000030000,3517.17712092109629140093,6307.13675072108755484793,0.00000000000000000000,28.90843199999984918000,139.04000000000000000000,15.95624631287671367000,183.90467831287656285000,3.91,2.92
2026-02-01,Developer_IT,plus,persona_x_initial_plan,59,55,4,23,0,1124.52365591300000000000,1189.43095499999376453000,107.84000000000000000000,1042.71528485808235566510,3464.50989577107612019510,50.00000000000000000000,5.13163799999997310000,0.00000000000000000000,3.68927219616438409000,58.82091019616435719000,6.78,1.7
2026-02-01,Developer_IT,start,persona_x_initial_plan,355,349,6,115,1,3172.06451612900000000000,4538.09872259997625557300,1500.52000000000000220000,4117.46883028547980159369,13328.15206901445605936669,42.00000000000000000000,87.76843199999953800000,4.00000000000000000000,7.26222578465753585600,141.03065778465707385600,1.69,1.06
2026-02-01,Media_Publishing,business,persona_x_initial_plan,2,2,0,1,0,80.00000000000000000000,12.64170599999993350000,0.00000000000000000000,11.79955813095890423000,104.44126413095883773000,,,,,,0.0,
2026-02-01,Media_Publishing,free,persona_x_initial_plan,153,148,5,50,1,27.18000000000000000000,671.55468299999648596000,253.02000000000000000000,534.54869322794528876574,1486.30337622794177472574,0.00000000000000000000,0.00000000000000000000,0.00000000000000000000,1.15873774246575365100,1.15873774246575365100,3.27,0.08
2026-02-01,Media_Publishing,plus,persona_x_initial_plan,21,21,0,8,0,335.00000000000000000000,471.83075999999751932000,1.42000000000000000000,1133.50652007780818679200,1941.75728007780570611200,,,,,,0.0,
2026-02-01,Media_Publishing,start,persona_x_initial_plan,150,147,3,57,0,1285.87096774100000000000,1774.92471299999070398100,764.46000000000000000000,2335.18000891945218359365,6160.43568966044288757465,33.00000000000000000000,9.23399999999995000000,0.00000000000000000000,28.61782886849314775430,70.85182886849309775430,2.0,1.15
2026-02-01,Medical_Professionals,free,persona_x_initial_plan,38,37,1,17,0,0.00000000000000000000,71.33596199999962694200,23.50000000000000000000,357.68333593753429330699,452.51929793753392024899,0.00000000000000000000,0.00000000000000000000,0.00000000000000000000,0.90681830136986308000,0.90681830136986308000,2.63,0.2
2026-02-01,Medical_Professionals,plus,persona_x_initial_plan,7,7,0,3,0,75.00000000000000000000,506.66943599999739000000,164.60000000000000000000,204.92733710301371464000,951.19677310301110464000,,,,,,0.0,
2026-02-01,Medical_Professionals,start,persona_x_initial_plan,56,53,3,21,0,399.00000000000000000000,436.44688199999772446000,28.26000000000000000000,311.71794956986305556740,1175.42483156986078002740,22.00000000000000000000,0.00000000000000000000,0.00000000000000000000,2.80921698630136975000,24.80921698630136975000,5.36,2.11
2026-02-01,Others,business,persona_x_initial_plan,28,24,4,6,0,1440.00000000000000000000,825.43735079999550060000,33.74000000000000000000,536.21090844164382308230,2835.38825924163932368230,80.00000000000000000000,13.30424999999993000000,0.00000000000000000000,8.49602738356164345400,101.80027738356157345400,14.29,3.59
2026-02-01,Others,free,persona_x_initial_plan,539,523,16,194,2,422.13259259299999900000,3128.72835599998375074946,1290.20000000000000030000,2347.81881983287676119387,7188.87976842586051124333,46.15000000000000000000,31.48338599999983470000,-4.00000000000000000000,286.23569417041088265644,359.86908017041071735644,2.97,5.01
2026-02-01,Others,plus,persona_x_initial_plan,198,189,9,65,1,3057.89999999900000000000,5827.49292959996961349400,676.82000000000000000000,1916.44529201917836741102,11478.65822161814798090502,125.00000000000000000000,144.29653199999925070000,4.00000000000000000000,11.24872114082192215720,284.54525314082117285720,4.55,2.48
2026-02-01,Others,start,persona_x_initial_plan,604,586,18,251,4,5082.66408602200000000000,5881.27111559996931719446,1651.79999999999999000000,3915.89591698575368165020,16531.63111860772298884466,108.00000000000000000000,4.34550599999997700000,0.00000000000000000000,6.40713783506849512149,118.75264383506847212149,2.98,0.72
2026-02-01,Professeur,business,persona_x_initial_plan,2,2,0,1,0,80.00000000000000000000,73.61008199999961800000,0.00000000000000000000,8.65150400876712370000,162.26158600876674170000,,,,,,0.0,
2026-02-01,Professeur,free,persona_x_initial_plan,119,112,7,40,0,121.95000000000000000000,373.89840299999807695600,247.50000000000000000000,343.06224164876714946350,1086.41064464876522641950,0.00000000000000000000,0.00000000000000000000,0.80000000000000000000,10.58440539506849604550,11.38440539506849604550,5.88,1.05
2026-02-01,Professeur,plus,persona_x_initial_plan,16,16,0,4,0,315.00000000000000000000,109.99841759999941080000,119.64000000000000000000,217.98200556712331811998,762.62042316712272891998,,,,,,0.0,
2026-02-01,Professeur,start,persona_x_initial_plan,133,130,3,46,0,1236.25514934300000000000,994.93633439999487023000,145.66000000000000100000,865.69206913534254252749,3242.54355287833741375749,0.00000000000000000000,0.97199999999999500000,0.00000000000000000000,0.80218421917808208420,1.77418421917807708420,2.26,0.05
2026-02-01,Repair,business,persona_x_initial_plan,0,0,0,0,0,,,,,,,,,,,,
2026-02-01,Repair,free,persona_x_initial_plan,30,28,2,7,0,41.73999999999999500000,295.40033999999843473100,30.40000000000000000000,43.60295898904110166356,411.14329898903953139456,0.00000000000000000000,0.00000000000000000000,4.00000000000000000000,5.64788383397260393840,9.64788383397260393840,6.67,2.35
2026-02-01,Repair,plus,persona_x_initial_plan,6,6,0,2,0,81.00000000000000000000,22.00333139999988600000,118.10000000000000000000,0.90945332493150696210,222.01278472493139296210,,,,,,0.0,
2026-02-01,Repair,start,persona_x_initial_plan,29,27,2,2,0,227.00000000000000000000,153.45280799999918660000,134.48000000000000000000,49.28723347342466431160,564.22004147342385091160,11.00000000000000000000,12.73915799999993100000,0.00000000000000000000,1.61790161753424668640,25.35705961753417768640,6.9,4.49
2026-02-01,Repair_Installation,business,persona_x_initial_plan,0,0,0,0,0,,,,,,,,,,,,
2026-02-01,Repair_Installation,free,persona_x_initial_plan,8,8,0,0,0,3.41000000000000000000,115.20813599999938963000,8.00000000000000000000,29.02284200931507131000,155.64097800931446094000,,,,,,0.0,
2026-02-01,Repair_Installation,plus,persona_x_initial_plan,4,4,0,0,0,70.00000000000000000000,142.04429999999925200000,0.00000000000000000000,33.73426187726027151900,245.77856187725952351900,,,,,,0.0,
2026-02-01,Repair_Installation,start,persona_x_initial_plan,14,14,0,2,0,104.48387096800000000000,228.82364999999878034000,0.00000000000000000000,101.96154402410959960300,435.26906499210837994300,,,,,,0.0,
2026-02-01,Restauration,business,persona_x_initial_plan,1,1,0,0,0,80.00000000000000000000,13.60110599999992700000,0.00000000000000000000,0.47046761260273978000,94.07157361260266678000,,,,,,0.0,
2026-02-01,Restauration,free,persona_x_initial_plan,86,83,3,31,0,54.38000000000000000000,829.83456359999570657000,299.20000000000000000000,263.95125349753423550480,1447.36581709752994207480,0.00000000000000000000,0.59399999999999700000,0.00000000000000000000,3.38928991780821950000,3.98328991780821650000,3.49,0.28
2026-02-01,Restauration,plus,persona_x_initial_plan,47,44,3,12,0,974.67817204300000000000,3787.18027199998065213000,810.00000000000000000000,340.40468564821921595699,5912.26312969119986808699,25.00000000000000000000,449.90279999999768000000,0.00000000000000000000,3.82102071561643830065,478.72382071561411830065,6.38,8.1
2026-02-01,Restauration,start,persona_x_initial_plan,100,95,5,41,2,849.71258064600000000000,1823.23331999999043482700,164.10000000000000000000,423.86532872876713934990,3260.91122937475757417690,22.00000000000000000000,21.20849999999988750000,0.00000000000000000000,3.16258263178082238840,46.37108263178070988840,5.0,1.42
2026-02-01,Retail,business,persona_x_initial_plan,11,11,0,8,0,640.00000000000000000000,589.17438539999691640000,22.32000000000000000000,130.19870489041096704290,1381.69309029040788344290,,,,,,0.0,
2026-02-01,Retail,free,persona_x_initial_plan,471,451,20,192,3,227.49999999999999000000,2837.24646839998523186090,1269.15999999999998960000,1528.32262997589061067639,5862.22909837587582213729,0.00000000000000000000,211.31666999999889193000,17.20000000000000000000,25.60439468767123193208,254.12106468767012386208,4.25,4.33
2026-02-01,Retail,plus,persona_x_initial_plan,162,146,16,40,2,2974.44086021400000000000,5398.62937379997208876700,1347.68000000000000000000,1254.69078694356166180761,10975.44102095753375057461,225.00000000000000000000,151.40075399999920585000,0.00000000000000000000,33.60278859068493596843,410.00354259068414181843,9.88,3.74
2026-02-01,Retail,start,persona_x_initial_plan,551,527,24,208,1,4729.06230107500000300000,8539.39434059995546207392,2060.68000000000000000000,7227.42126961150691551707,22556.55791128646238059099,171.41935483900000000000,170.95537799999913250000,0.00000000000000000000,106.79477080328768022355,449.16950364228681272355,4.36,1.99
2026-02-01,Wholesale,business,persona_x_initial_plan,11,11,0,1,0,800.00000000000000000000,229.71034799999880480000,0.00000000000000000000,80.12475895945206913900,1109.83510695945087393900,,,,,,0.0,
2026-02-01,Wholesale,free,persona_x_initial_plan,52,50,2,26,1,2.91000000000000000000,318.15264599999830091100,235.74000000000000000000,287.23061725205481282140,844.03326325205311373240,0.00000000000000000000,0.00000000000000000000,0.00000000000000000000,2.23167123287671228000,2.23167123287671228000,3.85,0.26
2026-02-01,Wholesale,plus,persona_x_initial_plan,45,42,3,16,0,922.58064516100000000000,2885.27386499998501571500,225.52000000000000000000,673.61389772931512537362,4706.98840789030014108862,50.00000000000000000000,0.33121799999999824500,0.00000000000000000000,0.05079728767123288812,50.38201528767123113312,6.67,1.07
2026-02-01,Wholesale,start,persona_x_initial_plan,94,91,3,43,0,817.77419354800000000000,2548.96615079998611995800,90.54000000000000000000,1438.99414021095886232300,4896.27448455894498228100,22.00000000000000000000,18.23846399999990489000,9.60000000000000000000,1.98178805205479465390,51.82025205205469954390,3.19,1.06
2026-03-01,ALL,business,initial_plan,205,188,17,40,0,12183.62500000000000000000,16465.61592359993328210500,2668.72000000000000000000,2819.24064824219199015988,34137.20157184212527226488,880.00000000000000000000,761.67948599999700908000,17.92000000000000000000,31.56278462958904201759,1691.16227062958605109759,8.29,4.95
2026-03-01,ALL,free,initial_plan,4608,4430,178,971,17,2204.06612994999999800000,34380.30061259986482915833,12942.18000000000000520000,44907.58681928438761952998,94434.13356183425245188831,45.52999999999999900000,493.16293979999796909000,457.81999999999999940000,215.38010146904111421111,1211.89304126903908170111,3.86,1.28
2026-03-01,ALL,plus,initial_plan,1539,1470,69,290,7,30652.48010415700000000000,72214.25027219971591878200,4788.46000000000000100000,21724.55464914027628906567,129379.74502549699220884767,970.00000000000000000000,3525.57737099998609709000,7.76000000000000000000,102.68146283178083203339,4606.01883383176692912339,4.48,3.56
2026-03-01,ALL,start,initial_plan,5243,5072,171,1130,8,46943.94389258299999800000,87411.06216539965556824700,17772.64000000000000498900,56044.26121888493665312712,208171.90727686759222436312,1149.31250000000000000000,1568.03754959999382687600,386.84000000000000078900,327.46308161479457328883,3431.65313121478840095383,3.26,1.65
2026-03-01,ALL,ALL,overall,11595,11160,435,2431,32,91984.11512668999999600000,210471.22897379916959829233,38172.00000000000001118900,125495.64333555179255188265,466122.98743604096215736398,3044.84249999999999900000,6348.45734639997490213600,870.34000000000000018900,677.08743054520556155092,10940.72727694518046287592,3.75,2.35
2026-03-01,Automobile_Trade_Repair,ALL,persona,485,466,19,115,3,5458.20333333300000000000,15261.50560859993957524400,1714.14000000000000840000,3670.47092445589072255183,26104.31986638883030619583,94.00000000000000000000,52.50313799999979600000,20.80000000000000000000,20.14802529698630327800,187.45116329698609927800,3.92,0.72
2026-03-01,BTP,ALL,persona,2147,2073,74,377,3,21199.20461428999999900000,66400.55091899973728527600,3672.48000000000000071800,32770.38984956383889877877,124042.62538285357618377277,734.00000000000000000000,1374.82486559999458155000,29.68000000000000071800,219.79983528164384905393,2358.30470088163843132193,3.45,1.9
2026-03-01,Bankers_Insurance,ALL,persona,180,176,4,27,0,777.37500000000000000000,1377.09914939999444839000,341.72000000000000000000,4726.13379011506934849914,7222.32793951506379688914,0.00000000000000000000,0.00000000000000000000,0.00000000000000000000,10.95674308602739856000,10.95674308602739856000,2.22,0.15
2026-03-01,Bikers_Drivers,ALL,persona,631,585,46,148,2,6131.61041666600000000000,9681.22830239996209043100,3726.96000000000000007100,2432.45494475506866551306,21972.25366382103075601506,290.00000000000000000000,301.10605199999883335400,150.68000000000000007100,12.57942039397260460708,754.36547239397143803208,7.29,3.43
2026-03-01,Cleaning_CallCenters,ALL,persona,68,67,1,15,0,542.06250000000000000000,512.58279059999796933000,60.95999999999999900000,543.27077578246581963390,1658.87606638246378796390,0.00000000000000000000,0.00000000000000000000,0.00000000000000000000,0.05515068493150685600,0.05515068493150685600,1.47,0.0
2026-03-01,Consultant,ALL,persona,2059,1999,60,441,5,13013.81763320300000000000,26244.83612879989685272800,6526.88000000000000110000,28290.36550232548189365942,74075.89926432837874748742,271.00000000000000000000,1041.28489799999587783000,132.00000000000000000000,66.12238776109589585540,1510.40728576109177368540,2.91,2.04
2026-03-01,Developer_IT,ALL,persona,977,946,31,194,4,6517.54653958800000000000,8824.06056239996519647100,4664.82000000000000340000,13297.80635664328883975828,33304.23345863125403962928,271.58750000000000000000,119.30238179999952760000,268.76000000000000000000,102.12911474027398920743,761.77899654027351680743,3.17,2.29
2026-03-01,Media_Publishing,ALL,persona,435,426,9,91,2,2436.37937500000000000000,4703.28932699998148123300,1483.84000000000000000000,4872.05787549479500955990,13495.56657749477649079290,6.75000000000000000000,1.78547399999999290000,6.40000000000000000000,1.67358293698630154678,16.60905693698629444678,2.07,0.12
2026-03-01,Medical_Professionals,ALL,persona,138,136,2,37,1,781.91500000000000000000,2100.71905199999174254000,312.44000000000000000000,1443.26243644493167253605,4638.33648844492341507605,0.00000000000000000000,0.00000000000000000000,0.00000000000000000000,0.03309369863013699100,0.03309369863013699100,1.45,0.0
2026-03-01,Others,ALL,persona,1845,1767,78,453,0,14307.18830972199999700000,26140.97800079989708162100,5302.32000000000000470000,11899.82872080328867902903,57650.31503132518576235003,567.50499999999999900000,885.79884599999649944000,43.36000000000000000000,96.24203453643835721637,1592.90588053643485565637,4.23,2.76
2026-03-01,Professeur,ALL,persona,351,338,13,81,3,2353.26541666700000000000,4594.91304959998204888200,1440.42000000000000000000,2600.60506359945218886978,10989.20352986643423775178,138.00000000000000000000,599.87854799999770564000,8.00000000000000000000,6.32561569753424686290,752.20416369753195250290,3.7,6.84
2026-03-01,Repair,ALL,persona,72,68,4,17,0,487.66125000000000000000,542.41468019999787457500,242.99999999999999700000,183.73619625589042081660,1456.81212645588829239160,36.00000000000000000000,0.57599999999999774000,16.00000000000000000000,5.23002726684931653000,57.80602726684931427000,5.56,3.97
2026-03-01,Repair_Installation,ALL,persona,28,28,0,5,0,249.00000000000000000000,842.38536599999679803000,11.20000000000000000000,304.00772674739728417500,1406.59309274739408220500,,,,,,0.0,
2026-03-01,Restauration,ALL,persona,309,300,9,58,1,2664.81541666600000000000,8981.03895659996475737000,518.83999999999999800000,1577.75943244931525104723,13742.45380571528000641723,47.00000000000000000000,0.87209999999999660000,-4.00000000000000000000,0.86258557589041102673,44.73468557589040762673,2.91,0.33
2026-03-01,Retail,ALL,persona,1589,1515,74,311,8,11603.16282155500000000000,27598.88905739989047763733,7195.63999999999999680000,12810.20003336493246340206,59207.89191231982293783939,476.00000000000000000000,1792.84164299999279826200,198.65999999999999940000,118.00190621150688463910,2585.50354921149968230110,4.66,4.37
2026-03-01,Wholesale,ALL,persona,281,270,11,61,0,3460.90750000000000000000,6664.73802299997391853400,956.34000000000000200000,4073.29370675068539405260,15155.27922975065931458660,113.00000000000000000000,177.68339999999929522000,0.00000000000000000000,16.92790737643835932020,307.61130737643765454020,3.91,2.03
2026-03-01,Automobile_Trade_Repair,business,persona_x_initial_plan,17,17,0,3,0,1040.00000000000000000000,1534.17112199999391190000,36.38000000000000000000,484.62620980328766714220,3095.17733180328157904220,,,,,,0.0,
2026-03-01,Automobile_Trade_Repair,free,persona_x_initial_plan,136,128,8,30,1,34.45000000000000000000,1171.52077319999537772000,364.01999999999999940000,421.21957709260273220197,1991.21035029259810932197,0.00000000000000000000,26.42648399999989670000,20.80000000000000000000,12.75156054575342521100,59.97804454575332191100,5.88,3.01
2026-03-01,Automobile_Trade_Repair,plus,persona_x_initial_plan,116,112,4,17,1,2393.95833333300000000000,6277.46280119997543844000,324.24000000000000000000,1779.61885829369883654683,10775.27999282667427498683,50.00000000000000000000,21.34135799999991800000,0.00000000000000000000,0.61613876657534246500,71.95749676657526046500,3.45,0.67
2026-03-01,Automobile_Trade_Repair,start,persona_x_initial_plan,216,209,7,65,1,1989.79500000000000000000,6278.35091219997484718400,989.50000000000000900000,985.00627926630148666083,10242.65219146627634284483,44.00000000000000000000,4.73529599999998130000,0.00000000000000000000,6.78032598465753560200,55.51562198465751690200,3.24,0.54
2026-03-01,BTP,business,persona_x_initial_plan,65,62,3,12,0,4122.62500000000000000000,8749.66474619996396665000,24.00000000000000000000,1049.01269836986314992519,13945.30244456982711657519,240.00000000000000000000,0.34199999999999864000,0.00000000000000000000,1.22682959068493157279,241.56882959068493021279,4.62,1.73
2026-03-01,BTP,free,persona_x_initial_plan,789,764,25,140,1,391.80981165999999900000,8419.39607879996687382900,1441.16000000000000000000,16366.64187882411101848034,26619.00776928407789130934,0.00000000000000000000,8.12649599999996800000,28.40000000000000000000,105.88027491726028092992,142.40677091726024892992,3.17,0.53
2026-03-01,BTP,plus,persona_x_initial_plan,428,411,17,71,1,8646.59499999800000000000,26737.37744579989484775500,741.52000000000000000000,4728.20787999178158613434,40853.70032578967643388934,300.00000000000000000000,1001.95864199999604232000,0.00000000000000000000,12.85209801150684862392,1314.81074001150289094392,3.97,3.22
2026-03-01,BTP,start,persona_x_initial_plan,865,836,29,154,1,8038.17480263200000000000,22494.11264819991159704200,1465.80000000000000071800,10626.52739237808314423890,42624.61484320999474199890,194.00000000000000000000,364.39772759999857259000,1.28000000000000071800,99.84063276219178792730,659.51836036219036123530,3.35,1.55
2026-03-01,Bankers_Insurance,business,persona_x_initial_plan,0,0,0,0,0,,,,,,,,,,,,
2026-03-01,Bankers_Insurance,free,persona_x_initial_plan,102,98,4,17,0,9.00000000000000000000,271.48205699999892714000,177.20000000000000000000,3265.73863705150765104512,3723.42069405150657818512,0.00000000000000000000,0.00000000000000000000,0.00000000000000000000,10.95674308602739856000,10.95674308602739856000,3.92,0.29
2026-03-01,Bankers_Insurance,plus,persona_x_initial_plan,8,8,0,4,0,145.00000000000000000000,818.88720839999664070000,0.78000000000000000000,508.24125653534246490000,1472.90846493533910560000,,,,,,0.0,
2026-03-01,Bankers_Insurance,start,persona_x_initial_plan,70,70,0,6,0,623.37500000000000000000,286.72988399999888055000,163.74000000000000000000,952.15389652821923255402,2025.99878052821811310402,,,,,,0.0,
2026-03-01,Bikers_Drivers,business,persona_x_initial_plan,23,21,2,2,0,1225.00000000000000000000,1641.25124999999356600200,1810.64000000000000000000,435.74466589917807513610,5112.63591589917164113810,80.00000000000000000000,14.70306599999994300000,0.00000000000000000000,0.17064862794520551180,94.87371462794514851180,8.7,1.86
2026-03-01,Bikers_Drivers,free,persona_x_initial_plan,202,187,15,55,1,112.80000000000000000000,1510.24589459999408587500,950.92000000000000000000,514.64357590520551900092,3088.60947050519960487592,0.00000000000000000000,10.19120399999995840000,16.00000000000000000000,6.73387692219178158395,32.92508092219173998395,7.43,1.07
2026-03-01,Bikers_Drivers,plus,persona_x_initial_plan,108,104,4,23,0,2218.84166666600000000000,2560.16946599999012568000,416.48000000000000000000,572.22977452931513231348,5767.72090719530525799348,75.00000000000000000000,0.66153599999999735000,0.00000000000000000000,0.03556287123287671300,75.69709887123287406300,3.7,1.31
2026-03-01,Bikers_Drivers,start,persona_x_initial_plan,298,273,25,68,1,2574.96875000000000000000,3969.56169179998431287400,548.92000000000000007100,909.83692842136993906256,8003.28737022135425200756,135.00000000000000000000,275.55024599999893460400,134.68000000000000007100,5.63933197260274079833,550.86957797260167547333,8.39,6.88
2026-03-01,Cleaning_CallCenters,business,persona_x_initial_plan,2,2,0,0,0,80.00000000000000000000,0.56429999999999780000,0.00000000000000000000,6.42216385808219133000,86.98646385808218913000,,,,,,0.0,
2026-03-01,Cleaning_CallCenters,free,persona_x_initial_plan,24,23,1,8,0,0.00000000000000000000,38.19936599999985133000,15.08000000000000000000,57.18088745698630551900,110.46025345698615684900,0.00000000000000000000,0.00000000000000000000,0.00000000000000000000,0.05515068493150685600,0.05515068493150685600,4.17,0.05
2026-03-01,Cleaning_CallCenters,plus,persona_x_initial_plan,13,13,0,2,0,259.21875000000000000000,232.77862259999907200000,45.87999999999999900000,430.97856177205485176640,968.85593437205392276640,,,,,,0.0,
2026-03-01,Cleaning_CallCenters,start,persona_x_initial_plan,29,29,0,5,0,202.84375000000000000000,241.04050199999904820000,0.00000000000000000000,48.68916269534247101850,492.57341469534151921850,,,,,,0.0,
2026-03-01,Consultant,business,persona_x_initial_plan,17,15,2,7,0,1040.00000000000000000000,748.27807199999703944000,3.28000000000000000000,130.44439387452055958700,1922.00246587451759902700,80.00000000000000000000,0.00000000000000000000,0.00000000000000000000,22.48948850301370059000,102.48948850301370059000,11.76,5.33
2026-03-01,Consultant,free,persona_x_initial_plan,930,896,34,188,3,370.95721653900000000000,5274.28043999997927999000,2187.20000000000000300000,10128.97635683397315825619,17961.41401337295244124619,0.00000000000000000000,69.06121199999973320000,32.00000000000000000000,23.73339022410959035989,124.79460222410932355989,3.66,0.69
2026-03-01,Consultant,plus,persona_x_initial_plan,160,153,7,33,1,3128.91458333100000000000,5654.99459879997767103000,1093.08000000000000000000,3837.79296324328815626730,13714.78214537426582729730,70.00000000000000000000,960.79044599999619000000,0.00000000000000000000,10.34791984164383647000,1041.13836584164002647000,4.38,7.59
2026-03-01,Consultant,start,persona_x_initial_plan,952,935,17,213,1,8473.94583333300000000000,14567.28301799994286226800,3243.31999999999999810000,14193.15178837370001954893,40477.70063970664287991693,121.00000000000000000000,11.43323999999995463000,100.00000000000000000000,9.55158919232876843551,241.98482919232872306551,1.79,0.6
2026-03-01,Developer_IT,business,persona_x_initial_plan,13,12,1,2,0,720.00000000000000000000,92.65647599999962127000,0.00000000000000000000,61.86955796876714289134,874.52603396876676416134,80.00000000000000000000,2.77498799999998890000,0.00000000000000000000,0.65508427397260272000,83.43007227397259162000,7.69,9.54
2026-03-01,Developer_IT,free,persona_x_initial_plan,421,406,15,93,3,126.72582880400000000000,2691.52536419998940460100,1733.06000000000000500000,5543.64952426684971109418,10094.96071727083912069518,21.65000000000000000000,107.60209379999957400000,268.76000000000000000000,8.99921519945205506565,407.01130899945162906565,3.56,4.03
2026-03-01,Developer_IT,plus,persona_x_initial_plan,78,74,4,14,0,1513.59791666600000000000,1586.11526099999376843000,49.06000000000000000000,1410.03424160821929658760,4558.80741927421306501760,75.00000000000000000000,6.37829999999997480000,0.00000000000000000000,30.04946399780822240700,111.42776399780819720700,5.13,2.44
2026-03-01,Developer_IT,start,persona_x_initial_plan,465,454,11,85,1,4157.22279411800000000000,4453.76346119998240217000,2882.69999999999999840000,6282.25303279945268918516,17775.93928811743508975516,94.93750000000000000000,2.54699999999998990000,0.00000000000000000000,62.42535126904110901478,159.90985126904109891478,2.37,0.9
2026-03-01,Media_Publishing,business,persona_x_initial_plan,3,3,0,0,0,80.00000000000000000000,66.57546599999973615000,0.00000000000000000000,4.94215130465753381000,151.51761730465726996000,,,,,,0.0,
2026-03-01,Media_Publishing,free,persona_x_initial_plan,199,194,5,33,1,40.51750000000000000000,1088.42793839999574033600,494.94000000000000000000,767.03154914630140291203,2390.91698754629714324803,0.00000000000000000000,1.78547399999999290000,2.40000000000000000000,1.63969101698630154186,5.82516501698629444186,2.51,0.24
2026-03-01,Media_Publishing,plus,persona_x_initial_plan,29,28,1,4,0,545.00000000000000000000,1026.62528759999596490000,758.14000000000000000000,1207.83530238630142458186,3537.60058998629738948186,0.00000000000000000000,0.00000000000000000000,0.00000000000000000000,0.00046524054794520550,0.00046524054794520550,3.45,0.0
2026-03-01,Media_Publishing,start,persona_x_initial_plan,204,201,3,54,1,1770.86187500000000000000,2521.66063499999003984700,230.76000000000000000000,2892.24887265753464825601,7415.53138265752468810301,6.75000000000000000000,0.00000000000000000000,4.00000000000000000000,0.03342667945205479942,10.78342667945205479942,1.47,0.15
2026-03-01,Medical_Professionals,free,persona_x_initial_plan,54,54,0,23,1,6.79000000000000000000,457.99012799999820341000,103.62000000000000000000,528.19298361260280209318,1096.59311161260100550318,,,,,,0.0,
2026-03-01,Medical_Professionals,plus,persona_x_initial_plan,10,9,1,0,0,156.25000000000000000000,1136.36975399999552810000,70.86000000000000000000,368.90789444876713228757,1732.38764844876266038757,0.00000000000000000000,0.00000000000000000000,0.00000000000000000000,0.01323726027397260400,0.01323726027397260400,10.0,0.0
2026-03-01,Medical_Professionals,start,persona_x_initial_plan,74,73,1,14,0,618.87500000000000000000,506.35916999999801103000,137.96000000000000000000,546.16155838356173815530,1809.35572838355974918530,0.00000000000000000000,0.00000000000000000000,0.00000000000000000000,0.01985643835616438700,0.01985643835616438700,1.35,0.0
2026-03-01,Others,business,persona_x_initial_plan,30,27,3,6,0,1636.00000000000000000000,1856.67867719999249297300,144.98000000000000000000,363.24621055178086916560,4000.90488775177336213860,160.00000000000000000000,0.73085399999999712000,17.92000000000000000000,0.36871373424657532600,179.01956773424657244600,10.0,4.47
2026-03-01,Others,free,persona_x_initial_plan,719,695,24,174,0,432.17555555599999900000,5048.95304339998011852000,1777.18000000000000500000,3114.60871191835647944248,10372.91731087433660196248,23.87999999999999900000,26.87918399999989346000,10.40000000000000000000,12.08952376164383658869,73.24870776164372904869,3.34,0.71
2026-03-01,Others,plus,persona_x_initial_plan,255,239,16,60,0,4852.59999999900000000000,8095.47344099996847530300,1059.40000000000000000000,2769.86136790356184679911,16777.33480890253032210211,150.00000000000000000000,58.10907599999977462000,7.76000000000000000000,32.73182449479452626168,248.60090049479430088168,6.27,1.48
2026-03-01,Others,start,persona_x_initial_plan,841,806,35,213,0,7386.41275416699999800000,11139.87283919995599482500,2320.75999999999999970000,5652.11243042958948362184,26499.15802379654547614684,233.62500000000000000000,800.07973199999683424000,7.28000000000000000000,51.05197254575341904000,1092.03670454575025328000,4.16,4.12
2026-03-01,Professeur,business,persona_x_initial_plan,3,2,1,0,0,160.00000000000000000000,80.65994399999966232000,0.00000000000000000000,40.34913928109589718600,281.00908328109555950600,80.00000000000000000000,0.17099999999999932000,0.00000000000000000000,0.01347494849315068600,80.18447494849315000600,33.33,28.53
2026-03-01,Professeur,free,persona_x_initial_plan,152,144,8,33,3,148.67000000000000000000,767.00968559999695641000,441.62000000000000000000,555.09922686027404567295,1912.39891246027100208295,0.00000000000000000000,2.88907199999998847000,8.00000000000000000000,1.12371286849315060090,12.01278486849313907090,5.26,0.63
2026-03-01,Professeur,plus,persona_x_initial_plan,20,19,1,7,0,410.00000000000000000000,1342.21026599999487220000,53.34000000000000000000,457.47145211561643069450,2263.02171811561130289450,25.00000000000000000000,596.27161799999772000000,0.00000000000000000000,3.97397167232876700000,625.24558967232648700000,5.0,27.63
2026-03-01,Professeur,start,persona_x_initial_plan,176,173,3,41,0,1634.59541666700000000000,2405.03315399999055795200,945.46000000000000000000,1547.68524534246581531633,6532.77381600945637326833,33.00000000000000000000,0.54685799999999785000,0.00000000000000000000,1.21445620821917857600,34.76131420821917642600,1.7,0.53
2026-03-01,Repair,business,persona_x_initial_plan,0,0,0,0,0,,,,,,,,,,,,
2026-03-01,Repair,free,persona_x_initial_plan,35,33,2,11,0,60.13000000000000000000,209.97152999999918324000,69.99999999999999700000,73.63207827342465940030,413.73360827342383964030,0.00000000000000000000,0.57599999999999774000,16.00000000000000000000,5.08407392109589184200,21.66007392109588958200,5.71,5.24
2026-03-01,Repair,plus,persona_x_initial_plan,8,7,1,2,0,125.53125000000000000000,137.01772619999945700000,0.30000000000000000000,5.68958528876712320200,268.53856148876658020200,25.00000000000000000000,0.00000000000000000000,0.00000000000000000000,0.09153534246575344100,25.09153534246575344100,12.5,9.34
2026-03-01,Repair,start,persona_x_initial_plan,29,28,1,4,0,302.00000000000000000000,195.42542399999923433500,172.70000000000000000000,104.41453269369863821430,774.53995669369787254930,11.00000000000000000000,0.00000000000000000000,0.00000000000000000000,0.05441800328767124700,11.05441800328767124700,3.45,1.43
2026-03-01,Repair_Installation,business,persona_x_initial_plan,0,0,0,1,0,,,,,,,,,,,,
2026-03-01,Repair_Installation,free,persona_x_initial_plan,8,8,0,3,0,11.00000000000000000000,276.33842999999891800000,11.20000000000000000000,59.80714031232877592000,358.34557031232769392000,,,,,,0.0,
2026-03-01,Repair_Installation,plus,persona_x_initial_plan,4,4,0,0,0,95.00000000000000000000,298.11922199999892100000,0.00000000000000000000,51.94850665863014691000,445.06772865862906791000,,,,,,0.0,
2026-03-01,Repair_Installation,start,persona_x_initial_plan,16,16,0,1,0,143.00000000000000000000,267.92771399999895903000,0.00000000000000000000,192.25207977643836134500,603.17979377643732037500,,,,,,0.0,
2026-03-01,Restauration,business,persona_x_initial_plan,1,1,0,1,0,80.00000000000000000000,0.00000000000000000000,0.00000000000000000000,0.07758101041095890000,80.07758101041095890000,,,,,,0.0,
2026-03-01,Restauration,free,persona_x_initial_plan,114,110,4,16,0,150.03000000000000000000,1792.75952519999295372000,167.55999999999999800000,375.48033689589044570792,2485.82986209588339742792,0.00000000000000000000,0.00000000000000000000,0.00000000000000000000,0.45578669589041103900,0.45578669589041103900,3.51,0.02
2026-03-01,Restauration,plus,persona_x_initial_plan,56,55,1,10,0,1242.56666666600000000000,3823.37719739998502194000,14.10000000000000000000,369.99883690739733161568,5450.04270097338235355568,25.00000000000000000000,0.00000000000000000000,0.00000000000000000000,0.39698630136986300000,25.39698630136986300000,1.79,0.47
2026-03-01,Restauration,start,persona_x_initial_plan,138,134,4,31,1,1192.21875000000000000000,3364.90223399998678171000,337.18000000000000000000,832.20267763561651482363,5726.50366163560329653363,22.00000000000000000000,0.87209999999999660000,-4.00000000000000000000,0.00981257863013698773,18.88191257863013358773,2.9,0.33
2026-03-01,Retail,business,persona_x_initial_plan,19,15,4,4,0,1120.00000000000000000000,1474.04993219999410660000,21.20000000000000000000,89.29875696109590091545,2704.54868916109000751545,80.00000000000000000000,703.90744199999723610000,0.00000000000000000000,5.99637566136986181100,789.90381766136709791100,21.05,29.21
2026-03-01,Retail,free,persona_x_initial_plan,646,617,29,126,3,255.54271739100000000000,5066.72249219998012467333,2876.47999999999999780000,2285.04896389095908470220,10483.79417348193920717553,0.00000000000000000000,239.62571999999896622000,55.05999999999999940000,24.52170339616438754575,319.20742339616335316575,4.49,3.04
2026-03-01,Retail,plus,persona_x_initial_plan,188,177,11,29,4,3680.90593749800000000000,8703.17200439996498027400,110.58000000000000000000,2221.62222823287688253390,14716.28017013084186280790,175.00000000000000000000,741.63023099999703000000,0.00000000000000000000,9.86121007780822004229,926.49144107780525004229,5.85,6.3
2026-03-01,Retail,start,persona_x_initial_plan,736,706,30,152,1,6546.71416666600000000000,12354.94462859995126609000,4187.37999999999999900000,8214.23008428000059525051,31303.26887954595186034051,221.00000000000000000000,107.67824999999956594200,143.60000000000000000000,77.62261707616441524006,549.90086707616398118206,4.08,1.76
2026-03-01,Wholesale,business,persona_x_initial_plan,12,11,1,2,0,880.00000000000000000000,221.06593799999918100000,628.24000000000000000000,153.20711935945204417100,1882.51305735945122517100,80.00000000000000000000,39.05013599999984600000,0.00000000000000000000,0.64216928986301380000,119.69230528986285980000,8.33,6.36
2026-03-01,Wholesale,free,persona_x_initial_plan,77,73,4,21,0,53.46750000000000000000,295.47786599999883036400,130.94000000000000000000,850.63539094301382808120,1330.52075694301265844520,0.00000000000000000000,0.00000000000000000000,0.00000000000000000000,1.35539822904109648650,1.35539822904109648650,5.19,0.1
2026-03-01,Wholesale,plus,persona_x_initial_plan,58,57,1,14,0,1238.50000000000000000000,3784.09996979998513403000,50.70000000000000200000,1004.11593922465764592510,6077.41590902464278195510,0.00000000000000000000,138.43616399999945000000,0.00000000000000000000,1.71104895342465780000,140.14721295342410780000,1.72,2.31
2026-03-01,Wholesale,start,persona_x_initial_plan,134,129,5,24,0,1288.94000000000000000000,2364.09424919999077314000,146.46000000000000000000,2065.33525722356187587530,5864.82950642355264901530,33.00000000000000000000,0.19709999999999922000,0.00000000000000000000,13.21929090410959123370,46.41639090410959045370,3.73,0.79
2026-04-01,ALL,business,initial_plan,228,209,19,52,1,14684.00000000000000000000,14586.47917379993016811100,2559.51999999999999910000,3325.03873617150712764930,35155.03790997143729486030,1051.00000000000000000000,487.61611199999773569000,12.73999999999999910000,135.43223017698631509791,1686.78834217698404988791,8.33,4.8
2026-04-01,ALL,free,initial_plan,5418,5225,193,1270,30,3018.40513677500000000000,37950.05569679981568725500,17104.59999999999999980000,60526.02330306411276023714,118599.08413663892844729214,137.51000000000000000000,444.71192399999785592000,772.33999999999999600000,443.12447303616442110236,1797.68639703616227302236,3.56,1.52
2026-04-01,ALL,plus,initial_plan,1767,1710,57,306,11,38026.48029165600000000000,72563.67731339964631118100,11444.73999999999999640000,27387.08392877479623891807,149421.98153383044254649907,836.90000000000000000000,422.37358199999795423600,-7.42000000000000000000,48.32736030082192749683,1300.18094230081988173283,3.23,0.87
2026-04-01,ALL,start,initial_plan,6210,6054,156,1232,30,59090.36007930299999600000,90452.57862959956132796639,22386.19999999999999850000,69991.99413187233319438937,241921.13284077489451685576,1271.15625000000000000000,1239.43741739999404275000,99.04000000000000000000,350.04222891342466911755,2959.67589631341871186755,2.51,1.22
2026-04-01,ALL,ALL,overall,13623,13198,425,2860,72,114819.24550773399999600000,215552.79081359895349451339,53495.05999999999999380000,161230.14009988274932119388,545097.23642121570280550727,3296.56625000000000000000,2594.13903539998758859600,876.69999999999999510000,976.92629242739733281465,7744.33157782738491651065,3.12,1.42
2026-04-01,Automobile_Trade_Repair,ALL,persona,584,558,26,98,1,6737.77204301000000000000,17106.31406879991607811000,4690.42000000000000000000,4076.50275955561657214725,32611.00887136553265025725,174.00000000000000000000,705.22820999999661195400,34.26000000000000000000,46.13881880000000253319,959.62702879999661448719,4.45,2.94
2026-04-01,BTP,ALL,persona,2453,2390,63,493,12,26852.17528985300000000000,61038.88092539970569691700,6798.73999999999999770000,40115.34341564109785632574,134805.13963089380355094274,646.42000000000000000000,732.29023799999655025000,39.20000000000000000000,322.98321855397263421201,1740.89345655396918446201,2.57,1.29
2026-04-01,Bankers_Insurance,ALL,persona,203,198,5,57,2,925.84375000000000000000,1801.20696479999107688400,570.47999999999999400000,7811.68272218191863534197,11109.21343698190970622597,18.00000000000000000000,1.31122799999999360000,0.00000000000000000000,18.35477091123286661820,37.66599891123286021820,2.46,0.34
2026-04-01,Bikers_Drivers,ALL,persona,735,702,33,172,7,7399.88041666600000000000,11835.87046019994292367800,3443.58000000000000700000,2969.15270568547961318579,25648.48358255142254386379,294.83750000000000000000,202.56528599999901202600,246.48000000000000000000,19.70346475068493298730,763.58625075068394501330,4.49,2.98
2026-04-01,Cleaning_CallCenters,ALL,persona,82,79,3,10,0,780.00000000000000000000,577.97116199999720646500,70.26000000000000000000,534.55741050410957467988,1962.78857250410678114488,0.00000000000000000000,40.09129199999980400000,-9.60000000000000000000,19.68492677972603022265,50.17621877972583422265,3.66,2.56
2026-04-01,Consultant,ALL,persona,2445,2373,72,482,11,16576.23943749699999800000,26759.93392619987001986500,5660.38000000000000010000,38865.47246741918191047934,87862.02583111605192844434,339.09000000000000000000,239.80638599999886115400,68.26000000000000000000,281.59172777205481272646,928.74811377205367388046,2.94,1.06
2026-04-01,Developer_IT,ALL,persona,1144,1118,26,210,8,8054.29916666499999800000,12469.17384359993934203500,3361.00000000000000650000,18300.39048446137107899406,42184.86349472631042552906,263.00000000000000000000,49.85715599999975397000,13.40000000000000000000,48.83614684712328839320,375.09330284712304236320,2.27,0.89
2026-04-01,Media_Publishing,ALL,persona,519,503,16,106,4,3284.71875000000000000000,5940.19474739997114110700,1888.64000000000000200000,6121.09473754575377157320,17234.64823494572491468020,135.00000000000000000000,38.11470299999981304100,22.12000000000000000000,11.60272503013698607883,206.83742803013679911983,3.08,1.2
2026-04-01,Medical_Professionals,ALL,persona,174,170,4,43,0,1049.05865384600000000000,2139.58473299998944276000,546.70000000000000000000,2173.88510642410980351624,5909.22849327009924627624,0.00000000000000000000,0.51299999999999757000,6.00000000000000000000,2.72529137260274036914,9.23829137260273793914,2.3,0.16
2026-04-01,Others,ALL,persona,2220,2143,77,522,13,18234.19985205300000000000,25671.02776739987510879700,10851.71999999999999510000,15135.36813539123394283104,69892.31575484410904672804,829.00000000000000000000,297.60015419999858998000,189.61999999999999910000,53.89570684493151524876,1370.11586104493010432876,3.47,1.96
2026-04-01,Professeur,ALL,persona,422,414,8,93,1,2899.60041666700000000000,3862.34268119998144325300,829.74000000000000000000,3142.72652677972620160755,10734.40962464670764486055,33.00000000000000000000,6.83999999999996610000,0.00000000000000000000,6.47675346301369862130,46.31675346301366472130,1.9,0.43
2026-04-01,Repair,ALL,persona,85,82,3,22,0,533.73958333300000000000,530.54987039999739784500,231.74000000000000000000,317.15843315561644710254,1613.18788688861384494754,0.00000000000000000000,0.92339999999999545000,8.00000000000000000000,4.19023302684931481400,13.11363302684931026400,3.53,0.81
2026-04-01,Repair_Installation,ALL,persona,33,32,1,5,0,360.00000000000000000000,967.10531399999530235000,60.99999999999999600000,440.86575685260276308170,1828.97107085259806143170,11.00000000000000000000,0.00000000000000000000,0.00000000000000000000,0.01212328767123287800,11.01212328767123287800,3.03,0.6
2026-04-01,Restauration,ALL,persona,359,346,13,82,3,3386.26166666600000000000,10418.56865999994976802800,2381.57999999999999600000,2426.46184886465774202966,18612.87217553060750605766,103.00000000000000000000,32.27686199999984106000,36.51999999999999600000,3.20426333808219192630,175.00112533808202898630,3.62,0.94
2026-04-01,Retail,ALL,persona,1834,1767,67,388,10,13680.90148147800000000000,28724.96578679985933168939,10370.58000000000000040000,14852.08391201698555607659,67628.53118029484488816598,353.31250000000000000000,205.34027219999899884100,200.04000000000000000000,29.19382777260274089101,787.88659997260173973201,3.65,1.17
2026-04-01,Wholesale,ALL,persona,331,323,8,77,0,4064.55500000000000000000,5709.09990239997221473000,1738.49999999999999900000,3947.39367740328785222133,15459.54857980326006595133,96.90625000000000000000,41.38084799999979960000,22.40000000000000000000,108.33229387671234429430,269.01939187671214389430,2.42,1.74
2026-04-01,Automobile_Trade_Repair,business,persona_x_initial_plan,20,20,0,3,0,1200.00000000000000000000,2177.08770959998935590400,1023.10000000000000000000,331.66070644109592251167,4731.84841604108527841567,,,,,,0.0,
2026-04-01,Automobile_Trade_Repair,free,persona_x_initial_plan,159,150,9,28,0,95.18000000000000000000,1116.07226099999452253900,1006.36000000000000000000,451.62697899123287103550,2669.23923999122739357450,0.00000000000000000000,22.45069799999989216400,0.80000000000000000000,7.36172510465753490897,30.61242310465742707297,5.66,1.15
2026-04-01,Automobile_Trade_Repair,plus,persona_x_initial_plan,130,127,3,18,1,2818.33333333300000000000,6740.08243019996661670300,1849.98000000000000000000,1889.27536674136989799304,13297.67113027433651469604,75.00000000000000000000,107.04554999999948000000,0.00000000000000000000,8.96445565972602806000,191.01000565972550806000,2.31,1.44
2026-04-01,Automobile_Trade_Repair,start,persona_x_initial_plan,275,261,14,49,0,2624.25870967700000000000,7073.07166799996558296400,810.98000000000000000000,1403.93970738191788060704,11912.25008505888346357104,99.00000000000000000000,575.73196199999723979000,33.46000000000000000000,29.81263803561643956422,738.00460003561367935422,5.09,6.2
2026-04-01,BTP,business,persona_x_initial_plan,74,72,2,14,0,5158.00000000000000000000,7450.07054579996482845000,30.62000000000000000000,1709.49886581041115603069,14348.18941161037598448069,160.00000000000000000000,444.99637799999794000000,0.00000000000000000000,122.09518463616439600000,727.09156263616233600000,2.7,5.07
2026-04-01,BTP,free,persona_x_initial_plan,905,877,28,206,6,689.42500000000000000000,8769.54387239995754554900,3058.01999999999999870000,20635.63399601424700861693,33152.62286841420455286593,114.42000000000000000000,123.06108599999939231000,28.00000000000000000000,163.83169341698631175481,429.31277941698570406481,3.09,1.29
2026-04-01,BTP,plus,persona_x_initial_plan,483,470,13,79,5,10979.81833333100000000000,22840.49483639988963509100,959.53999999999999740000,5745.65100664164421893528,40525.50417637253385142628,186.00000000000000000000,44.72710199999978622000,0.00000000000000000000,29.42762718246576160450,260.15472918246554782450,2.69,0.64
2026-04-01,BTP,start,persona_x_initial_plan,991,971,20,194,1,10024.93195652200000000000,21978.77167079989368782700,2750.56000000000000160000,12024.55954717479547274284,46778.82317449668916216984,186.00000000000000000000,119.50567199999943172000,11.20000000000000000000,7.62871331835616485270,324.33438531835559657270,2.02,0.69
2026-04-01,Bankers_Insurance,business,persona_x_initial_plan,0,0,0,1,0,,,,,,,,,,,,
2026-04-01,Bankers_Insurance,free,persona_x_initial_plan,115,113,2,30,2,9.00000000000000000000,550.63291679999736980400,559.83999999999999400000,5677.62333425972655728352,6797.09625105972392108752,0.00000000000000000000,0.00000000000000000000,0.00000000000000000000,1.10467172602739732620,1.10467172602739732620,1.74,0.02
2026-04-01,Bankers_Insurance,plus,persona_x_initial_plan,12,11,1,3,0,208.75000000000000000000,776.66878799999603480000,6.30000000000000000000,1052.57170354410973673145,2044.29049154410577153145,0.00000000000000000000,1.31122799999999360000,0.00000000000000000000,0.06910740438356165200,1.38033540438355525200,8.33,0.07
2026-04-01,Bankers_Insurance,start,persona_x_initial_plan,76,74,2,23,0,708.09375000000000000000,473.90525999999767228000,4.34000000000000000000,1081.48768437808234132700,2267.82669437808001360700,18.00000000000000000000,0.00000000000000000000,0.00000000000000000000,17.18099178082190764000,35.18099178082190764000,2.63,1.55
2026-04-01,Bikers_Drivers,business,persona_x_initial_plan,23,21,2,5,1,1465.00000000000000000000,2058.95179799999017073000,570.32000000000000000000,436.66771455068496368320,4530.93951255067513441320,80.00000000000000000000,1.55195999999999220000,0.00000000000000000000,0.21716729972602739720,81.76912729972601959720,8.7,1.8
2026-04-01,Bikers_Drivers,free,persona_x_initial_plan,243,234,9,69,1,157.04000000000000000000,1354.90774499999342329400,1369.82000000000000700000,712.30898066684933991916,3594.07672566684277021316,0.00000000000000000000,31.36525199999984613000,244.40000000000000000000,3.31025342410958903810,279.07550542410943516810,3.7,7.76
2026-04-01,Bikers_Drivers,plus,persona_x_initial_plan,127,117,10,20,0,2640.99666666600000000000,2920.06562939998578220500,601.68000000000000000000,675.49493798520552509753,6838.23723405119130730253,139.90000000000000000000,43.59329999999978811600,-1.92000000000000000000,0.69359280219178078090,182.26689280219156889690,7.87,2.67
2026-04-01,Bikers_Drivers,start,persona_x_initial_plan,342,330,12,78,5,3136.84375000000000000000,5501.94528779997354744900,901.76000000000000000000,1144.68107248273978448590,10685.23011028271333193490,74.93750000000000000000,126.05477399999938558000,4.00000000000000000000,15.48245122465753577110,220.47472522465692135110,3.51,2.06
2026-04-01,Cleaning_CallCenters,business,persona_x_initial_plan,2,2,0,0,0,160.00000000000000000000,0.00000000000000000000,0.00000000000000000000,3.03684063890411031500,163.03684063890411031500,,,,,,0.0,
2026-04-01,Cleaning_CallCenters,free,persona_x_initial_plan,31,31,0,3,0,0.00000000000000000000,20.92298399999989663000,39.36000000000000000000,78.06234246958904407460,138.34532646958894070460,,,,,,0.0,
2026-04-01,Cleaning_CallCenters,plus,persona_x_initial_plan,15,14,1,2,0,305.00000000000000000000,331.34522399999840700000,15.30000000000000000000,325.34288469643833822613,976.98810869643674522613,0.00000000000000000000,40.09129199999980400000,-9.60000000000000000000,0.09489508712328766100,30.58618708712309166100,6.67,3.13
2026-04-01,Cleaning_CallCenters,start,persona_x_initial_plan,34,32,2,5,0,315.00000000000000000000,225.70295399999890283500,15.60000000000000000000,128.11534269917808206415,684.41829669917698489915,0.00000000000000000000,0.00000000000000000000,0.00000000000000000000,19.59003169260274256165,19.59003169260274256165,5.88,2.86
2026-04-01,Consultant,business,persona_x_initial_plan,22,22,0,3,0,1360.00000000000000000000,380.91031199999814875600,149.84000000000000000000,156.66443116438355719740,2047.41474316438170595340,,,,,,0.0,
2026-04-01,Consultant,free,persona_x_initial_plan,1087,1046,41,233,8,551.08952083300000000000,6049.43460539997051172300,2359.21999999999999970000,13113.70112448712403842396,22073.44525072009454984696,23.09000000000000000000,127.57652999999940339400,67.94000000000000000000,90.21621679506849869700,308.82274679506790209100,3.77,1.4
2026-04-01,Consultant,plus,persona_x_initial_plan,187,180,7,28,0,4000.78799999800000000000,5736.00828239997250889500,400.26000000000000000000,5528.28994869808260930268,15665.34623109605511819768,100.00000000000000000000,70.06899599999966410000,0.00000000000000000000,4.25990710739726094391,174.32890310739692504391,3.74,1.11
2026-04-01,Consultant,start,persona_x_initial_plan,1149,1125,24,218,3,10664.36191666599999800000,14593.58072639992885049100,2751.06000000000000040000,20066.81696306959170555530,48075.81960613552055444630,216.00000000000000000000,42.16085999999979366000,0.32000000000000000000,187.11560386958905308555,445.59646386958884674555,2.09,0.93
2026-04-01,Developer_IT,business,persona_x_initial_plan,14,12,2,5,0,880.00000000000000000000,154.22114339999925580000,0.70000000000000000000,100.32748173315068386189,1135.24862513314993966189,160.00000000000000000000,2.73599999999998780000,0.00000000000000000000,0.04372944219178082500,162.77972944219176862500,14.29,14.34
2026-04-01,Developer_IT,free,persona_x_initial_plan,502,486,16,110,2,185.26333333300000000000,3224.90103119998419388600,668.16000000000000150000,7842.56236014520586705149,11920.88672467819006243749,0.00000000000000000000,27.32471999999986547000,12.80000000000000000000,37.41613571945205607540,77.54085571945192154540,3.19,0.65
2026-04-01,Developer_IT,plus,persona_x_initial_plan,88,85,3,19,1,1965.43333333200000000000,4496.70280679997800905500,121.82000000000000000000,1714.68995638575357601460,8298.64609651773158506960,50.00000000000000000000,0.00000000000000000000,0.00000000000000000000,0.04589004493150685260,50.04589004493150685260,3.41,0.6
2026-04-01,Developer_IT,start,persona_x_initial_plan,540,535,5,76,5,5023.60249999999999800000,4593.34886219997788329400,2570.32000000000000500000,8642.81068619726095206608,20830.08204839723883836008,53.00000000000000000000,19.79643599999990070000,0.60000000000000000000,11.33039164054794464020,84.72682764054784534020,0.93,0.41
2026-04-01,Media_Publishing,business,persona_x_initial_plan,3,2,1,1,0,240.00000000000000000000,78.03298799999963400000,0.00000000000000000000,3.56589334410958826618,321.59888134410922226618,80.00000000000000000000,0.00000000000000000000,0.00000000000000000000,0.00018859561643835618,80.00018859561643835618,33.33,24.88
2026-04-01,Media_Publishing,free,persona_x_initial_plan,228,220,8,50,2,54.50000000000000000000,1419.20781299999310748100,685.48000000000000200000,1055.85853892273980586411,3215.04635192273291534511,0.00000000000000000000,19.12233599999990664100,0.00000000000000000000,10.28468231068493104600,29.40701831068483768700,3.51,0.91
2026-04-01,Media_Publishing,plus,persona_x_initial_plan,32,32,0,5,0,625.00000000000000000000,1332.95823719999360307000,169.60000000000000000000,1287.04396662246585666202,3414.60220382245945973202,,,,,,0.0,
2026-04-01,Media_Publishing,start,persona_x_initial_plan,256,249,7,50,2,2365.21875000000000000000,3109.99570919998479655600,1033.56000000000000000000,3774.62633865643852078089,10283.40079785642331733689,55.00000000000000000000,18.99236699999990640000,22.12000000000000000000,1.31785412383561667665,97.43022112383552307665,2.73,0.95
2026-04-01,Medical_Professionals,free,persona_x_initial_plan,78,75,3,21,0,26.59125000000000000000,384.53713199999811302000,434.50000000000000000000,858.38750238849322286920,1704.01588438849133588920,0.00000000000000000000,0.51299999999999757000,6.00000000000000000000,2.72473931780821982120,9.23773931780821739120,3.85,0.54
2026-04-01,Medical_Professionals,plus,persona_x_initial_plan,9,9,0,0,0,200.00000000000000000000,919.20736799999536482000,66.40000000000000000000,548.73990186191788100000,1734.34726986191324582000,,,,,,0.0,
2026-04-01,Medical_Professionals,start,persona_x_initial_plan,87,86,1,22,0,822.46740384600000000000,835.84023299999596492000,45.80000000000000000000,766.75770217369869964704,2470.86533901969466456704,0.00000000000000000000,0.00000000000000000000,0.00000000000000000000,0.00055205479452054794,0.00055205479452054794,1.15,0.0
2026-04-01,Others,business,persona_x_initial_plan,33,25,8,9,0,1901.00000000000000000000,913.55280479999553414100,319.93999999999999910000,259.59636737369864206315,3394.08917217369417530415,491.00000000000000000000,21.18799799999989700000,12.73999999999999910000,12.32161309589041237523,537.24961109589030847523,24.24,15.83
2026-04-01,Others,free,persona_x_initial_plan,869,837,32,230,3,489.51478260900000000000,5338.66722479997392295700,3561.22000000000000000000,4454.45913587123330019792,13843.86114328020722315492,0.00000000000000000000,49.93610399999976246000,160.28000000000000000000,24.14392334520548537472,234.36002734520524783472,3.68,1.69
2026-04-01,Others,plus,persona_x_initial_plan,299,290,9,58,2,6164.08562499900000000000,8132.29840079996021070000,1679.30000000000000000000,3185.72710884931508829754,19161.41113464827529899754,111.00000000000000000000,39.16794599999980720000,0.00000000000000000000,3.06352013534246576987,153.23146613534227296987,3.01,0.8
2026-04-01,Others,start,persona_x_initial_plan,1019,991,28,225,8,9679.59944444500000000000,11286.50933699994544099900,5291.25999999999999600000,7235.58552329698691227243,33492.95430474193234927143,227.00000000000000000000,187.30810619999912332000,16.60000000000000000000,14.36665026849315172894,445.27475646849227504894,2.75,1.33
2026-04-01,Professeur,business,persona_x_initial_plan,2,2,0,0,0,160.00000000000000000000,227.44889999999887000000,287.50000000000000000000,109.48554874958905400000,784.43444874958792400000,,,,,,0.0,
2026-04-01,Professeur,free,persona_x_initial_plan,180,175,5,52,1,159.59000000000000000000,652.06374659999683704900,233.02000000000000000000,851.71362206630145717599,1896.38736866629829422499,0.00000000000000000000,0.00000000000000000000,0.00000000000000000000,4.61975906958904072200,4.61975906958904072200,2.78,0.24
2026-04-01,Professeur,plus,persona_x_initial_plan,26,26,0,6,0,495.00000000000000000000,848.13882659999600042000,88.28000000000000000000,569.71327250082202534280,2001.13209910081802576280,,,,,,0.0,
2026-04-01,Professeur,start,persona_x_initial_plan,214,211,3,35,0,2085.01041666700000000000,2134.69120799998973578400,220.94000000000000000000,1611.81408346301366508876,6052.45570813000340087276,33.00000000000000000000,6.83999999999996610000,0.00000000000000000000,1.85699439342465789930,41.69699439342462399930,1.4,0.69
2026-04-01,Repair,business,persona_x_initial_plan,0,0,0,0,0,,,,,,,,,,,,
2026-04-01,Repair,free,persona_x_initial_plan,44,41,3,11,0,47.00000000000000000000,190.30685399999905899000,155.60000000000000000000,70.40041228986301436704,463.30726628986207335704,0.00000000000000000000,0.92339999999999545000,8.00000000000000000000,4.19023302684931481400,13.11363302684931026400,6.82,2.83
2026-04-01,Repair,plus,persona_x_initial_plan,9,9,0,2,0,176.00000000000000000000,46.02423239999976262500,0.38000000000000000000,12.49420020438355986850,234.89843260438332249350,,,,,,0.0,
2026-04-01,Repair,start,persona_x_initial_plan,32,32,0,9,0,310.73958333300000000000,294.21878399999857623000,75.76000000000000000000,234.26382066136987286700,914.98218799436844909700,,,,,,0.0,
2026-04-01,Repair_Installation,business,persona_x_initial_plan,1,1,0,0,0,80.00000000000000000000,0.00000000000000000000,0.00000000000000000000,0.36394432876712329000,80.36394432876712329000,,,,,,0.0,
2026-04-01,Repair_Installation,free,persona_x_initial_plan,11,11,0,1,0,11.00000000000000000000,193.87852199999905170000,18.80000000000000000000,71.27670536109589371370,294.95522736109494541370,,,,,,0.0,
2026-04-01,Repair_Installation,plus,persona_x_initial_plan,4,4,0,2,0,95.00000000000000000000,459.66718799999779000000,0.00000000000000000000,62.57988206246575460000,617.24707006246354460000,,,,,,0.0,
2026-04-01,Repair_Installation,start,persona_x_initial_plan,17,16,1,2,0,174.00000000000000000000,313.55960399999846065000,42.19999999999999600000,306.64522510027399147800,836.40482910027244812800,11.00000000000000000000,0.00000000000000000000,0.00000000000000000000,0.01212328767123287800,11.01212328767123287800,5.88,1.32
2026-04-01,Restauration,business,persona_x_initial_plan,2,2,0,0,0,80.00000000000000000000,13.51101599999993190000,0.00000000000000000000,0.39043118027397270000,93.90144718027390460000,,,,,,0.0,
2026-04-01,Restauration,free,persona_x_initial_plan,126,120,6,19,1,174.32000000000000000000,1833.01833779999115412000,281.67999999999999600000,502.70127679890417556760,2791.71961459889532568760,0.00000000000000000000,0.99044999999999506000,36.51999999999999600000,0.51633929150684922280,38.02678929150684028280,4.76,1.36
2026-04-01,Restauration,plus,persona_x_initial_plan,65,63,2,7,2,1518.56666666600000000000,4611.91618619997779724000,1234.90000000000000000000,623.66996144931516926996,7989.05281431529296650996,50.00000000000000000000,31.28641199999984600000,0.00000000000000000000,0.67456719506849321600,81.96097919506833921600,3.08,1.03
2026-04-01,Restauration,start,persona_x_initial_plan,166,161,5,56,0,1613.37500000000000000000,3960.12311999998088476800,865.00000000000000000000,1299.70017943616442449210,7738.19829943614530926010,53.00000000000000000000,0.00000000000000000000,0.00000000000000000000,2.01335685150684948750,55.01335685150684948750,3.01,0.71
2026-04-01,Retail,business,persona_x_initial_plan,19,16,3,6,0,1040.00000000000000000000,1061.73077219999477243000,177.50000000000000000000,75.97952710575342345872,2355.21029930574819588872,0.00000000000000000000,17.14377599999991869000,0.00000000000000000000,0.74252428767123275130,17.88630028767115144130,15.79,0.76
2026-04-01,Retail,free,persona_x_initial_plan,746,719,27,176,4,307.96125000000000000000,6456.80556359996888345300,2282.38000000000000090000,2962.17870316821941419422,12009.32551676818829854722,0.00000000000000000000,0.06749999999999967100,185.20000000000000000000,16.28237367013698797116,201.54987367013698764216,3.62,1.68
2026-04-01,Retail,plus,persona_x_initial_plan,210,202,8,43,0,4302.70833333100000000000,9278.27273339995388336700,3765.28000000000000000000,3123.27496465698636117460,20469.53603138794024454160,125.00000000000000000000,45.08175599999978500000,4.10000000000000000000,1.03379768219178095605,175.21555368219156595605,3.81,0.86
2026-04-01,Retail,start,persona_x_initial_plan,859,830,29,163,6,8030.23189814700000000000,11928.15671759994179243939,4145.41999999999999950000,8690.65071708602635724905,32794.45933283296814918844,228.31250000000000000000,143.04724019999929548000,10.74000000000000000000,11.13513213260273921250,393.23487233260203469250,3.38,1.2
2026-04-01,Wholesale,business,persona_x_initial_plan,13,12,1,5,0,960.00000000000000000000,70.96118399999966600000,0.00000000000000000000,137.80098375068493027140,1168.76216775068459627140,80.00000000000000000000,0.00000000000000000000,0.00000000000000000000,0.01182281972602739300,80.01182281972602739300,7.69,6.85
2026-04-01,Wholesale,free,persona_x_initial_plan,94,90,4,31,0,60.93000000000000000000,395.15508719999809506000,391.14000000000000000000,1187.52828916328774988220,2034.75337636328584494220,0.00000000000000000000,41.38084799999979960000,22.40000000000000000000,77.12172681808220433000,140.90257481808200393000,4.26,6.92
2026-04-01,Wholesale,plus,persona_x_initial_plan,71,71,0,14,0,1531.00000000000000000000,3093.82614359998490519000,485.71999999999999900000,1042.52486587452064040194,6153.07100947450554459194,,,,,,0.0,
2026-04-01,Wholesale,start,persona_x_initial_plan,153,150,3,27,0,1512.62500000000000000000,2149.15748759998954848000,861.64000000000000000000,1579.53953861479453166579,6102.96202621478408014579,16.90625000000000000000,0.00000000000000000000,0.00000000000000000000,31.19874423890411257130,48.10499423890411257130,1.96,0.79
