activation_month,observation_month,months_since_activation,segment_level,persona,initial_subscription_group,activated_cohort_size,active_companies,at_risk_companies,churned_proxy_companies,never_monetized_companies,active_share_pct,at_risk_share_pct,churned_proxy_share_pct,never_monetized_share_pct,subscription_revenue,interchange_revenue,banking_fees,deposit_interest_revenue,total_revenue,revenue_per_original_activated_company
2025-10-01,2025-10-01,0,initial_plan,ALL,business,28,28,0,0,0,100.0,0.0,0.0,0.0,0.00000000000000000000,1219.45155582925844833000,398.00000000000000000000,185.02885769369861670951,1802.48041352295706503951,64.37430048296275
2025-10-01,2025-10-01,0,initial_plan,ALL,free,409,408,0,0,1,99.76,0.0,0.0,0.24,0.00000000000000000000,2284.29594601270553887600,7688.00000000000000000000,1159.89368328273968996608,11132.18962929544522884208,27.218067553289593
2025-10-01,2025-10-01,0,initial_plan,ALL,plus,211,210,0,0,1,99.53,0.0,0.0,0.47,146.30208333200000000000,3487.93497582367831999000,4306.68000000000000000000,665.78803301863010842483,8606.70509217430842841483,40.790071526892454
2025-10-01,2025-10-01,0,initial_plan,ALL,start,548,547,0,0,1,99.82,0.0,0.0,0.18,444.70900537700000000000,4839.88583439878039110400,6779.06000000000000000000,1999.85228985534244199101,14063.50712963112283309501,25.663334178158983
2025-10-01,2025-10-01,0,overall,ALL,ALL,1196,1193,0,0,3,99.75,0.0,0.0,0.25,591.01108870900000000000,11831.56831206442269830000,19171.74000000000000000000,4010.56286385041085709143,35604.88226462383355539143,29.769968448682135
2025-10-01,2025-10-01,0,persona,Automobile_Trade_Repair,ALL,53,53,0,0,0,100.0,0.0,0.0,0.0,16.87500000000000000000,2482.76418829728949583000,840.00000000000000000000,146.87505948438355842006,3486.51424778167305425006,65.78328769399383
2025-10-01,2025-10-01,0,persona,BTP,ALL,240,239,0,0,1,99.58,0.0,0.0,0.42,72.03125000000000000000,3541.44714571629516714300,1590.00000000000000000000,1872.14339214904106296468,7075.62178786533623010768,29.4817574494389
2025-10-01,2025-10-01,0,persona,Bankers_Insurance,ALL,15,15,0,0,0,100.0,0.0,0.0,0.0,20.46875000000000000000,252.53642193246836006000,419.06000000000000000000,27.94756988657533891220,720.01274181904369897220,48.000849454602914
2025-10-01,2025-10-01,0,persona,Bikers_Drivers,ALL,100,99,0,0,1,99.0,0.0,0.0,1.0,30.46875000000000000000,1167.39876211141362225300,1666.00000000000000000000,124.13683208493150411050,2988.00434419634512636350,29.88004344196345
2025-10-01,2025-10-01,0,persona,Cleaning_CallCenters,ALL,6,6,0,0,0,100.0,0.0,0.0,0.0,0.00000000000000000000,0.00000000000000000000,138.00000000000000000000,11.24100030520547723484,149.24100030520547723484,24.87350005086758
2025-10-01,2025-10-01,0,persona,Consultant,ALL,202,202,0,0,0,100.0,0.0,0.0,0.0,168.32358871000000000000,807.83394392028917436100,3388.00000000000000000000,695.37149882191778081683,5059.52903145220695517783,25.047173423030728
2025-10-01,2025-10-01,0,persona,Developer_IT,ALL,91,90,0,0,1,98.9,0.0,0.0,1.1,103.79166666600000000000,403.73032400499453243000,2618.00000000000000000000,158.77933978410959184440,3284.30133045510412427440,36.09122341159455
2025-10-01,2025-10-01,0,persona,Media_Publishing,ALL,34,34,0,0,0,100.0,0.0,0.0,0.0,26.37500000000000000000,194.73845406206524177000,256.00000000000000000000,233.77246200821916928265,710.88591607028441105265,20.908409296184836
2025-10-01,2025-10-01,0,persona,Medical_Professionals,ALL,14,14,0,0,0,100.0,0.0,0.0,0.0,0.00000000000000000000,7.02409007870888260000,4.00000000000000000000,14.73797814027397225943,25.76206821898285485943,1.8401477299273468
2025-10-01,2025-10-01,0,persona,Others,ALL,191,191,0,0,0,100.0,0.0,0.0,0.0,38.37500000000000000000,1564.47165264189053427300,3090.00000000000000000000,278.09799848767121263556,4970.94465112956174690856,26.025888225809226
2025-10-01,2025-10-01,0,persona,Professeur,ALL,34,34,0,0,0,100.0,0.0,0.0,0.0,17.15625000000000000000,32.95733241993773031000,122.00000000000000000000,35.11840073863013507550,207.23198315856786538550,6.095058328193172
2025-10-01,2025-10-01,0,persona,Repair,ALL,8,8,0,0,0,100.0,0.0,0.0,0.0,7.21875000000000000000,160.49577944514755671000,4.00000000000000000000,5.39412137863013733280,177.10865082377769404280,22.138581352972214
2025-10-01,2025-10-01,0,persona,Restauration,ALL,28,28,0,0,0,100.0,0.0,0.0,0.0,8.75000000000000000000,224.73137415774967698000,897.34000000000000000000,86.57598201369863055890,1217.39735617144830753890,43.47847700612316
2025-10-01,2025-10-01,0,persona,Retail,ALL,157,157,0,0,0,100.0,0.0,0.0,0.0,64.86458333300000000000,896.90945574952166740000,3863.34000000000000000000,251.35046619780821480562,5076.46450528032988220562,32.334168823441594
2025-10-01,2025-10-01,0,persona,Wholesale,ALL,23,23,0,0,0,100.0,0.0,0.0,0.0,16.31250000000000000000,94.52938752665105618000,276.00000000000000000000,69.02076236931507083746,455.86264989596612701746,19.820115212868092
2025-10-01,2025-10-01,0,persona_x_initial_plan,Automobile_Trade_Repair,business,5,5,0,0,0,100.0,0.0,0.0,0.0,0.00000000000000000000,115.10495104322153423000,0.00000000000000000000,14.43951172602739678680,129.54446276924893101680,25.908892553849785
2025-10-01,2025-10-01,0,persona_x_initial_plan,Automobile_Trade_Repair,free,15,15,0,0,0,100.0,0.0,0.0,0.0,0.00000000000000000000,155.92155986880653430000,264.00000000000000000000,36.85969401753424962486,456.78125388634078392486,30.452083592422717
2025-10-01,2025-10-01,0,persona_x_initial_plan,Automobile_Trade_Repair,plus,11,11,0,0,0,100.0,0.0,0.0,0.0,16.87500000000000000000,302.65077066863400030000,138.00000000000000000000,71.67619202958903548200,529.20196269822303578200,48.1092693362021
2025-10-01,2025-10-01,0,persona_x_initial_plan,Automobile_Trade_Repair,start,22,22,0,0,0,100.0,0.0,0.0,0.0,0.00000000000000000000,1909.08690671662742700000,438.00000000000000000000,23.89966171123287652640,2370.98656842786030352640,107.77211674672093
2025-10-01,2025-10-01,0,persona_x_initial_plan,BTP,business,8,8,0,0,0,100.0,0.0,0.0,0.0,0.00000000000000000000,669.85667136297194200000,0.00000000000000000000,74.03988364493149735000,743.89655500790343935000,92.98706937598793
2025-10-01,2025-10-01,0,persona_x_initial_plan,BTP,free,73,73,0,0,0,100.0,0.0,0.0,0.0,0.00000000000000000000,863.72852959903144439300,540.00000000000000000000,654.23399662904107805090,2057.96252622807252244390,28.191267482576336
2025-10-01,2025-10-01,0,persona_x_initial_plan,BTP,plus,68,67,0,0,1,98.53,0.0,0.0,1.47,5.62500000000000000000,1436.89313033541545307000,378.00000000000000000000,293.75983710739724207613,2114.27796744281269514613,31.092323050629595
2025-10-01,2025-10-01,0,persona_x_initial_plan,BTP,start,91,91,0,0,0,100.0,0.0,0.0,0.0,66.40625000000000000000,570.96881441887632768000,672.00000000000000000000,850.10967476767124548765,2159.48473918654757316765,23.7306015295225
2025-10-01,2025-10-01,0,persona_x_initial_plan,Bankers_Insurance,free,8,8,0,0,0,100.0,0.0,0.0,0.0,0.00000000000000000000,0.00000000000000000000,276.00000000000000000000,23.11712315013698272220,299.11712315013698272220,37.389640393767124
2025-10-01,2025-10-01,0,persona_x_initial_plan,Bankers_Insurance,start,7,7,0,0,0,100.0,0.0,0.0,0.0,20.46875000000000000000,252.53642193246836006000,143.06000000000000000000,4.83044673643835619000,420.89561866890671625000,60.12794552412953
2025-10-01,2025-10-01,0,persona_x_initial_plan,Bikers_Drivers,business,5,5,0,0,0,100.0,0.0,0.0,0.0,0.00000000000000000000,87.70934475144056100000,138.00000000000000000000,71.47720615506849267970,297.18655090650905367970,59.43731018130181
2025-10-01,2025-10-01,0,persona_x_initial_plan,Bikers_Drivers,free,36,35,0,0,1,97.22,0.0,0.0,2.78,0.00000000000000000000,222.78137949479908834000,760.00000000000000000000,18.06228800602739666702,1000.84366750082648500702,27.80121298613407
2025-10-01,2025-10-01,0,persona_x_initial_plan,Bikers_Drivers,plus,26,26,0,0,0,100.0,0.0,0.0,0.0,16.25000000000000000000,617.12767549788502549000,118.00000000000000000000,23.78432826739725852490,775.16200376528228401490,29.813923221741625
2025-10-01,2025-10-01,0,persona_x_initial_plan,Bikers_Drivers,start,33,33,0,0,0,100.0,0.0,0.0,0.0,14.21875000000000000000,239.78036236728894742300,650.00000000000000000000,10.81300965643835623888,914.81212202372730366188,27.721579455264465
2025-10-01,2025-10-01,0,persona_x_initial_plan,Cleaning_CallCenters,free,4,4,0,0,0,100.0,0.0,0.0,0.0,0.00000000000000000000,0.00000000000000000000,138.00000000000000000000,1.62245045698630113484,139.62245045698630113484,34.90561261424658
2025-10-01,2025-10-01,0,persona_x_initial_plan,Cleaning_CallCenters,start,2,2,0,0,0,100.0,0.0,0.0,0.0,0.00000000000000000000,0.00000000000000000000,0.00000000000000000000,9.61854984821917610000,9.61854984821917610000,4.809274924109588
2025-10-01,2025-10-01,0,persona_x_initial_plan,Consultant,business,2,2,0,0,0,100.0,0.0,0.0,0.0,0.00000000000000000000,0.00000000000000000000,0.00000000000000000000,4.81070023616438436301,4.81070023616438436301,2.4053501180821923
2025-10-01,2025-10-01,0,persona_x_initial_plan,Consultant,free,80,80,0,0,0,100.0,0.0,0.0,0.0,0.00000000000000000000,260.70444103746833117300,2062.00000000000000000000,160.75720237369861890528,2483.46164341116695007828,31.043270542639583
2025-10-01,2025-10-01,0,persona_x_initial_plan,Consultant,plus,15,15,0,0,0,100.0,0.0,0.0,0.0,17.50000000000000000000,123.16442603235815640000,142.00000000000000000000,48.40949322410959713040,331.07391925646775353040,22.07159461709785
2025-10-01,2025-10-01,0,persona_x_initial_plan,Consultant,start,105,105,0,0,0,100.0,0.0,0.0,0.0,150.82358871000000000000,423.96507685046268678800,1184.00000000000000000000,481.39410298794518041814,2240.18276854840786720614,21.33507398617531
2025-10-01,2025-10-01,0,persona_x_initial_plan,Developer_IT,free,35,35,0,0,0,100.0,0.0,0.0,0.0,0.00000000000000000000,22.08577237391380847000,816.00000000000000000000,67.86026224273973093470,905.94603461665353940470,25.88417241761867
2025-10-01,2025-10-01,0,persona_x_initial_plan,Developer_IT,plus,13,13,0,0,0,100.0,0.0,0.0,0.0,48.38541666600000000000,168.05071470680476960000,276.00000000000000000000,16.68922552547945126180,509.12535689828422086180,39.16348899217571
2025-10-01,2025-10-01,0,persona_x_initial_plan,Developer_IT,start,43,42,0,0,1,97.67,0.0,0.0,2.33,55.40625000000000000000,213.59383692427595436000,1526.00000000000000000000,74.22985201589040964790,1869.22993894016636400790,43.47046369628294
2025-10-01,2025-10-01,0,persona_x_initial_plan,Media_Publishing,free,15,15,0,0,0,100.0,0.0,0.0,0.0,0.00000000000000000000,0.80083658888885267000,256.00000000000000000000,8.37711434958903961299,265.17795093847789228299,17.678530062565194
2025-10-01,2025-10-01,0,persona_x_initial_plan,Media_Publishing,plus,1,1,0,0,0,100.0,0.0,0.0,0.0,0.00000000000000000000,26.91862734335986900000,0.00000000000000000000,59.69368183780821400000,86.61230918116808300000,86.61230918116809
2025-10-01,2025-10-01,0,persona_x_initial_plan,Media_Publishing,start,18,18,0,0,0,100.0,0.0,0.0,0.0,26.37500000000000000000,167.01899012981652010000,0.00000000000000000000,165.70166582082191566966,359.09565595063843576966,19.949758663924356
2025-10-01,2025-10-01,0,persona_x_initial_plan,Medical_Professionals,free,5,5,0,0,0,100.0,0.0,0.0,0.0,0.00000000000000000000,1.28789509909026000000,4.00000000000000000000,3.37116048712328764900,8.65905558621354764900,1.7318111172427095
2025-10-01,2025-10-01,0,persona_x_initial_plan,Medical_Professionals,plus,1,1,0,0,0,100.0,0.0,0.0,0.0,0.00000000000000000000,0.00000000000000000000,0.00000000000000000000,0.02746849315068492600,0.02746849315068492600,0.027468493150684926
2025-10-01,2025-10-01,0,persona_x_initial_plan,Medical_Professionals,start,8,8,0,0,0,100.0,0.0,0.0,0.0,0.00000000000000000000,5.73619497961862260000,0.00000000000000000000,11.33934915999999968443,17.07554413961862228443,2.1344430174523277
2025-10-01,2025-10-01,0,persona_x_initial_plan,Others,business,6,6,0,0,0,100.0,0.0,0.0,0.0,0.00000000000000000000,199.81001418193461110000,260.00000000000000000000,18.14254948328766763000,477.95256366522227873000,79.65876061087037
2025-10-01,2025-10-01,0,persona_x_initial_plan,Others,free,59,59,0,0,0,100.0,0.0,0.0,0.0,0.00000000000000000000,466.25487569216967860000,1146.00000000000000000000,94.97696213369862428093,1707.23183782586830288093,28.936132844506243
2025-10-01,2025-10-01,0,persona_x_initial_plan,Others,plus,34,34,0,0,0,100.0,0.0,0.0,0.0,0.00000000000000000000,304.64676862761222875000,778.00000000000000000000,35.64808926136985607427,1118.29485788898208482427,32.89102523202888
2025-10-01,2025-10-01,0,persona_x_initial_plan,Others,start,92,92,0,0,0,100.0,0.0,0.0,0.0,38.37500000000000000000,593.75999414017401582300,906.00000000000000000000,129.33039760931506465036,1667.46539174948908047336,18.12462382336401
2025-10-01,2025-10-01,0,persona_x_initial_plan,Professeur,free,12,12,0,0,0,100.0,0.0,0.0,0.0,0.00000000000000000000,1.09287098408516360000,122.00000000000000000000,5.17652300876712264650,128.26939399285228624650,10.689116166071024
2025-10-01,2025-10-01,0,persona_x_initial_plan,Professeur,plus,1,1,0,0,0,100.0,0.0,0.0,0.0,0.00000000000000000000,0.00000000000000000000,0.00000000000000000000,0.54936986301369872000,0.54936986301369872000,0.5493698630136987
2025-10-01,2025-10-01,0,persona_x_initial_plan,Professeur,start,21,21,0,0,0,100.0,0.0,0.0,0.0,17.15625000000000000000,31.86446143585256671000,0.00000000000000000000,29.39250786684931370900,78.41321930270188041900,3.7339628239381843
2025-10-01,2025-10-01,0,persona_x_initial_plan,Repair,free,3,3,0,0,0,100.0,0.0,0.0,0.0,0.00000000000000000000,133.81062820444026381000,4.00000000000000000000,0.73355484657534239280,138.54418305101560620280,46.181394350338536
2025-10-01,2025-10-01,0,persona_x_initial_plan,Repair,plus,1,1,0,0,0,100.0,0.0,0.0,0.0,0.00000000000000000000,17.63248993271501100000,0.00000000000000000000,0.16855051123287673000,17.80104044394788773000,17.801040443947887
2025-10-01,2025-10-01,0,persona_x_initial_plan,Repair,start,4,4,0,0,0,100.0,0.0,0.0,0.0,7.21875000000000000000,9.05266130799228190000,0.00000000000000000000,4.49201602082191821000,20.76342732881420011000,5.19085683220355
2025-10-01,2025-10-01,0,persona_x_initial_plan,Restauration,free,9,9,0,0,0,100.0,0.0,0.0,0.0,0.00000000000000000000,22.73887515861309645000,118.00000000000000000000,24.43874903890410470930,165.17762419751720115930,18.353069355279686
2025-10-01,2025-10-01,0,persona_x_initial_plan,Restauration,plus,12,12,0,0,0,100.0,0.0,0.0,0.0,8.75000000000000000000,199.16391867337249293000,543.34000000000000000000,55.03192305315069157260,806.28584172652318450260,67.19048681054359
2025-10-01,2025-10-01,0,persona_x_initial_plan,Restauration,start,7,7,0,0,0,100.0,0.0,0.0,0.0,0.00000000000000000000,2.82858032576408760000,236.00000000000000000000,7.10530992164383427700,245.93389024740792187700,35.133412892486845
2025-10-01,2025-10-01,0,persona_x_initial_plan,Retail,business,1,1,0,0,0,100.0,0.0,0.0,0.0,0.00000000000000000000,146.97057448968980000000,0.00000000000000000000,0.60717479452054790000,147.57774928421034790000,147.57774928421034
2025-10-01,2025-10-01,0,persona_x_initial_plan,Retail,free,49,49,0,0,0,100.0,0.0,0.0,0.0,0.00000000000000000000,115.74830174185948007000,906.00000000000000000000,54.33829257041096083500,1076.08659431227044090500,21.960950904332048
2025-10-01,2025-10-01,0,persona_x_initial_plan,Retail,plus,25,25,0,0,0,100.0,0.0,0.0,0.0,32.91666666600000000000,260.77697162735507035000,1933.34000000000000000000,57.69995055068492676673,2284.73358884403999711673,91.38934355376159
2025-10-01,2025-10-01,0,persona_x_initial_plan,Retail,start,82,82,0,0,0,100.0,0.0,0.0,0.0,31.94791666700000000000,373.41360789061731698000,1024.00000000000000000000,138.70504828219177930389,1568.06657283980909628389,19.122763083412305
2025-10-01,2025-10-01,0,persona_x_initial_plan,Wholesale,business,1,1,0,0,0,100.0,0.0,0.0,0.0,0.00000000000000000000,0.00000000000000000000,0.00000000000000000000,1.51183165369863000000,1.51183165369863000000,1.5118316536986298
2025-10-01,2025-10-01,0,persona_x_initial_plan,Wholesale,free,6,6,0,0,0,100.0,0.0,0.0,0.0,0.00000000000000000000,17.33998016953953700000,276.00000000000000000000,5.96830997150684979976,299.30829014104638679976,49.88471502350773
2025-10-01,2025-10-01,0,persona_x_initial_plan,Wholesale,plus,3,3,0,0,0,100.0,0.0,0.0,0.0,0.00000000000000000000,30.90948237816624310000,0.00000000000000000000,2.64992329424657516000,33.55940567241281826000,11.186468557470938
2025-10-01,2025-10-01,0,persona_x_initial_plan,Wholesale,start,13,13,0,0,0,100.0,0.0,0.0,0.0,16.31250000000000000000,46.27992497894527608000,0.00000000000000000000,58.89069744986301587770,121.48312242880829195770,9.344855571446791
2025-10-01,2025-11-01,1,initial_plan,ALL,business,28,25,3,0,0,89.29,10.71,0.0,0.0,1859.00000000000000000000,1686.55161889122239666000,2.40000000000000000000,348.58890037643838100575,3896.54051926766077766575,139.16216140241644
2025-10-01,2025-11-01,1,initial_plan,ALL,free,409,391,17,0,1,95.6,4.16,0.0,0.24,55.47115384600000000000,4157.28553648790596313500,138.46000000000000020000,5363.92822691835607613949,9715.14491725226203947449,23.753410555629003
2025-10-01,2025-11-01,1,initial_plan,ALL,plus,211,200,11,0,0,94.79,5.21,0.0,0.0,4047.36111750999999800000,7677.57832649287840496230,13.83999999999999994000,2340.35586585698663474066,14079.13530985986503764296,66.72575976236902
2025-10-01,2025-11-01,1,initial_plan,ALL,start,548,537,10,0,1,97.99,1.82,0.0,0.18,5266.34153355600000000000,7717.59646865659982745900,276.88000000000000000000,8597.33589551561718132451,21858.15389772821700878351,39.88714214913908
2025-10-01,2025-11-01,1,overall,ALL,ALL,1196,1153,41,0,2,96.4,3.43,0.0,0.17,11228.17380491199999800000,21239.01195052860659221630,431.58000000000000014000,16650.20888866739827321041,49548.97464410800486356671,41.428908565307694
2025-10-01,2025-11-01,1,persona,Automobile_Trade_Repair,ALL,53,53,0,0,0,100.0,0.0,0.0,0.0,793.00000000000000000000,1835.32457669688661170000,5.54000000000000000000,413.86883157698633411555,3047.73340827387294581555,57.50440392969572
2025-10-01,2025-11-01,1,persona,BTP,ALL,240,229,11,0,0,95.42,4.58,0.0,0.0,2855.02008008800000000000,7977.39505281176132839600,54.70000000000000000000,9530.45997881424716344660,20417.57511171400849184260,85.0732296321417
2025-10-01,2025-11-01,1,persona,Bankers_Insurance,ALL,15,14,1,0,0,93.33,6.67,0.0,0.0,62.00000000000000000000,83.69889317798391430000,206.36000000000000000000,86.34224987835617524730,438.40114305634008954730,29.226742870422676
2025-10-01,2025-11-01,1,persona,Bikers_Drivers,ALL,100,92,7,0,1,92.0,7.0,0.0,1.0,1215.32000000000000000000,1984.62761201683851212000,17.12000000000000000000,265.81945331287673401253,3482.88706532971524613253,34.82887065329715
2025-10-01,2025-11-01,1,persona,Cleaning_CallCenters,ALL,6,6,0,0,0,100.0,0.0,0.0,0.0,22.00000000000000000000,11.14929716700051100000,0.00000000000000000000,23.62791795726027949518,56.77721512426079049518,9.462869187376798
2025-10-01,2025-11-01,1,persona,Consultant,ALL,202,197,5,0,0,97.52,2.48,0.0,0.0,1379.12536667799999800000,2661.22837459641861168700,41.70000000000000000000,2420.80956450246580901031,6502.86330577688441869731,32.19239260285587
2025-10-01,2025-11-01,1,persona,Developer_IT,ALL,91,84,6,0,1,92.31,6.59,0.0,1.1,664.76526881700000000000,495.67145278570988425000,4.00000000000000040000,672.64761605808225504640,1837.08433766079213969640,20.18773997429442
2025-10-01,2025-11-01,1,persona,Media_Publishing,ALL,34,32,2,0,0,94.12,5.88,0.0,0.0,183.00000000000000000000,623.90428172279058851200,12.66000000000000000000,772.26872854684946741219,1591.83301026964005592419,46.81861794910706
2025-10-01,2025-11-01,1,persona,Medical_Professionals,ALL,14,14,0,0,0,100.0,0.0,0.0,0.0,113.00000000000000000000,62.11894687597317200000,4.00000000000000000000,134.62602711945206161300,313.74497399542523361300,22.410355285387517
2025-10-01,2025-11-01,1,persona,Others,ALL,191,185,6,0,0,96.86,3.14,0.0,0.0,1812.10483871000000000000,2742.99701873832076920230,7.11999999999999994000,957.70621807726030536135,5519.92807552558107450365,28.90014699228053
2025-10-01,2025-11-01,1,persona,Professeur,ALL,34,34,0,0,0,100.0,0.0,0.0,0.0,244.38384615400000000000,372.04167916443350530000,4.00000000000000000000,141.45958588493150632632,761.88511120336501162632,22.408385623628384
2025-10-01,2025-11-01,1,persona,Repair,ALL,8,8,0,0,0,100.0,0.0,0.0,0.0,58.00000000000000000000,38.48025372260762580000,0.00000000000000000000,30.27790857589041650860,126.75816229849804230860,15.844770287312254
2025-10-01,2025-11-01,1,persona,Restauration,ALL,28,27,1,0,0,96.43,3.57,0.0,0.0,262.71462365600000000000,274.76212486376801590000,6.81999999999999940000,158.68748703452056331420,702.98423555428857861420,25.106579841224594
2025-10-01,2025-11-01,1,persona,Retail,ALL,157,155,2,0,0,98.73,1.27,0.0,0.0,1282.73978080900000000000,1761.51113343257121197900,61.56000000000000040000,699.91804355068499073168,3805.72895779225620311068,24.240311833071694
2025-10-01,2025-11-01,1,persona,Wholesale,ALL,23,23,0,0,0,100.0,0.0,0.0,0.0,281.00000000000000000000,314.10125275554233007000,6.00000000000000000000,341.68927777753421156920,942.79053053307654163920,40.990892631872896
2025-10-01,2025-11-01,1,persona_x_initial_plan,Automobile_Trade_Repair,business,5,5,0,0,0,100.0,0.0,0.0,0.0,339.00000000000000000000,236.35437810143625000000,1.54000000000000000000,28.77512929205479517375,605.66950739349104517375,121.1339014786982
2025-10-01,2025-11-01,1,persona_x_initial_plan,Automobile_Trade_Repair,free,15,15,0,0,0,100.0,0.0,0.0,0.0,0.00000000000000000000,282.68400346800967190000,4.00000000000000000000,116.63462561917809128700,403.31862908718776318700,26.88790860581252
2025-10-01,2025-11-01,1,persona_x_initial_plan,Automobile_Trade_Repair,plus,11,11,0,0,0,100.0,0.0,0.0,0.0,245.00000000000000000000,963.14706390693384970000,0.00000000000000000000,216.76395588383563916290,1424.91101979076948886290,129.5373654355245
2025-10-01,2025-11-01,1,persona_x_initial_plan,Automobile_Trade_Repair,start,22,22,0,0,0,100.0,0.0,0.0,0.0,209.00000000000000000000,353.13913122050684010000,0.00000000000000000000,51.69512078191780849190,613.83425200242464859190,27.901556909201123
2025-10-01,2025-11-01,1,persona_x_initial_plan,BTP,business,8,7,1,0,0,87.5,12.5,0.0,0.0,560.00000000000000000000,914.15417812216303000000,0.00000000000000000000,120.89737300602741221000,1595.05155112819044221000,199.3814438910238
2025-10-01,2025-11-01,1,persona_x_initial_plan,BTP,free,73,69,4,0,0,94.52,5.48,0.0,0.0,0.00000000000000000000,1483.53893611026554447600,48.00000000000000000000,3468.37902423232863376050,4999.91796034259417823650,68.49202685400815
2025-10-01,2025-11-01,1,persona_x_initial_plan,BTP,plus,68,64,4,0,0,94.12,5.88,0.0,0.0,1375.15483870900000000000,3086.94542488656914100000,3.08000000000000000000,1323.83972152273998047097,5789.01998511830912147097,85.13264683997512
2025-10-01,2025-11-01,1,persona_x_initial_plan,BTP,start,91,89,2,0,0,97.8,2.2,0.0,0.0,919.86524137900000000000,2492.75651369276361292000,3.62000000000000000000,4617.34386005315113700513,8033.58561512491474992513,88.28116060576829
2025-10-01,2025-11-01,1,persona_x_initial_plan,Bankers_Insurance,free,8,7,1,0,0,87.5,12.5,0.0,0.0,0.00000000000000000000,35.74141447436281370000,0.00000000000000000000,50.67411570465754134730,86.41553017902035504730,10.801941272377544
2025-10-01,2025-11-01,1,persona_x_initial_plan,Bankers_Insurance,start,7,7,0,0,0,100.0,0.0,0.0,0.0,62.00000000000000000000,47.95747870362110060000,206.36000000000000000000,35.66813417369863390000,351.98561287731973450000,50.28365898247425
2025-10-01,2025-11-01,1,persona_x_initial_plan,Bikers_Drivers,business,5,5,0,0,0,100.0,0.0,0.0,0.0,400.00000000000000000000,181.72856557581781666000,0.86000000000000000000,39.65921613479451903800,622.24778171061233569800,124.44955634212246
2025-10-01,2025-11-01,1,persona_x_initial_plan,Bikers_Drivers,free,36,33,2,0,1,91.67,5.56,0.0,2.78,0.00000000000000000000,335.28743882226317338000,16.00000000000000000000,74.28003884328767277734,425.56747766555084615734,11.821318824043079
2025-10-01,2025-11-01,1,persona_x_initial_plan,Bikers_Drivers,plus,26,23,3,0,0,88.46,11.54,0.0,0.0,509.90000000000000000000,1138.10209897369616830000,0.26000000000000000000,102.96408483452056611019,1751.22618380821673441019,67.35485322339295
2025-10-01,2025-11-01,1,persona_x_initial_plan,Bikers_Drivers,start,33,31,2,0,0,93.94,6.06,0.0,0.0,305.42000000000000000000,329.50950864506135378000,0.00000000000000000000,48.91611350027397608700,683.84562214533532986700,20.722594610464707
2025-10-01,2025-11-01,1,persona_x_initial_plan,Cleaning_CallCenters,free,4,4,0,0,0,100.0,0.0,0.0,0.0,0.00000000000000000000,0.00000000000000000000,0.00000000000000000000,1.68629771835616449518,1.68629771835616449518,0.4215744295890411
2025-10-01,2025-11-01,1,persona_x_initial_plan,Cleaning_CallCenters,start,2,2,0,0,0,100.0,0.0,0.0,0.0,22.00000000000000000000,11.14929716700051100000,0.00000000000000000000,21.94162023890411500000,55.09091740590462600000,27.545458702952313
2025-10-01,2025-11-01,1,persona_x_initial_plan,Consultant,business,2,2,0,0,0,100.0,0.0,0.0,0.0,80.00000000000000000000,52.80054874528553900000,0.00000000000000000000,4.62610742356164370000,137.42665616884718270000,68.7133280844236
2025-10-01,2025-11-01,1,persona_x_initial_plan,Consultant,free,80,77,3,0,0,96.25,3.75,0.0,0.0,0.00000000000000000000,657.52455089896281915700,16.80000000000000000000,575.93237561643840094120,1250.25692651540122009820,15.628211581442514
2025-10-01,2025-11-01,1,persona_x_initial_plan,Consultant,plus,15,15,0,0,0,100.0,0.0,0.0,0.0,325.44821428599999800000,919.36757272370543754000,0.00000000000000000000,158.66971067561643783900,1403.48549768532187337900,93.56569984568813
2025-10-01,2025-11-01,1,persona_x_initial_plan,Consultant,start,105,103,2,0,0,98.1,1.9,0.0,0.0,973.67715239200000000000,1031.53570222846481599000,24.90000000000000000000,1681.58137078684932653011,3711.69422540731414252011,35.34946881340299
2025-10-01,2025-11-01,1,persona_x_initial_plan,Developer_IT,free,35,31,4,0,0,88.57,11.43,0.0,0.0,10.19000000000000000000,145.52694551922093404300,2.40000000000000040000,314.22124880328769379140,472.33819432250862823440,13.495376980643103
2025-10-01,2025-11-01,1,persona_x_initial_plan,Developer_IT,plus,13,12,1,0,0,92.31,7.69,0.0,0.0,253.33333333300000000000,24.72914576440121600000,0.00000000000000000000,132.29699200712330770000,410.35947110452452370000,31.566113161886502
2025-10-01,2025-11-01,1,persona_x_initial_plan,Developer_IT,start,43,41,1,0,1,95.35,2.33,0.0,2.33,401.24193548400000000000,325.41536150208773420700,1.60000000000000000000,226.12937524767125355500,954.38667223375898776200,22.195038889157185
2025-10-01,2025-11-01,1,persona_x_initial_plan,Media_Publishing,free,15,14,1,0,0,93.33,6.67,0.0,0.0,0.00000000000000000000,60.02531385852831400000,8.00000000000000000000,15.81153318136986288219,83.83684703989817688219,5.589123135993211
2025-10-01,2025-11-01,1,persona_x_initial_plan,Media_Publishing,plus,1,1,0,0,0,100.0,0.0,0.0,0.0,25.00000000000000000000,219.60826701074754000000,0.00000000000000000000,51.93147547287672700000,296.53974248362426700000,296.53974248362425
2025-10-01,2025-11-01,1,persona_x_initial_plan,Media_Publishing,start,18,17,1,0,0,94.44,5.56,0.0,0.0,158.00000000000000000000,344.27070085351473451200,4.66000000000000000000,704.52571989260287753000,1211.45642074611761204200,67.30313448589543
2025-10-01,2025-11-01,1,persona_x_initial_plan,Medical_Professionals,free,5,5,0,0,0,100.0,0.0,0.0,0.0,0.00000000000000000000,8.50881716189164190000,4.00000000000000000000,63.17862675726027170000,75.68744391915191360000,15.137488783830383
2025-10-01,2025-11-01,1,persona_x_initial_plan,Medical_Professionals,plus,1,1,0,0,0,100.0,0.0,0.0,0.0,25.00000000000000000000,5.08483562845228220000,0.00000000000000000000,5.52047244712328760000,35.60530807557556980000,35.60530807557557
2025-10-01,2025-11-01,1,persona_x_initial_plan,Medical_Professionals,start,8,8,0,0,0,100.0,0.0,0.0,0.0,88.00000000000000000000,48.52529408562924790000,0.00000000000000000000,65.92692791506850231300,202.45222200069775021300,25.30652775008722
2025-10-01,2025-11-01,1,persona_x_initial_plan,Others,business,6,5,1,0,0,83.33,16.67,0.0,0.0,400.00000000000000000000,301.51394834651976100000,0.00000000000000000000,146.36460928054795608400,847.87855762706771708400,141.31309293784463
2025-10-01,2025-11-01,1,persona_x_initial_plan,Others,free,59,58,1,0,0,98.31,1.69,0.0,0.0,17.85000000000000000000,411.95533232440605748000,4.80000000000000000000,309.91302803123288130076,744.51836035563893878076,12.618955260265066
2025-10-01,2025-11-01,1,persona_x_initial_plan,Others,plus,34,32,2,0,0,94.12,5.88,0.0,0.0,514.90000000000000000000,470.22665222761100179230,0.49999999999999994000,87.24558450630136950421,1072.87223673391237123651,31.55506578629154
2025-10-01,2025-11-01,1,persona_x_initial_plan,Others,start,92,90,2,0,0,97.83,2.17,0.0,0.0,879.35483871000000000000,1559.30108583978394893000,1.82000000000000000000,414.18299625917809847238,2854.65892080896204740238,31.028901313140892
2025-10-01,2025-11-01,1,persona_x_initial_plan,Professeur,free,12,12,0,0,0,100.0,0.0,0.0,0.0,12.38384615400000000000,40.32414442658287751000,4.00000000000000000000,38.65865886082191976932,95.36664944140479727932,7.947220786783734
2025-10-01,2025-11-01,1,persona_x_initial_plan,Professeur,plus,1,1,0,0,0,100.0,0.0,0.0,0.0,25.00000000000000000000,0.00000000000000000000,0.00000000000000000000,3.99907945205479590000,28.99907945205479590000,28.999079452054797
2025-10-01,2025-11-01,1,persona_x_initial_plan,Professeur,start,21,21,0,0,0,100.0,0.0,0.0,0.0,207.00000000000000000000,331.71753473785062779000,0.00000000000000000000,98.80184757205479065700,637.51938230990541844700,30.35806582428121
2025-10-01,2025-11-01,1,persona_x_initial_plan,Repair,free,3,3,0,0,0,100.0,0.0,0.0,0.0,0.00000000000000000000,4.83234121322501320000,0.00000000000000000000,0.33930434246575342860,5.17164555569076662860,1.7238818518969223
2025-10-01,2025-11-01,1,persona_x_initial_plan,Repair,plus,1,1,0,0,0,100.0,0.0,0.0,0.0,25.00000000000000000000,12.57056988296976000000,0.00000000000000000000,0.15667021698630137000,37.72724009995606137000,37.72724009995606
2025-10-01,2025-11-01,1,persona_x_initial_plan,Repair,start,4,4,0,0,0,100.0,0.0,0.0,0.0,33.00000000000000000000,21.07734262641285260000,0.00000000000000000000,29.78193401643836171000,83.85927664285121431000,20.964819160712803
2025-10-01,2025-11-01,1,persona_x_initial_plan,Restauration,free,9,9,0,0,0,100.0,0.0,0.0,0.0,0.00000000000000000000,77.32859013426455790000,4.81999999999999940000,26.83309693589041440820,108.98168707015497170820,12.10907634112833
2025-10-01,2025-11-01,1,persona_x_initial_plan,Restauration,plus,12,11,1,0,0,91.67,8.33,0.0,0.0,178.23333333300000000000,141.31304263404937620000,2.00000000000000000000,110.19953470027398456300,431.74591066732336076300,35.97882588894361
2025-10-01,2025-11-01,1,persona_x_initial_plan,Restauration,start,7,7,0,0,0,100.0,0.0,0.0,0.0,84.48129032300000000000,56.12049209545408180000,0.00000000000000000000,21.65485539835616434300,162.25663781681024614300,23.17951968811575
2025-10-01,2025-11-01,1,persona_x_initial_plan,Retail,business,1,0,1,0,0,0.0,100.0,0.0,0.0,0.00000000000000000000,0.00000000000000000000,0.00000000000000000000,0.00000000000000000000,0.00000000000000000000,0.0
2025-10-01,2025-11-01,1,persona_x_initial_plan,Retail,free,49,48,1,0,0,97.96,2.04,0.0,0.0,15.04730769200000000000,613.50970871024938268900,25.64000000000000040000,134.03299994958903836720,788.23001635183842145620,16.086326864323233
2025-10-01,2025-11-01,1,persona_x_initial_plan,Retail,plus,25,25,0,0,0,100.0,0.0,0.0,0.0,470.39139784900000000000,480.24079566156653223000,8.00000000000000000000,140.31516559068492191739,1098.94735910125145414739,43.95789436405006
2025-10-01,2025-11-01,1,persona_x_initial_plan,Retail,start,82,82,0,0,0,100.0,0.0,0.0,0.0,797.30107526800000000000,667.76062906075529706000,27.92000000000000000000,425.56987801041103044709,1918.55158233916632750709,23.396970516331297
2025-10-01,2025-11-01,1,persona_x_initial_plan,Wholesale,business,1,1,0,0,0,100.0,0.0,0.0,0.0,80.00000000000000000000,0.00000000000000000000,0.00000000000000000000,8.26646523945205480000,88.26646523945205480000,88.26646523945206
2025-10-01,2025-11-01,1,persona_x_initial_plan,Wholesale,free,6,6,0,0,0,100.0,0.0,0.0,0.0,0.00000000000000000000,0.49799936567316180000,0.00000000000000000000,173.35325232219173588330,173.85125168786489768330,28.97520861464415
2025-10-01,2025-11-01,1,persona_x_initial_plan,Wholesale,plus,3,3,0,0,0,100.0,0.0,0.0,0.0,75.00000000000000000000,216.24285719217610000000,0.00000000000000000000,6.45341854684931560300,297.69627573902541560300,99.23209191300846
2025-10-01,2025-11-01,1,persona_x_initial_plan,Wholesale,start,13,13,0,0,0,100.0,0.0,0.0,0.0,126.00000000000000000000,97.36039619769306827000,6.00000000000000000000,153.61614166904110528290,382.97653786673417355290,29.459733682056477
2025-10-01,2025-12-01,2,initial_plan,ALL,business,28,22,6,0,0,78.57,21.43,0.0,0.0,1644.00000000000000000000,1127.90574528473600968000,2.00000000000000000000,271.36560949808227338069,3045.27135478281828306069,108.75969124224352
2025-10-01,2025-12-01,2,initial_plan,ALL,free,409,377,31,0,1,92.18,7.58,0.0,0.24,139.62000000000000000000,3788.86069546143230997500,931.62000000000000220000,5670.66183174082430678225,10530.76252720225661895725,25.74758564108131
2025-10-01,2025-12-01,2,initial_plan,ALL,plus,211,184,27,0,0,87.2,12.8,0.0,0.0,3777.47999999900000000000,6184.83772426280959102500,359.45999999999999800000,2357.55643451013817604363,12679.33415877194776506863,60.09163108422724
2025-10-01,2025-12-01,2,initial_plan,ALL,start,548,518,29,0,1,94.53,5.29,0.0,0.18,5347.49994971199999600000,9326.80534078137000986200,744.98000000000000000000,8649.71759708383973436024,24069.00288757720974022224,43.92153811601681
2025-10-01,2025-12-01,2,overall,ALL,ALL,1196,1101,93,0,2,92.06,7.78,0.0,0.17,10908.59994971099999600000,20428.40950579034792054200,2038.06000000000000020000,16949.30147283288449056681,50324.37092833423240730881,42.07723321767076
2025-10-01,2025-12-01,2,persona,Automobile_Trade_Repair,ALL,53,49,4,0,0,92.45,7.55,0.0,0.0,873.00000000000000000000,1837.08661673017853342000,195.80000000000000050000,586.27013771780845509429,3492.15675444798698901429,65.88975008392428
2025-10-01,2025-12-01,2,persona,BTP,ALL,240,218,22,0,0,90.83,9.17,0.0,0.0,2761.54249999999999600000,4686.78682829942420691800,334.65999999999999340000,8262.92741076055155172702,16045.91673905997574804502,66.8579864127499
2025-10-01,2025-12-01,2,persona,Bankers_Insurance,ALL,15,14,1,0,0,93.33,6.67,0.0,0.0,42.00000000000000000000,561.11359397697409840000,246.64000000000000000000,198.60919470082214805610,1048.36278867779624645610,69.89085257851976
2025-10-01,2025-12-01,2,persona,Bikers_Drivers,ALL,100,83,16,0,1,83.0,16.0,0.0,1.0,929.18000000000000000000,2016.94058471811684884000,327.78000000000000000000,301.46994846246587942093,3575.37053318058272826093,35.753705331805826
2025-10-01,2025-12-01,2,persona,Cleaning_CallCenters,ALL,6,6,0,0,0,100.0,0.0,0.0,0.0,22.00000000000000000000,3.58554622705177110000,4.00000000000000000000,24.89172982136987094200,54.47727604842164204200,9.079546008070274
2025-10-01,2025-12-01,2,persona,Consultant,ALL,202,194,8,0,0,96.04,3.96,0.0,0.0,1442.90161637900000000000,3344.05068544610186585200,245.24000000000000130000,3324.46729085479606592020,8356.65959267989793307220,41.36960194395989
2025-10-01,2025-12-01,2,persona,Developer_IT,ALL,91,79,11,0,1,86.81,12.09,0.0,1.1,666.46833333300000000000,628.83477202895956628300,76.02000000000000100000,963.56390517863057040244,2334.88701054059013768544,25.658099016929558
2025-10-01,2025-12-01,2,persona,Media_Publishing,ALL,34,33,1,0,0,97.06,2.94,0.0,0.0,201.42750000000000000000,364.23536584860953730000,49.20000000000000000000,585.63240897863039579031,1200.49527482723993309031,35.30868455374235
2025-10-01,2025-12-01,2,persona,Medical_Professionals,ALL,14,14,0,0,0,100.0,0.0,0.0,0.0,113.00000000000000000000,137.87515496651041058000,12.32000000000000000000,356.93875346465776046200,620.13390843116817104200,44.29527917365487
2025-10-01,2025-12-01,2,persona,Others,ALL,191,176,15,0,0,92.15,7.85,0.0,0.0,1743.38000000000000000000,2248.55354566343135563100,237.70000000000000200000,962.91491867123332043982,5192.54846433466467807082,27.186117614317617
2025-10-01,2025-12-01,2,persona,Professeur,ALL,34,32,2,0,0,94.12,5.88,0.0,0.0,302.00000000000000000000,236.67312605951609807000,40.30000000000000000000,224.40370890904117829330,803.37683496855727636330,23.628730440251687
2025-10-01,2025-12-01,2,persona,Repair,ALL,8,7,1,0,0,87.5,12.5,0.0,0.0,69.00000000000000000000,43.74608675589156640000,1.60000000000000000000,16.00279461589041851090,130.34888137178198491090,16.293610171472746
2025-10-01,2025-12-01,2,persona,Restauration,ALL,28,27,1,0,0,96.43,3.57,0.0,0.0,278.23333333300000000000,369.87637176702506424500,49.44000000000000200000,119.27229083506855576330,816.82199593509362200830,29.172214140539058
2025-10-01,2025-12-01,2,persona,Retail,ALL,157,149,8,0,0,94.9,5.1,0.0,0.0,1219.46666666600000000000,3360.64641135852127262300,177.36000000000000000000,720.47384073369901998640,5477.94691875822029260940,34.891381648141525
2025-10-01,2025-12-01,2,persona,Wholesale,ALL,23,20,3,0,0,86.96,13.04,0.0,0.0,245.00000000000000000000,588.40481594403572488000,40.00000000000000000000,301.46313912821929975780,1174.86795507225502463780,51.08121543792413
2025-10-01,2025-12-01,2,persona_x_initial_plan,Automobile_Trade_Repair,business,5,5,0,0,0,100.0,0.0,0.0,0.0,419.00000000000000000000,298.82182766378620700000,1.56000000000000000000,14.74033973041096009669,734.12216739419716709669,146.82443347883944
2025-10-01,2025-12-01,2,persona_x_initial_plan,Automobile_Trade_Repair,free,15,14,1,0,0,93.33,6.67,0.0,0.0,0.00000000000000000000,350.11265881246199927000,54.86000000000000050000,90.02322193808223724900,494.99588075054423701900,32.999725383369615
2025-10-01,2025-12-01,2,persona_x_initial_plan,Automobile_Trade_Repair,plus,11,10,1,0,0,90.91,9.09,0.0,0.0,245.00000000000000000000,861.70925811852797840000,117.96000000000000000000,452.46004300931524151000,1677.12930112784321991000,152.46630010253122
2025-10-01,2025-12-01,2,persona_x_initial_plan,Automobile_Trade_Repair,start,22,20,2,0,0,90.91,9.09,0.0,0.0,209.00000000000000000000,326.44287213540234875000,21.42000000000000000000,29.04653304000001623860,585.90940517540236498860,26.63224568979102
2025-10-01,2025-12-01,2,persona_x_initial_plan,BTP,business,8,6,2,0,0,75.0,25.0,0.0,0.0,480.00000000000000000000,186.26612896100911560000,0.00000000000000000000,189.92256329643840808200,856.18869225744752368200,107.02358653218094
2025-10-01,2025-12-01,2,persona_x_initial_plan,BTP,free,73,68,5,0,0,93.15,6.85,0.0,0.0,11.03000000000000000000,546.28496318487907247000,127.07999999999999740000,3172.71088363726129786372,3857.10584682214036773372,52.83706639482384
2025-10-01,2025-12-01,2,persona_x_initial_plan,BTP,plus,68,58,10,0,0,85.29,14.71,0.0,0.0,1355.90000000000000000000,2124.48662366535990908800,131.39999999999999600000,975.37286449589097172170,4587.15948816125087680970,67.45822776707722
2025-10-01,2025-12-01,2,persona_x_initial_plan,BTP,start,91,86,5,0,0,94.51,5.49,0.0,0.0,914.61249999999999600000,1829.74911248817610976000,76.18000000000000000000,3924.92109933096087405960,6745.46271181913697981960,74.12596386614436
2025-10-01,2025-12-01,2,persona_x_initial_plan,Bankers_Insurance,free,8,8,0,0,0,100.0,0.0,0.0,0.0,0.00000000000000000000,30.25472411416875850000,8.00000000000000000000,155.66316788712349495610,193.91789200129225345610,24.23973650016153
2025-10-01,2025-12-01,2,persona_x_initial_plan,Bankers_Insurance,start,7,6,1,0,0,85.71,14.29,0.0,0.0,42.00000000000000000000,530.85886986280533990000,238.64000000000000000000,42.94602681369865310000,854.44489667650399300000,122.063556668072
2025-10-01,2025-12-01,2,persona_x_initial_plan,Bikers_Drivers,business,5,4,1,0,0,80.0,20.0,0.0,0.0,185.00000000000000000000,70.62327053559836590000,0.44000000000000000000,32.35580367561644864900,288.41907421121481454900,57.68381484224297
2025-10-01,2025-12-01,2,persona_x_initial_plan,Bikers_Drivers,free,36,31,4,0,1,86.11,11.11,0.0,2.78,0.00000000000000000000,194.58514442938717290000,184.84000000000000000000,103.64813726136991482430,483.07328169075708772430,13.418702269187698
2025-10-01,2025-12-01,2,persona_x_initial_plan,Bikers_Drivers,plus,26,19,7,0,0,73.08,26.92,0.0,0.0,457.18000000000000000000,489.76363800221961710000,44.66000000000000000000,91.59432499616442103333,1083.19796299838403813333,41.66146011532247
2025-10-01,2025-12-01,2,persona_x_initial_plan,Bikers_Drivers,start,33,29,4,0,0,87.88,12.12,0.0,0.0,287.00000000000000000000,1261.96853175091169294000,97.84000000000000000000,73.87168252931509491430,1720.68021428022678785430,52.14182467515839
2025-10-01,2025-12-01,2,persona_x_initial_plan,Cleaning_CallCenters,free,4,4,0,0,0,100.0,0.0,0.0,0.0,0.00000000000000000000,0.00000000000000000000,4.00000000000000000000,8.15224837808219654200,12.15224837808219654200,3.038062094520549
2025-10-01,2025-12-01,2,persona_x_initial_plan,Cleaning_CallCenters,start,2,2,0,0,0,100.0,0.0,0.0,0.0,22.00000000000000000000,3.58554622705177110000,0.00000000000000000000,16.73948144328767440000,42.32502767033944550000,21.162513835169722
2025-10-01,2025-12-01,2,persona_x_initial_plan,Consultant,business,2,1,1,0,0,50.0,50.0,0.0,0.0,80.00000000000000000000,398.46542176018983000000,0.00000000000000000000,3.87017103397260390000,482.33559279416243390000,241.16779639708122
2025-10-01,2025-12-01,2,persona_x_initial_plan,Consultant,free,80,76,4,0,0,95.0,5.0,0.0,0.0,8.08000000000000000000,1056.90396839645290247200,133.48000000000000130000,716.05427844164419798890,1914.51824683809710176090,23.931478085476215
2025-10-01,2025-12-01,2,persona_x_initial_plan,Consultant,plus,15,15,0,0,0,100.0,0.0,0.0,0.0,319.80000000000000000000,804.41192523566581510000,25.66000000000000000000,211.91715610301381937500,1361.78908133867963447500,90.78593875591197
2025-10-01,2025-12-01,2,persona_x_initial_plan,Consultant,start,105,102,3,0,0,97.14,2.86,0.0,0.0,1035.02161637900000000000,1084.26937005379331828000,86.10000000000000000000,2392.62568527616544465630,4598.01667170895876293630,43.79063496865675
2025-10-01,2025-12-01,2,persona_x_initial_plan,Developer_IT,free,35,28,7,0,0,80.0,20.0,0.0,0.0,19.51000000000000000000,162.52824431671634005000,59.62000000000000100000,440.43677738575362000950,682.09502170246996105950,19.48842919149914
2025-10-01,2025-12-01,2,persona_x_initial_plan,Developer_IT,plus,13,12,1,0,0,92.31,7.69,0.0,0.0,253.33333333300000000000,99.17146210211465393000,1.90000000000000000000,145.43510663123297667000,499.83990206634763060000,38.44922323587289
2025-10-01,2025-12-01,2,persona_x_initial_plan,Developer_IT,start,43,39,3,0,1,90.7,6.98,0.0,2.33,393.62500000000000000000,367.13506561012857230300,14.50000000000000000000,377.69202116164397372294,1152.95208677177254602594,26.812839227250528
2025-10-01,2025-12-01,2,persona_x_initial_plan,Media_Publishing,free,15,14,1,0,0,93.33,6.67,0.0,0.0,0.00000000000000000000,101.05593677621147510000,38.62000000000000000000,13.63193111616439063031,153.30786789237586573031,10.22052452615839
2025-10-01,2025-12-01,2,persona_x_initial_plan,Media_Publishing,plus,1,1,0,0,0,100.0,0.0,0.0,0.0,25.00000000000000000000,132.68496406372989000000,0.00000000000000000000,46.65115133260276500000,204.33611539633265500000,204.33611539633264
2025-10-01,2025-12-01,2,persona_x_initial_plan,Media_Publishing,start,18,18,0,0,0,100.0,0.0,0.0,0.0,176.42750000000000000000,130.49446500866817220000,10.58000000000000000000,525.34932652986324016000,842.85129153853141236000,46.82507175214064
2025-10-01,2025-12-01,2,persona_x_initial_plan,Medical_Professionals,free,5,5,0,0,0,100.0,0.0,0.0,0.0,0.00000000000000000000,2.28484622705345908000,6.32000000000000000000,257.06320475397276937000,265.66805098102622845000,53.13361019620525
2025-10-01,2025-12-01,2,persona_x_initial_plan,Medical_Professionals,plus,1,1,0,0,0,100.0,0.0,0.0,0.0,25.00000000000000000000,9.01944816586185110000,0.00000000000000000000,17.56769327616439100000,51.58714144202624210000,51.587141442026244
2025-10-01,2025-12-01,2,persona_x_initial_plan,Medical_Professionals,start,8,8,0,0,0,100.0,0.0,0.0,0.0,88.00000000000000000000,126.57086057359510040000,6.00000000000000000000,82.30785543452060009200,302.87871600811570049200,37.85983950101446
2025-10-01,2025-12-01,2,persona_x_initial_plan,Others,business,6,5,1,0,0,83.33,16.67,0.0,0.0,400.00000000000000000000,173.45321709834727480000,0.00000000000000000000,20.20538217095891265300,593.65859926930618745300,98.9430998782177
2025-10-01,2025-12-01,2,persona_x_initial_plan,Others,free,59,57,2,0,0,96.61,3.39,0.0,0.0,11.00000000000000000000,661.91236529757746789000,143.96000000000000200000,368.15733854356180669172,1185.02970384113927658172,20.085249217646428
2025-10-01,2025-12-01,2,persona_x_initial_plan,Others,plus,34,27,7,0,0,79.41,20.59,0.0,0.0,414.90000000000000000000,597.91516650500248601100,8.58000000000000000000,115.56321593589045090870,1136.95838244089293691970,33.43995242473215
2025-10-01,2025-12-01,2,persona_x_initial_plan,Others,start,92,87,5,0,0,94.57,5.43,0.0,0.0,917.48000000000000000000,815.27279676250412693000,85.16000000000000000000,458.98898202082215018640,2276.90177878332627711640,24.748932378079633
2025-10-01,2025-12-01,2,persona_x_initial_plan,Professeur,free,12,11,1,0,0,91.67,8.33,0.0,0.0,70.00000000000000000000,25.23577288643903520000,8.00000000000000000000,38.03423448219179869500,141.27000736863083389500,11.77250061405257
2025-10-01,2025-12-01,2,persona_x_initial_plan,Professeur,plus,1,1,0,0,0,100.0,0.0,0.0,0.0,25.00000000000000000000,0.00000000000000000000,0.00000000000000000000,36.74488630684932400000,61.74488630684932400000,61.744886306849324
2025-10-01,2025-12-01,2,persona_x_initial_plan,Professeur,start,21,20,1,0,0,95.24,4.76,0.0,0.0,207.00000000000000000000,211.43735317307706287000,32.30000000000000000000,149.62458812000005559830,600.36194129307711846830,28.588663871098912
2025-10-01,2025-12-01,2,persona_x_initial_plan,Repair,free,3,2,1,0,0,66.67,33.33,0.0,0.0,0.00000000000000000000,5.05469174030615240000,0.00000000000000000000,0.22164235178082200090,5.27633409208697440090,1.7587780306956582
2025-10-01,2025-12-01,2,persona_x_initial_plan,Repair,plus,1,1,0,0,0,100.0,0.0,0.0,0.0,25.00000000000000000000,8.75324235892813720000,0.00000000000000000000,0.11787383013698641000,33.87111618906512361000,33.87111618906513
2025-10-01,2025-12-01,2,persona_x_initial_plan,Repair,start,4,4,0,0,0,100.0,0.0,0.0,0.0,44.00000000000000000000,29.93815265665727680000,1.60000000000000000000,15.66327843397261010000,91.20143109062988690000,22.80035777265747
2025-10-01,2025-12-01,2,persona_x_initial_plan,Restauration,free,9,8,1,0,0,88.89,11.11,0.0,0.0,0.00000000000000000000,179.11528533763292980000,29.20000000000000000000,15.99253772986302024090,224.30782306749595004090,24.923091451943993
2025-10-01,2025-12-01,2,persona_x_initial_plan,Restauration,plus,12,12,0,0,0,100.0,0.0,0.0,0.0,203.23333333300000000000,117.59507560691740018600,20.24000000000000200000,92.00333537589046308510,433.07174431580786527110,36.08931202631732
2025-10-01,2025-12-01,2,persona_x_initial_plan,Restauration,start,7,7,0,0,0,100.0,0.0,0.0,0.0,75.00000000000000000000,73.16601082247473425900,0.00000000000000000000,11.27641772931507243730,159.44242855178980669630,22.77748979311283
2025-10-01,2025-12-01,2,persona_x_initial_plan,Retail,business,1,0,1,0,0,0.0,100.0,0.0,0.0,0.00000000000000000000,0.00000000000000000000,0.00000000000000000000,0.00000000000000000000,0.00000000000000000000,0.0
2025-10-01,2025-12-01,2,persona_x_initial_plan,Retail,free,49,46,3,0,0,93.88,6.12,0.0,0.0,20.00000000000000000000,472.68502080414528444300,101.64000000000000000000,162.68563612931516547390,757.01065693346044991690,15.449197080274704
2025-10-01,2025-12-01,2,persona_x_initial_plan,Retail,plus,25,24,1,0,0,96.0,4.0,0.0,0.0,378.13333333300000000000,930.16346683278334510000,9.06000000000000000000,169.05181102575348786630,1486.40861119153683296630,59.45634444766148
2025-10-01,2025-12-01,2,persona_x_initial_plan,Retail,start,82,79,3,0,0,96.34,3.66,0.0,0.0,821.33333333300000000000,1957.79792372159264308000,66.66000000000000000000,388.73639357863036664620,3234.52765063322300972620,39.44545915406369
2025-10-01,2025-12-01,2,persona_x_initial_plan,Wholesale,business,1,1,0,0,0,100.0,0.0,0.0,0.0,80.00000000000000000000,0.27587926580521638000,0.00000000000000000000,10.27134959068494000000,90.54722885649015638000,90.54722885649015
2025-10-01,2025-12-01,2,persona_x_initial_plan,Wholesale,free,6,5,1,0,0,83.33,16.67,0.0,0.0,0.00000000000000000000,0.84707313800026040000,32.00000000000000000000,128.18659170465757424600,161.03366484265783464600,26.838944140442972
2025-10-01,2025-12-01,2,persona_x_initial_plan,Wholesale,plus,3,3,0,0,0,100.0,0.0,0.0,0.0,50.00000000000000000000,9.16345360569850781000,0.00000000000000000000,3.07697219123287746350,62.24042579693138527350,20.74680859897713
2025-10-01,2025-12-01,2,persona_x_initial_plan,Wholesale,start,13,11,2,0,0,84.62,15.38,0.0,0.0,115.00000000000000000000,578.11840993453174029000,8.00000000000000000000,159.92822564164390804830,861.04663557617564833830,66.23435658278274
2025-10-01,2026-01-01,3,initial_plan,ALL,business,28,22,3,3,0,78.57,10.71,10.71,0.0,1575.00000000000000000000,1086.57922139999415805000,69.30000000000000000000,224.56475488547945411607,2955.44397628547361216607,105.55157058162406
2025-10-01,2026-01-01,3,initial_plan,ALL,free,409,370,27,11,1,90.46,6.6,2.69,0.24,193.23000000000000000000,3289.23207179998273420800,962.39999999999999500000,5975.48065693424703647654,10420.34272873422976568454,25.477610583702273
2025-10-01,2026-01-01,3,initial_plan,ALL,plus,211,172,30,9,0,81.52,14.22,4.27,0.0,3711.73999999900000000000,7861.03394939995919951300,293.84000000000000000000,2540.07335980493168910606,14406.68730920389088861906,68.27813890617958
2025-10-01,2026-01-01,3,initial_plan,ALL,start,548,503,37,7,1,91.79,6.75,1.28,0.18,5211.46623655900000000000,8505.58841999995578500200,780.58000000000000320000,8927.15855868164480753918,23424.79321524060059574118,42.74597302051204
2025-10-01,2026-01-01,3,overall,ALL,ALL,1196,1067,97,30,2,89.21,8.11,2.51,0.17,10691.43623655800000000000,20742.43366259989187677300,2106.11999999999999820000,17667.27733030630298723785,51207.26722946419486221085,42.8154408273112
2025-10-01,2026-01-01,3,persona,Automobile_Trade_Repair,ALL,53,46,7,0,0,86.79,13.21,0.0,0.0,735.00000000000000000000,1961.50621319998998870000,218.94000000000000000000,688.88848791342469298437,3604.33470111341468168437,68.00631511534745
2025-10-01,2026-01-01,3,persona,BTP,ALL,240,211,19,10,0,87.92,7.92,4.17,0.0,2586.00000000000000000000,7052.59257119996310369800,331.16000000000000000000,7022.94051885479493315732,16992.69309005475803685532,70.80288787522817
2025-10-01,2026-01-01,3,persona,Bankers_Insurance,ALL,15,14,1,0,0,93.33,6.67,0.0,0.0,53.00000000000000000000,145.53278999999923240000,183.06000000000000000000,187.28918173260275294518,568.88197173260198534518,37.925464782173464
2025-10-01,2026-01-01,3,persona,Bikers_Drivers,ALL,100,77,16,6,1,77.0,16.0,6.0,1.0,984.18000000000000000000,1390.92208199999279652000,210.00000000000000000000,329.95533300054800964577,2915.05741500054080616577,29.150574150005408
2025-10-01,2026-01-01,3,persona,Cleaning_CallCenters,ALL,6,6,0,0,0,100.0,0.0,0.0,0.0,22.00000000000000000000,24.14033999999987140000,5.60000000000000000000,30.89668136931507304000,82.63702136931494444000,13.772836894885826
2025-10-01,2026-01-01,3,persona,Consultant,ALL,202,187,12,3,0,92.57,5.94,1.49,0.0,1440.74000000000000000000,2313.21133799998786502900,292.28000000000000000000,4676.90002969917881687765,8723.13136769916668190665,43.183818651976075
2025-10-01,2026-01-01,3,persona,Developer_IT,ALL,91,78,8,4,1,85.71,8.79,4.4,1.1,647.33333333300000000000,856.58522579999549554000,89.64000000000000220000,1145.01432868109606980580,2738.57288781409156754580,30.09420755839661
2025-10-01,2026-01-01,3,persona,Media_Publishing,ALL,34,34,0,0,0,100.0,0.0,0.0,0.0,212.00000000000000000000,325.50191999999829182000,53.64000000000000000000,648.64092501205478410597,1239.78284501205307592597,36.46420132388391
2025-10-01,2026-01-01,3,persona,Medical_Professionals,ALL,14,14,0,0,0,100.0,0.0,0.0,0.0,113.00000000000000000000,217.83464999999886778000,22.62000000000000000000,337.86228364109594340700,691.31693364109481118700,49.37978097436392
2025-10-01,2026-01-01,3,persona,Others,ALL,191,173,13,5,0,90.58,6.81,2.62,0.0,1781.04290322600000000000,2876.61267359998500777800,303.94000000000000000000,1054.18065326410958961309,6015.77623009009459739109,31.496210628743952
2025-10-01,2026-01-01,3,persona,Professeur,ALL,34,31,3,0,0,91.18,8.82,0.0,0.0,291.00000000000000000000,269.29772999999862670000,28.88000000000000100000,346.41014809150688061100,935.58787809150550831100,27.517290532103104
2025-10-01,2026-01-01,3,persona,Repair,ALL,8,7,1,0,0,87.5,12.5,0.0,0.0,55.00000000000000000000,59.17798799999968755100,11.78000000000000000000,12.43864461972602876890,138.39663261972571631990,17.299579077465715
2025-10-01,2026-01-01,3,persona,Restauration,ALL,28,26,2,0,0,92.86,7.14,0.0,0.0,303.23333333300000000000,530.94981959999721504200,41.70000000000000000000,93.29723234684933682170,969.18038527984655186370,34.61358518856595
2025-10-01,2026-01-01,3,persona,Retail,ALL,157,143,12,2,0,91.08,7.64,1.27,0.0,1211.90666666600000000000,2620.10040659998634480500,256.53999999999999500000,694.80257795452062887940,4783.34965122050696868440,30.46719523070386
2025-10-01,2026-01-01,3,persona,Wholesale,ALL,23,20,3,0,0,86.96,13.04,0.0,0.0,256.00000000000000000000,98.46791459999948201000,56.34000000000000000000,397.76030412547944657470,808.56821872547892858470,35.15513994458604
2025-10-01,2026-01-01,3,persona_x_initial_plan,Automobile_Trade_Repair,business,5,5,0,0,0,100.0,0.0,0.0,0.0,339.00000000000000000000,245.32119539999866700000,59.86000000000000000000,36.63174398027397034477,680.81293938027263734477,136.16258787605452
2025-10-01,2026-01-01,3,persona_x_initial_plan,Automobile_Trade_Repair,free,15,14,1,0,0,93.33,6.67,0.0,0.0,0.00000000000000000000,124.26073379999939300000,57.58000000000000000000,76.71828257369863117580,258.55901637369802417580,17.237267758246535
2025-10-01,2026-01-01,3,persona_x_initial_plan,Automobile_Trade_Repair,plus,11,10,1,0,0,90.91,9.09,0.0,0.0,220.00000000000000000000,1131.07447799999421320000,62.32000000000000000000,545.61226819013702487200,1959.00674619013123807200,178.09152238092102
2025-10-01,2026-01-01,3,persona_x_initial_plan,Automobile_Trade_Repair,start,22,17,5,0,0,77.27,22.73,0.0,0.0,176.00000000000000000000,460.84980599999771550000,39.18000000000000000000,29.92619316931506659180,705.95599916931278209180,32.08890905315058
2025-10-01,2026-01-01,3,persona_x_initial_plan,BTP,business,8,6,1,1,0,75.0,12.5,12.5,0.0,411.00000000000000000000,563.34477599999695080000,0.00000000000000000000,111.98491143506848095390,1086.32968743506543175390,135.79121092938317
2025-10-01,2026-01-01,3,persona_x_initial_plan,BTP,free,73,68,2,3,0,93.15,2.74,4.11,0.0,11.00000000000000000000,560.22940799999700884800,103.60000000000000000000,2935.42018591342481693604,3610.24959391342182578404,49.455473889224955
2025-10-01,2026-01-01,3,persona_x_initial_plan,BTP,plus,68,55,9,4,0,80.88,13.24,5.88,0.0,1291.00000000000000000000,3731.23294919998061744000,95.74000000000000000000,882.75946334958908711460,6000.73241254956970455460,88.24606489043485
2025-10-01,2026-01-01,3,persona_x_initial_plan,BTP,start,91,82,7,2,0,90.11,7.69,2.2,0.0,873.00000000000000000000,2197.78543799998852661000,131.82000000000000000000,3092.77595815671254815278,6295.38139615670107476278,69.18001534238134
2025-10-01,2026-01-01,3,persona_x_initial_plan,Bankers_Insurance,free,8,8,0,0,0,100.0,0.0,0.0,0.0,0.00000000000000000000,3.24215999999998280000,5.60000000000000000000,149.84055813698630484518,158.68271813698628764518,19.835339767123287
2025-10-01,2026-01-01,3,persona_x_initial_plan,Bankers_Insurance,start,7,6,1,0,0,85.71,14.29,0.0,0.0,53.00000000000000000000,142.29062999999924960000,177.46000000000000000000,37.44862359561644810000,410.19925359561569770000,58.59989337080224
2025-10-01,2026-01-01,3,persona_x_initial_plan,Bikers_Drivers,business,5,4,1,0,0,80.0,20.0,0.0,0.0,265.00000000000000000000,39.14166599999979825000,0.64000000000000000000,43.83901235890411962060,348.62067835890391787060,69.72413567178079
2025-10-01,2026-01-01,3,persona_x_initial_plan,Bikers_Drivers,free,36,28,6,1,1,77.78,16.67,2.78,2.78,0.00000000000000000000,114.89920199999939620000,162.40000000000000000000,123.79274657479455699500,401.09194857479395319500,11.141443015966498
2025-10-01,2026-01-01,3,persona_x_initial_plan,Bikers_Drivers,plus,26,18,5,3,0,69.23,19.23,11.54,0.0,439.90000000000000000000,524.49533999999724853000,12.60000000000000000000,91.58072707890411954757,1068.57606707890136807757,41.099079503034666
2025-10-01,2026-01-01,3,persona_x_initial_plan,Bikers_Drivers,start,33,27,4,2,0,81.82,12.12,6.06,0.0,279.28000000000000000000,712.38587399999635354000,34.36000000000000000000,70.74284698794521348260,1096.76872098794156702260,33.23541578751338
2025-10-01,2026-01-01,3,persona_x_initial_plan,Cleaning_CallCenters,free,4,4,0,0,0,100.0,0.0,0.0,0.0,0.00000000000000000000,18.77579999999990000000,5.60000000000000000000,18.16187924164383837000,42.53767924164373837000,10.634419810410934
2025-10-01,2026-01-01,3,persona_x_initial_plan,Cleaning_CallCenters,start,2,2,0,0,0,100.0,0.0,0.0,0.0,22.00000000000000000000,5.36453999999997140000,0.00000000000000000000,12.73480212767123467000,40.09934212767120607000,20.049671063835603
2025-10-01,2026-01-01,3,persona_x_initial_plan,Consultant,business,2,1,1,0,0,50.0,50.0,0.0,0.0,80.00000000000000000000,24.21017999999987300000,0.00000000000000000000,4.23834315945205460000,108.44852315945192760000,54.22426157972596
2025-10-01,2026-01-01,3,persona_x_initial_plan,Consultant,free,80,74,4,2,0,92.5,5.0,2.5,0.0,11.00000000000000000000,735.46894799999612849900,153.04000000000000000000,1235.17477452493162434385,2134.68372252492775284285,26.683546531561596
2025-10-01,2026-01-01,3,persona_x_initial_plan,Consultant,plus,15,12,3,0,0,80.0,20.0,0.0,0.0,344.04000000000000000000,345.32245259999815478000,8.36000000000000000000,239.05198690904113787300,936.77443950903929265300,62.45162930060262
2025-10-01,2026-01-01,3,persona_x_initial_plan,Consultant,start,105,100,4,1,0,95.24,3.81,0.95,0.0,1005.70000000000000000000,1208.20975739999370875000,130.88000000000000000000,3198.43492510575400006080,5543.22468250574770881080,52.79261602386426
2025-10-01,2026-01-01,3,persona_x_initial_plan,Developer_IT,free,35,26,6,3,0,74.29,17.14,8.57,0.0,22.00000000000000000000,189.64095299999898898000,37.54000000000000000000,463.14773971506858309480,712.32869271506757207480,20.352248363287643
2025-10-01,2026-01-01,3,persona_x_initial_plan,Developer_IT,plus,13,11,1,1,0,84.62,7.69,7.69,0.0,228.33333333300000000000,86.86659419999953967000,2.72000000000000000000,162.39540407945206510000,480.31533161245160477000,36.947333200957814
2025-10-01,2026-01-01,3,persona_x_initial_plan,Developer_IT,start,43,41,1,0,1,95.35,2.33,0.0,2.33,397.00000000000000000000,580.07767859999696689000,49.38000000000000220000,519.47118488657542161100,1545.92886348657239070100,35.951834034571455
2025-10-01,2026-01-01,3,persona_x_initial_plan,Media_Publishing,free,15,15,0,0,0,100.0,0.0,0.0,0.0,0.00000000000000000000,46.86569999999975170000,39.82000000000000000000,14.25914989917808424697,100.94484989917783594697,6.7296566599451895
2025-10-01,2026-01-01,3,persona_x_initial_plan,Media_Publishing,plus,1,1,0,0,0,100.0,0.0,0.0,0.0,25.00000000000000000000,64.33792199999965100000,0.00000000000000000000,57.27079714575342700000,146.60871914575307800000,146.60871914575307
2025-10-01,2026-01-01,3,persona_x_initial_plan,Media_Publishing,start,18,18,0,0,0,100.0,0.0,0.0,0.0,187.00000000000000000000,214.29829799999888912000,13.82000000000000000000,577.11097796712327285900,992.22927596712216197900,55.12384866484012
2025-10-01,2026-01-01,3,persona_x_initial_plan,Medical_Professionals,free,5,5,0,0,0,100.0,0.0,0.0,0.0,0.00000000000000000000,9.41696999999995128000,10.40000000000000000000,254.95715798684935474100,274.77412798684930602100,54.95482559736986
2025-10-01,2026-01-01,3,persona_x_initial_plan,Medical_Professionals,plus,1,1,0,0,0,100.0,0.0,0.0,0.0,25.00000000000000000000,14.72930999999992200000,0.00000000000000000000,18.83897532383561600000,58.56828532383553800000,58.56828532383554
2025-10-01,2026-01-01,3,persona_x_initial_plan,Medical_Professionals,start,8,8,0,0,0,100.0,0.0,0.0,0.0,88.00000000000000000000,193.68836999999899450000,12.22000000000000000000,64.06615033041097266600,357.97452033040996716600,44.74681504130125
2025-10-01,2026-01-01,3,persona_x_initial_plan,Others,business,6,5,0,1,0,83.33,0.0,16.67,0.0,400.00000000000000000000,214.56140399999886900000,8.80000000000000000000,22.62050994246575999680,645.98191394246462899680,107.6636523237441
2025-10-01,2026-01-01,3,persona_x_initial_plan,Others,free,59,57,1,1,0,96.61,1.69,1.69,0.0,44.53000000000000000000,671.43612239999646268000,179.48000000000000000000,349.68338896219175286010,1245.12951136218821554010,21.103890023087935
2025-10-01,2026-01-01,3,persona_x_initial_plan,Others,plus,34,28,5,1,0,82.35,14.71,2.94,0.0,439.90000000000000000000,885.68093339999544201800,38.20000000000000000000,127.41623346191782298539,1491.19716686191326500339,43.85874020182098
2025-10-01,2026-01-01,3,persona_x_initial_plan,Others,start,92,83,7,2,0,90.22,7.61,2.17,0.0,896.61290322600000000000,1104.93421379999423408000,77.46000000000000000000,554.46052089753425377080,2633.46763792352848785080,28.624648238299223
2025-10-01,2026-01-01,3,persona_x_initial_plan,Professeur,free,12,11,1,0,0,91.67,8.33,0.0,0.0,70.00000000000000000000,42.02638199999978280000,10.02000000000000000000,30.75735528602740146100,152.80373728602718426100,12.733644773835598
2025-10-01,2026-01-01,3,persona_x_initial_plan,Professeur,plus,1,1,0,0,0,100.0,0.0,0.0,0.0,25.00000000000000000000,0.00000000000000000000,0.00000000000000000000,130.50323433643837000000,155.50323433643837000000,155.50323433643837
2025-10-01,2026-01-01,3,persona_x_initial_plan,Professeur,start,21,19,2,0,0,90.48,9.52,0.0,0.0,196.00000000000000000000,227.27134799999884390000,18.86000000000000100000,185.14955846904110915000,627.28090646903995405000,29.870519355668566
2025-10-01,2026-01-01,3,persona_x_initial_plan,Repair,free,3,2,1,0,0,66.67,33.33,0.0,0.0,0.00000000000000000000,0.04724999999999975100,0.00000000000000000000,0.24883169917808221890,0.29608169917808196990,0.09869389972602732
2025-10-01,2026-01-01,3,persona_x_initial_plan,Repair,plus,1,1,0,0,0,100.0,0.0,0.0,0.0,11.00000000000000000000,12.30001199999993700000,0.00000000000000000000,0.11578257150684931000,23.41579457150678631000,23.415794571506787
2025-10-01,2026-01-01,3,persona_x_initial_plan,Repair,start,4,4,0,0,0,100.0,0.0,0.0,0.0,44.00000000000000000000,46.83072599999975080000,11.78000000000000000000,12.07403034904109724000,114.68475634904084804000,28.671189087260213
2025-10-01,2026-01-01,3,persona_x_initial_plan,Restauration,free,9,8,1,0,0,88.89,11.11,0.0,0.0,0.00000000000000000000,189.92986559999902400000,35.20000000000000000000,8.72359574849315129740,233.85346134849217529740,25.983717927610243
2025-10-01,2026-01-01,3,persona_x_initial_plan,Restauration,plus,12,11,1,0,0,91.67,8.33,0.0,0.0,228.23333333300000000000,247.49362799999868370000,0.00000000000000000000,70.57679324876714111030,546.30375458176582481030,45.52531288181382
2025-10-01,2026-01-01,3,persona_x_initial_plan,Restauration,start,7,7,0,0,0,100.0,0.0,0.0,0.0,75.00000000000000000000,93.52632599999950734200,6.50000000000000000000,13.99684334958904441400,189.02316934958855175600,27.00330990708408
2025-10-01,2026-01-01,3,persona_x_initial_plan,Retail,business,1,0,0,1,0,0.0,0.0,100.0,0.0,0.00000000000000000000,0.00000000000000000000,0.00000000000000000000,0.00000000000000000000,0.00000000000000000000,0.0
2025-10-01,2026-01-01,3,persona_x_initial_plan,Retail,free,49,45,3,1,0,91.84,6.12,2.04,0.0,34.70000000000000000000,582.00932699999696877000,119.31999999999999500000,158.95669516273975316510,894.98602216273671693510,18.265020860464016
2025-10-01,2026-01-01,3,persona_x_initial_plan,Retail,plus,25,21,4,0,0,84.0,16.0,0.0,0.0,384.33333333300000000000,794.71596599999591117500,64.54000000000000000000,212.91155890794519239670,1456.50085824094110357170,58.26003432963765
2025-10-01,2026-01-01,3,persona_x_initial_plan,Retail,start,82,77,5,0,0,93.9,6.1,0.0,0.0,792.87333333300000000000,1243.37511359999346486000,72.68000000000000000000,322.93432388383568331760,2431.86277081682914817760,29.65686305874182
2025-10-01,2026-01-01,3,persona_x_initial_plan,Wholesale,business,1,1,0,0,0,100.0,0.0,0.0,0.0,80.00000000000000000000,0.00000000000000000000,0.00000000000000000000,5.25023400931506860000,85.25023400931506860000,85.25023400931507
2025-10-01,2026-01-01,3,persona_x_initial_plan,Wholesale,free,6,5,1,0,0,83.33,16.67,0.0,0.0,0.00000000000000000000,0.98324999999999490000,42.80000000000000000000,155.63831550904110072540,199.42156550904109562540,33.23692758484018
2025-10-01,2026-01-01,3,persona_x_initial_plan,Wholesale,plus,3,2,1,0,0,66.67,33.33,0.0,0.0,50.00000000000000000000,22.78436399999987900000,9.36000000000000000000,1.04013520164383579650,83.18449920164371479650,27.728166400547906
2025-10-01,2026-01-01,3,persona_x_initial_plan,Wholesale,start,13,12,1,0,0,92.31,7.69,0.0,0.0,126.00000000000000000000,74.70030059999960811000,4.18000000000000000000,235.83161940547944145280,440.71192000547904956280,33.900916923498386
2025-10-01,2026-02-01,4,initial_plan,ALL,business,28,19,3,6,0,67.86,10.71,21.43,0.0,1316.00000000000000000000,1794.14857799999268120000,12.30000000000000000000,326.67681405479455384160,3449.12539205478723504160,123.18304971624241
2025-10-01,2026-02-01,4,initial_plan,ALL,free,409,362,20,26,1,88.51,4.89,6.36,0.24,220.80294117600000000000,3687.14804579998577948300,1070.64000000000000500000,6171.09809413589074256682,11149.68908111187652704982,27.260853499051045
2025-10-01,2026-02-01,4,initial_plan,ALL,plus,211,165,21,25,0,78.2,9.95,11.85,0.0,3653.49999999900000000000,9215.64710999996367615000,312.40000000000000000000,2999.49617645863049031392,16181.04328645759416646392,76.68740894055732
2025-10-01,2026-02-01,4,initial_plan,ALL,start,548,493,29,25,1,89.96,5.29,4.56,0.18,5179.03333333300000000000,9455.01863939996279904100,1095.05999999999999767100,8056.31912278411040149199,23785.43109551707319820399,43.40407134218444
2025-10-01,2026-02-01,4,overall,ALL,ALL,1196,1039,73,82,2,86.87,6.1,6.86,0.17,10369.33627450800000000000,24151.96237319990493587400,2490.40000000000000267100,17553.59020743342618821433,54565.28885514133112675933,45.62315121667336
2025-10-01,2026-02-01,4,persona,Automobile_Trade_Repair,ALL,53,45,4,4,0,84.91,7.55,7.55,0.0,716.00000000000000000000,1409.10375599999448038100,159.62000000000000000000,610.42965665534257049310,2895.15341265533705087410,54.625536087836544
2025-10-01,2026-02-01,4,persona,BTP,ALL,240,205,14,21,0,85.42,5.83,8.75,0.0,2407.09000000000000000000,8129.55131639996749398000,491.94000000000000000000,5542.25674632986341768520,16570.83806272983091166520,69.04515859470763
2025-10-01,2026-02-01,4,persona,Bankers_Insurance,ALL,15,14,0,1,0,93.33,0.0,6.67,0.0,78.00000000000000000000,93.13765199999964160000,8.00000000000000000000,182.54032663178085910332,361.67797863178050070332,24.1118652421187
2025-10-01,2026-02-01,4,persona,Bikers_Drivers,ALL,100,73,10,16,1,73.0,10.0,16.0,1.0,884.90000000000000000000,1306.80248399999487777000,314.50000000000000007100,357.81880265424660956236,2864.02128665424148740336,28.640212866542416
2025-10-01,2026-02-01,4,persona,Cleaning_CallCenters,ALL,6,6,0,0,0,100.0,0.0,0.0,0.0,22.00000000000000000000,6.47944199999997460000,9.48000000000000000000,21.16104533753424998000,59.12048733753422458000,9.853414556255704
2025-10-01,2026-02-01,4,persona,Consultant,ALL,202,185,9,8,0,91.58,4.46,3.96,0.0,1449.28294117600000000000,2730.03045659998942813300,495.34000000000000280000,5452.54518080054848457471,10127.19857857653791550771,50.13464642859672
2025-10-01,2026-02-01,4,persona,Developer_IT,ALL,91,75,7,8,1,82.42,7.69,8.79,1.1,652.33333333300000000000,753.80957639999706993000,108.66000000000000240000,1388.32166949917812817787,2903.12457923217520050787,31.902467903650276
2025-10-01,2026-02-01,4,persona,Media_Publishing,ALL,34,32,2,0,0,94.12,5.88,0.0,0.0,201.00000000000000000000,594.47084399999756351000,52.74000000000000000000,652.81423220054802595818,1501.02507620054558946818,44.14779635883957
2025-10-01,2026-02-01,4,persona,Medical_Professionals,ALL,14,14,0,0,0,100.0,0.0,0.0,0.0,113.00000000000000000000,231.89146199999907560000,8.34000000000000000000,425.09090093260278827800,778.32236293260186387800,55.59445449518585
2025-10-01,2026-02-01,4,persona,Others,ALL,191,171,9,11,0,89.53,4.71,5.76,0.0,1850.90000000000000000000,3492.14324219998630745200,530.23999999999999940000,1100.94295295342475899766,6974.22619515341106584966,36.514273273054506
2025-10-01,2026-02-01,4,persona,Professeur,ALL,34,30,2,2,0,88.24,5.88,5.88,0.0,291.00000000000000000000,379.31360399999851530000,33.10000000000000000000,538.09971863287674120600,1241.51332263287525650600,36.515097724496336
2025-10-01,2026-02-01,4,persona,Repair,ALL,8,7,0,1,0,87.5,0.0,12.5,0.0,55.00000000000000000000,41.75067599999983756500,4.00000000000000000000,9.13210346082191773120,109.88277946082175529620,13.735347432602719
2025-10-01,2026-02-01,4,persona,Restauration,ALL,28,25,2,1,0,89.29,7.14,3.57,0.0,269.16333333300000000000,724.61958119999711700000,39.93999999999999800000,86.61640517808220670287,1120.33931971107932170287,40.01211856110997
2025-10-01,2026-02-01,4,persona,Retail,ALL,157,138,12,7,0,87.9,7.64,4.46,0.0,1123.66666666600000000000,4025.03891039998448855300,184.46000000000000000000,927.46615489369871723576,6260.63173195968320578876,39.876635235411996
2025-10-01,2026-02-01,4,persona,Wholesale,ALL,23,19,2,2,0,82.61,8.7,8.7,0.0,256.00000000000000000000,233.81936999999906450000,50.04000000000000000000,258.35431127287671252810,798.21368127287577702810,34.70494266403808
2025-10-01,2026-02-01,4,persona_x_initial_plan,Automobile_Trade_Repair,business,5,5,0,0,0,100.0,0.0,0.0,0.0,320.00000000000000000000,41.21931599999983670000,6.60000000000000000000,5.95292629808219151160,373.77224229808202821160,74.7544484596164
2025-10-01,2026-02-01,4,persona_x_initial_plan,Automobile_Trade_Repair,free,15,13,1,1,0,86.67,6.67,6.67,0.0,0.00000000000000000000,70.68169799999972950000,36.80000000000000000000,71.01278705863012908060,178.49448505862985858060,11.899632337241991
2025-10-01,2026-02-01,4,persona_x_initial_plan,Automobile_Trade_Repair,plus,11,10,0,1,0,90.91,0.0,9.09,0.0,220.00000000000000000000,1080.33780599999575070000,94.26000000000000000000,498.79331891287681595900,1893.39112491287256665900,172.12646590117023
2025-10-01,2026-02-01,4,persona_x_initial_plan,Automobile_Trade_Repair,start,22,17,3,2,0,77.27,13.64,9.09,0.0,176.00000000000000000000,216.86493599999916348100,21.96000000000000000000,34.67062438575343394190,449.49556038575259742290,20.43161638117057
2025-10-01,2026-02-01,4,persona_x_initial_plan,BTP,business,8,5,1,2,0,62.5,12.5,25.0,0.0,331.00000000000000000000,1288.31894999999473850000,0.00000000000000000000,249.99896610136989060000,1869.31791610136462910000,233.66473951267056
2025-10-01,2026-02-01,4,persona_x_initial_plan,BTP,free,73,68,1,4,0,93.15,1.37,5.48,0.0,23.09000000000000000000,608.70547799999765623000,115.24000000000000000000,2727.21242956931516158711,3474.24790756931281781711,47.59243708999058
2025-10-01,2026-02-01,4,persona_x_initial_plan,BTP,plus,68,52,6,10,0,76.47,8.82,14.71,0.0,1191.00000000000000000000,3619.02211199998556865000,55.36000000000000000000,903.34273070630150105150,5768.72484270628706970150,84.83418886332775
2025-10-01,2026-02-01,4,persona_x_initial_plan,BTP,start,91,80,6,5,0,87.91,6.59,5.49,0.0,862.00000000000000000000,2613.50477639998953060000,321.34000000000000000000,1661.70261995287686444659,5458.54739635286639504659,59.984037322558976
2025-10-01,2026-02-01,4,persona_x_initial_plan,Bankers_Insurance,free,8,8,0,0,0,100.0,0.0,0.0,0.0,0.00000000000000000000,5.95900799999997580000,4.80000000000000000000,128.17860754027399422632,138.93761554027397002632,17.367201942534248
2025-10-01,2026-02-01,4,persona_x_initial_plan,Bankers_Insurance,start,7,6,0,1,0,85.71,0.0,14.29,0.0,78.00000000000000000000,87.17864399999966580000,3.20000000000000000000,54.36171909150686487700,222.74036309150653067700,31.82005187021522
2025-10-01,2026-02-01,4,persona_x_initial_plan,Bikers_Drivers,business,5,3,1,1,0,60.0,20.0,20.0,0.0,185.00000000000000000000,63.56716199999978000000,0.64000000000000000000,5.37116745589041347000,254.57832945589019347000,50.91566589117804
2025-10-01,2026-02-01,4,persona_x_initial_plan,Bikers_Drivers,free,36,27,4,4,1,75.0,11.11,11.11,2.78,0.00000000000000000000,390.46429799999846325000,219.20000000000000000000,176.30914805808220686540,785.97344605808067011540,21.832595723835574
2025-10-01,2026-02-01,4,persona_x_initial_plan,Bikers_Drivers,plus,26,17,2,7,0,65.38,7.69,26.92,0.0,409.90000000000000000000,421.62614999999832682000,21.02000000000000000000,97.19782193534247387490,949.74397193534080069490,36.528614305205416
2025-10-01,2026-02-01,4,persona_x_initial_plan,Bikers_Drivers,start,33,26,3,4,0,78.79,9.09,12.12,0.0,290.00000000000000000000,431.14487399999830770000,73.64000000000000007100,78.94066520493151535206,873.72553920492982312306,26.47653149105848
2025-10-01,2026-02-01,4,persona_x_initial_plan,Cleaning_CallCenters,free,4,4,0,0,0,100.0,0.0,0.0,0.0,0.00000000000000000000,4.18854599999998390000,9.48000000000000000000,17.98131015342466088000,31.64985615342464478000,7.912464038356161
2025-10-01,2026-02-01,4,persona_x_initial_plan,Cleaning_CallCenters,start,2,2,0,0,0,100.0,0.0,0.0,0.0,22.00000000000000000000,2.29089599999999070000,0.00000000000000000000,3.17973518410958910000,27.47063118410957980000,13.73531559205479
2025-10-01,2026-02-01,4,persona_x_initial_plan,Consultant,business,2,1,0,1,0,50.0,0.0,50.0,0.0,80.00000000000000000000,163.92641399999934000000,0.00000000000000000000,18.63042083123288300000,262.55683483123222300000,131.2784174156161
2025-10-01,2026-02-01,4,persona_x_initial_plan,Consultant,free,80,72,4,4,0,90.0,5.0,5.0,0.0,33.78294117600000000000,735.38756999999724391000,158.82000000000000300000,1607.45684802082198220431,2535.44735919681922911431,31.693091989960244
2025-10-01,2026-02-01,4,persona_x_initial_plan,Consultant,plus,15,12,3,0,0,80.0,20.0,0.0,0.0,329.80000000000000000000,644.96373299999746091000,16.58000000000000000000,303.51063735013699947800,1294.85437035013446038800,86.32362469000897
2025-10-01,2026-02-01,4,persona_x_initial_plan,Consultant,start,105,100,2,3,0,95.24,1.9,2.86,0.0,1005.70000000000000000000,1185.75273959999538331300,319.93999999999999980000,3522.94727459835661989240,6034.34001419835200300540,57.469904897127165
2025-10-01,2026-02-01,4,persona_x_initial_plan,Developer_IT,free,35,25,4,6,0,71.43,11.43,17.14,0.0,11.00000000000000000000,186.85523159999927553000,69.48000000000000400000,462.85957834465756410050,730.19480994465684363050,20.862708855561625
2025-10-01,2026-02-01,4,persona_x_initial_plan,Developer_IT,plus,13,11,1,1,0,84.62,7.69,7.69,0.0,253.33333333300000000000,229.10115779999910026000,3.00000000000000000000,264.98807601753429164000,750.42256715053339190000,57.72481285773334
2025-10-01,2026-02-01,4,persona_x_initial_plan,Developer_IT,start,43,39,2,1,1,90.7,4.65,2.33,2.33,388.00000000000000000000,337.85318699999869414000,36.17999999999999840000,660.47401513698627243737,1422.50720213698496497737,33.081562840395
2025-10-01,2026-02-01,4,persona_x_initial_plan,Media_Publishing,free,15,14,1,0,0,93.33,6.67,0.0,0.0,0.00000000000000000000,57.36848399999978590000,49.80000000000000000000,16.00304849260274170418,123.17153249260252760418,8.211435499506836
2025-10-01,2026-02-01,4,persona_x_initial_plan,Media_Publishing,plus,1,1,0,0,0,100.0,0.0,0.0,0.0,25.00000000000000000000,174.33167399999928000000,0.00000000000000000000,57.71123296164384400000,257.04290696164312400000,257.0429069616431
2025-10-01,2026-02-01,4,persona_x_initial_plan,Media_Publishing,start,18,17,1,0,0,94.44,5.56,0.0,0.0,176.00000000000000000000,362.77068599999849761000,2.94000000000000000000,579.09995074630144025400,1120.81063674629993786400,62.26725759701666
2025-10-01,2026-02-01,4,persona_x_initial_plan,Medical_Professionals,free,5,5,0,0,0,100.0,0.0,0.0,0.0,0.00000000000000000000,44.45164799999982850000,5.60000000000000000000,289.29349353698633558000,339.34514153698616408000,67.86902830739723
2025-10-01,2026-02-01,4,persona_x_initial_plan,Medical_Professionals,plus,1,1,0,0,0,100.0,0.0,0.0,0.0,25.00000000000000000000,54.00352799999978300000,0.46000000000000000000,33.40081929260274800000,112.86434729260253100000,112.86434729260253
2025-10-01,2026-02-01,4,persona_x_initial_plan,Medical_Professionals,start,8,8,0,0,0,100.0,0.0,0.0,0.0,88.00000000000000000000,133.43628599999946410000,2.28000000000000000000,102.39658810301370469800,326.11287410301316879800,40.764109262876644
2025-10-01,2026-02-01,4,persona_x_initial_plan,Others,business,6,4,1,1,0,66.67,16.67,16.67,0.0,320.00000000000000000000,237.11673599999898600000,5.06000000000000000000,43.68268292109588676000,605.85941892109487276000,100.97656982018248
2025-10-01,2026-02-01,4,persona_x_initial_plan,Others,free,59,57,1,1,0,96.61,1.69,1.69,0.0,47.00000000000000000000,756.15107399999700238000,226.66000000000000000000,382.92270635835620345780,1412.73378035835320583780,23.944640345056833
2025-10-01,2026-02-01,4,persona_x_initial_plan,Others,plus,34,27,2,5,0,79.41,5.88,14.71,0.0,600.90000000000000000000,806.34379319999680241000,116.32000000000000000000,99.02304555945206372826,1622.58683875944886613826,47.72314231645438
2025-10-01,2026-02-01,4,persona_x_initial_plan,Others,start,92,83,5,4,0,90.22,5.43,4.35,0.0,883.00000000000000000000,1692.53163899999351666200,182.19999999999999940000,575.31451811452060505160,3333.04615711451412111360,36.22876257733168
2025-10-01,2026-02-01,4,persona_x_initial_plan,Professeur,free,12,10,1,1,0,83.33,8.33,8.33,0.0,70.00000000000000000000,23.49721799999991100000,9.60000000000000000000,37.07979551123288396600,140.17701351123279496600,11.681417792602732
2025-10-01,2026-02-01,4,persona_x_initial_plan,Professeur,plus,1,1,0,0,0,100.0,0.0,0.0,0.0,25.00000000000000000000,0.00000000000000000000,0.00000000000000000000,317.40959276931505000000,342.40959276931505000000,342.40959276931505
2025-10-01,2026-02-01,4,persona_x_initial_plan,Professeur,start,21,19,1,1,0,90.48,4.76,4.76,0.0,196.00000000000000000000,355.81638599999860430000,23.50000000000000000000,183.61033035232880724000,758.92671635232741154000,36.139367445348924
2025-10-01,2026-02-01,4,persona_x_initial_plan,Repair,free,3,2,0,1,0,66.67,0.0,33.33,0.0,0.00000000000000000000,4.16339999999998420000,0.00000000000000000000,0.36389230958904105120,4.52729230958902525120,1.5090974365296752
2025-10-01,2026-02-01,4,persona_x_initial_plan,Repair,plus,1,1,0,0,0,100.0,0.0,0.0,0.0,11.00000000000000000000,18.76780799999992800000,0.00000000000000000000,0.13306439945205484000,29.90087239945198284000,29.900872399451984
2025-10-01,2026-02-01,4,persona_x_initial_plan,Repair,start,4,4,0,0,0,100.0,0.0,0.0,0.0,44.00000000000000000000,18.81946799999992536500,4.00000000000000000000,8.63514675178082184000,75.45461475178074720500,18.863653687945188
2025-10-01,2026-02-01,4,persona_x_initial_plan,Restauration,free,9,8,0,1,0,88.89,0.0,11.11,0.0,4.93000000000000000000,140.95566719999944500000,26.35999999999999800000,8.05136976767123438850,180.29703696767067738850,20.033004107518963
2025-10-01,2026-02-01,4,persona_x_initial_plan,Restauration,plus,12,10,2,0,0,83.33,16.67,0.0,0.0,189.23333333300000000000,472.62610799999810040000,0.00000000000000000000,55.21561982575343603380,717.07506115875153643380,59.756255096562626
2025-10-01,2026-02-01,4,persona_x_initial_plan,Restauration,start,7,7,0,0,0,100.0,0.0,0.0,0.0,75.00000000000000000000,111.03780599999957160000,13.58000000000000000000,23.34941558465753628057,222.96722158465710788057,31.852460226379584
2025-10-01,2026-02-01,4,persona_x_initial_plan,Retail,business,1,0,0,1,0,0.0,0.0,100.0,0.0,0.00000000000000000000,0.00000000000000000000,0.00000000000000000000,0.00000000000000000000,0.00000000000000000000,0.0
2025-10-01,2026-02-01,4,persona_x_initial_plan,Retail,free,49,45,2,2,0,91.84,4.08,4.08,0.0,31.00000000000000000000,657.80606699999749638300,101.20000000000000000000,189.61517145315071121790,979.62123845314820760090,19.99227017251323
2025-10-01,2026-02-01,4,persona_x_initial_plan,Retail,plus,25,20,4,1,0,80.0,16.0,4.0,0.0,323.33333333300000000000,1690.09741799999359260000,5.40000000000000000000,368.40043007506852668146,2387.23118140806211928146,95.48924725632249
2025-10-01,2026-02-01,4,persona_x_initial_plan,Retail,start,82,73,6,3,0,89.02,7.32,3.66,0.0,769.33333333300000000000,1677.13542539999339957000,77.86000000000000000000,369.45055336547947933640,2893.77931209847287890640,35.28999161095699
2025-10-01,2026-02-01,4,persona_x_initial_plan,Wholesale,business,1,1,0,0,0,100.0,0.0,0.0,0.0,80.00000000000000000000,0.00000000000000000000,0.00000000000000000000,3.04065044712328850000,83.04065044712328850000,83.04065044712328
2025-10-01,2026-02-01,4,persona_x_initial_plan,Wholesale,free,6,4,1,1,0,66.67,16.67,16.67,0.0,0.00000000000000000000,0.51265799999999800000,37.60000000000000000000,56.75790796109589225700,94.87056596109589025700,15.811760993515982
2025-10-01,2026-02-01,4,persona_x_initial_plan,Wholesale,plus,3,2,1,0,0,66.67,33.33,0.0,0.0,50.00000000000000000000,4.42582199999998240000,0.00000000000000000000,0.36978665315068502700,54.79560865315066742700,18.265202884383555
2025-10-01,2026-02-01,4,persona_x_initial_plan,Wholesale,start,13,12,0,1,0,92.31,0.0,7.69,0.0,126.00000000000000000000,228.88088999999908410000,12.44000000000000000000,198.18596621150684674410,565.50685621150593084410,43.50052740088507
2025-10-01,2026-03-01,5,initial_plan,ALL,business,28,19,3,6,0,67.86,10.71,21.43,0.0,1316.00000000000000000000,1305.27017459999403850400,15.87999999999999910000,177.09038188493152731317,2814.24055648492556491717,100.50859130303306
2025-10-01,2026-03-01,5,initial_plan,ALL,free,409,357,16,35,1,87.29,3.91,8.56,0.24,253.97000000000000000000,3676.11925859998185015400,1242.01999999999999800000,5197.08737756986315736601,10369.19663616984500552001,25.352559012640207
2025-10-01,2026-03-01,5,initial_plan,ALL,plus,211,160,12,39,0,75.83,5.69,18.48,0.0,3578.49999999900000000000,8834.94031679995684719600,1085.34000000000000000000,2807.50208478958925285673,16306.28240158854610005273,77.28095924923481
2025-10-01,2026-03-01,5,initial_plan,ALL,start,548,485,20,42,1,88.5,3.65,7.66,0.18,5005.76333333300000000000,7350.70254839996423789400,3087.06000000000000000000,8712.57901290685070354784,24156.10489463981494144184,44.08048338437922
2025-10-01,2026-03-01,5,overall,ALL,ALL,1196,1021,51,122,2,85.37,4.26,10.2,0.17,10154.23333333200000000000,21167.03229839989697374800,5430.29999999999999710000,16894.25885715123464108375,53645.82448888313161193175,44.85436830174175
2025-10-01,2026-03-01,5,persona,Automobile_Trade_Repair,ALL,53,44,2,7,0,83.02,3.77,13.21,0.0,748.43000000000000000000,1286.46619019999368104800,874.08000000000000000000,285.31981408547945205827,3194.29600428547313310627,60.26973592991458
2025-10-01,2026-03-01,5,persona,BTP,ALL,240,204,7,29,0,85.0,2.92,12.08,0.0,2392.30000000000000000000,6525.10236239996878023500,1593.26000000000000000000,4382.29904676000054338890,14892.96140915996932362390,62.05400587149987
2025-10-01,2026-03-01,5,persona,Bankers_Insurance,ALL,15,14,0,1,0,93.33,0.0,6.67,0.0,78.00000000000000000000,265.51864799999867170000,4.00000000000000000000,172.80296800767123268472,520.32161600766990438472,34.68810773384466
2025-10-01,2026-03-01,5,persona,Bikers_Drivers,ALL,100,71,7,21,1,71.0,7.0,21.0,1.0,846.87000000000000000000,967.69636559999540950900,313.22000000000000000000,412.19818004219178763127,2539.98454564218719714027,25.399845456421872
2025-10-01,2026-03-01,5,persona,Cleaning_CallCenters,ALL,6,6,0,0,0,100.0,0.0,0.0,0.0,22.00000000000000000000,14.66099999999992798000,4.16000000000000000000,14.85509550027397122000,55.67609550027389920000,9.27934925004565
2025-10-01,2026-03-01,5,persona,Consultant,ALL,202,185,3,14,0,91.58,1.49,6.93,0.0,1413.50000000000000000000,3021.60237659998553518000,197.20000000000000000000,5734.62324328383640741806,10366.92561988382194259806,51.321413959820894
2025-10-01,2026-03-01,5,persona,Developer_IT,ALL,91,74,5,11,1,81.32,5.49,12.09,1.1,650.33333333300000000000,718.69776479999648535000,205.36000000000000200000,1738.62626648602746638800,3313.01736461902395373800,36.40678422658268
2025-10-01,2026-03-01,5,persona,Media_Publishing,ALL,34,32,2,0,0,94.12,5.88,0.0,0.0,190.00000000000000000000,742.01246639999615081000,54.54000000000000000000,531.97200281479451144232,1518.52446921479066225232,44.662484388670315
2025-10-01,2026-03-01,5,persona,Medical_Professionals,ALL,14,14,0,0,0,100.0,0.0,0.0,0.0,113.00000000000000000000,132.09715799999936317000,44.60000000000000000000,452.23567151123292496420,741.93282951123228813420,52.99520210794516
2025-10-01,2026-03-01,5,persona,Others,ALL,191,165,10,16,0,86.39,5.24,8.38,0.0,1731.90000000000000000000,2649.63116699998696468700,916.45999999999999910000,1122.78254441205493536638,6420.77371141204189915338,33.6166162901154
2025-10-01,2026-03-01,5,persona,Professeur,ALL,34,30,1,3,0,88.24,2.94,8.82,0.0,291.00000000000000000000,459.93578399999773378000,74.44000000000000000000,659.07988026630146962300,1484.45566426629920340300,43.660460713714684
2025-10-01,2026-03-01,5,persona,Repair,ALL,8,7,0,1,0,87.5,0.0,12.5,0.0,55.00000000000000000000,53.63632799999972730000,0.76000000000000000000,12.06053828602739813100,121.45686628602712543100,15.18210828575339
2025-10-01,2026-03-01,5,persona,Restauration,ALL,28,24,2,2,0,85.71,7.14,7.14,0.0,264.23333333300000000000,864.91907999999591293000,113.91999999999999600000,78.57166334575342315890,1321.64407667874933208890,47.201574167098194
2025-10-01,2026-03-01,5,persona,Retail,ALL,157,132,11,14,0,84.08,7.01,8.92,0.0,1112.66666666600000000000,3348.35642339998319526900,915.78000000000000000000,1032.14238874849320217590,6408.94547881447639744490,40.821308782257816
2025-10-01,2026-03-01,5,persona,Wholesale,ALL,23,19,1,3,0,82.61,4.35,13.04,0.0,245.00000000000000000000,116.69918399999943480000,118.52000000000000000000,264.68955360109591543283,744.90873760109535023283,32.38733641743893
2025-10-01,2026-03-01,5,persona_x_initial_plan,Automobile_Trade_Repair,business,5,5,0,0,0,100.0,0.0,0.0,0.0,320.00000000000000000000,145.24185419999928180400,0.10000000000000000000,24.88067406082192462207,490.22252826082120642607,98.04450565216425
2025-10-01,2026-03-01,5,persona_x_initial_plan,Automobile_Trade_Repair,free,15,13,1,1,0,86.67,6.67,6.67,0.0,0.00000000000000000000,83.55632399999961268400,189.60000000000000000000,67.46267595561641897650,340.61899995561603166050,22.7079333303744
2025-10-01,2026-03-01,5,persona_x_initial_plan,Automobile_Trade_Repair,plus,11,10,0,1,0,90.91,0.0,9.09,0.0,220.00000000000000000000,803.12137199999598350000,670.38000000000000000000,146.63167626191781723600,1840.13304826191380073600,167.2848225692649
2025-10-01,2026-03-01,5,persona_x_initial_plan,Automobile_Trade_Repair,start,22,16,1,5,0,72.73,4.55,22.73,0.0,208.43000000000000000000,254.54663999999880306000,14.00000000000000000000,46.34478780712329122370,523.32142780712209428370,23.787337627596457
2025-10-01,2026-03-01,5,persona_x_initial_plan,BTP,business,8,5,1,2,0,62.5,12.5,25.0,0.0,331.00000000000000000000,900.54334439999603900000,0.86000000000000000000,121.27969411342466773510,1353.68303851342070673510,169.2103798141776
2025-10-01,2026-03-01,5,persona_x_initial_plan,BTP,free,73,68,0,5,0,93.15,0.0,6.85,0.0,22.00000000000000000000,282.80185199999864110000,161.40000000000000000000,1557.51488338191794983198,2023.71673538191659093198,27.722147060026256
2025-10-01,2026-03-01,5,persona_x_initial_plan,BTP,plus,68,51,4,13,0,75.0,5.88,19.12,0.0,1191.00000000000000000000,3303.54240299998387850500,140.02000000000000000000,746.74595586849318966920,5381.30835886847706817420,79.13688763041877
2025-10-01,2026-03-01,5,persona_x_initial_plan,BTP,start,91,80,2,9,0,87.91,2.2,9.89,0.0,848.30000000000000000000,2038.21476299999022163000,1290.98000000000000000000,1956.75851339616473615262,6134.25327639615495778262,67.40937666369402
2025-10-01,2026-03-01,5,persona_x_initial_plan,Bankers_Insurance,free,8,8,0,0,0,100.0,0.0,0.0,0.0,0.00000000000000000000,3.24215999999998370000,4.00000000000000000000,118.79082571835616172472,126.03298571835614542472,15.754123214794518
2025-10-01,2026-03-01,5,persona_x_initial_plan,Bankers_Insurance,start,7,6,0,1,0,85.71,0.0,14.29,0.0,78.00000000000000000000,262.27648799999868800000,0.00000000000000000000,54.01214228931507096000,394.28863028931375896000,56.32694718418768
2025-10-01,2026-03-01,5,persona_x_initial_plan,Bikers_Drivers,business,5,3,1,1,0,60.0,20.0,20.0,0.0,185.00000000000000000000,18.60209999999990770000,0.62000000000000000000,3.00362737534246686600,207.22572737534237456600,41.44514547506848
2025-10-01,2026-03-01,5,persona_x_initial_plan,Bikers_Drivers,free,36,27,2,6,1,75.0,5.56,16.67,2.78,8.97000000000000000000,153.25990199999925463000,161.60000000000000000000,211.11234582958903103192,534.94224782958828566192,14.85950688415523
2025-10-01,2026-03-01,5,persona_x_initial_plan,Bikers_Drivers,plus,26,17,1,8,0,65.38,3.85,30.77,0.0,409.90000000000000000000,415.66059359999803967900,71.48000000000000000000,122.74213972767124098962,1019.78273332766928066862,39.22241282029497
2025-10-01,2026-03-01,5,persona_x_initial_plan,Bikers_Drivers,start,33,24,3,6,0,72.73,9.09,18.18,0.0,243.00000000000000000000,380.17376999999820750000,79.52000000000000000000,75.34006710958904874373,778.03383710958725624373,23.576782942714765
2025-10-01,2026-03-01,5,persona_x_initial_plan,Cleaning_CallCenters,free,4,4,0,0,0,100.0,0.0,0.0,0.0,0.00000000000000000000,14.43596399999992910000,4.16000000000000000000,12.97918105534246392000,31.57514505534239302000,7.893786263835598
2025-10-01,2026-03-01,5,persona_x_initial_plan,Cleaning_CallCenters,start,2,2,0,0,0,100.0,0.0,0.0,0.0,22.00000000000000000000,0.22503599999999888000,0.00000000000000000000,1.87591444493150730000,24.10095044493150618000,12.050475222465753
2025-10-01,2026-03-01,5,persona_x_initial_plan,Consultant,business,2,1,0,1,0,50.0,0.0,50.0,0.0,80.00000000000000000000,54.68511599999972400000,0.00000000000000000000,6.78172638794520570000,141.46684238794492970000,70.73342119397246
2025-10-01,2026-03-01,5,persona_x_initial_plan,Consultant,free,80,72,2,6,0,90.0,2.5,7.5,0.0,42.00000000000000000000,1078.53593399999467600000,117.12000000000000000000,1665.89456748273967207417,2903.55050148273434807417,36.29438126853418
2025-10-01,2026-03-01,5,persona_x_initial_plan,Consultant,plus,15,12,0,3,0,80.0,0.0,20.0,0.0,329.80000000000000000000,951.53237819999564810000,2.82000000000000000000,350.61878499835618920600,1634.77116319835183730600,108.98474421322345
2025-10-01,2026-03-01,5,persona_x_initial_plan,Consultant,start,105,100,1,4,0,95.24,0.95,3.81,0.0,961.70000000000000000000,936.84894839999548708000,77.26000000000000000000,3711.32816441479534043789,5687.13711281479082751789,54.163210598236105
2025-10-01,2026-03-01,5,persona_x_initial_plan,Developer_IT,free,35,24,3,8,0,68.57,8.57,22.86,0.0,22.00000000000000000000,227.66932259999889410000,38.34000000000000200000,500.28256376164381855870,788.29188636164271465870,22.522625324618364
2025-10-01,2026-03-01,5,persona_x_initial_plan,Developer_IT,plus,13,11,0,2,0,84.62,0.0,15.38,0.0,253.33333333300000000000,171.18422099999914420000,3.50000000000000000000,370.10088555397259364000,798.11843988697173784000,61.39372614515167
2025-10-01,2026-03-01,5,persona_x_initial_plan,Developer_IT,start,43,39,2,1,1,90.7,4.65,2.33,2.33,375.00000000000000000000,319.84422119999844705000,163.52000000000000000000,868.24281717041105418930,1726.60703837040950123930,40.153652055125804
2025-10-01,2026-03-01,5,persona_x_initial_plan,Media_Publishing,free,15,14,1,0,0,93.33,6.67,0.0,0.0,0.00000000000000000000,206.49454199999896621000,47.18000000000000000000,20.64811237150685196372,274.32265437150581817372,18.288176958100387
2025-10-01,2026-03-01,5,persona_x_initial_plan,Media_Publishing,plus,1,1,0,0,0,100.0,0.0,0.0,0.0,25.00000000000000000000,124.37035199999936000000,0.00000000000000000000,57.61602735890412000000,206.98637935890348000000,206.9863793589035
2025-10-01,2026-03-01,5,persona_x_initial_plan,Media_Publishing,start,18,17,1,0,0,94.44,5.56,0.0,0.0,165.00000000000000000000,411.14757239999782460000,7.36000000000000000000,453.70786308438353947860,1037.21543548438136407860,57.623079749132295
2025-10-01,2026-03-01,5,persona_x_initial_plan,Medical_Professionals,free,5,5,0,0,0,100.0,0.0,0.0,0.0,0.00000000000000000000,67.86071999999966957000,34.32000000000000000000,302.97861923013702847120,405.15933923013669804120,81.03186784602734
2025-10-01,2026-03-01,5,persona_x_initial_plan,Medical_Professionals,plus,1,1,0,0,0,100.0,0.0,0.0,0.0,25.00000000000000000000,6.26266799999997130000,0.00000000000000000000,34.15429537424657300000,65.41696337424654430000,65.41696337424655
2025-10-01,2026-03-01,5,persona_x_initial_plan,Medical_Professionals,start,8,8,0,0,0,100.0,0.0,0.0,0.0,88.00000000000000000000,57.97376999999972230000,10.28000000000000000000,115.10275690684932349300,271.35652690684904579300,33.919565863356134
2025-10-01,2026-03-01,5,persona_x_initial_plan,Others,business,6,4,1,1,0,66.67,16.67,16.67,0.0,320.00000000000000000000,186.19775999999908600000,14.29999999999999910000,18.43015072712328989000,538.92791072712237499000,89.8213184545204
2025-10-01,2026-03-01,5,persona_x_initial_plan,Others,free,59,56,2,1,0,94.92,3.39,1.69,0.0,47.00000000000000000000,934.93803599999523202000,184.28000000000000000000,386.50153739342468499630,1552.71957339341991701630,26.31728090497322
2025-10-01,2026-03-01,5,persona_x_initial_plan,Others,plus,34,24,4,6,0,70.59,11.76,17.65,0.0,525.90000000000000000000,607.19825699999713940700,46.62000000000000000000,63.53749561041095955358,1243.25575261040809896058,36.566345665012
2025-10-01,2026-03-01,5,persona_x_initial_plan,Others,start,92,81,3,8,0,88.04,3.26,8.7,0.0,839.00000000000000000000,921.29711399999550726000,671.26000000000000000000,654.31336068109600092650,3085.87047468109150818650,33.54207037696838
2025-10-01,2026-03-01,5,persona_x_initial_plan,Professeur,free,12,10,1,1,0,83.33,8.33,8.33,0.0,70.00000000000000000000,59.51656799999971100000,31.70000000000000000000,29.99267326684931881300,191.20924126684902981300,15.934103438904087
2025-10-01,2026-03-01,5,persona_x_initial_plan,Professeur,plus,1,1,0,0,0,100.0,0.0,0.0,0.0,25.00000000000000000000,12.75659999999993800000,0.00000000000000000000,428.91984654630147000000,466.67644654630140800000,466.6764465463014
2025-10-01,2026-03-01,5,persona_x_initial_plan,Professeur,start,21,19,0,2,0,90.48,0.0,9.52,0.0,196.00000000000000000000,387.66261599999808478000,42.74000000000000000000,200.16736045315068081000,826.56997645314876559000,39.36047506919756
2025-10-01,2026-03-01,5,persona_x_initial_plan,Repair,free,3,2,0,1,0,66.67,0.0,33.33,0.0,0.00000000000000000000,0.00000000000000000000,0.00000000000000000000,0.26708524986301373100,0.26708524986301373100,0.08902841662100458
2025-10-01,2026-03-01,5,persona_x_initial_plan,Repair,plus,1,1,0,0,0,100.0,0.0,0.0,0.0,11.00000000000000000000,34.99043399999981600000,0.00000000000000000000,0.47547150575342462000,46.46590550575324062000,46.46590550575324
2025-10-01,2026-03-01,5,persona_x_initial_plan,Repair,start,4,4,0,0,0,100.0,0.0,0.0,0.0,44.00000000000000000000,18.64589399999991130000,0.76000000000000000000,11.31798153041095978000,74.72387553041087108000,18.680968882602716
2025-10-01,2026-03-01,5,persona_x_initial_plan,Restauration,free,9,8,0,1,0,88.89,0.0,11.11,0.0,11.00000000000000000000,56.67298199999972526000,58.91999999999999600000,6.63911457424657530510,133.23209657424629656510,14.803566286027367
2025-10-01,2026-03-01,5,persona_x_initial_plan,Restauration,plus,12,10,1,1,0,83.33,8.33,8.33,0.0,189.23333333300000000000,715.77682199999662537000,55.00000000000000000000,62.33558552438355989080,1022.34574085738018526080,85.19547840478168
2025-10-01,2026-03-01,5,persona_x_initial_plan,Restauration,start,7,6,1,0,0,85.71,14.29,0.0,0.0,64.00000000000000000000,92.46927599999956230000,0.00000000000000000000,9.59696324712328796300,166.06623924712285026300,23.723748463874692
2025-10-01,2026-03-01,5,persona_x_initial_plan,Retail,business,1,0,0,1,0,0.0,0.0,100.0,0.0,0.00000000000000000000,0.00000000000000000000,0.00000000000000000000,0.00000000000000000000,0.00000000000000000000,0.0
2025-10-01,2026-03-01,5,persona_x_initial_plan,Retail,free,49,42,3,4,0,85.71,6.12,8.16,0.0,31.00000000000000000000,507.13495199999755478000,191.80000000000000000000,248.09456032876714490870,978.02951232876469968870,19.959785965893158
2025-10-01,2026-03-01,5,persona_x_initial_plan,Retail,plus,25,19,2,4,0,76.0,8.0,16.0,0.0,323.33333333300000000000,1688.54421599999130313500,95.52000000000000000000,423.62036286136989587340,2531.01791219436119900840,101.24071648777445
2025-10-01,2026-03-01,5,persona_x_initial_plan,Retail,start,82,71,6,5,0,86.59,7.32,6.1,0.0,758.33333333300000000000,1152.67725539999433735400,628.46000000000000000000,360.42746555835616139380,2899.89805429135049874780,35.3646104181872
2025-10-01,2026-03-01,5,persona_x_initial_plan,Wholesale,business,1,1,0,0,0,100.0,0.0,0.0,0.0,80.00000000000000000000,0.00000000000000000000,0.00000000000000000000,2.71450922027397250000,82.71450922027397250000,82.71450922027397
2025-10-01,2026-03-01,5,persona_x_initial_plan,Wholesale,free,6,4,1,1,0,66.67,16.67,16.67,0.0,0.00000000000000000000,0.00000000000000000000,17.60000000000000000000,67.92863196986302305900,85.52863196986302305900,14.25477199497717
2025-10-01,2026-03-01,5,persona_x_initial_plan,Wholesale,plus,3,2,0,1,0,66.67,0.0,33.33,0.0,50.00000000000000000000,0.00000000000000000000,0.00000000000000000000,0.00355759780821917813,50.00355759780821917813,16.66785253260274
2025-10-01,2026-03-01,5,persona_x_initial_plan,Wholesale,start,13,12,0,1,0,92.31,0.0,7.69,0.0,115.00000000000000000000,116.69918399999943480000,100.92000000000000000000,194.04285481315070069570,526.66203881315013549570,40.51246452408847
2025-10-01,2026-04-01,6,initial_plan,ALL,business,28,17,2,9,0,60.71,7.14,32.14,0.0,1156.00000000000000000000,1844.99922959998969018300,14.47999999999999860000,128.43935688054795296023,3143.91858648053764174323,112.2828066600192
2025-10-01,2026-04-01,6,initial_plan,ALL,free,409,346,17,45,1,84.6,4.16,11.0,0.24,265.81000000000000000000,3225.43603079998253616700,966.96000000000000000000,5403.80123961095891002822,9862.00727041094144619522,24.11248721371868
2025-10-01,2026-04-01,6,initial_plan,ALL,plus,211,158,11,42,0,74.88,5.21,19.91,0.0,3582.95624999900000000000,8405.69976719995427498700,986.26000000000000070000,2467.55683385315092763130,15442.47285105210520331830,73.1870751234697
2025-10-01,2026-04-01,6,initial_plan,ALL,start,548,479,16,52,1,87.41,2.92,9.49,0.18,5166.61630376279132900000,7889.68424159995742907600,737.14000000000002000000,8531.12797839999981313409,22324.56852376274859121009,40.738263729494065
2025-10-01,2026-04-01,6,overall,ALL,ALL,1196,1000,46,148,2,83.61,3.85,12.37,0.17,10171.38255376179132900000,21365.81926919988393041300,2704.84000000000001930000,16530.92540874465760375384,50772.96723170633288246684,42.45231373888489
2025-10-01,2026-04-01,6,persona,Automobile_Trade_Repair,ALL,53,44,1,8,0,83.02,1.89,15.09,0.0,763.00000000000000000000,1128.08827619999388634300,317.22000000000000000000,223.10252094136987056013,2431.41079714136375690313,45.87567541776158
2025-10-01,2026-04-01,6,persona,BTP,ALL,240,203,3,34,0,84.58,1.25,14.17,0.0,2348.81999999999999700000,7116.71299199996150314000,547.52000000000002000000,4117.09384448383571335465,14130.14683648379723349465,58.875611818682486
2025-10-01,2026-04-01,6,persona,Bankers_Insurance,ALL,15,14,0,1,0,93.33,0.0,6.67,0.0,80.06250000000000000000,120.19238999999934299000,4.00000000000000000000,129.67154543287673079700,333.92643543287607378700,22.26176236219174
2025-10-01,2026-04-01,6,persona,Bikers_Drivers,ALL,100,68,5,26,1,68.0,5.0,26.0,1.0,903.54625000000000000000,1901.78770319998952601300,251.70000000000000070000,389.22094643013698466342,3446.25489963012651137642,34.462548996301265
2025-10-01,2026-04-01,6,persona,Cleaning_CallCenters,ALL,6,6,0,0,0,100.0,0.0,0.0,0.0,11.00000000000000000000,10.19393999999994346000,4.00000000000000000000,30.57164626246575596000,55.76558626246569942000,9.294264377077615
2025-10-01,2026-04-01,6,persona,Consultant,ALL,202,182,4,16,0,90.1,1.98,7.92,0.0,1454.41516129032258000000,3042.57807719998334190700,235.88000000000000000000,5727.03317125479436697223,10459.90640974510028887923,51.78171489972822
2025-10-01,2026-04-01,6,persona,Developer_IT,ALL,91,73,3,14,1,80.22,3.3,15.38,1.1,651.48958333300000000000,949.25619719999485665000,56.18000000000000000000,1769.69508011397264562127,3426.62086064696750227127,37.65517429282382
2025-10-01,2026-04-01,6,persona,Media_Publishing,ALL,34,30,3,1,0,88.24,8.82,2.94,0.0,197.90625000000000000000,381.24793799999793019000,40.92000000000000000000,497.01689148767123513332,1117.09107948766916532332,32.85561998493145
2025-10-01,2026-04-01,6,persona,Medical_Professionals,ALL,14,13,1,0,0,92.86,7.14,0.0,0.0,113.00000000000000000000,233.47034999999872380000,10.40000000000000000000,482.35709606356162225400,839.22744606356034605400,59.9448175759686
2025-10-01,2026-04-01,6,persona,Others,ALL,191,157,14,20,0,82.2,7.33,10.47,0.0,1621.87500000000000000000,2373.48687599998720810300,491.73999999999999860000,1270.03192526465756071147,5757.13380126464476741447,30.14206178672589
2025-10-01,2026-04-01,6,persona,Professeur,ALL,34,30,0,4,0,88.24,0.0,11.76,0.0,300.62500000000000000000,328.24493999999821340000,42.72000000000000000000,704.46889585753435828400,1376.05883585753257168400,40.47231870169213
2025-10-01,2026-04-01,6,persona,Repair,ALL,8,7,0,1,0,87.5,0.0,12.5,0.0,47.78125000000000000000,66.00373199999964271000,9.30000000000000000000,6.43768997698630313000,129.52267197698594584000,16.190333997123243
2025-10-01,2026-04-01,6,persona,Restauration,ALL,28,25,2,1,0,89.29,7.14,3.57,0.0,303.23333333300000000000,521.55367199999715913700,472.40000000000000000000,91.00865155671231878630,1388.19565688970947792330,49.57841631748962
2025-10-01,2026-04-01,6,persona,Retail,ALL,157,131,8,18,0,83.44,5.1,11.46,0.0,1129.62822580546875200000,2718.55993139998522787000,220.86000000000000000000,906.08504796328764409826,4975.13320516874162396826,31.688746529737205
2025-10-01,2026-04-01,6,persona,Wholesale,ALL,23,17,2,4,0,73.91,8.7,17.39,0.0,245.00000000000000000000,474.44225399999742470000,0.00000000000000000000,187.13045565479449342779,906.57270965479191812779,39.416204767599645
2025-10-01,2026-04-01,6,persona_x_initial_plan,Automobile_Trade_Repair,business,5,5,0,0,0,100.0,0.0,0.0,0.0,320.00000000000000000000,133.15507199999929078300,0.00000000000000000000,22.93533469698630291973,476.09040669698559370273,95.21808133939712
2025-10-01,2026-04-01,6,persona_x_initial_plan,Automobile_Trade_Repair,free,15,13,0,2,0,86.67,0.0,13.33,0.0,0.00000000000000000000,76.27741199999958256000,10.40000000000000000000,64.50000744328765776650,151.17741944328724032650,10.078494629552484
2025-10-01,2026-04-01,6,persona_x_initial_plan,Automobile_Trade_Repair,plus,11,10,0,1,0,90.91,0.0,9.09,0.0,220.00000000000000000000,741.54977819999598350000,281.60000000000000000000,101.05401189369864376070,1344.20379009369462726070,122.20034455397223
2025-10-01,2026-04-01,6,persona_x_initial_plan,Automobile_Trade_Repair,start,22,16,1,5,0,72.73,4.55,22.73,0.0,223.00000000000000000000,177.10601399999902950000,25.22000000000000000000,34.61316690739726611320,459.93918090739629561320,20.90632640488165
2025-10-01,2026-04-01,6,persona_x_initial_plan,BTP,business,8,4,1,3,0,50.0,12.5,37.5,0.0,251.00000000000000000000,871.08478199999513000000,0.00000000000000000000,67.85873407561644432830,1189.94351607561157432830,148.74293950945145
2025-10-01,2026-04-01,6,persona_x_initial_plan,BTP,free,73,68,0,5,0,93.15,0.0,6.85,0.0,35.45000000000000000000,714.07020599999609515000,105.20000000000000000000,1743.66326454520551339760,2598.38347054520160854760,35.59429411705756
2025-10-01,2026-04-01,6,persona_x_initial_plan,BTP,plus,68,51,2,15,0,75.0,2.94,22.06,0.0,1191.00000000000000000000,3191.25781799998294600000,126.56000000000000000000,505.27248523068496396460,5014.09030323066790996460,73.73662210633336
2025-10-01,2026-04-01,6,persona_x_initial_plan,BTP,start,91,80,0,11,0,87.91,0.0,12.09,0.0,871.36999999999999700000,2340.30018599998733199000,315.76000000000002000000,1800.29936063232879166415,5327.72954663231614065415,58.546478534421055
2025-10-01,2026-04-01,6,persona_x_initial_plan,Bankers_Insurance,free,8,8,0,0,0,100.0,0.0,0.0,0.0,0.00000000000000000000,4.75415999999997350000,4.00000000000000000000,84.82846391232877824000,93.58262391232875174000,11.697827989041095
2025-10-01,2026-04-01,6,persona_x_initial_plan,Bankers_Insurance,start,7,6,0,1,0,85.71,0.0,14.29,0.0,80.06250000000000000000,115.43822999999936949000,0.00000000000000000000,44.84308152054795255700,240.34381152054732204700,34.33483021722105
2025-10-01,2026-04-01,6,persona_x_initial_plan,Bikers_Drivers,business,5,3,0,2,0,60.0,0.0,40.0,0.0,185.00000000000000000000,25.53100199999986280000,5.50000000000000000000,5.02410770684931584220,221.05510970684917864220,44.211021941369836
2025-10-01,2026-04-01,6,persona_x_initial_plan,Bikers_Drivers,free,36,25,2,8,1,69.44,5.56,22.22,2.78,11.00000000000000000000,169.34074199999908943700,136.80000000000000000000,242.85695670904108306381,559.99769870904017250081,15.55549163080667
2025-10-01,2026-04-01,6,persona_x_initial_plan,Bikers_Drivers,plus,26,16,1,9,0,61.54,3.85,34.62,0.0,395.00000000000000000000,1318.36318919999265429000,65.00000000000000070000,62.64956509863013731004,1841.01275429862279230004,70.80818285763934
2025-10-01,2026-04-01,6,persona_x_initial_plan,Bikers_Drivers,start,33,24,2,7,0,72.73,6.06,21.21,0.0,312.54625000000000000000,388.55276999999791948600,44.40000000000000000000,78.69031691561644844737,824.18933691561436793337,24.975434451988313
2025-10-01,2026-04-01,6,persona_x_initial_plan,Cleaning_CallCenters,free,4,4,0,0,0,100.0,0.0,0.0,0.0,0.00000000000000000000,9.90836999999994497000,4.00000000000000000000,28.56697047068493405000,42.47534047068487902000,10.61883511767122
2025-10-01,2026-04-01,6,persona_x_initial_plan,Cleaning_CallCenters,start,2,2,0,0,0,100.0,0.0,0.0,0.0,11.00000000000000000000,0.28556999999999849000,0.00000000000000000000,2.00467579178082191000,13.29024579178082040000,6.6451228958904105
2025-10-01,2026-04-01,6,persona_x_initial_plan,Consultant,business,2,1,0,1,0,50.0,0.0,50.0,0.0,80.00000000000000000000,654.67213199999628000000,0.00000000000000000000,12.75371716109589000000,747.42584916109217000000,373.7129245805461
2025-10-01,2026-04-01,6,persona_x_initial_plan,Consultant,free,80,71,1,8,0,88.75,1.25,10.0,0.0,42.00000000000000000000,657.50340959999643110000,259.68000000000000000000,1674.39533335342463387363,2633.57874295342106497363,32.919734286917766
2025-10-01,2026-04-01,6,persona_x_initial_plan,Consultant,plus,15,12,0,3,0,80.0,0.0,20.0,0.0,350.00000000000000000000,486.84259799999731342000,0.00000000000000000000,405.01067968383565655700,1241.85327768383296997700,82.79021851225552
2025-10-01,2026-04-01,6,persona_x_initial_plan,Consultant,start,105,98,3,4,0,93.33,2.86,3.81,0.0,982.41516129032258000000,1243.55993759999331738700,-23.80000000000000000000,3634.87344105643818654160,5837.04853994675408392860,55.59093847568337
2025-10-01,2026-04-01,6,persona_x_initial_plan,Developer_IT,free,35,24,1,10,0,68.57,2.86,28.57,0.0,22.00000000000000000000,197.13547079999893491000,34.94000000000000000000,547.24302154136988670227,801.31849234136882161227,22.894814066896252
2025-10-01,2026-04-01,6,persona_x_initial_plan,Developer_IT,plus,13,11,0,2,0,84.62,0.0,15.38,0.0,263.48958333300000000000,205.09294139999888587000,0.00000000000000000000,359.64264521095892743000,828.22516994395781330000,63.709628457227524
2025-10-01,2026-04-01,6,persona_x_initial_plan,Developer_IT,start,43,38,2,2,1,88.37,4.65,4.65,2.33,366.00000000000000000000,547.02778499999703587000,21.24000000000000000000,862.80941336164383148900,1797.07719836164086735900,41.79249298515444
2025-10-01,2026-04-01,6,persona_x_initial_plan,Media_Publishing,free,15,13,2,0,0,86.67,13.33,0.0,0.0,0.00000000000000000000,75.77652599999959509000,40.00000000000000000000,15.89760211178082327752,131.67412811178041836752,8.778275207452028
2025-10-01,2026-04-01,6,persona_x_initial_plan,Media_Publishing,plus,1,1,0,0,0,100.0,0.0,0.0,0.0,25.00000000000000000000,133.34641199999928000000,0.00000000000000000000,51.64616508383561900000,209.99257708383489900000,209.9925770838349
2025-10-01,2026-04-01,6,persona_x_initial_plan,Media_Publishing,start,18,16,1,1,0,88.89,5.56,5.56,0.0,172.90625000000000000000,172.12499999999905510000,0.92000000000000000000,429.47312429205479285580,775.42437429205384795580,43.0791319051141
2025-10-01,2026-04-01,6,persona_x_initial_plan,Medical_Professionals,free,5,4,1,0,0,80.0,20.0,0.0,0.0,0.00000000000000000000,31.33472399999983100000,10.40000000000000000000,280.32659632328766810000,322.06132032328749910000,64.41226406465749
2025-10-01,2026-04-01,6,persona_x_initial_plan,Medical_Professionals,plus,1,1,0,0,0,100.0,0.0,0.0,0.0,25.00000000000000000000,2.46025799999998670000,0.00000000000000000000,46.03370812438355800000,73.49396612438354470000,73.49396612438355
2025-10-01,2026-04-01,6,persona_x_initial_plan,Medical_Professionals,start,8,8,0,0,0,100.0,0.0,0.0,0.0,88.00000000000000000000,199.67536799999890610000,0.00000000000000000000,155.99679161589039615400,443.67215961588930225400,55.459019951986164
2025-10-01,2026-04-01,6,persona_x_initial_plan,Others,business,6,3,1,2,0,50.0,16.67,33.33,0.0,240.00000000000000000000,157.35512159999914400000,8.97999999999999860000,16.98669329808219267000,423.32181489808133527000,70.5536358163469
2025-10-01,2026-04-01,6,persona_x_initial_plan,Others,free,59,53,4,2,0,89.83,6.78,3.39,0.0,36.00000000000000000000,556.32419999999699446000,267.78000000000000000000,374.41913080164387130930,1234.52333080164086576930,20.92412425087527
2025-10-01,2026-04-01,6,persona_x_initial_plan,Others,plus,34,22,5,7,0,64.71,14.71,20.59,0.0,500.00000000000000000000,587.79356039999685675000,10.00000000000000000000,63.90592474027398024907,1161.69948514027083699907,34.16763191589032
2025-10-01,2026-04-01,6,persona_x_initial_plan,Others,start,92,79,4,9,0,85.87,4.35,9.78,0.0,845.87500000000000000000,1072.01399399999421289300,204.98000000000000000000,814.72017642465751648310,2937.58917042465172937610,31.930317069833173
2025-10-01,2026-04-01,6,persona_x_initial_plan,Professeur,free,12,10,0,2,0,83.33,0.0,16.67,0.0,70.00000000000000000000,80.99092799999955300000,12.80000000000000000000,31.60550962465753266700,195.39643762465708566700,16.283036468721424
2025-10-01,2026-04-01,6,persona_x_initial_plan,Professeur,plus,1,1,0,0,0,100.0,0.0,0.0,0.0,25.00000000000000000000,0.00000000000000000000,0.00000000000000000000,495.89692249589052000000,520.89692249589052000000,520.8969224958905
2025-10-01,2026-04-01,6,persona_x_initial_plan,Professeur,start,21,19,0,2,0,90.48,0.0,9.52,0.0,205.62500000000000000000,247.25401199999866040000,29.92000000000000000000,176.96646373698630561700,659.76547573698496601700,31.417403606523095
2025-10-01,2026-04-01,6,persona_x_initial_plan,Repair,free,3,2,0,1,0,66.67,0.0,33.33,0.0,0.00000000000000000000,2.32217999999998700000,0.00000000000000000000,0.17392241698630140600,2.49610241698628840600,0.8320341389954296
2025-10-01,2026-04-01,6,persona_x_initial_plan,Repair,plus,1,1,0,0,0,100.0,0.0,0.0,0.0,11.00000000000000000000,29.07426599999984500000,0.00000000000000000000,0.32448995890410953000,40.39875595890395453000,40.398755958903955
2025-10-01,2026-04-01,6,persona_x_initial_plan,Repair,start,4,4,0,0,0,100.0,0.0,0.0,0.0,36.78125000000000000000,34.60728599999981071000,9.30000000000000000000,5.93927760109589219400,86.62781360109570290400,21.656953400273927
2025-10-01,2026-04-01,6,persona_x_initial_plan,Restauration,free,9,7,1,1,0,77.78,11.11,11.11,0.0,11.00000000000000000000,84.28181399999955000000,6.40000000000000000000,5.09727865315068445110,106.77909265315023445110,11.864343628127804
2025-10-01,2026-04-01,6,persona_x_initial_plan,Restauration,plus,12,12,0,0,0,100.0,0.0,0.0,0.0,239.23333333300000000000,344.44645199999812933700,462.00000000000000000000,79.98570277972601782020,1125.66548811272414715720,93.80545734272702
2025-10-01,2026-04-01,6,persona_x_initial_plan,Restauration,start,7,6,1,0,0,85.71,14.29,0.0,0.0,53.00000000000000000000,92.82540599999947980000,4.00000000000000000000,5.92567012383561651500,155.75107612383509631500,22.250153731976443
2025-10-01,2026-04-01,6,persona_x_initial_plan,Retail,business,1,0,0,1,0,0.0,0.0,100.0,0.0,0.00000000000000000000,0.00000000000000000000,0.00000000000000000000,0.00000000000000000000,0.00000000000000000000,0.0
2025-10-01,2026-04-01,6,persona_x_initial_plan,Retail,free,49,41,4,4,0,83.67,8.16,8.16,0.0,38.36000000000000000000,565.41588839999697399000,74.56000000000000000000,309.82409991890406223049,988.15998831890103622049,20.166530373855124
2025-10-01,2026-04-01,6,persona_x_initial_plan,Retail,plus,25,18,3,4,0,72.0,12.0,16.0,0.0,288.23333333300000000000,1365.47249399999239412000,41.10000000000000000000,296.13108770465756113330,1990.93691503764995525330,79.637476601506
2025-10-01,2026-04-01,6,persona_x_initial_plan,Retail,start,82,72,1,9,0,87.8,1.22,10.98,0.0,803.03489247246875200000,787.67154899999585976000,105.20000000000000000000,300.12986033972602073447,1996.03630181219063249447,24.341906119660862
2025-10-01,2026-04-01,6,persona_x_initial_plan,Wholesale,business,1,1,0,0,0,100.0,0.0,0.0,0.0,80.00000000000000000000,3.20111999999998260000,0.00000000000000000000,2.88076994191780720000,86.08188994191778980000,86.0818899419178
2025-10-01,2026-04-01,6,persona_x_initial_plan,Wholesale,free,6,3,1,2,0,50.0,16.67,33.33,0.0,0.00000000000000000000,0.00000000000000000000,0.00000000000000000000,0.40308178520547949300,0.40308178520547949300,0.06718029753424658
2025-10-01,2026-04-01,6,persona_x_initial_plan,Wholesale,plus,3,2,0,1,0,66.67,0.0,33.33,0.0,50.00000000000000000000,0.00000000000000000000,0.00000000000000000000,0.00344584767123287639,50.00344584767123287639,16.667815282557076
2025-10-01,2026-04-01,6,persona_x_initial_plan,Wholesale,start,13,11,1,1,0,84.62,7.69,7.69,0.0,115.00000000000000000000,471.24113399999744210000,0.00000000000000000000,183.84315807999997385840,770.08429207999741595840,59.23725323692288
2025-11-01,2025-11-01,0,initial_plan,ALL,business,50,50,0,0,0,100.0,0.0,0.0,0.0,1760.00000000000000000000,3100.01773175150351952000,150.00000000000000000000,435.91891597424666464235,5445.93664772575018416235,108.918732954515
2025-11-01,2025-11-01,0,initial_plan,ALL,free,926,921,0,0,5,99.46,0.0,0.0,0.54,28.72000000000000000000,3285.71322572707703360327,13530.00000000000000000000,7259.02016750575352416089,24103.45339323283055776416,26.029647292908024
2025-11-01,2025-11-01,0,initial_plan,ALL,plus,361,360,0,0,1,99.72,0.0,0.0,0.28,2554.34086021200000000000,8060.30643076126431211700,1615.76000000000000000000,2265.56883171452059876500,14495.97612268778491088200,40.155058511600515
2025-11-01,2025-11-01,0,initial_plan,ALL,start,1098,1094,0,0,4,99.64,0.0,0.0,0.36,5153.36182795600000000000,7540.35574056439814022500,13535.14000000000000000000,4037.57752463671243118009,30266.43509315711057140509,27.565059283385345
2025-11-01,2025-11-01,0,overall,ALL,ALL,2435,2425,0,0,10,99.59,0.0,0.0,0.41,9496.42268816800000000000,21986.39312880424300546527,28830.90000000000000000000,13998.08543983123321874833,74311.80125680347622421360,30.51819353462155
2025-11-01,2025-11-01,0,persona,Automobile_Trade_Repair,ALL,94,93,0,0,1,98.94,0.0,0.0,1.06,592.74193548400000000000,1555.26118393297877844900,304.00000000000000000000,394.54973305698630666150,2846.55285247396508511050,30.282477153978352
2025-11-01,2025-11-01,0,persona,BTP,ALL,450,449,0,0,1,99.78,0.0,0.0,0.22,1943.16483871000000000000,6517.35198363678653339400,2566.00000000000000000000,6007.29228999945215706477,17033.80911234623869045877,37.8529091385472
2025-11-01,2025-11-01,0,persona,Bankers_Insurance,ALL,32,32,0,0,0,100.0,0.0,0.0,0.0,54.51612903200000000000,67.63584500671729770000,414.00000000000000000000,340.99348190027397043100,877.14545593899126813100,27.410795498093478
2025-11-01,2025-11-01,0,persona,Bikers_Drivers,ALL,157,155,0,0,2,98.73,0.0,0.0,1.27,787.54838709700000000000,2148.80770914502316174200,1686.00000000000000000000,252.10422838794521578542,4874.46032462996837752742,31.047517991273683
2025-11-01,2025-11-01,0,persona,Cleaning_CallCenters,ALL,16,16,0,0,0,100.0,0.0,0.0,0.0,111.00000000000000000000,64.24446932648306330000,374.00000000000000000000,15.45078445917807931440,564.69525378566114261440,35.293453361603824
2025-11-01,2025-11-01,0,persona,Consultant,ALL,436,436,0,0,0,100.0,0.0,0.0,0.0,1419.98838709500000000000,1827.55852296784731278200,6320.76000000000000000000,3326.04273662958912029692,12894.34964669243643307892,29.574196437367974
2025-11-01,2025-11-01,0,persona,Developer_IT,ALL,230,230,0,0,0,100.0,0.0,0.0,0.0,1170.38870967700000000000,2596.41418001667554313900,4500.90000000000000000000,1110.14312679232887139437,9377.84601648600441453337,40.77324354993915
2025-11-01,2025-11-01,0,persona,Media_Publishing,ALL,89,89,0,0,0,100.0,0.0,0.0,0.0,211.71548387200000000000,498.19010816704548420000,1428.00000000000000000000,411.72651856164379282961,2549.63211060068927702961,28.64755180450213
2025-11-01,2025-11-01,0,persona,Medical_Professionals,ALL,29,29,0,0,0,100.0,0.0,0.0,0.0,64.58064516100000000000,28.76327262593094137000,0.00000000000000000000,62.19031918684931200900,155.53423697378025337900,5.363249550820009
2025-11-01,2025-11-01,0,persona,Others,ALL,361,359,0,0,2,99.45,0.0,0.0,0.55,1334.36956989100000000000,2085.39104057465499777227,2644.00000000000000000000,771.03099670465756531805,6834.79160717031256309032,18.932940740083968
2025-11-01,2025-11-01,0,persona,Professeur,ALL,75,74,0,0,1,98.67,0.0,0.0,1.33,71.00000000000000000000,262.89849565927972540000,517.54000000000000000000,98.67840458082192110808,950.11690024010164650808,12.66822533653469
2025-11-01,2025-11-01,0,persona,Repair,ALL,15,15,0,0,0,100.0,0.0,0.0,0.0,22.00000000000000000000,13.76795256832953169000,122.00000000000000000000,9.54822772547945241003,167.31618029380898410003,11.154412019587266
2025-11-01,2025-11-01,0,persona,Repair_Installation,ALL,9,9,0,0,0,100.0,0.0,0.0,0.0,26.00000000000000000000,75.58174814877871792000,138.00000000000000000000,34.38173783999999924600,273.96348598877871716600,30.440387332086523
2025-11-01,2025-11-01,0,persona,Restauration,ALL,59,59,0,0,0,100.0,0.0,0.0,0.0,196.12903225800000000000,778.68230983738968012000,1306.00000000000000000000,152.30370716657533914660,2433.11504926196501926660,41.23923812308415
2025-11-01,2025-11-01,0,persona,Retail,ALL,321,319,0,0,2,99.38,0.0,0.0,0.62,1165.15053763300000000000,2844.00141084184138027000,5669.70000000000000000000,805.72443751616440952531,10484.57638599100578979531,32.662231732059205
2025-11-01,2025-11-01,0,persona,Wholesale,ALL,62,61,0,0,1,98.39,0.0,0.0,1.61,326.12903225800000000000,621.84289634848085621700,840.00000000000000000000,205.92470932328770620727,1993.89663792976856242427,32.15962319241562
2025-11-01,2025-11-01,0,persona_x_initial_plan,Automobile_Trade_Repair,business,5,5,0,0,0,100.0,0.0,0.0,0.0,240.00000000000000000000,63.01452447207305100000,4.00000000000000000000,45.92968891945205623400,352.94421339152510723400,70.58884267830503
2025-11-01,2025-11-01,0,persona_x_initial_plan,Automobile_Trade_Repair,free,29,29,0,0,0,100.0,0.0,0.0,0.0,0.00000000000000000000,582.59320739541530343600,162.00000000000000000000,31.08408350246575095910,775.67729089788105439510,26.747492789582108
2025-11-01,2025-11-01,0,persona_x_initial_plan,Automobile_Trade_Repair,plus,27,27,0,0,0,100.0,0.0,0.0,0.0,245.00000000000000000000,610.75262521155906107300,138.00000000000000000000,217.53643161643834589460,1211.28905682799740696760,44.862557660296204
2025-11-01,2025-11-01,0,persona_x_initial_plan,Automobile_Trade_Repair,start,33,32,0,0,1,96.97,0.0,0.0,3.03,107.74193548400000000000,298.90082685393136294000,0.00000000000000000000,99.99952901863015357380,506.64229135656151651380,15.352796707774592
2025-11-01,2025-11-01,0,persona_x_initial_plan,BTP,business,12,12,0,0,0,100.0,0.0,0.0,0.0,320.00000000000000000000,987.51698088679765990000,0.00000000000000000000,235.36320867561651181570,1542.88018956241417171570,128.5733491302012
2025-11-01,2025-11-01,0,persona_x_initial_plan,BTP,free,147,146,0,0,1,99.32,0.0,0.0,0.68,10.50000000000000000000,610.35826213493172918200,1222.00000000000000000000,4220.28973386191779685179,6063.14799599684952603379,41.24590473467244
2025-11-01,2025-11-01,0,persona_x_initial_plan,BTP,plus,93,93,0,0,0,100.0,0.0,0.0,0.0,692.09677419300000000000,2659.78719588475181830200,256.00000000000000000000,787.34811904876712736104,4395.23208912651894566304,47.26056009813461
2025-11-01,2025-11-01,0,persona_x_initial_plan,BTP,start,198,198,0,0,0,100.0,0.0,0.0,0.0,920.56806451700000000000,2259.68954473030532601000,1088.00000000000000000000,764.29122841315072103624,5032.54883766045604704624,25.416913321517455
2025-11-01,2025-11-01,0,persona_x_initial_plan,Bankers_Insurance,free,20,20,0,0,0,100.0,0.0,0.0,0.0,0.00000000000000000000,10.49758199712290100000,414.00000000000000000000,128.56325835178082406100,553.06084034890372506100,27.653042017445188
2025-11-01,2025-11-01,0,persona_x_initial_plan,Bankers_Insurance,start,12,12,0,0,0,100.0,0.0,0.0,0.0,54.51612903200000000000,57.13826300959439670000,0.00000000000000000000,212.43022354849314637000,324.08461559008754307000,27.007051299173963
2025-11-01,2025-11-01,0,persona_x_initial_plan,Bikers_Drivers,business,6,6,0,0,0,100.0,0.0,0.0,0.0,240.00000000000000000000,367.11090881342470612000,0.00000000000000000000,10.51157585041096058170,617.62248466383566670170,102.93708077730594
2025-11-01,2025-11-01,0,persona_x_initial_plan,Bikers_Drivers,free,56,56,0,0,0,100.0,0.0,0.0,0.0,0.00000000000000000000,282.57455543899804965300,1166.00000000000000000000,115.65124579890411950136,1564.22580123790216915436,27.93260359353397
2025-11-01,2025-11-01,0,persona_x_initial_plan,Bikers_Drivers,plus,33,32,0,0,1,96.97,0.0,0.0,3.03,263.33333333300000000000,1333.96965285576301881000,0.00000000000000000000,63.60958320054794712506,1660.91256938931096593506,50.330683920888205
2025-11-01,2025-11-01,0,persona_x_initial_plan,Bikers_Drivers,start,62,61,0,0,1,98.39,0.0,0.0,1.61,284.21505376400000000000,165.15259203683738715900,520.00000000000000000000,62.33182353808218857730,1031.69946933891957573630,16.640314021595476
2025-11-01,2025-11-01,0,persona_x_initial_plan,Cleaning_CallCenters,business,1,1,0,0,0,100.0,0.0,0.0,0.0,80.00000000000000000000,0.00000000000000000000,0.00000000000000000000,0.08898060273972602200,80.08898060273972602200,80.08898060273972
2025-11-01,2025-11-01,0,persona_x_initial_plan,Cleaning_CallCenters,free,5,5,0,0,0,100.0,0.0,0.0,0.0,0.00000000000000000000,0.26280387577980180000,236.00000000000000000000,6.06445402739725950500,242.32725790317706130500,48.46545158063542
2025-11-01,2025-11-01,0,persona_x_initial_plan,Cleaning_CallCenters,plus,4,4,0,0,0,100.0,0.0,0.0,0.0,0.00000000000000000000,10.32518684829021900000,0.00000000000000000000,0.11105704109589042140,10.43624388938610942140,2.6090609723465272
2025-11-01,2025-11-01,0,persona_x_initial_plan,Cleaning_CallCenters,start,6,6,0,0,0,100.0,0.0,0.0,0.0,31.00000000000000000000,53.65647860241304250000,138.00000000000000000000,9.18629278794520336600,231.84277139035824586600,38.64046189839304
2025-11-01,2025-11-01,0,persona_x_initial_plan,Consultant,business,5,5,0,0,0,100.0,0.0,0.0,0.0,160.00000000000000000000,32.69257149466956500000,0.00000000000000000000,5.64609823123287682025,198.33866972590244182025,39.66773394518049
2025-11-01,2025-11-01,0,persona_x_initial_plan,Consultant,free,184,184,0,0,0,100.0,0.0,0.0,0.0,2.86000000000000000000,418.92600418235282762000,3524.00000000000000000000,1846.16214735945211498607,5791.94815154180494260607,31.47797908446633
2025-11-01,2025-11-01,0,persona_x_initial_plan,Consultant,plus,41,41,0,0,0,100.0,0.0,0.0,0.0,283.70967741800000000000,371.38604115744730174400,512.00000000000000000000,403.66493697863012315820,1570.76065555407742490220,38.31123550131896
2025-11-01,2025-11-01,0,persona_x_initial_plan,Consultant,start,206,206,0,0,0,100.0,0.0,0.0,0.0,973.41870967700000000000,1004.55390613337761841800,2284.76000000000000000000,1070.56955406027400533240,5333.30216987065162375040,25.889816358595397
2025-11-01,2025-11-01,0,persona_x_initial_plan,Developer_IT,business,4,4,0,0,0,100.0,0.0,0.0,0.0,320.00000000000000000000,1351.03360985738455880000,0.00000000000000000000,15.66935465260273909300,1686.70296450998729789300,421.67574112749685
2025-11-01,2025-11-01,0,persona_x_initial_plan,Developer_IT,free,99,99,0,0,0,100.0,0.0,0.0,0.0,10.65000000000000000000,243.38654327052957430000,2280.00000000000000000000,348.23153206356167745315,2882.26807533409125175315,29.1138189427686
2025-11-01,2025-11-01,0,persona_x_initial_plan,Developer_IT,plus,14,14,0,0,0,100.0,0.0,0.0,0.0,134.90000000000000000000,535.70197154419329073000,147.76000000000000000000,306.71248620821923361660,1125.07445775241252434660,80.36246126802948
2025-11-01,2025-11-01,0,persona_x_initial_plan,Developer_IT,start,113,113,0,0,0,100.0,0.0,0.0,0.0,704.83870967700000000000,466.29205534456811930900,2073.14000000000000000000,439.52975386794522123162,3683.80051888951334054062,32.60000459194259
2025-11-01,2025-11-01,0,persona_x_initial_plan,Media_Publishing,business,1,1,0,0,0,100.0,0.0,0.0,0.0,0.00000000000000000000,0.00000000000000000000,138.00000000000000000000,0.06950756164383561900,138.06950756164383561900,138.06950756164383
2025-11-01,2025-11-01,0,persona_x_initial_plan,Media_Publishing,free,45,45,0,0,0,100.0,0.0,0.0,0.0,2.62000000000000000000,114.77620285640948444000,520.00000000000000000000,69.35937957698630153721,706.75558243339578597721,15.705679609631018
2025-11-01,2025-11-01,0,persona_x_initial_plan,Media_Publishing,plus,7,7,0,0,0,100.0,0.0,0.0,0.0,0.00000000000000000000,0.00000000000000000000,0.00000000000000000000,13.26580067561644090300,13.26580067561644090300,1.8951143822309202
2025-11-01,2025-11-01,0,persona_x_initial_plan,Media_Publishing,start,36,36,0,0,0,100.0,0.0,0.0,0.0,209.09548387200000000000,383.41390531063599976000,770.00000000000000000000,329.03183074739721477040,1691.54121993003321453040,46.98725610916759
2025-11-01,2025-11-01,0,persona_x_initial_plan,Medical_Professionals,free,13,13,0,0,0,100.0,0.0,0.0,0.0,0.00000000000000000000,0.00000000000000000000,0.00000000000000000000,8.38520582958904077000,8.38520582958904077000,0.6450158330453107
2025-11-01,2025-11-01,0,persona_x_initial_plan,Medical_Professionals,plus,1,1,0,0,0,100.0,0.0,0.0,0.0,0.00000000000000000000,0.00000000000000000000,0.00000000000000000000,2.82131506849315090000,2.82131506849315090000,2.821315068493151
2025-11-01,2025-11-01,0,persona_x_initial_plan,Medical_Professionals,start,15,15,0,0,0,100.0,0.0,0.0,0.0,64.58064516100000000000,28.76327262593094137000,0.00000000000000000000,50.98379828876712033900,144.32771607569806170900,9.62184773837987
2025-11-01,2025-11-01,0,persona_x_initial_plan,Others,business,7,7,0,0,0,100.0,0.0,0.0,0.0,160.00000000000000000000,105.78939367178138620000,8.00000000000000000000,102.13089342027398528570,375.92028709205537148570,53.70289815600791
2025-11-01,2025-11-01,0,persona_x_initial_plan,Others,free,131,129,0,0,2,98.47,0.0,0.0,1.53,2.09000000000000000000,415.81694172146942802227,1066.00000000000000000000,212.95600919232877780732,1696.86295091379820582959,12.953152297051894
2025-11-01,2025-11-01,0,persona_x_initial_plan,Others,plus,63,63,0,0,0,100.0,0.0,0.0,0.0,423.15053763400000000000,830.44111380433486091100,148.00000000000000000000,159.77375983342466156449,1561.36541127175952247549,24.783577956694597
2025-11-01,2025-11-01,0,persona_x_initial_plan,Others,start,160,160,0,0,0,100.0,0.0,0.0,0.0,749.12903225700000000000,733.34359137706932263900,1422.00000000000000000000,296.17033425863014066054,3200.64295789269946329954,20.004018486829374
2025-11-01,2025-11-01,0,persona_x_initial_plan,Professeur,free,39,38,0,0,1,97.44,0.0,0.0,2.56,0.00000000000000000000,49.27240671294168636000,260.00000000000000000000,30.53020614191780973281,339.80261285485949609281,8.71288750909896
2025-11-01,2025-11-01,0,persona_x_initial_plan,Professeur,plus,7,7,0,0,0,100.0,0.0,0.0,0.0,0.00000000000000000000,11.98417126147412382000,0.00000000000000000000,6.83501315232876785587,18.81918441380289167587,2.6884549162575557
2025-11-01,2025-11-01,0,persona_x_initial_plan,Professeur,start,29,29,0,0,0,100.0,0.0,0.0,0.0,71.00000000000000000000,201.64191768486391522000,257.54000000000000000000,61.31318528657534351940,591.49510297143925873940,20.39638286108411
2025-11-01,2025-11-01,0,persona_x_initial_plan,Repair,free,7,7,0,0,0,100.0,0.0,0.0,0.0,0.00000000000000000000,6.84251128434924236000,4.00000000000000000000,3.26739808383561604503,14.10990936818485840503,2.0157013383121227
2025-11-01,2025-11-01,0,persona_x_initial_plan,Repair,start,8,8,0,0,0,100.0,0.0,0.0,0.0,22.00000000000000000000,6.92544128398028933000,118.00000000000000000000,6.28082964164383636500,153.20627092562412569500,19.150783865703016
2025-11-01,2025-11-01,0,persona_x_initial_plan,Repair_Installation,free,3,3,0,0,0,100.0,0.0,0.0,0.0,0.00000000000000000000,0.60137354978973812000,138.00000000000000000000,10.13449985315068584600,148.73587340294042396600,49.57862446764681
2025-11-01,2025-11-01,0,persona_x_initial_plan,Repair_Installation,plus,1,1,0,0,0,100.0,0.0,0.0,0.0,0.00000000000000000000,1.76501459391740580000,0.00000000000000000000,0.65202812547945210000,2.41704271939685790000,2.417042719396858
2025-11-01,2025-11-01,0,persona_x_initial_plan,Repair_Installation,start,5,5,0,0,0,100.0,0.0,0.0,0.0,26.00000000000000000000,73.21536000507157400000,0.00000000000000000000,23.59520986136986130000,122.81056986644143530000,24.562113973288287
2025-11-01,2025-11-01,0,persona_x_initial_plan,Restauration,free,20,20,0,0,0,100.0,0.0,0.0,0.0,0.00000000000000000000,173.38758293698898104000,260.00000000000000000000,80.79927193369862520500,514.18685487068760624500,25.709342743534382
2025-11-01,2025-11-01,0,persona_x_initial_plan,Restauration,plus,8,8,0,0,0,100.0,0.0,0.0,0.0,25.00000000000000000000,367.12618079397204858000,138.00000000000000000000,36.72520651780822084060,566.85138731178026942060,70.85642341397254
2025-11-01,2025-11-01,0,persona_x_initial_plan,Restauration,start,31,31,0,0,0,100.0,0.0,0.0,0.0,171.12903225800000000000,238.16854610642865050000,908.00000000000000000000,34.77922871506849310100,1352.07680707949714360100,43.61538087353216
2025-11-01,2025-11-01,0,persona_x_initial_plan,Retail,business,5,5,0,0,0,100.0,0.0,0.0,0.0,80.00000000000000000000,68.41585180265709410000,0.00000000000000000000,16.82550205315068480000,165.24135385580777890000,33.048270771161555
2025-11-01,2025-11-01,0,persona_x_initial_plan,Retail,free,110,109,0,0,1,99.09,0.0,0.0,0.91,0.00000000000000000000,336.45854810950974257000,1990.00000000000000000000,138.03721571671232767105,2464.49576382622207024105,22.404506943874747
2025-11-01,2025-11-01,0,persona_x_initial_plan,Retail,plus,45,45,0,0,0,100.0,0.0,0.0,0.0,370.86021505300000000000,1274.78139729945237763000,0.00000000000000000000,222.17392412931507433414,1867.81553648176745196414,41.50701192181705
2025-11-01,2025-11-01,0,persona_x_initial_plan,Retail,start,161,160,0,0,1,99.38,0.0,0.0,0.62,714.29032258000000000000,1164.34561363022216597000,3679.70000000000000000000,428.68779561698632272012,5987.02373182720848869012,37.18648280638018
2025-11-01,2025-11-01,0,persona_x_initial_plan,Wholesale,business,4,4,0,0,0,100.0,0.0,0.0,0.0,160.00000000000000000000,124.44389075271549840000,0.00000000000000000000,3.68410600712328837100,288.12799675983878677100,72.03199918995969
2025-11-01,2025-11-01,0,persona_x_initial_plan,Wholesale,free,18,18,0,0,0,100.0,0.0,0.0,0.0,0.00000000000000000000,39.95870026048854370000,288.00000000000000000000,9.50452621205479622900,337.46322647254333992900,18.747957026252408
2025-11-01,2025-11-01,0,persona_x_initial_plan,Wholesale,plus,17,17,0,0,0,100.0,0.0,0.0,0.0,116.29032258100000000000,52.28587950610878571700,276.00000000000000000000,44.33917011835616269000,488.91537220546494840700,28.759727776792058
2025-11-01,2025-11-01,0,persona_x_initial_plan,Wholesale,start,23,22,0,0,1,95.65,0.0,0.0,4.35,49.83870967700000000000,405.15442582916802840000,276.00000000000000000000,148.39690698575345891727,879.39004249192148731727,38.2343496735618
2025-11-01,2025-12-01,1,initial_plan,ALL,business,50,46,4,0,0,92.0,8.0,0.0,0.0,3280.00000000000000000000,1685.97647938272013618000,0.00000000000000000000,540.55154516164412552270,5506.52802454436426170270,110.13056049088729
2025-11-01,2025-12-01,1,initial_plan,ALL,free,926,886,36,0,4,95.68,3.89,0.0,0.43,278.39288793099999900000,7112.32715349967518033300,756.85999999999999140000,11385.46471509918376807358,19533.04475652985893880658,21.09400081698689
2025-11-01,2025-12-01,1,initial_plan,ALL,plus,361,348,12,0,1,96.4,3.32,0.0,0.28,7437.27033333100000000000,17167.00379692428872516400,477.50000000000000014000,5617.21673016767379576545,30698.99086042296252106945,85.038755846047
2025-11-01,2025-12-01,1,initial_plan,ALL,start,1098,1074,20,0,4,97.81,1.82,0.0,0.36,10472.76587713500000500000,20358.91030886018692889724,462.99999999999999910000,11606.07386915891010790749,42900.75005515409704090473,39.07172136170683
2025-11-01,2025-12-01,1,overall,ALL,ALL,2435,2354,72,0,9,96.67,2.96,0.0,0.37,21468.42909839700000400000,46324.21773866687097057424,1697.35999999999999064000,29149.30685958741179726922,98639.31369665128276248346,40.508958396982045
2025-11-01,2025-12-01,1,persona,Automobile_Trade_Repair,ALL,94,89,4,0,1,94.68,4.26,0.0,1.06,1178.42000000000000000000,2579.16036966504192598900,75.38000000000000000000,859.60173919780861187132,4692.56210886285053786032,49.92087349854096
2025-11-01,2025-12-01,1,persona,BTP,ALL,450,441,8,0,1,98.0,1.78,0.0,0.22,5009.58250000000000500000,13179.44526919390889700900,482.37999999999999810000,9651.49459312932100238777,28322.90236232322990249677,62.93978302738496
2025-11-01,2025-12-01,1,persona,Bankers_Insurance,ALL,32,31,1,0,0,96.88,3.13,0.0,0.0,101.12550000000000000000,368.84817328028267170000,0.00000000000000000000,1066.35980977753468932000,1536.33348305781736102000,48.01042134555679
2025-11-01,2025-12-01,1,persona,Bikers_Drivers,ALL,157,143,12,0,2,91.08,7.64,0.0,1.27,1441.76000000000000000000,2546.16479211892542831324,153.61999999999999954000,536.78002450794551850298,4678.32481662687094635622,29.798247239661602
2025-11-01,2025-12-01,1,persona,Cleaning_CallCenters,ALL,16,16,0,0,0,100.0,0.0,0.0,0.0,233.00000000000000000000,292.17421611654803704000,0.00000000000000000000,38.68117872712330718220,563.85539484367134422220,35.24096217772946
2025-11-01,2025-12-01,1,persona,Consultant,ALL,436,429,7,0,0,98.39,1.61,0.0,0.0,3246.82802419300000000000,5015.75122631354526090500,142.68000000000000000000,6520.34850158027674438865,14925.60775208682200529365,34.233045302951425
2025-11-01,2025-12-01,1,persona,Developer_IT,ALL,230,223,7,0,0,96.96,3.04,0.0,0.0,1703.63700000000000000000,2803.62597792076654416800,102.62000000000000300000,2618.77814662465868212502,7228.66112454542522929302,31.428961411067064
2025-11-01,2025-12-01,1,persona,Media_Publishing,ALL,89,86,3,0,0,96.63,3.37,0.0,0.0,465.00000000000000000000,768.24170594434628433000,9.34000000000000000000,1054.64686410739781052060,2297.22857005174409485060,25.81155696687353
2025-11-01,2025-12-01,1,persona,Medical_Professionals,ALL,29,29,0,0,0,100.0,0.0,0.0,0.0,154.00000000000000000000,152.59364980401678703000,9.20000000000000000000,217.50795461972609892200,533.30160442374288595200,18.389710497370444
2025-11-01,2025-12-01,1,persona,Others,ALL,361,347,13,0,1,96.12,3.6,0.0,0.28,2955.51372126400000000000,5029.06020623371801719900,353.68000000000000000000,2383.74146374575460491837,10721.99539124347262211737,29.700818258292166
2025-11-01,2025-12-01,1,persona,Professeur,ALL,75,71,3,0,1,94.67,4.0,0.0,1.33,479.06000000000000000000,314.19583639524147293000,12.86000000000000000000,292.85142564821929410375,1098.96726204346076703375,14.652896827246144
2025-11-01,2025-12-01,1,persona,Repair,ALL,15,14,1,0,0,93.33,6.67,0.0,0.0,55.00000000000000000000,119.55947745599711540000,10.40000000000000000000,53.16127070794524664250,238.12074816394236204250,15.874716544262823
2025-11-01,2025-12-01,1,persona,Repair_Installation,ALL,9,9,0,0,0,100.0,0.0,0.0,0.0,73.00000000000000000000,329.18948543125189800000,0.00000000000000000000,81.98229520164388408000,484.17178063289578208000,53.7968645147662
2025-11-01,2025-12-01,1,persona,Restauration,ALL,59,56,3,0,0,94.92,5.08,0.0,0.0,533.42999999999999900000,1879.39987500231966300000,4.00000000000000000000,386.22085342630155492100,2803.05072842862121692100,47.50933438014612
2025-11-01,2025-12-01,1,persona,Retail,ALL,321,309,10,0,2,96.26,3.12,0.0,0.62,2907.07235294000000000000,8254.54559644340083911900,316.99999999999999000000,2605.46478637643935560235,14084.08273575984018472135,43.87564715189981
2025-11-01,2025-12-01,1,persona,Wholesale,ALL,62,61,0,0,1,98.39,0.0,0.0,1.61,932.00000000000000000000,2692.26188134756012844200,24.20000000000000000000,781.68595220931539178071,4430.14783355687552022271,71.45399731543347
2025-11-01,2025-12-01,1,persona_x_initial_plan,Automobile_Trade_Repair,business,5,3,2,0,0,60.0,40.0,0.0,0.0,240.00000000000000000000,282.99655826557432000000,0.00000000000000000000,76.59514387506851640000,599.59170214064283640000,119.91834042812857
2025-11-01,2025-12-01,1,persona_x_initial_plan,Automobile_Trade_Repair,free,29,28,1,0,0,96.55,3.45,0.0,0.0,6.42000000000000000000,190.63045052320604271000,28.40000000000000000000,121.70557908821923841122,347.15602961142528112122,11.970897572807768
2025-11-01,2025-12-01,1,persona_x_initial_plan,Automobile_Trade_Repair,plus,27,27,0,0,0,100.0,0.0,0.0,0.0,620.00000000000000000000,1007.40822527129632304300,43.86000000000000000000,421.83148333369879526990,2093.09970860499511831290,77.52221142981463
2025-11-01,2025-12-01,1,persona_x_initial_plan,Automobile_Trade_Repair,start,33,31,1,0,1,93.94,3.03,0.0,3.03,312.00000000000000000000,1098.12513560496524023600,3.12000000000000000000,239.46953290082206179020,1652.71466850578730202620,50.082262681993555
2025-11-01,2025-12-01,1,persona_x_initial_plan,BTP,business,12,12,0,0,0,100.0,0.0,0.0,0.0,880.00000000000000000000,378.46716368135789330000,0.00000000000000000000,220.68252551616453294600,1479.14968919752242624600,123.26247409979352
2025-11-01,2025-12-01,1,persona_x_initial_plan,BTP,free,147,143,3,0,1,97.28,2.04,0.0,0.68,9.91000000000000000000,1397.31702170314919193000,103.40000000000000000000,5353.60542248493452695767,6864.23244418808371888767,46.695458804000566
2025-11-01,2025-12-01,1,persona_x_initial_plan,BTP,plus,93,91,2,0,0,97.85,2.15,0.0,0.0,2195.00000000000000000000,5665.36803825777338037000,222.88000000000000000000,1705.73309898685010159770,9788.98113724462348196770,105.2578616908024
2025-11-01,2025-12-01,1,persona_x_initial_plan,BTP,start,198,195,3,0,0,98.48,1.52,0.0,0.0,1924.67250000000000500000,5738.29304555162843140900,156.09999999999999810000,2371.47354614137184088640,10190.53909169300027539540,51.467369149964654
2025-11-01,2025-12-01,1,persona_x_initial_plan,Bankers_Insurance,free,20,19,1,0,0,95.0,5.0,0.0,0.0,0.00000000000000000000,145.05701732272129180000,0.00000000000000000000,744.53094714520578789000,889.58796446792707969000,44.47939822339636
2025-11-01,2025-12-01,1,persona_x_initial_plan,Bankers_Insurance,start,12,12,0,0,0,100.0,0.0,0.0,0.0,101.12550000000000000000,223.79115595756137990000,0.00000000000000000000,321.82886263232890143000,646.74551858989028133000,53.895459882490854
2025-11-01,2025-12-01,1,persona_x_initial_plan,Bikers_Drivers,business,6,5,1,0,0,83.33,16.67,0.0,0.0,320.00000000000000000000,235.38360270669648660000,0.00000000000000000000,17.14181758684932252660,572.52542029354580912660,95.42090338225763
2025-11-01,2025-12-01,1,persona_x_initial_plan,Bikers_Drivers,free,56,51,5,0,0,91.07,8.93,0.0,0.0,38.76000000000000000000,607.71571906365738571000,79.77999999999999940000,90.74081960164389016260,816.99653866530127527260,14.589223904737523
2025-11-01,2025-12-01,1,persona_x_initial_plan,Bikers_Drivers,plus,33,28,4,0,1,84.85,12.12,0.0,3.03,538.33333333300000000000,913.18093696822339191000,18.66000000000000014000,173.38858295726034781710,1643.56285325848373986710,49.80493494722678
2025-11-01,2025-12-01,1,persona_x_initial_plan,Bikers_Drivers,start,62,59,2,0,1,95.16,3.23,0.0,1.61,544.66666666700000000000,789.88453338034816409324,55.18000000000000000000,255.50880436219195799668,1645.24000440954012208992,26.536129103379682
2025-11-01,2025-12-01,1,persona_x_initial_plan,Cleaning_CallCenters,business,1,1,0,0,0,100.0,0.0,0.0,0.0,80.00000000000000000000,3.91851127939668280000,0.00000000000000000000,3.25853962410958920000,87.17705090350627200000,87.17705090350627
2025-11-01,2025-12-01,1,persona_x_initial_plan,Cleaning_CallCenters,free,5,5,0,0,0,100.0,0.0,0.0,0.0,0.00000000000000000000,35.93755403666307834000,0.00000000000000000000,8.43458322465754167220,44.37213726132062001220,8.874427452264124
2025-11-01,2025-12-01,1,persona_x_initial_plan,Cleaning_CallCenters,plus,4,4,0,0,0,100.0,0.0,0.0,0.0,100.00000000000000000000,104.99391876532940400000,0.00000000000000000000,7.86001871671233061000,212.85393748204173461000,53.213484370510436
2025-11-01,2025-12-01,1,persona_x_initial_plan,Cleaning_CallCenters,start,6,6,0,0,0,100.0,0.0,0.0,0.0,53.00000000000000000000,147.32423203515887190000,0.00000000000000000000,19.12803716164384570000,219.45226919680271760000,36.57537819946712
2025-11-01,2025-12-01,1,persona_x_initial_plan,Consultant,business,5,5,0,0,0,100.0,0.0,0.0,0.0,400.00000000000000000000,0.00000000000000000000,0.00000000000000000000,23.53023098575342690710,423.53023098575342690710,84.70604619715068
2025-11-01,2025-12-01,1,persona_x_initial_plan,Consultant,free,184,179,5,0,0,97.28,2.72,0.0,0.0,26.64000000000000000000,948.14291825655334060000,69.08000000000000000000,2460.07321563945303739465,3503.93613389600637799465,19.043131162478296
2025-11-01,2025-12-01,1,persona_x_initial_plan,Consultant,plus,41,41,0,0,0,100.0,0.0,0.0,0.0,849.99999999900000000000,1701.11399591893461310000,22.28000000000000000000,1086.64184791671279503020,3660.03584383464740813020,89.26916692279627
2025-11-01,2025-12-01,1,persona_x_initial_plan,Consultant,start,206,204,2,0,0,99.03,0.97,0.0,0.0,1970.18802419400000000000,2366.49431213805730720500,51.32000000000000000000,2950.10320703835748505670,7338.10554337041479226170,35.6218715697593
2025-11-01,2025-12-01,1,persona_x_initial_plan,Developer_IT,business,4,3,1,0,0,75.0,25.0,0.0,0.0,240.00000000000000000000,9.25346805845162000000,0.00000000000000000000,27.72781823506851432600,276.98128629352013432600,69.24532157338004
2025-11-01,2025-12-01,1,persona_x_initial_plan,Developer_IT,free,99,95,4,0,0,95.96,4.04,0.0,0.0,43.70000000000000000000,849.84295521820364634000,54.30000000000000200000,919.74465418958941915972,1867.58760940779306749972,18.864521307149424
2025-11-01,2025-12-01,1,persona_x_initial_plan,Developer_IT,plus,14,14,0,0,0,100.0,0.0,0.0,0.0,351.93700000000000000000,301.83578034739889577000,3.54000000000000000000,543.01477146356188416000,1200.32755181096077993000,85.73768227221149
2025-11-01,2025-12-01,1,persona_x_initial_plan,Developer_IT,start,113,111,2,0,0,98.23,1.77,0.0,0.0,1068.00000000000000000000,1642.69377429671238205800,44.78000000000000100000,1128.29090273643886447930,3883.76467703315124753730,34.3695989117978
2025-11-01,2025-12-01,1,persona_x_initial_plan,Media_Publishing,business,1,1,0,0,0,100.0,0.0,0.0,0.0,0.00000000000000000000,0.29179537729397892000,0.00000000000000000000,0.01237002739726027900,0.30416540469123919900,0.3041654046912392
2025-11-01,2025-12-01,1,persona_x_initial_plan,Media_Publishing,free,45,45,0,0,0,100.0,0.0,0.0,0.0,11.00000000000000000000,139.61441457629740142000,8.72000000000000000000,156.62128198849320331160,315.95569656479060473160,7.021237701439792
2025-11-01,2025-12-01,1,persona_x_initial_plan,Media_Publishing,plus,7,6,1,0,0,85.71,14.29,0.0,0.0,100.00000000000000000000,180.58795007998316183000,0.00000000000000000000,225.28323418136996490000,505.87118426135312673000,72.26731203733615
2025-11-01,2025-12-01,1,persona_x_initial_plan,Media_Publishing,start,36,34,2,0,0,94.44,5.56,0.0,0.0,354.00000000000000000000,447.74754591077174216000,0.62000000000000000000,672.72997791013738203000,1475.09752382090912419000,40.97493121724747
2025-11-01,2025-12-01,1,persona_x_initial_plan,Medical_Professionals,free,13,13,0,0,0,100.0,0.0,0.0,0.0,0.00000000000000000000,28.83049740444932936000,9.20000000000000000000,21.95519125260274813200,59.98568865705207749200,4.61428374285016
2025-11-01,2025-12-01,1,persona_x_initial_plan,Medical_Professionals,plus,1,1,0,0,0,100.0,0.0,0.0,0.0,0.00000000000000000000,43.58040003529354300000,0.00000000000000000000,58.35498931068495700000,101.93538934597850000000,101.9353893459785
2025-11-01,2025-12-01,1,persona_x_initial_plan,Medical_Professionals,start,15,15,0,0,0,100.0,0.0,0.0,0.0,154.00000000000000000000,80.18275236427391467000,0.00000000000000000000,137.19777405643839379000,371.38052642071230846000,24.758701761380824
2025-11-01,2025-12-01,1,persona_x_initial_plan,Others,business,7,7,0,0,0,100.0,0.0,0.0,0.0,400.00000000000000000000,471.66299953711729316000,0.00000000000000000000,75.92128771068495755000,947.58428724780225071000,135.36918389254316
2025-11-01,2025-12-01,1,persona_x_initial_plan,Others,free,131,124,6,0,1,94.66,4.58,0.0,0.76,54.74288793100000000000,1402.54519905868276258300,127.82000000000000000000,698.09024604657570043608,2283.19833303625846301908,17.42899490867373
2025-11-01,2025-12-01,1,persona_x_initial_plan,Others,plus,63,60,3,0,0,95.24,4.76,0.0,0.0,995.33333333300000000000,1457.98538699933155035600,144.10000000000000000000,645.35345711561672710700,3242.77217744794827746300,51.47257424520553
2025-11-01,2025-12-01,1,persona_x_initial_plan,Others,start,160,156,4,0,0,97.5,2.5,0.0,0.0,1505.43750000000000000000,1696.86662063858641110000,81.76000000000000000000,964.37647287287721982529,4248.44059351146363092529,26.552753709446648
2025-11-01,2025-12-01,1,persona_x_initial_plan,Professeur,free,39,36,2,0,1,92.31,5.13,0.0,2.56,5.36000000000000000000,111.53063038462753221000,10.80000000000000000000,119.84752998849319607112,247.53816037312072828112,6.347132317259506
2025-11-01,2025-12-01,1,persona_x_initial_plan,Professeur,plus,7,6,1,0,0,85.71,14.29,0.0,0.0,150.00000000000000000000,16.89631405708208200000,0.00000000000000000000,9.62023547123288009863,176.51654952831496209863,25.216649932616424
2025-11-01,2025-12-01,1,persona_x_initial_plan,Professeur,start,29,29,0,0,0,100.0,0.0,0.0,0.0,323.70000000000000000000,185.76889195353185872000,2.06000000000000000000,163.38366018849321793400,674.91255214202507665400,23.27284662558707
2025-11-01,2025-12-01,1,persona_x_initial_plan,Repair,free,7,6,1,0,0,85.71,14.29,0.0,0.0,0.00000000000000000000,41.34395647173424328000,10.40000000000000000000,26.34089586739728726450,78.08485233913153054450,11.154978905590218
2025-11-01,2025-12-01,1,persona_x_initial_plan,Repair,start,8,8,0,0,0,100.0,0.0,0.0,0.0,55.00000000000000000000,78.21552098426287212000,0.00000000000000000000,26.82037484054795937800,160.03589582481083149800,20.004486978101355
2025-11-01,2025-12-01,1,persona_x_initial_plan,Repair_Installation,free,3,3,0,0,0,100.0,0.0,0.0,0.0,0.00000000000000000000,113.30163379455045000000,0.00000000000000000000,6.73888958191781618000,120.04052337646826618000,40.01350779215609
2025-11-01,2025-12-01,1,persona_x_initial_plan,Repair_Installation,plus,1,1,0,0,0,100.0,0.0,0.0,0.0,25.00000000000000000000,42.65959993196366200000,0.00000000000000000000,4.40755373041096000000,72.06715366237462200000,72.06715366237462
2025-11-01,2025-12-01,1,persona_x_initial_plan,Repair_Installation,start,5,5,0,0,0,100.0,0.0,0.0,0.0,48.00000000000000000000,173.22825170473778600000,0.00000000000000000000,70.83585188931510790000,292.06410359405289390000,58.41282071881058
2025-11-01,2025-12-01,1,persona_x_initial_plan,Restauration,free,20,17,3,0,0,85.0,15.0,0.0,0.0,45.42999999999999900000,44.11587107948047820000,0.00000000000000000000,150.47390775616446751000,240.01977883564494471000,12.000988941782248
2025-11-01,2025-12-01,1,persona_x_initial_plan,Restauration,plus,8,8,0,0,0,100.0,0.0,0.0,0.0,200.00000000000000000000,810.91732102138132700000,0.00000000000000000000,112.60162319342470895910,1123.51894421480603595910,140.43986802685075
2025-11-01,2025-12-01,1,persona_x_initial_plan,Restauration,start,31,31,0,0,0,100.0,0.0,0.0,0.0,288.00000000000000000000,1024.36668290145785780000,4.00000000000000000000,123.14532247671237845190,1439.51200537817023625190,46.435871141231296
2025-11-01,2025-12-01,1,persona_x_initial_plan,Retail,business,5,5,0,0,0,100.0,0.0,0.0,0.0,400.00000000000000000000,291.34831140682788920000,0.00000000000000000000,88.85783749972608429000,780.20614890655397349000,156.0412297813108
2025-11-01,2025-12-01,1,persona_x_initial_plan,Retail,free,110,104,5,0,1,94.55,4.55,0.0,0.91,36.43000000000000000000,914.52536206339502277000,238.95999999999999000000,479.51614854191808252422,1669.43151060531309529422,15.176650096411938
2025-11-01,2025-12-01,1,persona_x_initial_plan,Retail,plus,45,44,1,0,0,97.78,2.22,0.0,0.0,926.66666666600000000000,3788.85042956952256139300,19.74000000000000000000,468.80936416328793850511,5204.06646039881049989811,115.64592134219579
2025-11-01,2025-12-01,1,persona_x_initial_plan,Retail,start,161,156,4,0,1,96.89,2.48,0.0,0.62,1543.97568627400000000000,3259.82149340365536575600,58.30000000000000000000,1568.28143617150725028302,6430.37861584916261603902,39.9402398499948
2025-11-01,2025-12-01,1,persona_x_initial_plan,Wholesale,business,4,4,0,0,0,100.0,0.0,0.0,0.0,320.00000000000000000000,12.65406907000397220000,0.00000000000000000000,6.82397410082192109800,339.47804317082589329800,84.86951079270648
2025-11-01,2025-12-01,1,persona_x_initial_plan,Wholesale,free,18,18,0,0,0,100.0,0.0,0.0,0.0,0.00000000000000000000,141.87595254230398308000,16.00000000000000000000,27.04540270191782499600,184.92135524422180807600,10.27340862467899
2025-11-01,2025-12-01,1,persona_x_initial_plan,Wholesale,plus,17,17,0,0,0,100.0,0.0,0.0,0.0,385.00000000000000000000,1131.62549970077482939200,2.44000000000000000000,154.31646962684940471071,1673.38196932762423410271,98.43423348986026
2025-11-01,2025-12-01,1,persona_x_initial_plan,Wholesale,start,23,22,0,0,1,95.65,0.0,0.0,4.35,227.00000000000000000000,1406.10636003447734377000,5.76000000000000000000,593.50010577972624097600,2232.36646581420358474600,97.05941155713927
2025-11-01,2026-01-01,2,initial_plan,ALL,business,50,40,10,0,0,80.0,20.0,0.0,0.0,2800.00000000000000000000,2285.43170399998815117000,34.10000000000000000000,529.88546783506855106297,5649.41717183505670223297,112.98834343670113
2025-11-01,2026-01-01,2,initial_plan,ALL,free,926,849,74,0,3,91.68,7.99,0.0,0.32,638.79354838699998710000,7412.85927539996117075410,1740.61999999999999210000,10144.70674241972707690115,19936.97956620668822685525,21.530215514262085
2025-11-01,2026-01-01,2,initial_plan,ALL,plus,361,333,27,0,1,92.24,7.48,0.0,0.28,7442.23333333100000000000,16069.33050659991646851100,1181.35999999999999500000,6177.66062787890466288763,30870.58446780982112639863,85.51408439836516
2025-11-01,2026-01-01,2,initial_plan,ALL,start,1098,1037,58,0,3,94.44,5.28,0.0,0.27,10405.42542413400000200000,19677.10142339989678040200,2282.65999999999999473000,17372.66710048000078856498,49737.85394801389756569698,45.29859193808188
2025-11-01,2026-01-01,2,overall,ALL,ALL,2435,2259,169,0,7,92.77,6.94,0.0,0.29,21286.45230585199998910000,45444.72290939976257083710,5238.73999999999998183000,34224.91993861370107941673,106194.83515386546362118383,43.61184195230615
2025-11-01,2026-01-01,2,persona,Automobile_Trade_Repair,ALL,94,85,8,0,1,90.43,8.51,0.0,1.06,1156.59000000000000000000,3216.43576979998336464900,217.80000000000000500000,680.25906526082197244435,5271.08483506080534209335,56.075370585753255
2025-11-01,2026-01-01,2,persona,BTP,ALL,450,422,27,0,1,93.78,6.0,0.0,0.22,4874.60354838699999810000,12386.99061179993518889800,946.61999999999999100000,7156.53212880054857741877,25364.74628898748375541677,56.36610286441663
2025-11-01,2026-01-01,2,persona,Bankers_Insurance,ALL,32,29,3,0,0,90.63,9.38,0.0,0.0,109.00000000000000000000,271.06676999999860285000,16.64000000000000000000,1472.30260001150734763500,1869.00937001150595048500,58.40654281285956
2025-11-01,2026-01-01,2,persona,Bikers_Drivers,ALL,157,125,31,0,1,79.62,19.75,0.0,0.64,1235.00000000000000000000,2361.30736679998744933210,352.09999999999999700000,440.30682096273977176384,4388.71418776272721809594,27.953593552628835
2025-11-01,2026-01-01,2,persona,Cleaning_CallCenters,ALL,16,16,0,0,0,100.0,0.0,0.0,0.0,244.00000000000000000000,255.27621779999864830000,54.14000000000000000000,36.08223392164384017030,589.49845172164248847030,36.843653232602655
2025-11-01,2026-01-01,2,persona,Consultant,ALL,436,416,20,0,0,95.41,4.59,0.0,0.0,3342.49801672600000200000,5626.18882079997041118000,812.36000000000000063000,6766.42062819178141621933,16547.46746571775183002933,37.952907031462736
2025-11-01,2026-01-01,2,persona,Developer_IT,ALL,230,220,10,0,0,95.65,4.35,0.0,0.0,1639.90000000000000000000,2420.79215579998738563800,413.96000000000000030000,3595.40501401589078397424,8070.05716981587816991224,35.08720508615599
2025-11-01,2026-01-01,2,persona,Media_Publishing,ALL,89,86,3,0,0,96.63,3.37,0.0,0.0,501.00000000000000000000,747.22817879999608871000,94.76000000000000000000,2087.09692314794535786327,3430.08510194794144657327,38.54028204435889
2025-11-01,2026-01-01,2,persona,Medical_Professionals,ALL,29,29,0,0,0,100.0,0.0,0.0,0.0,154.00000000000000000000,196.93141199999896762200,24.84000000000000000000,350.24708733698633456300,726.01849933698530218500,25.035120666792597
2025-11-01,2026-01-01,2,persona,Others,ALL,361,333,27,0,1,92.24,7.48,0.0,0.28,3171.47333333299999900000,4813.09806239997497945400,1389.87999999999999030000,2891.58531040657547303601,12266.03670613955044179001,33.97794101423698
2025-11-01,2026-01-01,2,persona,Professeur,ALL,75,73,2,0,0,97.33,2.67,0.0,0.0,481.60740740700000000000,383.55647399999799713000,69.14000000000000000000,409.15922171452056407185,1343.46310312151856120185,17.91284137495358
2025-11-01,2026-01-01,2,persona,Repair,ALL,15,13,2,0,0,86.67,13.33,0.0,0.0,66.00000000000000000000,92.17177199999951280000,19.10000000000000000000,33.11256587671233498430,210.38433787671184778430,14.025622525114123
2025-11-01,2026-01-01,2,persona,Repair_Installation,ALL,9,9,0,0,0,100.0,0.0,0.0,0.0,73.00000000000000000000,233.51614199999874743000,0.00000000000000000000,105.15776338246576621000,411.67390538246451364000,45.74154504249606
2025-11-01,2026-01-01,2,persona,Restauration,ALL,59,52,7,0,0,88.14,11.86,0.0,0.0,527.37000000000000000000,2191.30873199998891001500,35.60000000000000000000,411.83848754027395328254,3166.11721954026286329754,53.663003721021404
2025-11-01,2026-01-01,2,persona,Retail,ALL,321,292,27,0,2,90.97,8.41,0.0,0.62,2811.49999999899999000000,6431.94212939996656455400,642.19999999999999760000,6863.93010250904109718593,16749.57223190800764933993,52.179352747376974
2025-11-01,2026-01-01,2,persona,Wholesale,ALL,62,59,2,0,1,95.16,3.23,0.0,1.61,898.91000000000000000000,3816.91229399997975227500,149.60000000000000000000,925.48398553424648859400,5790.90627953422624086900,93.4017141860359
2025-11-01,2026-01-01,2,persona_x_initial_plan,Automobile_Trade_Repair,business,5,3,2,0,0,60.0,40.0,0.0,0.0,240.00000000000000000000,560.90856059999720940000,0.04000000000000000000,52.13354829424658391000,853.08210889424379331000,170.61642177884875
2025-11-01,2026-01-01,2,persona_x_initial_plan,Automobile_Trade_Repair,free,29,26,3,0,0,89.66,10.34,0.0,0.0,9.59000000000000000000,711.39767399999629549000,96.40000000000000000000,113.82291051287671769952,931.21058451287301318952,32.11070981078872
2025-11-01,2026-01-01,2,persona_x_initial_plan,Automobile_Trade_Repair,plus,27,26,1,0,0,96.3,3.7,0.0,0.0,595.00000000000000000000,617.23781999999675274700,37.94000000000000000000,382.08508045534249300828,1632.26290045533924575528,60.454181498345896
2025-11-01,2026-01-01,2,persona_x_initial_plan,Automobile_Trade_Repair,start,33,30,2,0,1,90.91,6.06,0.0,3.03,312.00000000000000000000,1326.89171519999310701200,83.42000000000000500000,132.21752599835617782655,1854.52924119834928983855,56.197855793889374
2025-11-01,2026-01-01,2,persona_x_initial_plan,BTP,business,12,11,1,0,0,91.67,8.33,0.0,0.0,720.00000000000000000000,840.27477599999555567000,15.74000000000000000000,263.65708899178086351500,1839.67186499177641918500,153.3059887493147
2025-11-01,2026-01-01,2,persona_x_initial_plan,BTP,free,147,135,11,0,1,91.84,7.48,0.0,0.68,90.73354838699999810000,1863.50755859999025223000,374.97999999999999600000,3178.53222540657556169894,5507.75333239356580802894,37.467709744173916
2025-11-01,2026-01-01,2,persona_x_initial_plan,BTP,plus,93,88,5,0,0,94.62,5.38,0.0,0.0,2100.00000000000000000000,4983.54163019997404791000,196.81999999999999500000,1440.45656682684947453440,8720.81819702682351744440,93.77223867770778
2025-11-01,2026-01-01,2,persona_x_initial_plan,BTP,start,198,188,10,0,0,94.95,5.05,0.0,0.0,1963.87000000000000000000,4699.66664699997533308800,359.08000000000000000000,2273.88624757534267767043,9296.50289457531801075843,46.952034821087466
2025-11-01,2026-01-01,2,persona_x_initial_plan,Bankers_Insurance,free,20,17,3,0,0,85.0,15.0,0.0,0.0,0.00000000000000000000,171.77826599999912000000,12.80000000000000000000,1125.61160202465799453500,1310.18986802465711453500,65.50949340123285
2025-11-01,2026-01-01,2,persona_x_initial_plan,Bankers_Insurance,start,12,12,0,0,0,100.0,0.0,0.0,0.0,109.00000000000000000000,99.28850399999948285000,3.84000000000000000000,346.69099798684935310000,558.81950198684883595000,46.568291832237406
2025-11-01,2026-01-01,2,persona_x_initial_plan,Bikers_Drivers,business,6,3,3,0,0,50.0,50.0,0.0,0.0,160.00000000000000000000,383.55577199999798500000,0.00000000000000000000,8.63812222849315310000,552.19389422849113810000,92.03231570474851
2025-11-01,2026-01-01,2,persona_x_initial_plan,Bikers_Drivers,free,56,45,11,0,0,80.36,19.64,0.0,0.0,25.00000000000000000000,540.39325499999710563210,203.23999999999999700000,49.04486400438356672164,817.67811900438066935374,14.601394982221082
2025-11-01,2026-01-01,2,persona_x_initial_plan,Bikers_Drivers,plus,33,23,9,0,1,69.7,27.27,0.0,3.03,524.33333333300000000000,727.09914599999607348100,10.28000000000000000000,160.98008849534249382980,1422.69256782833856731080,43.11189599479814
2025-11-01,2026-01-01,2,persona_x_initial_plan,Bikers_Drivers,start,62,54,8,0,0,87.1,12.9,0.0,0.0,525.66666666700000000000,710.25919379999628521900,138.58000000000000000000,221.64374623452055811240,1596.14960670151684333140,25.744348495185754
2025-11-01,2026-01-01,2,persona_x_initial_plan,Cleaning_CallCenters,business,1,1,0,0,0,100.0,0.0,0.0,0.0,80.00000000000000000000,1.55951999999999180000,0.00000000000000000000,7.57425367561644000000,89.13377367561643180000,89.13377367561642
2025-11-01,2026-01-01,2,persona_x_initial_plan,Cleaning_CallCenters,free,5,5,0,0,0,100.0,0.0,0.0,0.0,0.00000000000000000000,9.27973799999995000000,4.00000000000000000000,5.97635977972602834130,19.25609777972597834130,3.851219555945195
2025-11-01,2026-01-01,2,persona_x_initial_plan,Cleaning_CallCenters,plus,4,4,0,0,0,100.0,0.0,0.0,0.0,100.00000000000000000000,126.72561779999930200000,46.70000000000000000000,1.87915346246575345900,275.30477126246505545900,68.82619281561627
2025-11-01,2026-01-01,2,persona_x_initial_plan,Cleaning_CallCenters,start,6,6,0,0,0,100.0,0.0,0.0,0.0,64.00000000000000000000,117.71134199999940450000,3.44000000000000000000,20.65246700383561837000,205.80380900383502287000,34.3006348339725
2025-11-01,2026-01-01,2,persona_x_initial_plan,Consultant,business,5,5,0,0,0,100.0,0.0,0.0,0.0,400.00000000000000000000,0.00000000000000000000,0.00000000000000000000,22.81032911123287673510,422.81032911123287673510,84.56206582224658
2025-11-01,2026-01-01,2,persona_x_initial_plan,Consultant,free,184,171,13,0,0,92.93,7.07,0.0,0.0,76.92000000000000000000,1220.96193479999354787800,286.04000000000000090000,2182.47920826739748716740,3766.40114306739103594540,20.46957142971408
2025-11-01,2026-01-01,2,persona_x_initial_plan,Consultant,plus,41,40,1,0,0,97.56,2.44,0.0,0.0,874.99999999900000000000,1676.47328999999120551000,48.42000000000000000000,1088.16072288986307198060,3688.05401288885427749060,89.95253689972816
2025-11-01,2026-01-01,2,persona_x_initial_plan,Consultant,start,206,200,6,0,0,97.09,2.91,0.0,0.0,1990.57801672700000200000,2728.75359599998565779200,477.89999999999999973000,3472.97036792328798033623,8670.20198065027363985823,42.08835912937026
2025-11-01,2026-01-01,2,persona_x_initial_plan,Developer_IT,business,4,3,1,0,0,75.0,25.0,0.0,0.0,240.00000000000000000000,12.99077999999993000000,0.00000000000000000000,37.82443068931506649587,290.81521068931499649587,72.70380267232875
2025-11-01,2026-01-01,2,persona_x_initial_plan,Developer_IT,free,99,94,5,0,0,94.95,5.05,0.0,0.0,33.00000000000000000000,509.17151159999734497900,118.00000000000000030000,1406.26343790410966985737,2066.43494950410701513637,20.873080298021282
2025-11-01,2026-01-01,2,persona_x_initial_plan,Developer_IT,plus,14,14,0,0,0,100.0,0.0,0.0,0.0,329.90000000000000000000,270.24890759999859710000,103.72000000000000000000,502.18032608109595764700,1206.04923368109455474700,86.1463738343639
2025-11-01,2026-01-01,2,persona_x_initial_plan,Developer_IT,start,113,109,4,0,0,96.46,3.54,0.0,0.0,1037.00000000000000000000,1628.38095659999151355900,192.24000000000000000000,1649.13681934137008997400,4506.75777594136160353300,39.88281217647223
2025-11-01,2026-01-01,2,persona_x_initial_plan,Media_Publishing,business,1,1,0,0,0,100.0,0.0,0.0,0.0,0.00000000000000000000,5.32461599999997230000,0.00000000000000000000,0.12255872054794523000,5.44717472054791753000,5.447174720547918
2025-11-01,2026-01-01,2,persona_x_initial_plan,Media_Publishing,free,45,43,2,0,0,95.56,4.44,0.0,0.0,11.00000000000000000000,283.16591999999851422000,34.58000000000000000000,264.93424060931511486627,593.68016060931362908627,13.192892457984746
2025-11-01,2026-01-01,2,persona_x_initial_plan,Media_Publishing,plus,7,7,0,0,0,100.0,0.0,0.0,0.0,125.00000000000000000000,60.73928999999968600000,1.42000000000000000000,648.86724724767122297200,836.02653724767090897200,119.432362463953
2025-11-01,2026-01-01,2,persona_x_initial_plan,Media_Publishing,start,36,35,1,0,0,97.22,2.78,0.0,0.0,365.00000000000000000000,397.99835279999791619000,58.76000000000000000000,1173.17287657041107479500,1994.93122937040899098500,55.41475637140025
2025-11-01,2026-01-01,2,persona_x_initial_plan,Medical_Professionals,free,13,13,0,0,0,100.0,0.0,0.0,0.0,0.00000000000000000000,19.23922799999989946200,8.80000000000000000000,32.04632137808219266300,60.08554937808209212500,4.6219653367755456
2025-11-01,2026-01-01,2,persona_x_initial_plan,Medical_Professionals,plus,1,1,0,0,0,100.0,0.0,0.0,0.0,0.00000000000000000000,32.44215599999982700000,0.00000000000000000000,153.70490828986303000000,186.14706428986285700000,186.14706428986287
2025-11-01,2026-01-01,2,persona_x_initial_plan,Medical_Professionals,start,15,15,0,0,0,100.0,0.0,0.0,0.0,154.00000000000000000000,145.25002799999924116000,16.04000000000000000000,164.49585766904111190000,479.78588566904035306000,31.985725711269357
2025-11-01,2026-01-01,2,persona_x_initial_plan,Others,business,7,5,2,0,0,71.43,28.57,0.0,0.0,320.00000000000000000000,34.65656999999981700000,0.00000000000000000000,17.28807635616438265800,371.94464635616419965800,53.134949479452025
2025-11-01,2026-01-01,2,persona_x_initial_plan,Others,free,131,121,9,0,1,92.37,6.87,0.0,0.76,164.81999999999999900000,1122.70303799999422038200,179.64000000000000030000,905.55557202904104945791,2372.71861002903526913991,18.11235580174836
2025-11-01,2026-01-01,2,persona_x_initial_plan,Others,plus,63,57,6,0,0,90.48,9.52,0.0,0.0,1156.33333333300000000000,2221.69747319998844309700,489.18000000000000000000,883.11723643616453686420,4750.32804296915297996120,75.4020324280818
2025-11-01,2026-01-01,2,persona_x_initial_plan,Others,start,160,150,10,0,0,93.75,6.25,0.0,0.0,1530.32000000000000000000,1434.04098119999249897500,721.05999999999999000000,1085.62442558520550405590,4771.04540678519799303090,29.819033792407488
2025-11-01,2026-01-01,2,persona_x_initial_plan,Professeur,free,39,37,2,0,0,94.87,5.13,0.0,0.0,19.32000000000000000000,125.03561399999934939000,66.30000000000000000000,151.01268629205479977287,361.66830029205414916287,9.273546161334721
2025-11-01,2026-01-01,2,persona_x_initial_plan,Professeur,plus,7,7,0,0,0,100.0,0.0,0.0,0.0,150.00000000000000000000,63.43936199999965730000,0.00000000000000000000,9.84798766904109577398,223.28734966904075307398,31.898192809862966
2025-11-01,2026-01-01,2,persona_x_initial_plan,Professeur,start,29,29,0,0,0,100.0,0.0,0.0,0.0,312.28740740700000000000,195.08149799999899044000,2.84000000000000000000,248.29854775342466852500,758.50745316042365896500,26.155429419324953
2025-11-01,2026-01-01,2,persona_x_initial_plan,Repair,free,7,5,2,0,0,71.43,28.57,0.0,0.0,0.00000000000000000000,21.81256199999988570000,14.40000000000000000000,7.38381521917808395730,43.59637721917796965730,6.228053888453995
2025-11-01,2026-01-01,2,persona_x_initial_plan,Repair,start,8,8,0,0,0,100.0,0.0,0.0,0.0,66.00000000000000000000,70.35920999999962710000,4.70000000000000000000,25.72875065753425102700,166.78796065753387812700,20.848495082191736
2025-11-01,2026-01-01,2,persona_x_initial_plan,Repair_Installation,free,3,3,0,0,0,100.0,0.0,0.0,0.0,0.00000000000000000000,0.61574399999999663000,0.00000000000000000000,4.96585398027397371000,5.58159798027397034000,1.8605326600913237
2025-11-01,2026-01-01,2,persona_x_initial_plan,Repair_Installation,plus,1,1,0,0,0,100.0,0.0,0.0,0.0,25.00000000000000000000,36.56566799999980000000,0.00000000000000000000,11.37213921972602800000,72.93780721972582800000,72.93780721972583
2025-11-01,2026-01-01,2,persona_x_initial_plan,Repair_Installation,start,5,5,0,0,0,100.0,0.0,0.0,0.0,48.00000000000000000000,196.33472999999895080000,0.00000000000000000000,88.81977018246576450000,333.15450018246471530000,66.63090003649293
2025-11-01,2026-01-01,2,persona_x_initial_plan,Restauration,free,20,17,3,0,0,85.0,15.0,0.0,0.0,36.00000000000000000000,115.29061199999939560000,4.80000000000000000000,130.58465849150682263900,286.67527049150621823900,14.333763524575312
2025-11-01,2026-01-01,2,persona_x_initial_plan,Restauration,plus,8,8,0,0,0,100.0,0.0,0.0,0.0,200.00000000000000000000,1048.40472599999477227000,0.00000000000000000000,101.09783050465754950614,1349.50255650465232177614,168.68781956308155
2025-11-01,2026-01-01,2,persona_x_initial_plan,Restauration,start,31,27,4,0,0,87.1,12.9,0.0,0.0,291.37000000000000000000,1027.61339399999474214500,30.80000000000000000000,180.15599854410958113740,1529.93939254410432328240,49.352883630454976
2025-11-01,2026-01-01,2,persona_x_initial_plan,Retail,business,5,4,1,0,0,80.0,20.0,0.0,0.0,320.00000000000000000000,296.48878739999845000000,18.32000000000000000000,110.62659649753425220000,745.43538389753270220000,149.08707677950653
2025-11-01,2026-01-01,2,persona_x_initial_plan,Retail,free,110,100,9,0,1,90.91,8.18,0.0,0.91,169.49999999999999000000,477.43812539999749176100,301.43999999999999760000,549.75490185260280220563,1498.13302725260028156663,13.61939115684182
2025-11-01,2026-01-01,2,persona_x_initial_plan,Retail,plus,45,41,4,0,0,91.11,8.89,0.0,0.0,901.66666666600000000000,2379.81839579998775612100,180.72000000000000000000,422.82566104547949265323,3885.03072351146724877423,86.3340160780326
2025-11-01,2026-01-01,2,persona_x_initial_plan,Retail,start,161,147,13,0,1,91.3,8.07,0.0,0.62,1420.33333333300000000000,3278.19682079998286667200,141.72000000000000000000,5780.72294311342455012707,10620.97309724640741679907,65.96877700153048
2025-11-01,2026-01-01,2,persona_x_initial_plan,Wholesale,business,4,4,0,0,0,100.0,0.0,0.0,0.0,320.00000000000000000000,149.67232199999924000000,0.00000000000000000000,9.21046327013698721900,478.88278527013622721900,119.72069631753406
2025-11-01,2026-01-01,2,persona_x_initial_plan,Wholesale,free,18,17,1,0,0,94.44,5.56,0.0,0.0,2.91000000000000000000,221.06849399999880140000,35.20000000000000000000,36.73808466794521160800,295.91657866794401300800,16.43980992599689
2025-11-01,2026-01-01,2,persona_x_initial_plan,Wholesale,plus,17,16,1,0,0,94.12,5.88,0.0,0.0,360.00000000000000000000,1824.89702399999054797500,66.16000000000000000000,371.08567925534246265900,2622.14270325533301063400,154.24368842678427
2025-11-01,2026-01-01,2,persona_x_initial_plan,Wholesale,start,23,22,0,0,1,95.65,0.0,0.0,4.35,216.00000000000000000000,1621.27445399999116290000,48.24000000000000000000,508.44975834082182710800,2393.96421234081299000800,104.08540053655709
2025-11-01,2026-02-01,3,initial_plan,ALL,business,50,36,10,4,0,72.0,20.0,8.0,0.0,2651.00000000000000000000,2560.31020979998983810000,2481.76000000000000000000,437.39898050575348978183,8130.46919030574332788183,162.60938380611486
2025-11-01,2026-02-01,3,initial_plan,ALL,free,926,834,60,29,3,90.06,6.48,3.13,0.32,632.46235054299999900000,8358.09674579996711604300,2139.11999999999999540000,11134.71802185808307874437,22264.39711820105018918737,24.043625397625323
2025-11-01,2026-02-01,3,initial_plan,ALL,plus,361,316,35,9,1,87.53,9.7,2.49,0.28,7300.97333333100000000000,16718.51249279993412253500,859.66000000000000100000,6100.80790889150756971539,30979.95373502244169325039,85.81704635740289
2025-11-01,2026-02-01,3,initial_plan,ALL,start,1098,1012,65,18,3,92.17,5.92,1.64,0.27,10504.96999999999999700000,21680.82877679991459986000,2150.24000000000000930000,20932.35546032876928841957,55268.39423712868389457957,50.33551387716638
2025-11-01,2026-02-01,3,overall,ALL,ALL,2435,2198,170,60,7,90.27,6.98,2.46,0.29,21089.40568387399999600000,49317.74822519980567653800,7630.78000000000000570000,38605.28037158411342666116,116643.21428065791910489916,47.90275740478765
2025-11-01,2026-02-01,3,persona,Automobile_Trade_Repair,ALL,94,79,11,3,1,84.04,11.7,3.19,1.06,1046.67000000000000000000,3004.66850939998818398000,458.24000000000000900000,687.97321507780828583740,5197.55172447779647881740,55.293103451891454
2025-11-01,2026-02-01,3,persona,BTP,ALL,450,410,32,7,1,91.11,7.11,1.56,0.22,4733.03391304299999700000,14968.63281599994115869500,698.48000000000000000000,7441.26794301424750440797,27841.41467205718866010297,61.86981038234931
2025-11-01,2026-02-01,3,persona,Bankers_Insurance,ALL,32,29,2,1,0,90.63,6.25,3.13,0.0,120.00000000000000000000,254.59880399999900085000,12.56000000000000000000,1373.70448932054816621200,1760.86329332054716706200,55.0269779162671
2025-11-01,2026-02-01,3,persona,Bikers_Drivers,ALL,157,122,24,10,1,77.71,15.29,6.37,0.64,1243.00000000000000000000,2256.07224779999101326900,2381.70000000000000000000,558.52525817315073253229,6439.29750597314174580129,41.014633796007274
2025-11-01,2026-02-01,3,persona,Cleaning_CallCenters,ALL,16,16,0,0,0,100.0,0.0,0.0,0.0,233.00000000000000000000,237.85635059999906364000,11.89999999999999900000,27.35641399561644190810,510.11276459561550454810,31.882047787225968
2025-11-01,2026-02-01,3,persona,Consultant,ALL,436,407,22,7,0,93.35,5.05,1.61,0.0,3311.65999999900000000000,5481.71877239997834166600,457.24000000000000030000,8507.57271819835690280904,17758.19149059733524477504,40.72979699678288
2025-11-01,2026-02-01,3,persona,Developer_IT,ALL,230,219,6,5,0,95.22,2.61,2.17,0.0,1624.73843750000000000000,2606.74061039998963748500,374.10000000000000000000,4740.24435394027455189833,9345.82340184026418938333,40.63401479060984
2025-11-01,2026-02-01,3,persona,Media_Publishing,ALL,89,85,3,1,0,95.51,3.37,1.12,0.0,465.00000000000000000000,787.12754399999688245000,54.64000000000000000000,2073.81306952602757158672,3380.58061352602445403672,37.98405183737106
2025-11-01,2026-02-01,3,persona,Medical_Professionals,ALL,29,27,2,0,0,93.1,6.9,0.0,0.0,143.00000000000000000000,240.59172599999906937000,70.80000000000000000000,496.77390092383567827100,951.16562692383474764100,32.79881472151155
2025-11-01,2026-02-01,3,persona,Others,ALL,361,323,26,11,1,89.47,7.2,3.05,0.28,3377.57333333299999900000,5332.98513599997877895000,809.24000000000000000000,3155.92075248054818734478,12675.71922181352696529478,35.11279562829232
2025-11-01,2026-02-01,3,persona,Professeur,ALL,75,70,3,2,0,93.33,4.0,2.67,0.0,503.80000000000000000000,1155.49885799999559515200,42.56000000000000000000,485.48587889260277645118,2187.34473689259837160318,29.164596491901314
2025-11-01,2026-02-01,3,persona,Repair,ALL,15,11,3,1,0,73.33,20.0,6.67,0.0,100.98000000000000000000,26.40149999999989530000,184.49999999999999700000,63.82433919013699296230,375.70583919013688526230,25.047055946009127
2025-11-01,2026-02-01,3,persona,Repair_Installation,ALL,9,9,0,0,0,100.0,0.0,0.0,0.0,73.00000000000000000000,317.47379399999879673000,0.00000000000000000000,177.87651932328767980000,568.35031332328647653000,63.150034813698504
2025-11-01,2026-02-01,3,persona,Restauration,ALL,59,52,4,3,0,88.14,6.78,5.08,0.0,518.40000000000000000000,2406.80183939999053840000,82.80000000000000000000,452.68906023123293140705,3460.69089963122346980705,58.65577795985125
2025-11-01,2026-02-01,3,persona,Retail,ALL,321,281,29,9,2,87.54,9.03,2.8,0.62,2695.49999999900000000000,6199.91993519997538023100,1167.05999999999999840000,7100.79852455945250450220,17163.27845975842788313320,53.46815719550912
2025-11-01,2026-02-01,3,persona,Wholesale,ALL,62,58,3,0,1,93.55,4.84,0.0,1.61,900.05000000000000000000,4040.65978199998434037000,824.96000000000000200000,1261.45393473698651873080,7027.12371673697086110080,113.34070510866083
2025-11-01,2026-02-01,3,persona_x_initial_plan,Automobile_Trade_Repair,business,5,2,1,2,0,40.0,20.0,40.0,0.0,160.00000000000000000000,441.17908199999823000000,28.32000000000000000000,74.83731843616438987660,704.33640043616261987660,140.86728008723253
2025-11-01,2026-02-01,3,persona_x_initial_plan,Automobile_Trade_Repair,free,29,26,3,0,0,89.66,10.34,0.0,0.0,11.00000000000000000000,573.51023999999776289000,98.40000000000000000000,61.14829213260273443880,744.05853213260049732880,25.65719076319312
2025-11-01,2026-02-01,3,persona_x_initial_plan,Automobile_Trade_Repair,plus,27,24,3,0,0,88.89,11.11,0.0,0.0,595.00000000000000000000,849.30082379999671513000,64.76000000000000000000,355.26418471561647007353,1864.32500851561318520353,69.04907438946715
2025-11-01,2026-02-01,3,persona_x_initial_plan,Automobile_Trade_Repair,start,33,27,4,1,1,81.82,12.12,3.03,3.03,280.67000000000000000000,1140.67836359999547596000,266.76000000000000900000,196.72341979342469144847,1884.83178339342017640847,57.11611464828546
2025-11-01,2026-02-01,3,persona_x_initial_plan,BTP,business,12,9,3,0,0,75.0,25.0,0.0,0.0,651.00000000000000000000,1081.19140019999572500000,10.00000000000000000000,227.16956728219181057279,1969.36096748218753557279,164.11341395684897
2025-11-01,2026-02-01,3,persona_x_initial_plan,BTP,free,147,133,11,2,1,90.48,7.48,1.36,0.68,92.52391304300000000000,2213.07396119999127341600,285.92000000000000000000,3641.79704657424690985609,6233.31492081723818327209,42.4035028627023
2025-11-01,2026-02-01,3,persona_x_initial_plan,BTP,plus,93,84,7,2,0,90.32,7.53,2.15,0.0,2018.84000000000000000000,5856.87426659997684840000,72.08000000000000000000,1282.74691275671254702348,9230.54117935668939542348,99.25313096082462
2025-11-01,2026-02-01,3,persona_x_initial_plan,BTP,start,198,184,11,3,0,92.93,5.56,1.52,0.0,1970.66999999999999700000,5817.49318799997731187900,330.48000000000000000000,2289.55441640109623695561,10408.19760440107354583461,52.56665456768219
2025-11-01,2026-02-01,3,persona_x_initial_plan,Bankers_Insurance,free,20,17,2,1,0,85.0,10.0,5.0,0.0,0.00000000000000000000,174.13271999999932034000,8.80000000000000000000,940.23131020000022524000,1123.16403019999954558000,56.158201509999984
2025-11-01,2026-02-01,3,persona_x_initial_plan,Bankers_Insurance,start,12,12,0,0,0,100.0,0.0,0.0,0.0,120.00000000000000000000,80.46608399999968051000,3.76000000000000000000,433.47317912054794097200,637.69926312054762148200,53.14160526004563
2025-11-01,2026-02-01,3,persona_x_initial_plan,Bikers_Drivers,business,6,3,2,1,0,50.0,33.33,16.67,0.0,160.00000000000000000000,520.60021199999788000000,1800.00000000000000000000,8.10604310246575380000,2488.70625510246363380000,414.78437585041064
2025-11-01,2026-02-01,3,persona_x_initial_plan,Bikers_Drivers,free,56,45,7,4,0,80.36,12.5,7.14,0.0,11.00000000000000000000,260.78792399999896305000,210.96000000000000000000,47.20845750356164886897,529.95638150356061191897,9.463506812563582
2025-11-01,2026-02-01,3,persona_x_initial_plan,Bikers_Drivers,plus,33,23,6,3,1,69.7,18.18,9.09,3.03,535.33333333300000000000,485.62527599999812069500,241.56000000000000000000,185.39155085424658217460,1447.91016018724470286960,43.876065460219536
2025-11-01,2026-02-01,3,persona_x_initial_plan,Bikers_Drivers,start,62,51,9,2,0,82.26,14.52,3.23,0.0,536.66666666700000000000,989.05883579999604952400,129.18000000000000000000,317.81920671287674768872,1972.72470917987279721272,31.81814047064311
2025-11-01,2026-02-01,3,persona_x_initial_plan,Cleaning_CallCenters,business,1,1,0,0,0,100.0,0.0,0.0,0.0,80.00000000000000000000,0.56429999999999780000,0.00000000000000000000,5.59153082356164340000,86.15583082356164120000,86.15583082356164
2025-11-01,2026-02-01,3,persona_x_initial_plan,Cleaning_CallCenters,free,5,5,0,0,0,100.0,0.0,0.0,0.0,0.00000000000000000000,1.42604999999999434000,0.00000000000000000000,5.46610161643835731410,6.89215161643835165410,1.3784303232876702
2025-11-01,2026-02-01,3,persona_x_initial_plan,Cleaning_CallCenters,plus,4,4,0,0,0,100.0,0.0,0.0,0.0,100.00000000000000000000,79.02021059999968600000,11.89999999999999900000,0.93077734082191787300,191.85098794082160287300,47.9627469852054
2025-11-01,2026-02-01,3,persona_x_initial_plan,Cleaning_CallCenters,start,6,6,0,0,0,100.0,0.0,0.0,0.0,53.00000000000000000000,156.84578999999938550000,0.00000000000000000000,15.36800421479452332100,225.21379421479390882100,37.53563236913232
2025-11-01,2026-02-01,3,persona_x_initial_plan,Consultant,business,5,5,0,0,0,100.0,0.0,0.0,0.0,400.00000000000000000000,7.99928999999996910000,0.00000000000000000000,22.02788476219178158200,430.02717476219175068200,86.00543495243835
2025-11-01,2026-02-01,3,persona_x_initial_plan,Consultant,free,184,167,12,5,0,90.76,6.52,2.72,0.0,84.96000000000000000000,1366.17048899999460536000,160.38000000000000000000,2330.24693110301380508448,3941.75742010300841044448,21.422594674472872
2025-11-01,2026-02-01,3,persona_x_initial_plan,Consultant,plus,41,39,2,0,0,95.12,4.88,0.0,0.0,849.99999999900000000000,1425.00410999999445916000,51.84000000000000000000,1196.22752820986320223680,3523.07163820885766139680,85.92857654167945
2025-11-01,2026-02-01,3,persona_x_initial_plan,Consultant,start,206,196,8,2,0,95.15,3.88,0.97,0.0,1976.70000000000000000000,2682.54488339998930804600,245.02000000000000030000,4959.07037412328811390576,9863.33525752327742225176,47.880268240404256
2025-11-01,2026-02-01,3,persona_x_initial_plan,Developer_IT,business,4,3,0,1,0,75.0,0.0,25.0,0.0,240.00000000000000000000,83.23239599999965930000,0.00000000000000000000,39.46411177917810057674,362.69650777917775987674,90.67412694479444
2025-11-01,2026-02-01,3,persona_x_initial_plan,Developer_IT,free,99,93,3,3,0,93.94,3.03,3.03,0.0,42.83843750000000000000,881.67149819999648399000,138.52000000000000000000,1957.74880194301380892593,3020.77873764301029291593,30.512916541848586
2025-11-01,2026-02-01,3,persona_x_initial_plan,Developer_IT,plus,14,13,1,0,0,92.86,7.14,0.0,0.0,304.90000000000000000000,198.95774579999923030000,30.98000000000000000000,416.49846231287676428900,951.33620811287599458900,67.95258629377686
2025-11-01,2026-02-01,3,persona_x_initial_plan,Developer_IT,start,113,110,2,1,0,97.35,1.77,0.88,0.0,1037.00000000000000000000,1442.87897039999426389500,204.60000000000000000000,2326.53297790520587810666,5011.01194830520014200166,44.345238480576995
2025-11-01,2026-02-01,3,persona_x_initial_plan,Media_Publishing,business,1,1,0,0,0,100.0,0.0,0.0,0.0,0.00000000000000000000,1.50411599999999400000,0.00000000000000000000,0.48633502465753420000,1.99045102465752820000,1.9904510246575282
2025-11-01,2026-02-01,3,persona_x_initial_plan,Media_Publishing,free,45,43,2,0,0,95.56,4.44,0.0,0.0,11.00000000000000000000,168.18746399999931900000,30.34000000000000000000,265.21456522958904166122,474.74202922958836066122,10.54982287176863
2025-11-01,2026-02-01,3,persona_x_initial_plan,Media_Publishing,plus,7,7,0,0,0,100.0,0.0,0.0,0.0,100.00000000000000000000,88.09579799999964700000,0.00000000000000000000,683.50288792767122359350,871.59868592767087059350,124.51409798966726
2025-11-01,2026-02-01,3,persona_x_initial_plan,Media_Publishing,start,36,34,1,1,0,94.44,2.78,2.78,0.0,354.00000000000000000000,529.34016599999792245000,24.30000000000000000000,1124.60928134410977213200,2032.24944734410769458200,56.45137353733632
2025-11-01,2026-02-01,3,persona_x_initial_plan,Medical_Professionals,free,13,13,0,0,0,100.0,0.0,0.0,0.0,0.00000000000000000000,36.26823599999985627000,34.80000000000000000000,48.88552657041096577800,119.95376257041082204800,9.227212505416217
2025-11-01,2026-02-01,3,persona_x_initial_plan,Medical_Professionals,plus,1,1,0,0,0,100.0,0.0,0.0,0.0,0.00000000000000000000,8.75311199999996430000,28.00000000000000000000,267.87429789041096000000,304.62740989041092430000,304.62740989041095
2025-11-01,2026-02-01,3,persona_x_initial_plan,Medical_Professionals,start,15,13,2,0,0,86.67,13.33,0.0,0.0,143.00000000000000000000,195.57037799999924880000,8.00000000000000000000,180.01407646301375249300,526.58445446301300129300,35.1056302975342
2025-11-01,2026-02-01,3,persona_x_initial_plan,Others,business,7,4,3,0,0,57.14,42.86,0.0,0.0,320.00000000000000000000,4.34739599999998290000,0.00000000000000000000,1.56285623890410970770,325.91025223890409260770,46.558607462700586
2025-11-01,2026-02-01,3,persona_x_initial_plan,Others,free,131,117,9,4,1,89.31,6.87,3.05,0.76,127.53999999999999900000,1237.29611399999515544000,369.64000000000000000000,696.36938366739729835517,2430.84549766739245279517,18.556072501277804
2025-11-01,2026-02-01,3,persona_x_initial_plan,Others,plus,63,53,7,3,0,84.13,11.11,4.76,0.0,1260.23333333300000000000,1663.72457759999344213000,227.24000000000000000000,968.73589673643847845033,4119.93380766943192058033,65.39577472491162
2025-11-01,2026-02-01,3,persona_x_initial_plan,Others,start,160,149,7,4,0,93.13,4.38,2.5,0.0,1669.80000000000000000000,2427.61704839999019848000,212.36000000000000000000,1489.25261583780830083158,5799.02966423779849931158,36.24393540148624
2025-11-01,2026-02-01,3,persona_x_initial_plan,Professeur,free,39,34,3,2,0,87.18,7.69,5.13,0.0,42.67000000000000000000,209.70995399999917582000,37.98000000000000000000,190.01618784602742359818,480.37614184602659941818,12.317336970410938
2025-11-01,2026-02-01,3,persona_x_initial_plan,Professeur,plus,7,7,0,0,0,100.0,0.0,0.0,0.0,150.00000000000000000000,705.76772399999735530000,0.00000000000000000000,13.07460383013698738700,868.84232783013434268700,124.12033254716205
2025-11-01,2026-02-01,3,persona_x_initial_plan,Professeur,start,29,29,0,0,0,100.0,0.0,0.0,0.0,311.13000000000000000000,240.02117999999906403200,4.58000000000000000000,282.39508721643836546600,838.12626721643742949800,28.90090576608405
2025-11-01,2026-02-01,3,persona_x_initial_plan,Repair,free,7,4,2,1,0,57.14,28.57,14.29,0.0,14.98000000000000000000,4.00291199999998400000,19.79999999999999700000,2.85381140164383570430,41.63672340164381670430,5.948103343091973
2025-11-01,2026-02-01,3,persona_x_initial_plan,Repair,start,8,7,1,0,0,87.5,12.5,0.0,0.0,86.00000000000000000000,22.39858799999991130000,164.70000000000000000000,60.97052778849315725800,334.06911578849306855800,41.75863947356164
2025-11-01,2026-02-01,3,persona_x_initial_plan,Repair_Installation,free,3,3,0,0,0,100.0,0.0,0.0,0.0,0.00000000000000000000,138.68114399999948000000,0.00000000000000000000,16.48842508109589290000,155.16956908109537290000,51.72318969369846
2025-11-01,2026-02-01,3,persona_x_initial_plan,Repair_Installation,plus,1,1,0,0,0,100.0,0.0,0.0,0.0,25.00000000000000000000,36.33683399999986100000,0.00000000000000000000,14.59520997315068800000,75.93204397315054900000,75.93204397315056
2025-11-01,2026-02-01,3,persona_x_initial_plan,Repair_Installation,start,5,5,0,0,0,100.0,0.0,0.0,0.0,48.00000000000000000000,142.45581599999945573000,0.00000000000000000000,146.79288426904109890000,337.24870026904055463000,67.44974005380811
2025-11-01,2026-02-01,3,persona_x_initial_plan,Restauration,free,20,17,0,3,0,85.0,0.0,15.0,0.0,36.40000000000000000000,191.32511399999925540000,6.80000000000000000000,134.55896874958904834320,369.08408274958830374320,18.454204137479415
2025-11-01,2026-02-01,3,persona_x_initial_plan,Restauration,plus,8,8,0,0,0,100.0,0.0,0.0,0.0,200.00000000000000000000,763.28415539999699644000,2.00000000000000000000,118.10287121972606817735,1083.38702661972306461735,135.42337832746537
2025-11-01,2026-02-01,3,persona_x_initial_plan,Restauration,start,31,27,4,0,0,87.1,12.9,0.0,0.0,282.00000000000000000000,1452.19256999999428656000,74.00000000000000000000,200.02722026191781488650,2008.21979026191210144650,64.78128355683587
2025-11-01,2026-02-01,3,persona_x_initial_plan,Retail,business,5,4,1,0,0,80.0,20.0,0.0,0.0,320.00000000000000000000,284.22925559999889000000,15.20000000000000000000,49.31105360876713166700,668.74030920876602166700,133.7480618417532
2025-11-01,2026-02-01,3,persona_x_initial_plan,Retail,free,110,99,6,4,1,90.0,5.45,3.64,0.91,128.50000000000000000000,774.92588939999698735700,694.77999999999999840000,738.40908733698632191593,2336.61497673698330767293,21.241954333972576
2025-11-01,2026-02-01,3,persona_x_initial_plan,Retail,plus,45,37,7,1,0,82.22,15.56,2.22,0.0,826.66666666600000000000,2083.73067899999151233000,88.60000000000000000000,441.89046289315073087600,3440.88780855914224320600,76.4641735235365
2025-11-01,2026-02-01,3,persona_x_initial_plan,Retail,start,161,141,15,4,1,87.58,9.32,2.48,0.62,1420.33333333300000000000,3057.03411119998799054400,368.48000000000000000000,5871.18792072054832004327,10717.03536525353631058727,66.5654370512642
2025-11-01,2026-02-01,3,persona_x_initial_plan,Wholesale,business,4,4,0,0,0,100.0,0.0,0.0,0.0,320.00000000000000000000,135.46276199999951000000,628.24000000000000000000,8.84227944767123439900,1092.54504144767074439900,273.13626036191766
2025-11-01,2026-02-01,3,persona_x_initial_plan,Wholesale,free,18,18,0,0,0,100.0,0.0,0.0,0.0,29.05000000000000000000,126.92703599999949937000,42.00000000000000000000,58.07512490246576076000,256.05216090246526013000,14.225120050136958
2025-11-01,2026-02-01,3,persona_x_initial_plan,Wholesale,plus,17,15,2,0,0,88.24,11.76,0.0,0.0,335.00000000000000000000,2474.03717999999028435000,40.70000000000000200000,155.97226223068494956080,3005.70944223067523591080,176.80643777827504
2025-11-01,2026-02-01,3,persona_x_initial_plan,Wholesale,start,23,21,1,0,1,91.3,4.35,0.0,4.35,216.00000000000000000000,1304.23280399999504665000,114.02000000000000000000,1038.56426815616457401100,2672.81707215615962066100,116.20943791983302
2025-11-01,2026-03-01,4,initial_plan,ALL,business,50,34,6,10,0,68.0,12.0,20.0,0.0,2571.00000000000000000000,3269.52467999998422383000,832.02000000000000000000,427.32694483232884710432,7099.87162483231307093432,141.99743249664627
2025-11-01,2026-03-01,4,initial_plan,ALL,free,926,814,51,58,3,87.9,5.51,6.26,0.32,655.83125000000000000000,7116.16025699996564912900,2851.70000000000000150000,11473.23370310191861819854,22096.92521010188426882754,23.86277020529361
2025-11-01,2026-03-01,4,initial_plan,ALL,plus,361,302,32,26,1,83.66,8.86,7.2,0.28,7062.67862499800000000000,12538.39046759993935407800,4764.59999999999999900000,6240.67071505972662903436,30606.33980765766598211236,84.78210473035365
2025-11-01,2026-03-01,4,initial_plan,ALL,start,1098,996,48,51,3,90.71,4.37,4.64,0.27,10402.57999999999999800000,19610.33871779990450388900,4640.49999999999999650000,21784.57589920986290753499,56437.99461700976740592399,51.40072369490871
2025-11-01,2026-03-01,4,overall,ALL,ALL,2435,2146,137,145,7,88.13,5.63,5.95,0.29,20692.08987499799999800000,42534.41412239979373092600,13088.81999999999999700000,39925.80726220383700187221,116241.13125960163072779821,47.73763090743394
2025-11-01,2026-03-01,4,persona,Automobile_Trade_Repair,ALL,94,74,12,7,1,78.72,12.77,7.45,1.06,1020.00000000000000000000,3271.96658519998393394300,511.24000000000000000000,527.95728073972608375526,5331.16386593971001769826,56.714509212124575
2025-11-01,2026-03-01,4,persona,BTP,ALL,450,396,29,24,1,88.0,6.44,5.33,0.22,4488.91000000000000000000,11379.19388399994472076000,1845.88000000000000200000,7199.25435810794568852789,24913.23824210789041128789,55.36275164912865
2025-11-01,2026-03-01,4,persona,Bankers_Insurance,ALL,32,29,1,2,0,90.63,3.13,6.25,0.0,120.00000000000000000000,177.25827599999913850000,14.40000000000000000000,1089.25039721260294981400,1400.90867321260208831400,43.77839603789381
2025-11-01,2026-03-01,4,persona,Bikers_Drivers,ALL,157,115,14,27,1,73.25,8.92,17.2,0.64,1166.95000000000000000000,2496.10827599998812614600,1087.68000000000000000000,499.70826015671235451914,5250.44653615670048066514,33.442334625201916
2025-11-01,2026-03-01,4,persona,Cleaning_CallCenters,ALL,16,16,0,0,0,100.0,0.0,0.0,0.0,219.00000000000000000000,172.84751999999915180000,0.00000000000000000000,26.93036795013698635640,418.77788795013613815640,26.173617996883507
2025-11-01,2026-03-01,4,persona,Consultant,ALL,436,401,18,17,0,91.97,4.13,3.9,0.0,3342.52216666599999800000,5047.15338539997552009500,1003.03999999999999950000,9514.43941020054876703495,18907.15496226652428462995,43.36503431712505
2025-11-01,2026-03-01,4,persona,Developer_IT,ALL,230,220,3,7,0,95.65,1.3,3.04,0.0,1646.96000000000000000000,2329.84951919998877272500,272.12000000000000500000,5544.11342444931551220891,9793.04294364930428993391,42.578447581083935
2025-11-01,2026-03-01,4,persona,Media_Publishing,ALL,89,84,2,3,0,94.38,2.25,3.37,0.0,545.00000000000000000000,851.20516799999587487300,71.66000000000000000000,2494.61906885315074356012,3962.48423685314661843312,44.52229479610277
2025-11-01,2026-03-01,4,persona,Medical_Professionals,ALL,29,27,2,0,0,93.1,6.9,0.0,0.0,150.80875000000000000000,352.31435999999830718000,42.00000000000000000000,603.25144808219189153400,1148.37455808219019871400,39.59912269248932
2025-11-01,2026-03-01,4,persona,Others,ALL,361,313,23,24,1,86.7,6.37,6.65,0.28,3254.00895833300000000000,5385.01438619997393504100,3016.39999999999999600000,3461.55086470575347868428,15116.97420923872740972528,41.87527481783581
2025-11-01,2026-03-01,4,persona,Professeur,ALL,75,67,6,2,0,89.33,8.0,2.67,0.0,511.00000000000000000000,499.80603599999758996000,147.90000000000000000000,488.56860125095889448020,1647.27463725095648444020,21.963661830012754
2025-11-01,2026-03-01,4,persona,Repair,ALL,15,11,2,2,0,73.33,13.33,13.33,0.0,97.00000000000000000000,146.23468199999928630000,51.00000000000000000000,142.43271451780822501290,436.66739651780751131290,29.111159767853835
2025-11-01,2026-03-01,4,persona,Repair_Installation,ALL,9,9,0,0,0,100.0,0.0,0.0,0.0,73.00000000000000000000,212.18077799999894590000,45.39999999999999600000,191.18663315726027310000,521.76741115725921500000,57.97415679525102
2025-11-01,2026-03-01,4,persona,Restauration,ALL,59,52,2,5,0,88.14,3.39,8.47,0.0,529.00000000000000000000,1932.16201199999071739500,1036.62000000000000000000,639.90402371178091830643,4137.68603571177163570143,70.13027179172494
2025-11-01,2026-03-01,4,persona,Retail,ALL,321,275,20,24,2,85.67,6.23,7.48,0.62,2599.99999999900000000000,6164.12467799996992616800,3256.19999999999999950000,6867.92992625424560821573,18888.25460425321553388373,58.84191465499444
2025-11-01,2026-03-01,4,persona,Wholesale,ALL,62,57,3,1,1,91.94,4.84,1.61,1.61,927.93000000000000000000,2116.99457639998978414000,687.27999999999999900000,634.71048285369862676200,4366.91505925368840990200,70.43411385893044
2025-11-01,2026-03-01,4,persona_x_initial_plan,Automobile_Trade_Repair,business,5,2,1,2,0,40.0,20.0,40.0,0.0,160.00000000000000000000,878.96888999999555000000,0.00000000000000000000,55.40514922356165450660,1094.37403922355720450660,218.87480784471146
2025-11-01,2026-03-01,4,persona_x_initial_plan,Automobile_Trade_Repair,free,29,22,4,3,0,75.86,13.79,10.34,0.0,11.00000000000000000000,346.84304399999830009400,128.40000000000000000000,36.49872315561644072640,522.74176715561474082040,18.02557817777982
2025-11-01,2026-03-01,4,persona_x_initial_plan,Automobile_Trade_Repair,plus,27,23,3,1,0,85.19,11.11,3.7,0.0,570.00000000000000000000,736.30226159999648073300,257.40000000000000000000,319.78837973589044022834,1883.49064133588692096134,69.75891264206989
2025-11-01,2026-03-01,4,persona_x_initial_plan,Automobile_Trade_Repair,start,33,27,4,1,1,81.82,12.12,3.03,3.03,279.00000000000000000000,1309.85238959999360311600,125.44000000000000000000,116.26502862465754829392,1830.55741822465115140992,55.47143691589852
2025-11-01,2026-03-01,4,persona_x_initial_plan,BTP,business,12,7,4,1,0,58.33,33.33,8.33,0.0,491.00000000000000000000,675.08552339999684600000,10.26000000000000000000,262.48215498027404324130,1438.82767838027088924130,119.90230653168925
2025-11-01,2026-03-01,4,persona_x_initial_plan,BTP,free,147,129,9,8,1,87.76,6.12,5.44,0.68,83.19000000000000000000,1645.11511199999207460000,1102.22000000000000200000,3508.90518194794537174820,6339.43029394793744834820,43.1253761493057
2025-11-01,2026-03-01,4,persona_x_initial_plan,BTP,plus,93,81,7,5,0,87.1,7.53,5.38,0.0,1925.00000000000000000000,3593.98014299998272274000,217.44000000000000000000,1163.73903987616444864390,6900.15918287614717138390,74.19526003092632
2025-11-01,2026-03-01,4,persona_x_initial_plan,BTP,start,198,179,9,10,0,90.4,4.55,5.05,0.0,1989.72000000000000000000,5465.01310559997307742000,515.96000000000000000000,2264.12798130356182489449,10234.82108690353490231449,51.6910155904219
2025-11-01,2026-03-01,4,persona_x_initial_plan,Bankers_Insurance,free,20,17,1,2,0,85.0,5.0,10.0,0.0,0.00000000000000000000,98.61670799999951720000,14.40000000000000000000,615.99745568383572101000,729.01416368383523821000,36.45070818419176
2025-11-01,2026-03-01,4,persona_x_initial_plan,Bankers_Insurance,start,12,12,0,0,0,100.0,0.0,0.0,0.0,120.00000000000000000000,78.64156799999962130000,0.00000000000000000000,473.25294152876722880400,671.89450952876685010400,55.99120912739724
2025-11-01,2026-03-01,4,persona_x_initial_plan,Bikers_Drivers,business,6,3,0,3,0,50.0,0.0,50.0,0.0,160.00000000000000000000,1028.97181799999517713000,569.70000000000000000000,10.80612565863013494000,1769.47794365862531207000,294.9129906097709
2025-11-01,2026-03-01,4,persona_x_initial_plan,Bikers_Drivers,free,56,40,7,9,0,71.43,12.5,16.07,0.0,9.95000000000000000000,342.27388799999831490000,123.18000000000000000000,46.30743339452055026840,521.71132139451886516840,9.316273596330694
2025-11-01,2026-03-01,4,persona_x_initial_plan,Bikers_Drivers,plus,33,21,3,8,1,63.64,9.09,24.24,3.03,460.33333333300000000000,313.32569399999849155600,154.28000000000000000000,181.94183596821919739205,1109.88086330121768894805,33.63275343337023
2025-11-01,2026-03-01,4,persona_x_initial_plan,Bikers_Drivers,start,62,51,4,7,0,82.26,6.45,11.29,0.0,536.66666666700000000000,811.53687599999614256000,240.52000000000000000000,260.65286513534247191869,1849.37640780233861447869,29.8286517387474
2025-11-01,2026-03-01,4,persona_x_initial_plan,Cleaning_CallCenters,business,1,1,0,0,0,100.0,0.0,0.0,0.0,80.00000000000000000000,0.00000000000000000000,0.00000000000000000000,2.97485633863013770000,82.97485633863013770000,82.97485633863013
2025-11-01,2026-03-01,4,persona_x_initial_plan,Cleaning_CallCenters,free,5,5,0,0,0,100.0,0.0,0.0,0.0,0.00000000000000000000,0.00000000000000000000,0.00000000000000000000,4.71793293424657502780,4.71793293424657502780,0.943586586849315
2025-11-01,2026-03-01,4,persona_x_initial_plan,Cleaning_CallCenters,plus,4,4,0,0,0,100.0,0.0,0.0,0.0,75.00000000000000000000,58.55929199999971200000,-9.60000000000000000000,0.56476453643835612460,124.52405653643806812460,31.131014134109517
2025-11-01,2026-03-01,4,persona_x_initial_plan,Cleaning_CallCenters,start,6,6,0,0,0,100.0,0.0,0.0,0.0,64.00000000000000000000,114.28822799999943980000,9.60000000000000000000,18.67281414082191750400,206.56104214082135730400,34.42684035680356
2025-11-01,2026-03-01,4,persona_x_initial_plan,Consultant,business,5,5,0,0,0,100.0,0.0,0.0,0.0,400.00000000000000000000,0.00000000000000000000,0.00000000000000000000,17.99080910027397200600,417.99080910027397200600,83.5981618200548
2025-11-01,2026-03-01,4,persona_x_initial_plan,Consultant,free,184,165,9,10,0,89.67,4.89,5.43,0.0,117.10250000000000000000,1183.90936139999424760400,454.69999999999999950000,2515.18950069041113597041,4270.90136209040538307441,23.211420446143507
2025-11-01,2026-03-01,4,persona_x_initial_plan,Consultant,plus,41,39,1,1,0,95.12,2.44,2.44,0.0,893.27966666600000000000,1371.62897999999335847000,355.10000000000000000000,1149.68433651178098085400,3769.69298317777433932400,91.94373129701889
2025-11-01,2026-03-01,4,persona_x_initial_plan,Consultant,start,206,192,8,6,0,93.2,3.88,2.91,0.0,1932.13999999999999800000,2491.61504399998791402100,193.24000000000000000000,5831.57476389808267820454,10448.56980789807059022554,50.721212659699376
2025-11-01,2026-03-01,4,persona_x_initial_plan,Developer_IT,business,4,3,0,1,0,75.0,0.0,25.0,0.0,240.00000000000000000000,121.21070399999941380000,0.00000000000000000000,31.14494001041096450689,392.35564401041037830689,98.0889110026026
2025-11-01,2026-03-01,4,persona_x_initial_plan,Developer_IT,free,99,95,1,3,0,95.96,1.01,3.03,0.0,65.39000000000000000000,657.81187019999684030600,83.82000000000000000000,2498.27453139506866923544,3305.29640159506550954144,33.386832339344096
2025-11-01,2026-03-01,4,persona_x_initial_plan,Developer_IT,plus,14,12,2,0,0,85.71,14.29,0.0,0.0,279.90000000000000000000,238.70904659999882925500,14.90000000000000000000,371.19353751397269572200,904.70258411397152497700,64.62161315099796
2025-11-01,2026-03-01,4,persona_x_initial_plan,Developer_IT,start,113,110,0,3,0,97.35,0.0,2.65,0.0,1061.67000000000000000000,1312.11789839999368936400,173.40000000000000500000,2643.50041552986318274458,5190.68831392985687710858,45.935294813538555
2025-11-01,2026-03-01,4,persona_x_initial_plan,Media_Publishing,business,1,1,0,0,0,100.0,0.0,0.0,0.0,80.00000000000000000000,0.00000000000000000000,0.00000000000000000000,0.12202232383561641000,80.12202232383561641000,80.12202232383562
2025-11-01,2026-03-01,4,persona_x_initial_plan,Media_Publishing,free,45,43,0,2,0,95.56,0.0,4.44,0.0,11.00000000000000000000,173.01848399999916445000,51.64000000000000000000,264.85046868931506968732,500.50895268931423413732,11.12242117087365
2025-11-01,2026-03-01,4,persona_x_initial_plan,Media_Publishing,plus,7,6,1,0,0,85.71,14.29,0.0,0.0,100.00000000000000000000,38.28014999999982000000,0.00000000000000000000,693.45081766958909100000,831.73096766958891100000,118.81870966708414
2025-11-01,2026-03-01,4,persona_x_initial_plan,Media_Publishing,start,36,34,1,1,0,94.44,2.78,2.78,0.0,354.00000000000000000000,639.90653399999689042300,20.02000000000000000000,1536.19576017041096646280,2550.12229417040785688580,70.83673039362243
2025-11-01,2026-03-01,4,persona_x_initial_plan,Medical_Professionals,free,13,13,0,0,0,100.0,0.0,0.0,0.0,7.80875000000000000000,103.97870999999948948000,36.00000000000000000000,67.33466948164384543900,215.12212948164333491900,16.547856113972564
2025-11-01,2026-03-01,4,persona_x_initial_plan,Medical_Professionals,plus,1,1,0,0,0,100.0,0.0,0.0,0.0,0.00000000000000000000,10.65954599999994700000,0.00000000000000000000,329.08232767945213000000,339.74187367945207700000,339.74187367945206
2025-11-01,2026-03-01,4,persona_x_initial_plan,Medical_Professionals,start,15,13,2,0,0,86.67,13.33,0.0,0.0,143.00000000000000000000,237.67610399999887070000,6.00000000000000000000,206.83445092109591609500,593.51055492109478679500,39.56737032807299
2025-11-01,2026-03-01,4,persona_x_initial_plan,Others,business,7,4,1,2,0,57.14,14.29,28.57,0.0,320.00000000000000000000,0.00000000000000000000,250.00000000000000000000,0.66263440109589043413,570.66263440109589043413,81.52323348587085
2025-11-01,2026-03-01,4,persona_x_initial_plan,Others,free,131,113,9,8,1,86.26,6.87,6.11,0.76,103.46000000000000000000,1166.87393279999440270800,248.28000000000000000000,783.32271105150687600590,2301.93664385150127871390,17.5720354492481
2025-11-01,2026-03-01,4,persona_x_initial_plan,Others,plus,63,49,8,6,0,77.78,12.7,9.52,0.0,1222.49895833300000000000,1734.04711799999148873400,611.82000000000000000000,959.78044291287665580244,4528.14651924586814453644,71.87534157533123
2025-11-01,2026-03-01,4,persona_x_initial_plan,Others,start,160,147,5,8,0,91.88,3.13,5.0,0.0,1608.05000000000000000000,2484.09333539998804359900,1906.29999999999999600000,1717.78507634027405644181,7716.22841174026209604081,48.22642757337664
2025-11-01,2026-03-01,4,persona_x_initial_plan,Professeur,free,39,32,5,2,0,82.05,12.82,5.13,0.0,44.00000000000000000000,171.43068599999917273000,115.72000000000000000000,209.86012253205479967390,541.01080853205397240390,13.87207201364241
2025-11-01,2026-03-01,4,persona_x_initial_plan,Professeur,plus,7,6,1,0,0,85.71,14.29,0.0,0.0,150.00000000000000000000,86.07986999999958839000,1.46000000000000000000,3.58777827890411005200,241.12764827890369844200,34.446806896986246
2025-11-01,2026-03-01,4,persona_x_initial_plan,Professeur,start,29,29,0,0,0,100.0,0.0,0.0,0.0,317.00000000000000000000,242.29547999999882884000,30.72000000000000000000,275.12070043999998475430,865.13618043999881359430,29.83228208413789
2025-11-01,2026-03-01,4,persona_x_initial_plan,Repair,free,7,4,1,2,0,57.14,14.29,28.57,0.0,11.00000000000000000000,58.00150799999971000000,0.00000000000000000000,3.01967607287671260590,72.02118407287642260590,10.28874058183949
2025-11-01,2026-03-01,4,persona_x_initial_plan,Repair,start,8,7,1,0,0,87.5,12.5,0.0,0.0,86.00000000000000000000,88.23317399999957630000,51.00000000000000000000,139.41303844493151240700,364.64621244493108870700,45.58077655561639
2025-11-01,2026-03-01,4,persona_x_initial_plan,Repair_Installation,free,3,3,0,0,0,100.0,0.0,0.0,0.0,0.00000000000000000000,0.61574399999999700000,3.20000000000000000000,23.38465750246575220000,27.20040150246574920000,9.066800500821916
2025-11-01,2026-03-01,4,persona_x_initial_plan,Repair_Installation,plus,1,1,0,0,0,100.0,0.0,0.0,0.0,25.00000000000000000000,137.06326799999931000000,0.00000000000000000000,23.59580370191780600000,185.65907170191711600000,185.65907170191713
2025-11-01,2026-03-01,4,persona_x_initial_plan,Repair_Installation,start,5,5,0,0,0,100.0,0.0,0.0,0.0,48.00000000000000000000,74.50176599999963890000,42.19999999999999600000,144.20617195287671490000,308.90793795287634980000,61.78158759057527
2025-11-01,2026-03-01,4,persona_x_initial_plan,Restauration,free,20,16,1,3,0,80.0,5.0,15.0,0.0,36.00000000000000000000,173.53391399999915562000,90.40000000000000000000,145.50111609424661931000,445.43503009424577493000,22.271751504712288
2025-11-01,2026-03-01,4,persona_x_initial_plan,Restauration,plus,8,8,0,0,0,100.0,0.0,0.0,0.0,200.00000000000000000000,507.09050999999763100000,614.38000000000000000000,215.55961789917814630983,1537.03012789917577730983,192.12876598739697
2025-11-01,2026-03-01,4,persona_x_initial_plan,Restauration,start,31,28,1,2,0,90.32,3.23,6.45,0.0,293.00000000000000000000,1251.53758799999393077500,331.84000000000000000000,278.84328971835615268660,2155.22087771835008346160,69.52325411994677
2025-11-01,2026-03-01,4,persona_x_initial_plan,Retail,business,5,4,0,1,0,80.0,0.0,20.0,0.0,320.00000000000000000000,554.08999859999728790000,2.06000000000000000000,40.81235572821917194000,916.96235432821645984000,183.39247086564328
2025-11-01,2026-03-01,4,persona_x_initial_plan,Retail,free,110,100,3,6,1,90.91,2.73,5.45,0.91,124.00000000000000000000,859.17841919999591767700,363.34000000000000000000,683.81182454904118309987,2030.33024374903710077687,18.45754767044579
2025-11-01,2026-03-01,4,persona_x_initial_plan,Retail,plus,45,36,5,4,0,80.0,11.11,8.89,0.0,801.66666666600000000000,2441.84601599998813210000,2299.76000000000000000000,669.08092008164394730790,6212.35360274763207940790,138.0523022832807
2025-11-01,2026-03-01,4,persona_x_initial_plan,Retail,start,161,135,12,13,1,83.85,7.45,8.07,0.62,1354.33333333300000000000,2309.01024419998858849100,591.03999999999999950000,5474.22482589534130586796,9728.60840342832989385896,60.42613915172876
2025-11-01,2026-03-01,4,persona_x_initial_plan,Wholesale,business,4,4,0,0,0,100.0,0.0,0.0,0.0,320.00000000000000000000,11.19774599999994900000,0.00000000000000000000,4.92589706739726141940,336.12364306739721041940,84.0309107668493
2025-11-01,2026-03-01,4,persona_x_initial_plan,Wholesale,free,18,17,1,0,0,94.44,5.56,0.0,0.0,31.93000000000000000000,134.95887539999934476000,36.40000000000000000000,66.25769792712329619000,269.54657332712264095000,14.974809629284591
2025-11-01,2026-03-01,4,persona_x_initial_plan,Wholesale,plus,17,15,1,1,0,88.24,5.88,5.88,0.0,360.00000000000000000000,1270.81857239999384210000,247.65999999999999900000,159.62111269369862359730,2038.09968509369246469730,119.8882167702172
2025-11-01,2026-03-01,4,persona_x_initial_plan,Wholesale,start,23,21,1,0,1,91.3,4.35,0.0,4.35,216.00000000000000000000,700.01938259999664828000,403.22000000000000000000,403.90577516547944555530,1723.14515776547609383530,74.91935468545549
2025-11-01,2026-04-01,5,initial_plan,ALL,business,50,30,6,14,0,60.0,12.0,28.0,0.0,2011.00000000000000000000,2729.50060859998511863200,693.90000000000000000000,302.48945633643841042655,5736.89006493642352905855,114.73780129872847
2025-11-01,2026-04-01,5,initial_plan,ALL,free,926,804,45,75,2,86.83,4.86,8.1,0.22,714.38451612900000000000,6577.69149359996442954760,1406.70000000000000000000,12058.29733013479519422796,20757.07333986375962377556,22.41584593937771
2025-11-01,2026-04-01,5,initial_plan,ALL,plus,361,297,22,41,1,82.27,6.09,11.36,0.28,7023.71333333100000000000,13143.75225479992818819100,1407.32000000000000000000,5908.93533850958892826035,27483.72092664051711645135,76.1321909325222
2025-11-01,2026-04-01,5,initial_plan,ALL,start,1098,978,39,78,3,89.07,3.55,7.1,0.27,10369.46651612842641150000,18503.48321099989971169400,2610.56000000000000000000,21893.06879617917819522709,53376.57852330750431842109,48.6125487461817
2025-11-01,2026-04-01,5,overall,ALL,ALL,2435,2109,112,208,6,86.61,4.6,8.54,0.25,20118.56436558842641150000,40954.42756799977744806460,6118.48000000000000000000,40162.79092116000072814195,107354.26285474820458770655,44.08799295882883
2025-11-01,2026-04-01,5,persona,Automobile_Trade_Repair,ALL,94,68,12,13,1,72.34,12.77,13.83,1.06,1006.12451612899999900000,2267.93009879998764531000,91.54000000000000000000,353.07421973753427346665,3718.66883466652191777665,39.560306751771506
2025-11-01,2026-04-01,5,persona,BTP,ALL,450,392,22,35,1,87.11,4.89,7.78,0.22,4325.09124999964516000000,11574.55661219993693502700,445.18000000000000000000,7445.29208827945256506132,23790.11995047903466008832,52.86693322328674
2025-11-01,2026-04-01,5,persona,Bankers_Insurance,ALL,32,29,0,3,0,90.63,0.0,9.38,0.0,120.00000000000000000000,142.63176599999921872400,11.20000000000000000000,971.48560065479466872300,1245.31736665479388744700,38.91616770796231
2025-11-01,2026-04-01,5,persona,Bikers_Drivers,ALL,157,112,11,33,1,71.34,7.01,21.02,0.64,1064.66749999978125000000,1796.22466919999033263460,662.90000000000000000000,446.12095599123283996010,3969.91312519100442259470,25.2860708610892
2025-11-01,2026-04-01,5,persona,Cleaning_CallCenters,ALL,16,15,1,0,0,93.75,6.25,0.0,0.0,226.21875000000000000000,124.81043399999931690000,0.00000000000000000000,19.91121213753425001168,370.94039613753356691168,23.18377475859585
2025-11-01,2026-04-01,5,persona,Consultant,ALL,436,395,18,23,0,90.6,4.13,5.28,0.0,3244.91874999900000000000,5201.51898419997180594300,1029.00000000000000000000,9380.72627106465736012723,18856.16400526362916607023,43.24808258087988
2025-11-01,2026-04-01,5,persona,Developer_IT,ALL,230,216,6,8,0,93.91,2.61,3.48,0.0,1669.22474193500000200000,2159.08338959998824810100,97.68000000000000000000,6528.28508463506867550410,10454.27321617005692560510,45.45336180943503
2025-11-01,2026-04-01,5,persona,Media_Publishing,ALL,89,86,1,2,0,96.63,1.12,2.25,0.0,575.59375000000000000000,932.20982459999491068300,70.54000000000000000000,2538.22716418904129507132,4116.57073878903620575432,46.253603806618386
2025-11-01,2026-04-01,5,persona,Medical_Professionals,ALL,29,27,0,2,0,93.1,0.0,6.9,0.0,152.00000000000000000000,282.29547599999845680000,22.40000000000000000000,698.84412221041095853500,1155.53959821040941533500,39.84619304173825
2025-11-01,2026-04-01,5,persona,Others,ALL,361,310,14,37,0,85.87,3.88,10.25,0.0,3084.96845430100000050000,4997.98348919997261643500,2484.46000000000000000000,3184.03620191013706767096,13751.44814541110968460596,38.092654142413046
2025-11-01,2026-04-01,5,persona,Professeur,ALL,75,68,3,4,0,90.67,4.0,5.33,0.0,494.25000000000000000000,527.13475199999718037000,72.72000000000000000000,500.93268891945206388530,1595.03744091944924425530,21.26716587892599
2025-11-01,2026-04-01,5,persona,Repair,ALL,15,11,0,4,0,73.33,0.0,26.67,0.0,97.00000000000000000000,17.77161599999990230000,0.00000000000000000000,104.99563897972603895170,219.76725497972594125170,14.65115033198173
2025-11-01,2026-04-01,5,persona,Repair_Installation,ALL,9,9,0,0,0,100.0,0.0,0.0,0.0,73.00000000000000000000,342.63179999999817093000,2.40000000000000000000,148.35175555506850520000,566.38355555506667613000,62.931506172785184
2025-11-01,2026-04-01,5,persona,Restauration,ALL,59,49,4,6,0,83.05,6.78,10.17,0.0,510.43750000000000000000,1728.59909399999053319000,336.84000000000000000000,590.87145220602741484955,3166.74804620601794803955,53.67369569840709
2025-11-01,2026-04-01,5,persona,Retail,ALL,321,266,18,35,2,82.87,5.61,10.9,0.62,2626.06915322500000000000,6716.86172819996375959500,530.14000000000000000000,6703.25042638356135406004,16576.32130780852511365504,51.639630242394155
2025-11-01,2026-04-01,5,persona,Wholesale,ALL,62,56,2,3,1,90.32,3.23,4.84,1.61,849.00000000000000000000,2142.18383399998841512200,261.48000000000000000000,548.38603830630139706400,3801.04987230628981218600,61.30725600494016
2025-11-01,2026-04-01,5,persona_x_initial_plan,Automobile_Trade_Repair,business,5,2,0,3,0,40.0,0.0,60.0,0.0,160.00000000000000000000,857.58800399999518000000,0.00000000000000000000,66.29649295013700472610,1083.88449695013218472610,216.77689939002644
2025-11-01,2026-04-01,5,persona_x_initial_plan,Automobile_Trade_Repair,free,29,18,8,3,0,62.07,27.59,10.34,0.0,15.24451612900000000000,396.24555599999793013000,33.60000000000000000000,31.73083127835616968121,476.82090340735409981121,16.442100117494967
2025-11-01,2026-04-01,5,persona_x_initial_plan,Automobile_Trade_Repair,plus,27,23,1,3,0,85.19,3.7,11.11,0.0,570.00000000000000000000,366.95582999999804840000,10.00000000000000000000,179.35935966794519776307,1126.31518966794324616307,41.71537739510901
2025-11-01,2026-04-01,5,persona_x_initial_plan,Automobile_Trade_Repair,start,33,25,3,4,1,75.76,9.09,12.12,3.03,260.87999999999999900000,647.14070879999648678000,47.94000000000000000000,75.68753584109590129627,1031.64824464109238707627,31.26206801942704
2025-11-01,2026-04-01,5,persona_x_initial_plan,BTP,business,12,6,3,3,0,50.0,25.0,25.0,0.0,411.00000000000000000000,442.54231199999761680000,0.00000000000000000000,131.50455630630140230000,985.04686830629901910000,82.08723902552492
2025-11-01,2026-04-01,5,persona_x_initial_plan,BTP,free,147,129,6,11,1,87.76,4.08,7.48,0.68,85.00000000000000000000,1466.34706799999204029000,163.20000000000000000000,3978.66167451287705652962,5693.20874251286909681962,38.72931117355694
2025-11-01,2026-04-01,5,persona_x_initial_plan,BTP,plus,93,80,6,7,0,86.02,6.45,7.53,0.0,1875.00000000000000000000,3922.02883439997842565700,56.00000000000000000000,963.15486048383561553719,6816.18369488381404119419,73.29229779444961
2025-11-01,2026-04-01,5,persona_x_initial_plan,BTP,start,198,177,7,14,0,89.39,3.54,7.07,0.0,1954.09124999964516000000,5743.63839779996885228000,225.98000000000000000000,2371.97099697643849069451,10295.68064477605250297451,51.998387094828544
2025-11-01,2026-04-01,5,persona_x_initial_plan,Bankers_Insurance,free,20,17,0,3,0,85.0,0.0,15.0,0.0,0.00000000000000000000,28.89212399999984100000,11.20000000000000000000,483.24220703013705010500,523.33433103013689110500,26.166716551506845
2025-11-01,2026-04-01,5,persona_x_initial_plan,Bankers_Insurance,start,12,12,0,0,0,100.0,0.0,0.0,0.0,120.00000000000000000000,113.73964199999937772400,0.00000000000000000000,488.24339362465761861800,721.98303562465699634200,60.16525296872141
2025-11-01,2026-04-01,5,persona_x_initial_plan,Bikers_Drivers,business,6,3,0,3,0,50.0,0.0,50.0,0.0,80.00000000000000000000,622.76302799999663352000,393.90000000000000000000,4.34657240547945306000,1101.00960040547608658000,183.50160006757935
2025-11-01,2026-04-01,5,persona_x_initial_plan,Bikers_Drivers,free,56,39,6,11,0,69.64,10.71,19.64,0.0,32.73000000000000000000,306.78470999999833356460,113.60000000000000000000,57.84940377205478763533,510.96411377205312119993,9.124359174500949
2025-11-01,2026-04-01,5,persona_x_initial_plan,Bikers_Drivers,plus,33,19,4,9,1,57.58,12.12,27.27,3.03,410.33333333300000000000,402.59453399999785547000,0.00000000000000000000,157.52861853095887545579,970.45648586395673092579,29.40777229890778
2025-11-01,2026-04-01,5,persona_x_initial_plan,Bikers_Drivers,start,62,51,1,10,0,82.26,1.61,16.13,0.0,541.60416666678125000000,464.08239719999751008000,155.40000000000000000000,226.39636128273972380898,1387.48292514951848388898,22.3787568572503
2025-11-01,2026-04-01,5,persona_x_initial_plan,Cleaning_CallCenters,business,1,1,0,0,0,100.0,0.0,0.0,0.0,80.00000000000000000000,0.00000000000000000000,0.00000000000000000000,1.83962976328767120000,81.83962976328767120000,81.83962976328768
2025-11-01,2026-04-01,5,persona_x_initial_plan,Cleaning_CallCenters,free,5,5,0,0,0,100.0,0.0,0.0,0.0,0.00000000000000000000,4.70501999999997440000,0.00000000000000000000,3.93804075013698584200,8.64306075013696024200,1.728612150027392
2025-11-01,2026-04-01,5,persona_x_initial_plan,Cleaning_CallCenters,plus,4,3,1,0,0,75.0,25.0,0.0,0.0,75.00000000000000000000,8.19260999999995400000,0.00000000000000000000,0.25192887671232875668,83.44453887671228275668,20.86113471917807
2025-11-01,2026-04-01,5,persona_x_initial_plan,Cleaning_CallCenters,start,6,6,0,0,0,100.0,0.0,0.0,0.0,71.21875000000000000000,111.91280399999938850000,0.00000000000000000000,13.88161274739726421300,197.01316674739665271300,32.83552779123277
2025-11-01,2026-04-01,5,persona_x_initial_plan,Consultant,business,5,5,0,0,0,100.0,0.0,0.0,0.0,320.00000000000000000000,3.56066999999998050000,0.00000000000000000000,30.21066067726027200250,353.77133067726025250250,70.75426613545206
2025-11-01,2026-04-01,5,persona_x_initial_plan,Consultant,free,184,163,9,12,0,88.59,4.89,6.52,0.0,115.00000000000000000000,1145.18010059999381186000,216.08000000000000000000,2429.19195765095899089831,3905.45205825095280275831,21.225282925276918
2025-11-01,2026-04-01,5,persona_x_initial_plan,Consultant,plus,41,38,2,1,0,92.68,4.88,2.44,0.0,844.99999999900000000000,1742.94187199999057370000,354.92000000000000000000,1171.82007201589032617870,4114.68194401488089987870,100.3580961954849
2025-11-01,2026-04-01,5,persona_x_initial_plan,Consultant,start,206,189,7,10,0,91.75,3.4,4.85,0.0,1964.91875000000000000000,2309.83634159998743988300,458.00000000000000000000,5749.50358072054777104772,10482.25867232053521093072,50.88475083650745
2025-11-01,2026-04-01,5,persona_x_initial_plan,Developer_IT,business,4,3,0,1,0,75.0,0.0,25.0,0.0,240.00000000000000000000,70.40120399999962500000,0.00000000000000000000,22.29882351726027432609,332.70002751725989932609,83.17500687931498
2025-11-01,2026-04-01,5,persona_x_initial_plan,Developer_IT,free,99,93,2,4,0,93.94,2.02,4.04,0.0,64.00000000000000000000,625.37179139999661673000,52.00000000000000000000,2961.28385921972616081728,3702.65565061972277754728,37.40056212747194
2025-11-01,2026-04-01,5,persona_x_initial_plan,Developer_IT,plus,14,12,1,1,0,85.71,7.14,7.14,0.0,290.00000000000000000000,195.76772459999894980000,0.00000000000000000000,356.83778504328765069800,842.60550964328660049800,60.18610783166333
2025-11-01,2026-04-01,5,persona_x_initial_plan,Developer_IT,start,113,108,3,2,0,95.58,2.65,1.77,0.0,1075.22474193500000200000,1267.54266959999305657100,45.68000000000000000000,3187.86461685479458966273,5576.31202838978764823373,49.34789405654679
2025-11-01,2026-04-01,5,persona_x_initial_plan,Media_Publishing,business,1,1,0,0,0,100.0,0.0,0.0,0.0,80.00000000000000000000,0.00000000000000000000,0.00000000000000000000,0.03519293808219178800,80.03519293808219178800,80.03519293808219
2025-11-01,2026-04-01,5,persona_x_initial_plan,Media_Publishing,free,45,44,0,1,0,97.78,0.0,2.22,0.0,11.00000000000000000000,263.71916999999854668300,47.20000000000000000000,286.90326361863015523852,608.82243361862870192152,13.529387413747305
2025-11-01,2026-04-01,5,persona_x_initial_plan,Media_Publishing,plus,7,6,1,0,0,85.71,14.29,0.0,0.0,111.00000000000000000000,109.63555199999939750000,12.54000000000000000000,617.36446214246574800000,850.54001414246514550000,121.50571630606645
2025-11-01,2026-04-01,5,persona_x_initial_plan,Media_Publishing,start,36,35,0,1,0,97.22,0.0,2.78,0.0,373.59375000000000000000,558.85510259999696650000,10.80000000000000000000,1633.92424548986320004480,2577.17309808986016654480,71.58814161360722
2025-11-01,2026-04-01,5,persona_x_initial_plan,Medical_Professionals,free,13,13,0,0,0,100.0,0.0,0.0,0.0,9.00000000000000000000,24.92209799999986290000,22.40000000000000000000,71.09666305534246537700,127.41876105534232827700,9.801443158103256
2025-11-01,2026-04-01,5,persona_x_initial_plan,Medical_Professionals,plus,1,1,0,0,0,100.0,0.0,0.0,0.0,0.00000000000000000000,4.98943799999997230000,0.00000000000000000000,422.97611972876712000000,427.96555772876709230000,427.96555772876707
2025-11-01,2026-04-01,5,persona_x_initial_plan,Medical_Professionals,start,15,13,0,2,0,86.67,0.0,13.33,0.0,143.00000000000000000000,252.38393999999862160000,0.00000000000000000000,204.77133942630137315800,600.15527942629999475800,40.01035196175334
2025-11-01,2026-04-01,5,persona_x_initial_plan,Others,business,7,2,2,3,0,28.57,28.57,42.86,0.0,160.00000000000000000000,114.33297599999936000000,300.00000000000000000000,0.48628007013698627910,574.81925607013634627910,82.11703658144805
2025-11-01,2026-04-01,5,persona_x_initial_plan,Others,free,131,114,4,13,0,87.02,3.05,9.92,0.0,116.99000000000000000000,842.02306739999540109000,457.02000000000000000000,770.86895516767122963884,2186.90202256766663072884,16.69390856921883
2025-11-01,2026-04-01,5,persona_x_initial_plan,Others,plus,63,50,3,10,0,79.37,4.76,15.87,0.0,1220.33333333300000000000,1691.06175179999060547400,427.28000000000000000000,830.06582912821920052167,4168.74091426120980599567,66.17049070255888
2025-11-01,2026-04-01,5,persona_x_initial_plan,Others,start,160,144,5,11,0,90.0,3.13,6.88,0.0,1587.64512096800000050000,2350.56569399998724987100,1300.16000000000000000000,1582.61513754410965123135,6820.98595251209690160235,42.63116220320061
2025-11-01,2026-04-01,5,persona_x_initial_plan,Professeur,free,39,33,2,4,0,84.62,5.13,10.26,0.0,44.00000000000000000000,149.84506799999918342000,42.40000000000000000000,207.30743368821919147160,443.55250168821837489160,11.373141068928676
2025-11-01,2026-04-01,5,persona_x_initial_plan,Professeur,plus,7,6,1,0,0,85.71,14.29,0.0,0.0,136.00000000000000000000,162.52599599999916800000,0.00000000000000000000,5.83341783232876805060,304.35941383232793605060,43.47991626176114
2025-11-01,2026-04-01,5,persona_x_initial_plan,Professeur,start,29,29,0,0,0,100.0,0.0,0.0,0.0,314.25000000000000000000,214.76368799999882895000,30.32000000000000000000,287.79183739890410436310,847.12552539890293331310,29.211225013755275
2025-11-01,2026-04-01,5,persona_x_initial_plan,Repair,free,7,4,0,3,0,57.14,0.0,42.86,0.0,11.00000000000000000000,0.35107199999999811000,0.00000000000000000000,1.17793714356164364770,12.52900914356164175770,1.7898584490802345
2025-11-01,2026-04-01,5,persona_x_initial_plan,Repair,start,8,7,0,1,0,87.5,0.0,12.5,0.0,86.00000000000000000000,17.42054399999990419000,0.00000000000000000000,103.81770183616439530400,207.23824583616429949400,25.90478072952054
2025-11-01,2026-04-01,5,persona_x_initial_plan,Repair_Installation,free,3,3,0,0,0,100.0,0.0,0.0,0.0,0.00000000000000000000,0.61574399999999663000,2.40000000000000000000,28.58515635232876770000,31.60090035232876433000,10.533633450776255
2025-11-01,2026-04-01,5,persona_x_initial_plan,Repair_Installation,plus,1,1,0,0,0,100.0,0.0,0.0,0.0,25.00000000000000000000,185.90169599999902000000,0.00000000000000000000,27.47841172657533800000,238.38010772657435800000,238.38010772657435
2025-11-01,2026-04-01,5,persona_x_initial_plan,Repair_Installation,start,5,5,0,0,0,100.0,0.0,0.0,0.0,48.00000000000000000000,156.11435999999915430000,0.00000000000000000000,92.28818747616439950000,296.40254747616355380000,59.28050949523271
2025-11-01,2026-04-01,5,persona_x_initial_plan,Restauration,free,20,15,2,3,0,75.0,10.0,15.0,0.0,36.00000000000000000000,173.51441999999906250000,32.80000000000000000000,140.63028742356162628760,382.94470742356068878760,19.147235371178034
2025-11-01,2026-04-01,5,persona_x_initial_plan,Restauration,plus,8,8,0,0,0,100.0,0.0,0.0,0.0,200.00000000000000000000,789.27276599999558600000,278.58000000000000000000,204.13280563726029186715,1471.98557163725587786715,183.99819645465698
2025-11-01,2026-04-01,5,persona_x_initial_plan,Restauration,start,31,26,2,3,0,83.87,6.45,9.68,0.0,274.43750000000000000000,765.81190799999588469000,25.46000000000000000000,246.10835914520549669480,1311.81776714520138138480,42.316702165974235
2025-11-01,2026-04-01,5,persona_x_initial_plan,Retail,business,5,4,0,1,0,80.0,0.0,20.0,0.0,240.00000000000000000000,562.13583659999703100000,0.00000000000000000000,38.49440296931507371096,840.63023956931210471096,168.12604791386244
2025-11-01,2026-04-01,5,persona_x_initial_plan,Retail,free,110,97,5,7,1,88.18,4.55,6.36,0.91,141.42000000000000000000,942.15508019999494233000,180.80000000000000000000,555.37965974794523062795,1819.75473994794017295795,16.54322490861764
2025-11-01,2026-04-01,5,persona_x_initial_plan,Retail,plus,45,35,2,8,0,77.78,4.44,17.78,0.0,906.04666666600000000000,2335.35338999998731069000,112.24000000000000000000,782.35222271726028441990,4135.99227938324759510990,91.91093954184994
2025-11-01,2026-04-01,5,persona_x_initial_plan,Retail,start,161,130,11,19,1,80.75,6.83,11.8,0.62,1338.60248655900000000000,2877.21742139998447557500,237.10000000000000000000,5327.02414094904076530123,9779.94404890802524087623,60.74499409259642
2025-11-01,2026-04-01,5,persona_x_initial_plan,Wholesale,business,4,3,1,0,0,75.0,25.0,0.0,0.0,240.00000000000000000000,56.17657799999969181200,0.00000000000000000000,6.97684473917808103380,303.15342273917777284580,75.78835568479444
2025-11-01,2026-04-01,5,persona_x_initial_plan,Wholesale,free,18,17,1,0,0,94.44,5.56,0.0,0.0,33.00000000000000000000,207.01940399999888791000,32.00000000000000000000,50.44999972328768273000,322.46940372328657064000,17.914966873515922
2025-11-01,2026-04-01,5,persona_x_initial_plan,Wholesale,plus,17,15,0,2,0,88.24,0.0,11.76,0.0,360.00000000000000000000,1226.53025999999332120000,155.76000000000000000000,189.77944497808218301160,1932.06970497807550421160,113.65115911635739
2025-11-01,2026-04-01,5,persona_x_initial_plan,Wholesale,start,23,21,0,1,1,91.3,0.0,4.35,4.35,216.00000000000000000000,652.45759199999651420000,73.72000000000000000000,301.17974886575345028860,1243.35734086574996448860,54.059014820250006
2025-12-01,2025-12-01,0,initial_plan,ALL,business,65,65,0,0,0,100.0,0.0,0.0,0.0,1312.81250000000000000000,4594.38256963781726870000,138.00000000000000000000,357.19136186739735891628,6402.38643150521462761628,98.49825279238792
2025-12-01,2025-12-01,0,initial_plan,ALL,free,1129,1124,0,0,5,99.56,0.0,0.0,0.44,91.06000000000000000000,4021.04561778920719584800,12798.40000000000000000000,4361.98550248274118449666,21272.49112027194838034466,18.841887617601373
2025-12-01,2025-12-01,0,initial_plan,ALL,plus,357,355,0,0,2,99.44,0.0,0.0,0.56,2983.80749999800000000000,7388.29461578402155503600,3054.04000000000000000000,3084.40689957095962290448,16510.54901535298117794048,46.24803645757138
2025-12-01,2025-12-01,0,initial_plan,ALL,start,1155,1150,0,0,5,99.57,0.0,0.0,0.43,5895.15946867200000000000,8372.37555671829866047724,11189.78000000000000000000,4490.96457961863140061817,29948.27960500893006109541,25.929246411263144
2025-12-01,2025-12-01,0,overall,ALL,ALL,2706,2694,0,0,12,99.56,0.0,0.0,0.44,10282.83946867000000000000,24376.09835992934468006124,27180.22000000000000000000,12294.54834353972956693559,74133.70617213907424699683,27.396048105003356
2025-12-01,2025-12-01,0,persona,Automobile_Trade_Repair,ALL,123,121,0,0,2,98.37,0.0,0.0,1.63,562.17833333299999900000,1528.03962471698355712200,556.00000000000000000000,378.86565433095906947877,3025.08361238094262560077,24.594175710414167
2025-12-01,2025-12-01,0,persona,BTP,ALL,461,461,0,0,0,100.0,0.0,0.0,0.0,2152.56500000000000000000,6120.33695385038498929600,2982.00000000000000000000,3754.45944206137117039295,15009.36139591175615968895,32.55826767009058
2025-12-01,2025-12-01,0,persona,Bankers_Insurance,ALL,39,39,0,0,0,100.0,0.0,0.0,0.0,77.84375000000000000000,205.20807362638223300000,1236.00000000000000000000,181.81613933041099226264,1700.86796295679322526264,43.611999050174184
2025-12-01,2025-12-01,0,persona,Bikers_Drivers,ALL,152,150,0,0,2,98.68,0.0,0.0,1.32,553.48333333300000000000,1062.08972400949862613324,878.00000000000000000000,249.45070871671238492466,2743.02376605921101105790,18.04620898723165
2025-12-01,2025-12-01,0,persona,Cleaning_CallCenters,ALL,11,10,0,0,1,90.91,0.0,0.0,9.09,53.00000000000000000000,189.47564821185471500000,118.00000000000000000000,228.59515085863015473200,589.07079907048486973200,53.551890824589535
2025-12-01,2025-12-01,0,persona,Consultant,ALL,459,458,0,0,1,99.78,0.0,0.0,0.22,1502.16391311600000100000,3845.90484191655884035800,5511.02000000000000000000,2350.76007338575396825886,13209.84882841831280961686,28.77962707716408
2025-12-01,2025-12-01,0,persona,Developer_IT,ALL,231,230,0,0,1,99.57,0.0,0.0,0.43,832.90847222200000000000,708.47014279228248453400,4310.00000000000000000000,1055.59699412383597867345,6906.97560913811846320745,29.90032731228623
2025-12-01,2025-12-01,0,persona,Media_Publishing,ALL,109,107,0,0,2,98.17,0.0,0.0,1.83,299.79250000000000000000,355.94612588791330149300,1332.00000000000000000000,432.81889721534256336874,2420.55752310325586486174,22.206949753240877
2025-12-01,2025-12-01,0,persona,Medical_Professionals,ALL,28,28,0,0,0,100.0,0.0,0.0,0.0,105.00000000000000000000,716.07160336412859296000,0.00000000000000000000,63.27269969150685861637,884.34430305563545157637,31.583725109129837
2025-12-01,2025-12-01,0,persona,Others,ALL,452,452,0,0,0,100.0,0.0,0.0,0.0,1640.09083333300000000000,4853.90177055114482987600,3800.96000000000000000000,1699.42902643780868633922,11994.38163032195351621522,26.536242544960075
2025-12-01,2025-12-01,0,persona,Professeur,ALL,83,83,0,0,0,100.0,0.0,0.0,0.0,414.12500000000000000000,407.36982827221099375700,256.00000000000000000000,167.67054392438361496120,1245.16537219659460871820,15.001992436103551
2025-12-01,2025-12-01,0,persona,Repair,ALL,19,19,0,0,0,100.0,0.0,0.0,0.0,67.00000000000000000000,162.00399766804263886000,8.00000000000000000000,10.74495394794520732410,247.74895161598784618410,13.039418506104623
2025-12-01,2025-12-01,0,persona,Repair_Installation,ALL,4,4,0,0,0,100.0,0.0,0.0,0.0,22.00000000000000000000,14.44675376068825300000,0.00000000000000000000,15.27565321808219819800,51.72240697877045119800,12.930601744692613
2025-12-01,2025-12-01,0,persona,Restauration,ALL,81,81,0,0,0,100.0,0.0,0.0,0.0,317.30125000000000000000,969.17623997154980204000,564.00000000000000000000,194.12911779178086175470,2044.60660776333066379470,25.242056885967045
2025-12-01,2025-12-01,0,persona,Retail,ALL,387,385,0,0,2,99.48,0.0,0.0,0.52,1270.94958333300000000000,2751.99128448874678465200,5336.24000000000000000000,1200.30738702520579552750,10559.48825484695258017950,27.285499366529592
2025-12-01,2025-12-01,0,persona,Wholesale,ALL,67,66,0,0,1,98.51,0.0,0.0,1.49,412.43750000000000000000,485.66574684097403798000,292.00000000000000000000,311.35590148000006212243,1501.45914832097410010243,22.409838034641403
2025-12-01,2025-12-01,0,persona_x_initial_plan,Automobile_Trade_Repair,business,4,4,0,0,0,100.0,0.0,0.0,0.0,160.00000000000000000000,85.09870866610301150000,138.00000000000000000000,29.37693230301371717100,412.47564096911672867100,103.11891024227918
2025-12-01,2025-12-01,0,persona_x_initial_plan,Automobile_Trade_Repair,free,30,29,0,0,1,96.67,0.0,0.0,3.33,0.00000000000000000000,100.16477600938734770000,20.00000000000000000000,108.03624328876718395657,228.20101929815453165657,7.606700643271818
2025-12-01,2025-12-01,0,persona_x_initial_plan,Automobile_Trade_Repair,plus,25,25,0,0,0,100.0,0.0,0.0,0.0,94.58333333300000000000,784.52881491808450891000,138.00000000000000000000,99.44792992164385157350,1116.56007817272836048350,44.66240312690913
2025-12-01,2025-12-01,0,persona_x_initial_plan,Automobile_Trade_Repair,start,64,63,0,0,1,98.44,0.0,0.0,1.56,307.59499999999999900000,558.24732512340868901200,260.00000000000000000000,142.00454881753431677770,1267.84687394094300478970,19.810107405327233
2025-12-01,2025-12-01,0,persona_x_initial_plan,BTP,business,21,21,0,0,0,100.0,0.0,0.0,0.0,592.81250000000000000000,1479.84741819658395300000,0.00000000000000000000,131.58106551452057365500,2204.24098371110452665500,104.96385636719545
2025-12-01,2025-12-01,0,persona_x_initial_plan,BTP,free,175,175,0,0,0,100.0,0.0,0.0,0.0,14.45000000000000000000,1148.90553352128263719600,848.00000000000000000000,1904.42265003561720281914,3915.77818355689984001514,22.375875334610857
2025-12-01,2025-12-01,0,persona_x_initial_plan,BTP,plus,96,96,0,0,0,100.0,0.0,0.0,0.0,690.93750000000000000000,1567.07430196207229709000,256.00000000000000000000,1023.44018757534285823485,3537.45198953741515532485,36.84845822434807
2025-12-01,2025-12-01,0,persona_x_initial_plan,BTP,start,169,169,0,0,0,100.0,0.0,0.0,0.0,854.36500000000000000000,1924.50970017044610201000,1878.00000000000000000000,695.01553893589053568396,5351.89023910633663769396,31.667989580510866
2025-12-01,2025-12-01,0,persona_x_initial_plan,Bankers_Insurance,free,26,26,0,0,0,100.0,0.0,0.0,0.0,0.00000000000000000000,22.55949642417194670000,422.00000000000000000000,112.74245593753426953264,557.30195236170621623264,21.43469047545024
2025-12-01,2025-12-01,0,persona_x_initial_plan,Bankers_Insurance,plus,3,3,0,0,0,100.0,0.0,0.0,0.0,0.00000000000000000000,134.29619093578764900000,276.00000000000000000000,21.80120843123287480000,432.09739936702052380000,144.0324664556735
2025-12-01,2025-12-01,0,persona_x_initial_plan,Bankers_Insurance,start,10,10,0,0,0,100.0,0.0,0.0,0.0,77.84375000000000000000,48.35238626642263730000,538.00000000000000000000,47.27247496164384793000,711.46861122806648523000,71.14686112280665
2025-12-01,2025-12-01,0,persona_x_initial_plan,Bikers_Drivers,business,5,5,0,0,0,100.0,0.0,0.0,0.0,0.00000000000000000000,135.57106792912385500000,0.00000000000000000000,21.82930050739726097438,157.40036843652111597438,31.480073687304223
2025-12-01,2025-12-01,0,persona_x_initial_plan,Bikers_Drivers,free,62,60,0,0,2,96.77,0.0,0.0,3.23,0.00000000000000000000,112.78138916368776235000,504.00000000000000000000,69.19942136383564284029,685.98081052752340519029,11.064206621411667
2025-12-01,2025-12-01,0,persona_x_initial_plan,Bikers_Drivers,plus,24,24,0,0,0,100.0,0.0,0.0,0.0,203.23333333300000000000,650.32234133430219814000,0.00000000000000000000,87.96941769917809631910,941.52509236648029445910,39.23021218193668
2025-12-01,2025-12-01,0,persona_x_initial_plan,Bikers_Drivers,start,61,61,0,0,0,100.0,0.0,0.0,0.0,350.25000000000000000000,163.41492558238481064324,374.00000000000000000000,70.45256914630138479089,958.11749472868619543413,15.706844175880102
2025-12-01,2025-12-01,0,persona_x_initial_plan,Cleaning_CallCenters,free,3,3,0,0,0,100.0,0.0,0.0,0.0,0.00000000000000000000,0.00000000000000000000,118.00000000000000000000,4.94665933095890414200,122.94665933095890414200,40.982219776986305
2025-12-01,2025-12-01,0,persona_x_initial_plan,Cleaning_CallCenters,plus,4,3,0,0,1,75.0,0.0,0.0,25.0,20.00000000000000000000,76.93906652743244200000,0.00000000000000000000,219.72372921369864400000,316.66279574113108600000,79.16569893528278
2025-12-01,2025-12-01,0,persona_x_initial_plan,Cleaning_CallCenters,start,4,4,0,0,0,100.0,0.0,0.0,0.0,33.00000000000000000000,112.53658168442227300000,0.00000000000000000000,3.92476231397260659000,149.46134399839487959000,37.36533599959872
2025-12-01,2025-12-01,0,persona_x_initial_plan,Consultant,business,4,4,0,0,0,100.0,0.0,0.0,0.0,80.00000000000000000000,461.91455809593351500000,0.00000000000000000000,2.08032723506849376560,543.99488533100200876560,135.9987213327505
2025-12-01,2025-12-01,0,persona_x_initial_plan,Consultant,free,222,221,0,0,1,99.55,0.0,0.0,0.45,43.46000000000000000000,527.16891748130089139800,2554.00000000000000000000,982.79397514410985368154,4107.42289262541074507954,18.501904921736084
2025-12-01,2025-12-01,0,persona_x_initial_plan,Consultant,plus,28,28,0,0,0,100.0,0.0,0.0,0.0,232.70833333300000000000,706.67412986584015071000,870.00000000000000000000,343.49897995726031322900,2152.88144315610046393900,76.88862296986073
2025-12-01,2025-12-01,0,persona_x_initial_plan,Consultant,start,205,205,0,0,0,100.0,0.0,0.0,0.0,1145.99557978300000100000,2150.14723647348428325000,2087.02000000000000000000,1022.38679104931530758272,6405.54960730579959183272,31.24658345027219
2025-12-01,2025-12-01,0,persona_x_initial_plan,Developer_IT,free,101,101,0,0,0,100.0,0.0,0.0,0.0,6.00000000000000000000,209.34194757879018336100,2864.00000000000000000000,363.00152125369877665463,3442.34346883248896001563,34.082608602301875
2025-12-01,2025-12-01,0,persona_x_initial_plan,Developer_IT,plus,13,13,0,0,0,100.0,0.0,0.0,0.0,165.00000000000000000000,43.36533799994372502000,0.00000000000000000000,99.10062962301370577000,307.46596762295743079000,23.651228278689032
2025-12-01,2025-12-01,0,persona_x_initial_plan,Developer_IT,start,117,116,0,0,1,99.15,0.0,0.0,0.85,661.90847222200000000000,455.76285721354857615300,1446.00000000000000000000,593.49484324712349624882,3157.16617268267207240182,26.98432626224506
2025-12-01,2025-12-01,0,persona_x_initial_plan,Media_Publishing,business,1,1,0,0,0,100.0,0.0,0.0,0.0,0.00000000000000000000,0.00000000000000000000,0.00000000000000000000,7.18839770958904100000,7.18839770958904100000,7.188397709589041
2025-12-01,2025-12-01,0,persona_x_initial_plan,Media_Publishing,free,55,55,0,0,0,100.0,0.0,0.0,0.0,0.00000000000000000000,98.32077070143595626000,662.00000000000000000000,56.48782936109590704263,816.80860006253186330263,14.851065455682397
2025-12-01,2025-12-01,0,persona_x_initial_plan,Media_Publishing,plus,8,7,0,0,1,87.5,0.0,0.0,12.5,76.87500000000000000000,94.74638343699462369300,118.00000000000000000000,246.41287702301373770233,536.03426046000836139533,67.00428255750104
2025-12-01,2025-12-01,0,persona_x_initial_plan,Media_Publishing,start,45,44,0,0,1,97.78,0.0,0.0,2.22,222.91750000000000000000,162.87897174948272154000,552.00000000000000000000,122.72979312164387762378,1060.52626487112659916378,23.56725033046948
2025-12-01,2025-12-01,0,persona_x_initial_plan,Medical_Professionals,free,11,11,0,0,0,100.0,0.0,0.0,0.0,0.00000000000000000000,2.41208669612195430000,0.00000000000000000000,14.54134712931507043367,16.95343382543702473367,1.5412212568579113
2025-12-01,2025-12-01,0,persona_x_initial_plan,Medical_Professionals,plus,3,3,0,0,0,100.0,0.0,0.0,0.0,25.00000000000000000000,608.66635833911502110000,0.00000000000000000000,21.92810077534246981000,655.59445911445749091000,218.5314863714858
2025-12-01,2025-12-01,0,persona_x_initial_plan,Medical_Professionals,start,14,14,0,0,0,100.0,0.0,0.0,0.0,80.00000000000000000000,104.99315832889161756000,0.00000000000000000000,26.80325178684931837270,211.79641011574093593270,15.12831500826721
2025-12-01,2025-12-01,0,persona_x_initial_plan,Others,business,18,18,0,0,0,100.0,0.0,0.0,0.0,320.00000000000000000000,1904.72769606686868170000,0.00000000000000000000,142.94320895178087228550,2367.67090501864955398550,131.53727250103609
2025-12-01,2025-12-01,0,persona_x_initial_plan,Others,free,183,183,0,0,0,100.0,0.0,0.0,0.0,6.82000000000000000000,966.68536852355852127000,2090.40000000000000000000,316.52630978739733521086,3380.43167831095585648086,18.47230425306533
2025-12-01,2025-12-01,0,persona_x_initial_plan,Others,plus,60,60,0,0,0,100.0,0.0,0.0,0.0,454.79166666600000000000,896.00492377857889587000,700.00000000000000000000,475.63686594027408778605,2526.43345638485298365605,42.10722427308088
2025-12-01,2025-12-01,0,persona_x_initial_plan,Others,start,191,191,0,0,0,100.0,0.0,0.0,0.0,858.47916666700000000000,1086.48378218213873103600,1010.56000000000000000000,764.32264175835639105681,3719.84559060749512209281,19.475631364437145
2025-12-01,2025-12-01,0,persona_x_initial_plan,Professeur,business,2,2,0,0,0,100.0,0.0,0.0,0.0,80.00000000000000000000,100.35481438056317370000,0.00000000000000000000,0.37293543726027396280,180.72774981782344766280,90.36387490891173
2025-12-01,2025-12-01,0,persona_x_initial_plan,Professeur,free,33,33,0,0,0,100.0,0.0,0.0,0.0,0.00000000000000000000,87.44601325155205310000,20.00000000000000000000,43.57199395452055930430,151.01800720607261240430,4.576303248668867
2025-12-01,2025-12-01,0,persona_x_initial_plan,Professeur,plus,5,5,0,0,0,100.0,0.0,0.0,0.0,86.25000000000000000000,18.18670395374934400000,0.00000000000000000000,11.03496855506849763000,115.47167250881784163000,23.09433450176357
2025-12-01,2025-12-01,0,persona_x_initial_plan,Professeur,start,43,43,0,0,0,100.0,0.0,0.0,0.0,247.87500000000000000000,201.38229668634642295700,236.00000000000000000000,112.69064597753428406410,797.94794266388070702110,18.556928899160017
2025-12-01,2025-12-01,0,persona_x_initial_plan,Repair,business,1,1,0,0,0,100.0,0.0,0.0,0.0,0.00000000000000000000,139.81914882374784000000,0.00000000000000000000,0.51576078904109600000,140.33490961278893600000,140.33490961278895
2025-12-01,2025-12-01,0,persona_x_initial_plan,Repair,free,8,8,0,0,0,100.0,0.0,0.0,0.0,0.00000000000000000000,6.09617133785748600000,8.00000000000000000000,7.42813767726027446980,21.52430901511776046980,2.6905386268897202
2025-12-01,2025-12-01,0,persona_x_initial_plan,Repair,plus,2,2,0,0,0,100.0,0.0,0.0,0.0,25.00000000000000000000,2.38128017810703870000,0.00000000000000000000,0.58736107890410952000,27.96864125701114822000,13.984320628505575
2025-12-01,2025-12-01,0,persona_x_initial_plan,Repair,start,8,8,0,0,0,100.0,0.0,0.0,0.0,42.00000000000000000000,13.70739732833027416000,0.00000000000000000000,2.21369440273972733430,57.92109173107000149430,7.24013646638375
2025-12-01,2025-12-01,0,persona_x_initial_plan,Repair_Installation,free,2,2,0,0,0,100.0,0.0,0.0,0.0,0.00000000000000000000,14.44675376068825300000,0.00000000000000000000,0.45353001589041096800,14.90028377657866396800,7.450141888289332
2025-12-01,2025-12-01,0,persona_x_initial_plan,Repair_Installation,start,2,2,0,0,0,100.0,0.0,0.0,0.0,22.00000000000000000000,0.00000000000000000000,0.00000000000000000000,14.82212320219178723000,36.82212320219178723000,18.411061601095895
2025-12-01,2025-12-01,0,persona_x_initial_plan,Restauration,business,1,1,0,0,0,100.0,0.0,0.0,0.0,0.00000000000000000000,132.35307777005255000000,0.00000000000000000000,1.90205549589041120000,134.25513326594296120000,134.25513326594296
2025-12-01,2025-12-01,0,persona_x_initial_plan,Restauration,free,34,34,0,0,0,100.0,0.0,0.0,0.0,11.02000000000000000000,83.89240889180139183000,150.00000000000000000000,33.74087804109589884790,278.65328693289729067790,8.195684909791098
2025-12-01,2025-12-01,0,persona_x_initial_plan,Restauration,plus,13,13,0,0,0,100.0,0.0,0.0,0.0,170.00000000000000000000,589.63114879733132933000,138.00000000000000000000,91.96311267616438537800,989.59426147349571470800,76.12263549796121
2025-12-01,2025-12-01,0,persona_x_initial_plan,Restauration,start,33,33,0,0,0,100.0,0.0,0.0,0.0,136.28125000000000000000,163.29960451236453088000,276.00000000000000000000,66.52307157863016632880,642.10392609099469720880,19.45769473003014
2025-12-01,2025-12-01,0,persona_x_initial_plan,Retail,business,3,3,0,0,0,100.0,0.0,0.0,0.0,0.00000000000000000000,89.65057507534251660000,0.00000000000000000000,0.70344662575342474000,90.35402170109594134000,30.11800723369865
2025-12-01,2025-12-01,0,persona_x_initial_plan,Retail,free,172,171,0,0,1,99.42,0.0,0.0,0.58,9.31000000000000000000,613.67659814848979716300,2396.00000000000000000000,321.94797736493156120969,3340.93457551342135837269,19.424038229729195
2025-12-01,2025-12-01,0,persona_x_initial_plan,Retail,plus,57,57,0,0,0,100.0,0.0,0.0,0.0,561.30333333300000000000,989.17311158022553567300,416.04000000000000000000,261.60031787342472142065,2228.11676278665025709365,39.089767768186846
2025-12-01,2025-12-01,0,persona_x_initial_plan,Retail,start,155,154,0,0,1,99.35,0.0,0.0,0.65,700.33625000000000000000,1059.49099968468893521600,2524.20000000000000000000,616.05564516109608815716,4900.08289484578502337316,31.613438031263126
2025-12-01,2025-12-01,0,persona_x_initial_plan,Wholesale,business,5,5,0,0,0,100.0,0.0,0.0,0.0,80.00000000000000000000,65.04550463349817220000,0.00000000000000000000,18.69793129808219416200,163.74343593158036636200,32.748687186316076
2025-12-01,2025-12-01,0,persona_x_initial_plan,Wholesale,free,12,12,0,0,0,100.0,0.0,0.0,0.0,0.00000000000000000000,27.14738629908101422000,142.00000000000000000000,22.14457279671233338300,191.29195909579334760300,15.940996591316113
2025-12-01,2025-12-01,0,persona_x_initial_plan,Wholesale,plus,16,16,0,0,0,100.0,0.0,0.0,0.0,178.12500000000000000000,226.30452217645679580000,142.00000000000000000000,80.26121322739726973100,626.69073540385406553100,39.16817096274088
2025-12-01,2025-12-01,0,persona_x_initial_plan,Wholesale,start,34,33,0,0,1,97.06,0.0,0.0,2.94,154.31250000000000000000,167.16833373193805576000,8.00000000000000000000,190.25218415780826484643,519.73301788974632060643,15.286265232051361
2025-12-01,2026-01-01,1,initial_plan,ALL,business,65,42,23,0,0,64.62,35.38,0.0,0.0,3110.00000000000000000000,4568.02457579997607630000,0.90000000000000000000,869.37014656821915879110,8548.29472236819523509110,131.51222649797222
2025-12-01,2026-01-01,1,initial_plan,ALL,free,1129,1077,48,0,4,95.39,4.25,0.0,0.35,411.56323775400000000000,6693.76220039996503988790,814.29999999999999700000,9419.00215187835706101772,17338.62759003232209790562,15.35750893714112
2025-12-01,2026-01-01,1,initial_plan,ALL,plus,357,339,17,0,1,94.96,4.76,0.0,0.28,7610.32406006300000000000,15118.81045019992127843100,379.02000000000000000000,5052.56834910794565745510,28160.72285937086693588610,78.88157663689319
2025-12-01,2026-01-01,1,initial_plan,ALL,start,1155,1125,25,0,5,97.4,2.16,0.0,0.43,11080.98244379400000610000,22444.43648579988076546246,392.34000000000000000000,10261.67154102027465346856,44179.43047061415542503102,38.250589152046885
2025-12-01,2026-01-01,1,overall,ALL,ALL,2706,2583,113,0,10,95.45,4.18,0.0,0.37,22212.86974161100000610000,48825.03371219974316008136,1586.55999999999999700000,25602.61218857479653073248,98227.07564238553969391384,36.29973231425925
2025-12-01,2026-01-01,1,persona,Automobile_Trade_Repair,ALL,123,117,4,0,2,95.12,3.25,0.0,1.63,1458.72268817200000000000,2812.25919419998534244700,26.30000000000000000000,927.21356468383569077307,5224.49544705582103322007,42.475572740291234
2025-12-01,2026-01-01,1,persona,BTP,ALL,461,442,19,0,0,95.88,4.12,0.0,0.0,5328.28037482600000310000,13105.70959139993190178100,192.22000000000000000000,6039.93997259835658487155,24666.14993882428848975255,53.50574824039976
2025-12-01,2026-01-01,1,persona,Bankers_Insurance,ALL,39,37,2,0,0,94.87,5.13,0.0,0.0,147.00000000000000000000,388.33860419999796409000,21.78000000000000000000,443.46340476931512499129,1000.58200896931308908129,25.655948947931105
2025-12-01,2026-01-01,1,persona,Bikers_Drivers,ALL,152,136,15,0,1,89.47,9.87,0.0,0.66,1204.23333333300000000000,1570.44612599999180830700,48.00000000000000000000,513.32068640876719790781,3336.00014574175900621481,21.94736937987999
2025-12-01,2026-01-01,1,persona,Cleaning_CallCenters,ALL,11,9,1,0,1,81.82,9.09,0.0,9.09,103.00000000000000000000,637.10123399999654940000,13.44000000000000000000,457.19471134794527197900,1210.73594534794182137900,110.06690412254017
2025-12-01,2026-01-01,1,persona,Consultant,ALL,459,442,16,0,1,96.3,3.49,0.0,0.22,2626.14333333300000000000,8927.91463139995130185600,222.22000000000000000000,5764.63274028821965149067,17540.91070502117095334667,38.215491732072266
2025-12-01,2026-01-01,1,persona,Developer_IT,ALL,231,222,8,0,1,96.1,3.46,0.0,0.43,1393.51032258100000000000,2409.88663619998731955000,153.20000000000000000000,3058.78309112931530804388,7015.38004991030262759388,30.369610605672307
2025-12-01,2026-01-01,1,persona,Media_Publishing,ALL,109,104,4,0,1,95.41,3.67,0.0,0.92,681.14774193500000000000,1316.44963799999309151000,57.50000000000000000000,979.11515825917808727700,3034.21253819417117878700,27.836812277010743
2025-12-01,2026-01-01,1,persona,Medical_Professionals,ALL,28,28,0,0,0,100.0,0.0,0.0,0.0,196.00000000000000000000,556.28607599999713150000,168.90000000000000000000,132.89733051013699626689,1054.08340651013412776689,37.645835946790505
2025-12-01,2026-01-01,1,persona,Others,ALL,452,428,24,0,0,94.69,5.31,0.0,0.0,3554.67592592600000000000,6128.46711899996776338000,221.72000000000000000000,3825.27593132164415102273,13730.13897624761191440273,30.37641366426463
2025-12-01,2026-01-01,1,persona,Professeur,ALL,83,80,3,0,0,96.39,3.61,0.0,0.0,666.04935483900000000000,490.26872699999747304600,46.14000000000000000000,434.88585834301375169056,1637.34394018201122473656,19.727035423879652
2025-12-01,2026-01-01,1,persona,Repair,ALL,19,18,1,0,0,94.74,5.26,0.0,0.0,125.00000000000000000000,250.17953939999867290000,4.10000000000000000000,10.17284618630137108490,389.45238558630004398490,20.49749397822632
2025-12-01,2026-01-01,1,persona,Repair_Installation,ALL,4,4,0,0,0,100.0,0.0,0.0,0.0,25.41000000000000000000,59.33512799999968670000,8.00000000000000000000,9.81262213534246518000,102.55775013534215188000,25.639437533835537
2025-12-01,2026-01-01,1,persona,Restauration,ALL,81,79,2,0,0,97.53,2.47,0.0,0.0,705.09000000000000000000,3049.22521799998416887000,71.20000000000000000000,390.21340854410960593915,4215.72862654409377480915,52.04603242647029
2025-12-01,2026-01-01,1,persona,Retail,ALL,387,372,13,0,2,96.12,3.36,0.0,0.52,2907.60666666600000300000,5738.81445179997025823636,280.11999999999999700000,1795.45817494356177564918,10721.99929340953203388554,27.705424530773982
2025-12-01,2026-01-01,1,persona,Wholesale,ALL,67,65,1,0,1,97.01,1.49,0.0,1.49,1091.00000000000000000000,1384.35179759999272650800,51.72000000000000000000,820.23268710575349656480,3347.30448470574622307280,49.95976842844397
2025-12-01,2026-01-01,1,persona_x_initial_plan,Automobile_Trade_Repair,business,4,4,0,0,0,100.0,0.0,0.0,0.0,320.00000000000000000000,307.57147379999838500000,0.00000000000000000000,144.76448280767124385800,772.33595660766962885800,193.0839891519174
2025-12-01,2026-01-01,1,persona_x_initial_plan,Automobile_Trade_Repair,free,30,27,2,0,1,90.0,6.67,0.0,3.33,16.97000000000000000000,207.25741439999893530700,10.00000000000000000000,113.93664989260272628731,348.16406429260166159431,11.605468809753388
2025-12-01,2026-01-01,1,persona_x_initial_plan,Automobile_Trade_Repair,plus,25,24,1,0,0,96.0,4.0,0.0,0.0,473.33333333300000000000,916.01562599999520390000,1.86000000000000000000,305.59564761260279482996,1696.80460694559799872996,67.87218427782392
2025-12-01,2026-01-01,1,persona_x_initial_plan,Automobile_Trade_Repair,start,64,62,1,0,1,96.88,1.56,0.0,1.56,648.41935483900000000000,1381.41467999999281824000,14.44000000000000000000,362.91678437095892579780,2407.19081920995174403780,37.612356550155496
2025-12-01,2026-01-01,1,persona_x_initial_plan,BTP,business,21,16,5,0,0,76.19,23.81,0.0,0.0,1190.00000000000000000000,3101.84400599998394150000,0.00000000000000000000,182.69779794958902787560,4474.54180394957296937560,213.07341923569393
2025-12-01,2026-01-01,1,persona_x_initial_plan,BTP,free,175,168,7,0,0,96.0,4.0,0.0,0.0,38.30064516100000000000,1554.59100959999178628000,105.74000000000000000000,2826.51434225863032185307,4525.14599701962210813307,25.857977125826412
2025-12-01,2026-01-01,1,persona_x_initial_plan,BTP,plus,96,92,4,0,0,95.83,4.17,0.0,0.0,2360.48459770000000000000,3831.19647659998033224100,71.56000000000000000000,1383.04461170301383511292,7646.28568600299416735392,79.64880922919785
2025-12-01,2026-01-01,1,persona_x_initial_plan,BTP,start,169,166,3,0,0,98.22,1.78,0.0,0.0,1739.49513196500000310000,4618.07809919997584176000,14.92000000000000000000,1647.68322068712340002996,8020.17645185209924488996,47.456665395574554
2025-12-01,2026-01-01,1,persona_x_initial_plan,Bankers_Insurance,free,26,24,2,0,0,92.31,7.69,0.0,0.0,0.00000000000000000000,1.63115999999999165000,12.00000000000000000000,342.90472883726032019129,356.53588883726031184129,13.712918801433089
2025-12-01,2026-01-01,1,persona_x_initial_plan,Bankers_Insurance,plus,3,3,0,0,0,100.0,0.0,0.0,0.0,50.00000000000000000000,370.17557819999805900000,0.00000000000000000000,38.14442852219178490000,458.32000672218984390000,152.77333557406328
2025-12-01,2026-01-01,1,persona_x_initial_plan,Bankers_Insurance,start,10,10,0,0,0,100.0,0.0,0.0,0.0,97.00000000000000000000,16.53186599999991344000,9.78000000000000000000,62.41424740986301990000,185.72611340986293334000,18.572611340986292
2025-12-01,2026-01-01,1,persona_x_initial_plan,Bikers_Drivers,business,5,4,1,0,0,80.0,20.0,0.0,0.0,240.00000000000000000000,343.37483999999821000000,0.00000000000000000000,64.24157336657534500000,647.61641336657355500000,129.5232826733147
2025-12-01,2026-01-01,1,persona_x_initial_plan,Bikers_Drivers,free,62,54,7,0,1,87.1,11.29,0.0,1.61,0.00000000000000000000,358.76901599999812055700,26.00000000000000000000,123.88475362849316151793,508.65376962849128207493,8.204093058524053
2025-12-01,2026-01-01,1,persona_x_initial_plan,Bikers_Drivers,plus,24,22,2,0,0,91.67,8.33,0.0,0.0,453.23333333300000000000,437.94944999999770350000,22.00000000000000000000,101.13315738246575676388,1014.31594071546346026388,42.263164196477646
2025-12-01,2026-01-01,1,persona_x_initial_plan,Bikers_Drivers,start,61,56,5,0,0,91.8,8.2,0.0,0.0,511.00000000000000000000,430.35281999999777425000,0.00000000000000000000,224.06120203123293462600,1165.41402203123070887600,19.105147902151323
2025-12-01,2026-01-01,1,persona_x_initial_plan,Cleaning_CallCenters,free,3,3,0,0,0,100.0,0.0,0.0,0.0,0.00000000000000000000,21.46472999999989070000,0.00000000000000000000,9.00510784767123172900,30.46983784767112242900,10.156612615890374
2025-12-01,2026-01-01,1,persona_x_initial_plan,Cleaning_CallCenters,plus,4,3,0,0,1,75.0,0.0,0.0,25.0,70.00000000000000000000,368.16884999999801100000,0.00000000000000000000,436.33587368164390400000,874.50472368164191500000,218.6261809204105
2025-12-01,2026-01-01,1,persona_x_initial_plan,Cleaning_CallCenters,start,4,3,1,0,0,75.0,25.0,0.0,0.0,33.00000000000000000000,247.46765399999864770000,13.44000000000000000000,11.85372981863013625000,305.76138381862878395000,76.44034595465719
2025-12-01,2026-01-01,1,persona_x_initial_plan,Consultant,business,4,1,3,0,0,25.0,75.0,0.0,0.0,80.00000000000000000000,0.00000000000000000000,0.00000000000000000000,0.53373788493150676000,80.53373788493150676000,20.133434471232878
2025-12-01,2026-01-01,1,persona_x_initial_plan,Consultant,free,222,214,7,0,1,96.4,3.15,0.0,0.45,88.51000000000000000000,1107.41291999999417475700,117.72000000000000000000,3030.83726845479485011429,4344.48018845478902487129,19.569730578625176
2025-12-01,2026-01-01,1,persona_x_initial_plan,Consultant,plus,28,26,2,0,0,92.86,7.14,0.0,0.0,583.33333333300000000000,1247.98501799999328615000,0.00000000000000000000,545.33823474191783516640,2376.65658607491112131640,84.88059235981825
2025-12-01,2026-01-01,1,persona_x_initial_plan,Consultant,start,205,201,4,0,0,98.05,1.95,0.0,0.0,1874.30000000000000000000,6572.51669339996384094900,104.50000000000000000000,2187.92349920657545944998,10739.24019260653930039898,52.38653752490995
2025-12-01,2026-01-01,1,persona_x_initial_plan,Developer_IT,free,101,94,7,0,0,93.07,6.93,0.0,0.0,17.22000000000000000000,498.48696719999738750600,119.66000000000000000000,1192.44994530630151060528,1827.81691250629889811128,18.097197153527713
2025-12-01,2026-01-01,1,persona_x_initial_plan,Developer_IT,plus,13,13,0,0,0,100.0,0.0,0.0,0.0,244.51612903200000000000,31.62621599999983344000,1.40000000000000000000,232.34722692986308637000,509.88957196186291981000,39.22227476629715
2025-12-01,2026-01-01,1,persona_x_initial_plan,Developer_IT,start,117,115,1,0,1,98.29,0.85,0.0,0.85,1131.77419354900000000000,1879.77345299999009860400,32.14000000000000000000,1633.98591889315071106860,4677.67356544214080967260,39.98011594394992
2025-12-01,2026-01-01,1,persona_x_initial_plan,Media_Publishing,business,1,1,0,0,0,100.0,0.0,0.0,0.0,80.00000000000000000000,7.31708999999996120000,0.00000000000000000000,11.67699941041095900000,98.99408941041092020000,98.99408941041092
2025-12-01,2026-01-01,1,persona_x_initial_plan,Media_Publishing,free,55,53,2,0,0,96.36,3.64,0.0,0.0,16.18000000000000000000,162.71059679999916193000,18.62000000000000000000,154.09282620931509127750,351.60342300931425320750,6.392789509260259
2025-12-01,2026-01-01,1,persona_x_initial_plan,Media_Publishing,plus,8,7,1,0,0,87.5,12.5,0.0,0.0,165.00000000000000000000,203.90540399999891880000,0.00000000000000000000,379.90289457917805156000,748.80829857917697036000,93.60103732239712
2025-12-01,2026-01-01,1,persona_x_initial_plan,Media_Publishing,start,45,43,1,0,1,95.56,2.22,0.0,2.22,419.96774193500000000000,942.51654719999504958000,38.88000000000000000000,433.44243806027398543950,1834.80672719526903501950,40.77348282656153
2025-12-01,2026-01-01,1,persona_x_initial_plan,Medical_Professionals,free,11,11,0,0,0,100.0,0.0,0.0,0.0,0.00000000000000000000,35.19077399999981600000,4.30000000000000000000,52.57937906904109909999,92.07015306904091509999,8.370013915367355
2025-12-01,2026-01-01,1,persona_x_initial_plan,Medical_Professionals,plus,3,3,0,0,0,100.0,0.0,0.0,0.0,50.00000000000000000000,459.49796999999764100000,164.60000000000000000000,27.65569935452054754000,701.75366935451818854000,233.9178897848394
2025-12-01,2026-01-01,1,persona_x_initial_plan,Medical_Professionals,start,14,14,0,0,0,100.0,0.0,0.0,0.0,146.00000000000000000000,61.59733199999967450000,0.00000000000000000000,52.66225208657534962690,260.25958408657502412690,18.58997029189822
2025-12-01,2026-01-01,1,persona_x_initial_plan,Others,business,18,8,10,0,0,44.44,55.56,0.0,0.0,560.00000000000000000000,532.52198999999704880000,0.90000000000000000000,459.93760013041093835750,1553.35959013040798715750,86.29775500724489
2025-12-01,2026-01-01,1,persona_x_initial_plan,Others,free,183,177,6,0,0,96.72,3.28,0.0,0.0,176.34259259300000000000,950.30887139999507878700,138.28000000000000000000,742.90168735232884883574,2007.83315134532392762274,10.971765854346033
2025-12-01,2026-01-01,1,persona_x_initial_plan,Others,plus,60,56,4,0,0,93.33,6.67,0.0,0.0,1041.66666666600000000000,2313.49295699998782500000,31.44000000000000000000,758.50382111835625049983,4145.10344478434407549983,69.0850574130724
2025-12-01,2026-01-01,1,persona_x_initial_plan,Others,start,191,187,4,0,0,97.91,2.09,0.0,0.0,1776.66666666700000000000,2332.14330059998781079300,51.10000000000000000000,1863.93282272054811332966,6023.84278998753592412266,31.538443926636315
2025-12-01,2026-01-01,1,persona_x_initial_plan,Professeur,business,2,1,1,0,0,50.0,50.0,0.0,0.0,80.00000000000000000000,31.33043999999984300000,0.00000000000000000000,0.29478417863013700000,111.62522417862998000000,55.81261208931499
2025-12-01,2026-01-01,1,persona_x_initial_plan,Professeur,free,33,31,2,0,0,93.94,6.06,0.0,0.0,32.63000000000000000000,132.15100499999933413600,40.38000000000000000000,129.14715693753426055690,334.30816193753359469290,10.130550361743444
2025-12-01,2026-01-01,1,persona_x_initial_plan,Professeur,plus,5,5,0,0,0,100.0,0.0,0.0,0.0,120.00000000000000000000,46.55905559999975350000,1.64000000000000000000,76.48486729643837279000,244.68392289643812629000,48.936784579287625
2025-12-01,2026-01-01,1,persona_x_initial_plan,Professeur,start,43,43,0,0,0,100.0,0.0,0.0,0.0,433.41935483900000000000,280.22822639999854241000,4.12000000000000000000,228.95904993041098134366,946.72663116940952375366,22.016898399288593
2025-12-01,2026-01-01,1,persona_x_initial_plan,Repair,business,1,0,1,0,0,0.0,100.0,0.0,0.0,0.00000000000000000000,0.00000000000000000000,0.00000000000000000000,0.00000000000000000000,0.00000000000000000000,0.0
2025-12-01,2026-01-01,1,persona_x_initial_plan,Repair,free,8,8,0,0,0,100.0,0.0,0.0,0.0,0.00000000000000000000,221.23319399999882530000,4.00000000000000000000,6.71816154410958947990,231.95135554410841477990,28.993919443013553
2025-12-01,2026-01-01,1,persona_x_initial_plan,Repair,plus,2,2,0,0,0,100.0,0.0,0.0,0.0,50.00000000000000000000,5.90332139999996900000,0.10000000000000000000,0.48936080328767134500,56.49268220328764034500,28.24634110164382
2025-12-01,2026-01-01,1,persona_x_initial_plan,Repair,start,8,8,0,0,0,100.0,0.0,0.0,0.0,75.00000000000000000000,23.04302399999987860000,0.00000000000000000000,2.96532383890411026000,101.00834783890398886000,12.626043479862998
2025-12-01,2026-01-01,1,persona_x_initial_plan,Repair_Installation,free,2,2,0,0,0,100.0,0.0,0.0,0.0,3.41000000000000000000,52.96717799999972000000,8.00000000000000000000,2.44982240767123318000,66.82700040767095318000,33.413500203835476
2025-12-01,2026-01-01,1,persona_x_initial_plan,Repair_Installation,start,2,2,0,0,0,100.0,0.0,0.0,0.0,22.00000000000000000000,6.36794999999996670000,0.00000000000000000000,7.36279972767123200000,35.73074972767119870000,17.865374863835598
2025-12-01,2026-01-01,1,persona_x_initial_plan,Restauration,business,1,0,1,0,0,0.0,100.0,0.0,0.0,0.00000000000000000000,0.00000000000000000000,0.00000000000000000000,0.00000000000000000000,0.00000000000000000000,0.0
2025-12-01,2026-01-01,1,persona_x_initial_plan,Restauration,free,34,33,1,0,0,97.06,2.94,0.0,0.0,11.00000000000000000000,261.22071599999867077000,66.40000000000000000000,88.95205566739726867540,427.57277166739593944540,12.57566975492341
2025-12-01,2026-01-01,1,persona_x_initial_plan,Restauration,plus,13,13,0,0,0,100.0,0.0,0.0,0.0,402.09000000000000000000,2189.06593199998875900000,0.00000000000000000000,137.30454167835616640265,2728.46047367834492540265,209.88157489833424
2025-12-01,2026-01-01,1,persona_x_initial_plan,Restauration,start,33,33,0,0,0,100.0,0.0,0.0,0.0,292.00000000000000000000,598.93856999999673910000,4.80000000000000000000,163.95681119835617086110,1059.69538119835290996110,32.11198124843494
2025-12-01,2026-01-01,1,persona_x_initial_plan,Retail,business,3,2,1,0,0,66.67,33.33,0.0,0.0,160.00000000000000000000,164.02670999999912200000,0.00000000000000000000,2.42960277863013762000,326.45631277862925962000,108.81877092620975
2025-12-01,2026-01-01,1,persona_x_initial_plan,Retail,free,172,167,4,0,1,97.09,2.33,0.0,0.58,11.00000000000000000000,1116.71978399999420741790,134.39999999999999700000,554.80756608328773977412,1816.92735008328194419202,10.56353110513536
2025-12-01,2026-01-01,1,persona_x_initial_plan,Retail,plus,57,54,3,0,0,94.74,5.26,0.0,0.0,1181.66666666600000000000,1839.33858599999044853000,72.42000000000000000000,440.41486648657532682086,3533.84011915256577535086,61.99719507285203
2025-12-01,2026-01-01,1,persona_x_initial_plan,Retail,start,155,149,5,0,1,96.13,3.23,0.0,0.65,1554.94000000000000300000,2618.72937179998648028846,73.30000000000000000000,797.80613959506857143420,5044.77551139505505472266,32.5469387831939
2025-12-01,2026-01-01,1,persona_x_initial_plan,Wholesale,business,5,5,0,0,0,100.0,0.0,0.0,0.0,400.00000000000000000000,80.03802599999956480000,0.00000000000000000000,2.79356806136986332000,482.83159406136942812000,96.56631881227388
2025-12-01,2026-01-01,1,persona_x_initial_plan,Wholesale,free,12,11,1,0,0,91.67,8.33,0.0,0.0,0.00000000000000000000,11.64686399999993879000,8.80000000000000000000,47.82070038191780784000,68.26756438191774663000,5.688963698493146
2025-12-01,2026-01-01,1,persona_x_initial_plan,Wholesale,plus,16,16,0,0,0,100.0,0.0,0.0,0.0,365.00000000000000000000,857.93000939999553437000,12.00000000000000000000,189.87311721753427335360,1424.80312661752980772360,89.05019541359562
2025-12-01,2026-01-01,1,persona_x_initial_plan,Wholesale,start,34,33,0,0,1,97.06,0.0,0.0,2.94,326.00000000000000000000,434.73689819999768854800,30.92000000000000000000,579.74530144493155205120,1371.40219964492924059920,40.33535881308615
2025-12-01,2026-02-01,2,initial_plan,ALL,business,65,39,26,0,0,60.0,40.0,0.0,0.0,2906.00000000000000000000,4464.67015799998183892000,23.46000000000000000000,702.05362944438365659330,8096.18378744436549551330,124.55667365299024
2025-12-01,2026-02-01,2,initial_plan,ALL,free,1129,1043,82,0,4,92.38,7.26,0.0,0.35,589.03484127000000000000,9262.66111739996352480700,1855.74000000000000840000,11475.65130923561720516803,23183.08726790558073837503,20.534178270952683
2025-12-01,2026-02-01,2,initial_plan,ALL,plus,357,323,33,0,1,90.48,9.24,0.0,0.28,7816.57999999700000000000,17373.02582159993203724800,892.30000000000000000000,4871.09210706849378696393,30952.99792866542582421193,86.70307543043538
2025-12-01,2026-02-01,2,initial_plan,ALL,start,1155,1097,54,0,4,94.98,4.68,0.0,0.35,11142.46646929900000000000,24358.17351239990398208300,3749.67999999999999931800,12455.99997690082315772600,51706.31995859972713912700,44.76737658753223
2025-12-01,2026-02-01,2,overall,ALL,ALL,2706,2502,195,0,9,92.46,7.21,0.0,0.33,22454.08131056600000000000,55458.53060939978138305800,6521.18000000000000771800,29504.79702264931780645126,113938.58894261509919722726,42.1059087001534
2025-12-01,2026-02-01,2,persona,Automobile_Trade_Repair,ALL,123,109,12,0,2,88.62,9.76,0.0,1.63,1420.33333333300000000000,3580.08795359998574351300,179.01999999999999940000,915.18068158630149048029,6094.62196851928723339329,49.54977210178282
2025-12-01,2026-02-01,2,persona,BTP,ALL,461,432,29,0,0,93.71,6.29,0.0,0.0,5405.34200501200000000000,16353.97350839993550026900,744.94000000000000001800,7015.46990402849377722943,29519.72541744042927751643,64.03411153457795
2025-12-01,2026-02-01,2,persona,Bankers_Insurance,ALL,39,34,5,0,0,87.18,12.82,0.0,0.0,136.00000000000000000000,566.50967639999773234000,18.48000000000000000000,685.99601574465760750300,1406.98569214465533984300,36.07655620883732
2025-12-01,2026-02-01,2,persona,Bikers_Drivers,ALL,152,131,20,0,1,86.18,13.16,0.0,0.66,1237.23333333300000000000,2124.87031799999164815000,208.96000000000000000000,560.89159818958908423618,4131.95524952258073238618,27.183916115280137
2025-12-01,2026-02-01,2,persona,Cleaning_CallCenters,ALL,11,9,1,0,1,81.82,9.09,0.0,9.09,103.00000000000000000000,121.71320999999950660000,14.00000000000000000000,385.33775851506854418190,624.05096851506805078190,56.73190622864254
2025-12-01,2026-02-01,2,persona,Consultant,ALL,459,436,22,0,1,94.99,4.79,0.0,0.22,2727.43594202900000000000,8605.04467499996607710300,791.22000000000000000000,6904.91067204383622692078,19028.61128907280230402378,41.45666947510415
2025-12-01,2026-02-01,2,persona,Developer_IT,ALL,231,217,13,0,1,93.94,5.63,0.0,0.43,1404.92614130400000000000,2328.04082339999076567800,411.88000000000000400000,4159.09984504383599213450,8303.94680974782676181250,35.947821687220035
2025-12-01,2026-02-01,2,persona,Media_Publishing,ALL,109,103,6,0,0,94.5,5.5,0.0,0.0,659.13750000000000000000,1287.04520519999488014000,338.60000000000000000000,1011.19402598739736871215,3295.97673118739224885215,30.238318634746715
2025-12-01,2026-02-01,2,persona,Medical_Professionals,ALL,28,27,1,0,0,96.43,3.57,0.0,0.0,221.00000000000000000000,1219.78407599999520386000,94.50000000000000000000,215.01736673643838242418,1750.30144273643358628418,62.510765812015485
2025-12-01,2026-02-01,2,persona,Others,ALL,452,413,39,0,0,91.37,8.63,0.0,0.0,3614.56888888900000000000,7456.83839279997070021000,1813.54000000000000530000,3839.02660627561678879463,16723.97388796458749430463,36.99994223001015
2025-12-01,2026-02-01,2,persona,Professeur,ALL,83,77,6,0,0,92.77,7.23,0.0,0.0,670.00000000000000000000,1199.03407199999531311000,778.68000000000000000000,536.16464231561649371256,3183.87871431561180682256,38.35998450982665
2025-12-01,2026-02-01,2,persona,Repair,ALL,19,18,1,0,0,94.74,5.26,0.0,0.0,125.00000000000000000000,112.07136419999954891000,32.30000000000000000000,8.60683977095890463560,277.97820397095845354560,14.630431787945183
2025-12-01,2026-02-01,2,persona,Repair_Installation,ALL,4,4,0,0,0,100.0,0.0,0.0,0.0,33.00000000000000000000,78.51257999999968230000,11.20000000000000000000,25.34107928712329313000,148.05365928712297543000,37.01341482178074
2025-12-01,2026-02-01,2,persona,Restauration,ALL,81,74,7,0,0,91.36,8.64,0.0,0.0,668.80000000000000000000,2777.89948199998921058000,150.80000000000000000000,414.72095777479458897618,4012.22043977478379955618,49.533585676231894
2025-12-01,2026-02-01,2,persona,Retail,ALL,387,355,30,0,2,91.73,7.75,0.0,0.52,2848.86416666600000000000,6872.08033079997287363500,889.05999999999999900000,1985.69997906575360532448,12595.70447653172647795948,32.547039991038055
2025-12-01,2026-02-01,2,persona,Wholesale,ALL,67,63,3,0,1,94.03,4.48,0.0,1.49,1179.44000000000000000000,775.02494159999699666000,44.00000000000000000000,842.13905028383565805540,2840.60399188383265471540,42.397074505728845
2025-12-01,2026-02-01,2,persona_x_initial_plan,Automobile_Trade_Repair,business,4,4,0,0,0,100.0,0.0,0.0,0.0,320.00000000000000000000,294.86678399999883520000,1.46000000000000000000,128.86873973041096482500,745.19552373040980002500,186.29888093260246
2025-12-01,2026-02-01,2,persona_x_initial_plan,Automobile_Trade_Repair,free,30,27,2,0,1,90.0,6.67,0.0,3.33,11.00000000000000000000,147.37231799999943059000,42.85999999999999940000,65.05574534739726590663,266.28806334739669589663,8.876268778246557
2025-12-01,2026-02-01,2,persona_x_initial_plan,Automobile_Trade_Repair,plus,25,20,5,0,0,80.0,20.0,0.0,0.0,473.33333333300000000000,790.93110599999680295000,12.00000000000000000000,365.84728318465759384870,1642.11172251765439679870,65.68446890070618
2025-12-01,2026-02-01,2,persona_x_initial_plan,Automobile_Trade_Repair,start,64,58,5,0,1,90.63,7.81,0.0,1.56,616.00000000000000000000,2346.91774559999067477300,122.70000000000000000000,355.40891332383566589996,3441.02665892382634067296,53.766041545684786
2025-12-01,2026-02-01,2,persona_x_initial_plan,BTP,business,21,15,6,0,0,71.43,28.57,0.0,0.0,1190.00000000000000000000,2861.74538999998821840000,10.00000000000000000000,248.07244011342469834440,4309.81783011341291674440,205.2294204815911
2025-12-01,2026-02-01,2,persona_x_initial_plan,BTP,free,175,162,13,0,0,92.57,7.43,0.0,0.0,84.80428571400000000000,2079.87447239999183255300,240.92000000000000000000,3024.93615907397261397820,5430.53491718796444653120,31.031628098216938
2025-12-01,2026-02-01,2,persona_x_initial_plan,BTP,plus,96,93,3,0,0,96.88,3.13,0.0,0.0,2426.54666666600000000000,4918.03310519998103981600,173.42000000000000000000,1333.16094769643862259324,8851.16071956241966240924,92.19959082877521
2025-12-01,2026-02-01,2,persona_x_initial_plan,BTP,start,169,162,7,0,0,95.86,4.14,0.0,0.0,1703.99105263200000000000,6494.32054079997440950000,320.60000000000000001800,2409.30035714465784231359,10928.21195057663225183159,64.66397603891498
2025-12-01,2026-02-01,2,persona_x_initial_plan,Bankers_Insurance,free,26,22,4,0,0,84.62,15.38,0.0,0.0,0.00000000000000000000,9.54633599999996214000,4.00000000000000000000,503.78814857917813747300,517.33448457917809961300,19.897480176122237
2025-12-01,2026-02-01,2,persona_x_initial_plan,Bankers_Insurance,plus,3,3,0,0,0,100.0,0.0,0.0,0.0,50.00000000000000000000,533.69997839999786070000,0.78000000000000000000,52.06656102246575150000,636.54653942246361220000,212.18217980748787
2025-12-01,2026-02-01,2,persona_x_initial_plan,Bankers_Insurance,start,10,9,1,0,0,90.0,10.0,0.0,0.0,86.00000000000000000000,23.26336199999990950000,13.70000000000000000000,130.14130614301371853000,253.10466814301362803000,25.310466814301364
2025-12-01,2026-02-01,2,persona_x_initial_plan,Bikers_Drivers,business,5,3,2,0,0,60.0,40.0,0.0,0.0,240.00000000000000000000,480.60633599999812600000,10.00000000000000000000,86.37146764273973470000,816.97780364273786070000,163.39556072854757
2025-12-01,2026-02-01,2,persona_x_initial_plan,Bikers_Drivers,free,62,50,11,0,1,80.65,17.74,0.0,1.61,0.00000000000000000000,466.87395599999818237000,91.60000000000000000000,166.02064677095891817828,724.49460277095710054828,11.685396818886405
2025-12-01,2026-02-01,2,persona_x_initial_plan,Bikers_Drivers,plus,24,21,3,0,0,87.5,12.5,0.0,0.0,464.23333333300000000000,540.61340399999784070000,73.90000000000000000000,107.05010007452056277992,1185.79683740751840347992,49.408201558646596
2025-12-01,2026-02-01,2,persona_x_initial_plan,Bikers_Drivers,start,61,57,4,0,0,93.44,6.56,0.0,0.0,533.00000000000000000000,636.77662199999749908000,33.46000000000000000000,201.44938370136986857798,1404.68600570136736765798,23.027639437727334
2025-12-01,2026-02-01,2,persona_x_initial_plan,Cleaning_CallCenters,free,3,3,0,0,0,100.0,0.0,0.0,0.0,0.00000000000000000000,2.45316599999999060000,4.00000000000000000000,23.92706227397260178190,30.38022827397259238190,10.126742757990863
2025-12-01,2026-02-01,2,persona_x_initial_plan,Cleaning_CallCenters,plus,4,3,0,0,1,75.0,0.0,0.0,25.0,70.00000000000000000000,63.29651399999974300000,10.00000000000000000000,357.54884062246580600000,500.84535462246554900000,125.21133865561639
2025-12-01,2026-02-01,2,persona_x_initial_plan,Cleaning_CallCenters,start,4,3,1,0,0,75.0,25.0,0.0,0.0,33.00000000000000000000,55.96352999999977300000,0.00000000000000000000,3.86185561863013640000,92.82538561862990940000,23.206346404657477
2025-12-01,2026-02-01,2,persona_x_initial_plan,Consultant,business,4,1,3,0,0,25.0,75.0,0.0,0.0,80.00000000000000000000,0.00000000000000000000,0.00000000000000000000,0.26114985205479468000,80.26114985205479468000,20.0652874630137
2025-12-01,2026-02-01,2,persona_x_initial_plan,Consultant,free,222,214,7,0,1,96.4,3.15,0.0,0.45,170.10260869600000000000,1779.68610719999294116300,309.24000000000000000000,3604.82637191616462781784,5863.85508781215756898084,26.41376165681152
2025-12-01,2026-02-01,2,persona_x_initial_plan,Consultant,plus,28,24,4,0,0,85.71,14.29,0.0,0.0,558.33333333300000000000,1025.98039799999582114000,25.02000000000000000000,507.01522420547954227900,2116.34895553847536341900,75.58389126923126
2025-12-01,2026-02-01,2,persona_x_initial_plan,Consultant,start,205,197,8,0,0,96.1,3.9,0.0,0.0,1919.00000000000000000000,5799.37816979997731480000,456.96000000000000000000,2792.80792607013726214394,10968.14609587011457694394,53.5031516871713
2025-12-01,2026-02-01,2,persona_x_initial_plan,Developer_IT,free,101,93,8,0,0,92.08,7.92,0.0,0.0,42.55739130400000000000,631.22094179999753047100,222.20000000000000400000,1787.93322224328781031010,2683.91155534728534478110,26.573381736111735
2025-12-01,2026-02-01,2,persona_x_initial_plan,Developer_IT,plus,13,10,3,0,0,76.92,23.08,0.0,0.0,235.00000000000000000000,25.33053599999989697000,2.42000000000000000000,293.59776801260275794700,556.34830401260265491700,42.79602338558482
2025-12-01,2026-02-01,2,persona_x_initial_plan,Developer_IT,start,117,114,2,0,1,97.44,1.71,0.0,0.85,1127.36875000000000000000,1671.48934559999333823700,187.26000000000000000000,2077.56885478794542387740,5063.68695038793876211440,43.27937564434136
2025-12-01,2026-02-01,2,persona_x_initial_plan,Media_Publishing,business,1,1,0,0,0,100.0,0.0,0.0,0.0,80.00000000000000000000,64.84845599999974300000,0.00000000000000000000,4.44601447890410920000,149.29447047890385220000,149.29447047890386
2025-12-01,2026-02-01,2,persona_x_initial_plan,Media_Publishing,free,55,52,3,0,0,94.55,5.45,0.0,0.0,18.13750000000000000000,298.73910599999881144000,52.40000000000000000000,175.21340019342466708940,544.49000619342347852940,9.89981829442588
2025-12-01,2026-02-01,2,persona_x_initial_plan,Media_Publishing,plus,8,7,1,0,0,87.5,12.5,0.0,0.0,165.00000000000000000000,185.98492799999926140000,220.14000000000000000000,396.05754995506853946000,967.18247795506780086000,120.89780974438348
2025-12-01,2026-02-01,2,persona_x_initial_plan,Media_Publishing,start,45,43,2,0,0,95.56,4.44,0.0,0.0,396.00000000000000000000,737.47271519999706430000,66.06000000000000000000,435.47706136000005296275,1635.00977655999711726275,36.33355059022216
2025-12-01,2026-02-01,2,persona_x_initial_plan,Medical_Professionals,free,11,10,1,0,0,90.91,9.09,0.0,0.0,0.00000000000000000000,91.11932999999963990000,42.42000000000000000000,90.79985836383563447418,224.33918836383527437418,20.394471669439568
2025-12-01,2026-02-01,2,persona_x_initial_plan,Medical_Professionals,plus,3,3,0,0,0,100.0,0.0,0.0,0.0,75.00000000000000000000,1070.63087399999579230000,42.40000000000000000000,33.40304812328766540000,1221.43392212328345770000,407.1446407077612
2025-12-01,2026-02-01,2,persona_x_initial_plan,Medical_Professionals,start,14,14,0,0,0,100.0,0.0,0.0,0.0,146.00000000000000000000,58.03387199999977166000,9.68000000000000000000,90.81446024931508255000,304.52833224931485421000,21.75202373209392
2025-12-01,2026-02-01,2,persona_x_initial_plan,Others,business,18,7,11,0,0,38.89,61.11,0.0,0.0,356.00000000000000000000,535.64858999999786600000,0.00000000000000000000,215.73746215232880587590,1107.38605215232667187590,61.521447341795934
2025-12-01,2026-02-01,2,persona_x_initial_plan,Others,free,183,170,13,0,0,92.9,7.1,0.0,0.0,141.43555555600000000000,1096.51377599999563349000,319.62000000000000500000,931.91590547068506788160,2489.48523702668070637160,13.60374446462667
2025-12-01,2026-02-01,2,persona_x_initial_plan,Others,plus,60,56,4,0,0,93.33,6.67,0.0,0.0,1316.46666666600000000000,3449.53925819998670933300,254.16000000000000000000,627.01847188109588560564,5647.18439674708259493864,94.1197399457847
2025-12-01,2026-02-01,2,persona_x_initial_plan,Others,start,191,180,11,0,0,94.24,5.76,0.0,0.0,1800.66666666700000000000,2375.13676859999049138700,1239.76000000000000030000,2064.35476677150702943149,7479.91820203849752111849,39.16187540334292
2025-12-01,2026-02-01,2,persona_x_initial_plan,Professeur,business,2,1,1,0,0,50.0,50.0,0.0,0.0,80.00000000000000000000,0.17099999999999932000,0.00000000000000000000,0.01347494849315068600,80.18447494849315000600,40.09223747424657
2025-12-01,2026-02-01,2,persona_x_initial_plan,Professeur,free,33,29,4,0,0,87.88,12.12,0.0,0.0,36.00000000000000000000,197.94934799999919586000,74.80000000000000000000,158.99407271287674396830,467.74342071287593982830,14.17404305190533
2025-12-01,2026-02-01,2,persona_x_initial_plan,Professeur,plus,5,5,0,0,0,100.0,0.0,0.0,0.0,120.00000000000000000000,525.51791999999796300000,53.34000000000000000000,59.33002604164384760000,758.18794604164181060000,151.63758920832836
2025-12-01,2026-02-01,2,persona_x_initial_plan,Professeur,start,43,42,1,0,0,97.67,2.33,0.0,0.0,434.00000000000000000000,475.39580399999815493000,650.54000000000000000000,317.82706861260275145826,1877.76287261260090638826,43.66890401424653
2025-12-01,2026-02-01,2,persona_x_initial_plan,Repair,business,1,0,1,0,0,0.0,100.0,0.0,0.0,0.00000000000000000000,0.00000000000000000000,0.00000000000000000000,0.00000000000000000000,0.00000000000000000000,0.0
2025-12-01,2026-02-01,2,persona_x_initial_plan,Repair,free,8,8,0,0,0,100.0,0.0,0.0,0.0,0.00000000000000000000,81.40044599999966874000,32.00000000000000000000,4.15481896328767179530,117.55526496328734053530,14.694408120410918
2025-12-01,2026-02-01,2,persona_x_initial_plan,Repair,plus,2,2,0,0,0,100.0,0.0,0.0,0.0,50.00000000000000000000,12.11979419999995300000,0.30000000000000000000,0.96978591232876711300,63.38958011232872011300,31.69479005616436
2025-12-01,2026-02-01,2,persona_x_initial_plan,Repair,start,8,8,0,0,0,100.0,0.0,0.0,0.0,75.00000000000000000000,18.55112399999992717000,0.00000000000000000000,3.48223489534246572730,97.03335889534239289730,12.129169861917799
2025-12-01,2026-02-01,2,persona_x_initial_plan,Repair_Installation,free,2,2,0,0,0,100.0,0.0,0.0,0.0,11.00000000000000000000,76.35257999999969100000,11.20000000000000000000,9.74070697972602930000,108.29328697972572030000,54.14664348986286
2025-12-01,2026-02-01,2,persona_x_initial_plan,Repair_Installation,start,2,2,0,0,0,100.0,0.0,0.0,0.0,22.00000000000000000000,2.15999999999999130000,0.00000000000000000000,15.60037230739726383000,39.76037230739725513000,19.880186153698627
2025-12-01,2026-02-01,2,persona_x_initial_plan,Restauration,business,1,0,1,0,0,0.0,100.0,0.0,0.0,0.00000000000000000000,0.00000000000000000000,0.00000000000000000000,0.00000000000000000000,0.00000000000000000000,0.0
2025-12-01,2026-02-01,2,persona_x_initial_plan,Restauration,free,34,31,3,0,0,91.18,8.82,0.0,0.0,21.80000000000000000000,548.96140799999783450000,79.20000000000000000000,93.35660756273973787728,743.31801556273757237728,21.862294575374637
2025-12-01,2026-02-01,2,persona_x_initial_plan,Restauration,plus,13,11,2,0,0,84.62,15.38,0.0,0.0,355.00000000000000000000,1617.12253799999376800000,0.00000000000000000000,73.00777726684933080000,2045.13031526684309880000,157.31771655898794
2025-12-01,2026-02-01,2,persona_x_initial_plan,Restauration,start,33,32,1,0,0,96.97,3.03,0.0,0.0,292.00000000000000000000,611.81553599999760808000,71.60000000000000000000,248.35657294520552029890,1223.77210894520312837890,37.08400330136979
2025-12-01,2026-02-01,2,persona_x_initial_plan,Retail,business,3,2,1,0,0,66.67,33.33,0.0,0.0,160.00000000000000000000,187.73346599999920500000,2.00000000000000000000,2.64826983068493201000,352.38173583068413701000,117.46057861022804
2025-12-01,2026-02-01,2,persona_x_initial_plan,Retail,free,172,159,12,0,1,92.44,6.98,0.0,0.58,52.19750000000000000000,1742.56981199999322780000,315.28000000000000000000,645.81140204986308007502,2755.85871404985630787502,16.022434384010793
2025-12-01,2026-02-01,2,persona_x_initial_plan,Retail,plus,57,50,7,0,0,87.72,12.28,0.0,0.0,1106.66666666600000000000,2173.14995759999126445900,14.42000000000000000000,513.01700641643841758753,3807.25363068242968204653,66.79392334530579
2025-12-01,2026-02-01,2,persona_x_initial_plan,Retail,start,155,144,10,0,1,92.9,6.45,0.0,0.65,1530.00000000000000000000,2768.62709519998917637600,557.35999999999999900000,824.22330076876717565193,5680.21039596875635102793,36.6465186836694
2025-12-01,2026-02-01,2,persona_x_initial_plan,Wholesale,business,5,5,0,0,0,100.0,0.0,0.0,0.0,400.00000000000000000000,39.05013599999984600000,0.00000000000000000000,15.63461069534246627200,454.68474669534231227200,90.93694933906846
2025-12-01,2026-02-01,2,persona_x_initial_plan,Wholesale,free,12,11,1,0,0,91.67,8.33,0.0,0.0,0.00000000000000000000,12.02801399999995219000,14.00000000000000000000,189.17718073424659726100,215.20519473424654945100,17.93376622785388
2025-12-01,2026-02-01,2,persona_x_initial_plan,Wholesale,plus,16,15,1,0,0,93.75,6.25,0.0,0.0,351.00000000000000000000,441.07550999999832048000,10.00000000000000000000,152.00171665315069644990,954.07722665314901692990,59.62982666582182
2025-12-01,2026-02-01,2,persona_x_initial_plan,Wholesale,start,34,32,1,0,1,94.12,2.94,0.0,2.94,428.44000000000000000000,282.87128159999887799000,20.00000000000000000000,485.32554220109589807250,1216.63682380109477606250,35.78343599414985
2025-12-01,2026-03-01,3,initial_plan,ALL,business,65,37,5,23,0,56.92,7.69,35.38,0.0,2746.00000000000000000000,3237.20782559998446930000,117.62000000000000000000,989.44150253972606770140,7090.26932813971053700140,109.08106658676478
2025-12-01,2026-03-01,3,initial_plan,ALL,free,1129,1026,61,38,4,90.88,5.4,3.37,0.35,645.89718750000000000000,8006.65359299996108645400,3787.34000000000000910000,13785.58723380548009506366,26225.47801430544119061766,23.228944211076566
2025-12-01,2026-03-01,3,initial_plan,ALL,plus,357,307,37,12,1,85.99,10.36,3.36,0.28,7507.42999999700000000000,13669.53935579993316692500,1636.43999999999999940000,4659.48376623780831439450,27472.89312203474148071950,76.95488269477518
2025-12-01,2026-03-01,3,initial_plan,ALL,start,1155,1071,61,19,4,92.73,5.28,1.65,0.35,10971.35344444499999800000,19392.82014599990603776460,3129.36000000000000230000,13842.68999727506961310655,47336.22358771997565117115,40.98374336599132
2025-12-01,2026-03-01,3,overall,ALL,ALL,2706,2441,164,92,9,90.21,6.06,3.4,0.33,21870.68063194199999800000,44306.22092039978476044360,8670.76000000000001080000,33277.20249985808409026611,108124.86405219986885950971,39.95745160835177
2025-12-01,2026-03-01,3,persona,Automobile_Trade_Repair,ALL,123,106,11,4,2,86.18,8.94,3.25,1.63,1436.25333333300000000000,3168.67814639998415852100,384.88000000000000000000,982.04746291178085871000,5971.85894264476501723100,48.551698720689146
2025-12-01,2026-03-01,3,persona,BTP,ALL,461,419,27,15,0,90.89,5.86,3.25,0.0,5234.53166666600000000000,10869.84403739994796855900,1232.74000000000000170000,8440.86932557315079406794,25777.98502963909876432694,55.9175380252475
2025-12-01,2026-03-01,3,persona,Bankers_Insurance,ALL,39,32,5,2,0,82.05,12.82,5.13,0.0,136.00000000000000000000,342.85841999999837000000,11.90000000000000000000,621.24298164109587908600,1112.00140164109424908600,28.512856452335747
2025-12-01,2026-03-01,3,persona,Bikers_Drivers,ALL,152,127,11,13,1,83.55,7.24,8.55,0.66,1261.76333333300000000000,1976.54733179999035617400,808.96000000000000900000,689.18363004273974089639,4736.45429517573010607039,31.160883520892963
2025-12-01,2026-03-01,3,persona,Cleaning_CallCenters,ALL,11,9,0,1,1,81.82,0.0,9.09,9.09,103.00000000000000000000,141.87545999999931470000,20.76000000000000000000,262.95239123123285712080,528.58785123123217182080,48.05344102102111
2025-12-01,2026-03-01,3,persona,Consultant,ALL,459,428,18,12,1,93.25,3.92,2.61,0.22,2760.52202083300000000000,6099.03332999997009762000,709.59999999999999920000,7673.19740286137049830009,17242.35275369434059512009,37.565038679072636
2025-12-01,2026-03-01,3,persona,Developer_IT,ALL,231,214,10,6,1,92.64,4.33,2.6,0.43,1392.13499999999999800000,2319.76778759998876818900,260.58000000000000000000,4889.40882961753466269707,8861.89161721752342888607,38.36316717410183
2025-12-01,2026-03-01,3,persona,Media_Publishing,ALL,109,102,4,3,0,93.58,3.67,2.75,0.0,673.50000000000000000000,1339.40473919999350564400,345.00000000000000000000,1314.83795388328787203775,3672.74269308328137768175,33.694887092507166
2025-12-01,2026-03-01,3,persona,Medical_Professionals,ALL,28,28,0,0,0,100.0,0.0,0.0,0.0,221.00000000000000000000,987.20891999999501712000,397.30000000000000000000,261.41383803890414407510,1866.92275803889916119510,66.67581278710354
2025-12-01,2026-03-01,3,persona,Others,ALL,452,404,26,22,0,89.38,5.75,4.87,0.0,3515.15111111100000000000,5888.47071959997142669000,2263.18000000000000000000,4029.95012380493191149096,15696.75195451590333818096,34.727327332999785
2025-12-01,2026-03-01,3,persona,Professeur,ALL,83,76,5,2,0,91.57,6.02,2.41,0.0,590.00000000000000000000,1127.13091199999463411900,104.46000000000000000000,523.73929985589041037790,2345.33021185588504449690,28.25699050428777
2025-12-01,2026-03-01,3,persona,Repair,ALL,19,17,1,1,0,89.47,5.26,5.26,0.0,114.00000000000000000000,58.79863439999971410000,13.18000000000000000000,7.47819735835616485480,193.45683175835587895480,10.181938513597679
2025-12-01,2026-03-01,3,persona,Repair_Installation,ALL,4,4,0,0,0,100.0,0.0,0.0,0.0,33.00000000000000000000,139.47773399999932710000,2.00000000000000000000,31.21613254849315417800,205.69386654849248127800,51.42346663712312
2025-12-01,2026-03-01,3,persona,Restauration,ALL,81,73,6,2,0,90.12,7.41,2.47,0.0,691.00000000000000000000,2463.75491219998828616000,638.56000000000000000000,453.65374342794521096118,4246.96865562793349712118,52.43171179787573
2025-12-01,2026-03-01,3,persona,Retail,ALL,387,343,34,8,2,88.63,8.79,2.07,0.52,2664.82416666600000000000,6447.31087859996841654760,1389.40000000000000090000,2251.81270395780825799283,12753.34774922377667544043,32.954386948898645
2025-12-01,2026-03-01,3,persona,Wholesale,ALL,67,59,6,1,1,88.06,8.96,1.49,1.49,1044.00000000000000000000,936.05895719999539920000,88.26000000000000000000,844.19848310356167341930,2912.51744030355707261930,43.47040955676951
2025-12-01,2026-03-01,3,persona_x_initial_plan,Automobile_Trade_Repair,business,4,4,0,0,0,100.0,0.0,0.0,0.0,320.00000000000000000000,88.28213399999959210000,45.00000000000000000000,114.68418605589041841000,567.96632005589001051000,141.9915800139725
2025-12-01,2026-03-01,3,persona_x_initial_plan,Automobile_Trade_Repair,free,30,26,1,2,1,86.67,3.33,6.67,3.33,11.00000000000000000000,101.61512999999948688700,129.16000000000000000000,48.71946052657534784486,290.49459052657483473186,9.683153017552494
2025-12-01,2026-03-01,3,persona_x_initial_plan,Automobile_Trade_Repair,plus,25,20,4,1,0,80.0,16.0,4.0,0.0,473.33333333300000000000,1266.63037199999337834000,4.96000000000000000000,461.82746615945202545900,2206.75117149244540379900,88.27004685969781
2025-12-01,2026-03-01,3,persona_x_initial_plan,Automobile_Trade_Repair,start,64,56,6,1,1,87.5,9.38,1.56,1.56,631.92000000000000000000,1712.15051039999170119400,205.76000000000000000000,356.81635016986306699614,2906.64686056985476819014,45.41635719640398
2025-12-01,2026-03-01,3,persona_x_initial_plan,BTP,business,21,15,1,5,0,71.43,4.76,23.81,0.0,1190.00000000000000000000,2100.31421399999006260000,9.86000000000000000000,457.19760262246578691060,3757.37181662245584951060,178.92246745821217
2025-12-01,2026-03-01,3,persona_x_initial_plan,BTP,free,175,161,8,6,0,92.0,4.57,3.43,0.0,87.86500000000000000000,1420.66213019999313500900,537.50000000000000000000,4607.28092381753410180732,6653.30805401752723681632,38.01890316581444
2025-12-01,2026-03-01,3,persona_x_initial_plan,BTP,plus,96,87,7,2,0,90.63,7.29,2.08,0.0,2257.66666666600000000000,3507.09958799998324994000,152.69999999999999940000,1273.31682505808228577080,7190.78307972406553511080,74.90399041379236
2025-12-01,2026-03-01,3,persona_x_initial_plan,BTP,start,169,156,11,2,0,92.31,6.51,1.18,0.0,1699.00000000000000000000,3841.76810519998152101000,532.68000000000000230000,2103.07397407506861957922,8176.52207927505014288922,48.381787451331654
2025-12-01,2026-03-01,3,persona_x_initial_plan,Bankers_Insurance,free,26,20,4,2,0,76.92,15.38,7.69,0.0,0.00000000000000000000,125.72281799999940370000,5.60000000000000000000,455.64767184657532060600,586.97048984657472430600,22.575788071022107
2025-12-01,2026-03-01,3,persona_x_initial_plan,Bankers_Insurance,plus,3,3,0,0,0,100.0,0.0,0.0,0.0,50.00000000000000000000,192.28026599999908600000,6.30000000000000000000,31.61675334520547890000,280.19701934520456490000,93.39900644840152
2025-12-01,2026-03-01,3,persona_x_initial_plan,Bankers_Insurance,start,10,9,1,0,0,90.0,10.0,0.0,0.0,86.00000000000000000000,24.85533599999988030000,0.00000000000000000000,133.97855644931507958000,244.83389244931495988000,24.483389244931494
2025-12-01,2026-03-01,3,persona_x_initial_plan,Bikers_Drivers,business,5,3,1,1,0,60.0,20.0,20.0,0.0,240.00000000000000000000,469.32658199999764560000,0.00000000000000000000,179.07693719616437110000,888.40351919616201670000,177.68070383923242
2025-12-01,2026-03-01,3,persona_x_initial_plan,Bikers_Drivers,free,62,49,6,6,1,79.03,9.68,9.68,1.61,0.00000000000000000000,291.01894199999857938400,480.00000000000000900000,225.87199754739727911400,996.89093954739586749800,16.078886121732193
2025-12-01,2026-03-01,3,persona_x_initial_plan,Bikers_Drivers,plus,24,20,2,2,0,83.33,8.33,8.33,0.0,510.76333333300000000000,497.85780599999758680000,134.06000000000000000000,82.38039726301369236200,1225.06153659601127916200,51.04423069150047
2025-12-01,2026-03-01,3,persona_x_initial_plan,Bikers_Drivers,start,61,55,2,4,0,90.16,3.28,6.56,0.0,511.00000000000000000000,718.34400179999654439000,194.90000000000000000000,201.85429803616439832039,1626.09829983616094271039,26.657349177641983
2025-12-01,2026-03-01,3,persona_x_initial_plan,Cleaning_CallCenters,free,3,3,0,0,0,100.0,0.0,0.0,0.0,0.00000000000000000000,1.84679999999999090000,0.00000000000000000000,34.58108841369863371180,36.42788841369862461180,12.142629471232874
2025-12-01,2026-03-01,3,persona_x_initial_plan,Cleaning_CallCenters,plus,4,3,0,0,1,75.0,0.0,0.0,25.0,70.00000000000000000000,117.04075199999943600000,14.76000000000000000000,226.24367066520545600000,428.04442266520489200000,107.01110566630122
2025-12-01,2026-03-01,3,persona_x_initial_plan,Cleaning_CallCenters,start,4,3,0,1,0,75.0,0.0,25.0,0.0,33.00000000000000000000,22.98790799999988780000,6.00000000000000000000,2.12763215232876740900,64.11554015232865520900,16.028885038082162
2025-12-01,2026-03-01,3,persona_x_initial_plan,Consultant,business,4,1,0,3,0,25.0,0.0,75.0,0.0,80.00000000000000000000,0.00000000000000000000,0.00000000000000000000,0.26134660821917821000,80.26134660821917821000,20.065336652054796
2025-12-01,2026-03-01,3,persona_x_initial_plan,Consultant,free,222,209,7,5,1,94.14,3.15,2.25,0.45,179.98968750000000000000,959.41182419999532152500,368.11999999999999920000,3551.87626740219218569410,5059.39777910218750641910,22.790080086045887
2025-12-01,2026-03-01,3,persona_x_initial_plan,Consultant,plus,28,23,3,2,0,82.14,10.71,7.14,0.0,533.33333333300000000000,799.92141119999605283500,7.02000000000000000000,528.85037747671234352831,1869.12512200970839636331,66.75446864320386
2025-12-01,2026-03-01,3,persona_x_initial_plan,Consultant,start,205,195,8,2,0,95.12,3.9,0.98,0.0,1967.19900000000000000000,4339.70009459997872326000,334.46000000000000000000,3592.20941137424679086768,10233.56850597422551412768,49.91984637060598
2025-12-01,2026-03-01,3,persona_x_initial_plan,Developer_IT,free,101,92,4,5,0,91.09,3.96,4.95,0.0,49.00000000000000000000,1073.50816139999471853900,182.60000000000000000000,2428.52292090410966902079,3733.63108230410438755979,36.96664437924856
2025-12-01,2026-03-01,3,persona_x_initial_plan,Developer_IT,plus,13,9,4,0,0,69.23,30.77,0.0,0.0,210.00000000000000000000,38.30702399999981566000,0.00000000000000000000,227.01215260109594240970,475.31917660109575806970,36.563013584699675
2025-12-01,2026-03-01,3,persona_x_initial_plan,Developer_IT,start,117,113,2,1,1,96.58,1.71,0.85,0.85,1133.13499999999999800000,1207.95260219999423399000,77.98000000000000000000,2233.87375611232905126658,4652.94135831232328325658,39.76872955822498
2025-12-01,2026-03-01,3,persona_x_initial_plan,Media_Publishing,business,1,1,0,0,0,100.0,0.0,0.0,0.0,80.00000000000000000000,78.03298799999963400000,0.00000000000000000000,3.44368242465753350000,161.47667042465716750000,161.47667042465716
2025-12-01,2026-03-01,3,persona_x_initial_plan,Media_Publishing,free,55,51,3,1,0,92.73,5.45,1.82,0.0,32.50000000000000000000,408.48274979999802879100,62.04000000000000000000,165.64743539068494867290,668.67018519068297746390,12.15763973073969
2025-12-01,2026-03-01,3,persona_x_initial_plan,Media_Publishing,plus,8,7,0,1,0,87.5,0.0,12.5,0.0,165.00000000000000000000,143.09758799999930170000,132.00000000000000000000,413.43505947452058617600,853.53264747451988787600,106.69158093431498
2025-12-01,2026-03-01,3,persona_x_initial_plan,Media_Publishing,start,45,43,1,1,0,95.56,2.22,2.22,0.0,396.00000000000000000000,709.79141339999654115300,150.96000000000000000000,732.31177659342480368885,1989.06318999342134484185,44.20140422207603
2025-12-01,2026-03-01,3,persona_x_initial_plan,Medical_Professionals,free,11,11,0,0,0,100.0,0.0,0.0,0.0,0.00000000000000000000,3.11506199999998490000,301.38000000000000000000,128.44576447452057902000,432.94082647452056392000,39.35825695222914
2025-12-01,2026-03-01,3,persona_x_initial_plan,Medical_Professionals,plus,3,3,0,0,0,100.0,0.0,0.0,0.0,75.00000000000000000000,870.41237399999560040000,66.40000000000000000000,16.20604724383561680000,1028.01842124383121720000,342.6728070812771
2025-12-01,2026-03-01,3,persona_x_initial_plan,Medical_Professionals,start,14,14,0,0,0,100.0,0.0,0.0,0.0,146.00000000000000000000,113.68148399999943182000,29.52000000000000000000,116.76202632054794825510,405.96351032054738007510,28.997393594324812
2025-12-01,2026-03-01,3,persona_x_initial_plan,Others,business,18,7,1,10,0,38.89,5.56,55.56,0.0,356.00000000000000000000,231.04835999999890600000,7.76000000000000000000,173.54129919452055991880,768.34965919451946591880,42.686092177473306
2025-12-01,2026-03-01,3,persona_x_initial_plan,Others,free,183,168,9,6,0,91.8,4.92,3.28,0.0,131.00000000000000000000,916.49963159999554507000,1253.80000000000000000000,1000.34175804109607630597,3301.64138964109162137597,18.04175622754695
2025-12-01,2026-03-01,3,persona_x_initial_plan,Others,plus,60,53,4,3,0,88.33,6.67,5.0,0.0,1243.66666666600000000000,1989.33919199999012564000,172.82000000000000000000,517.59238612493149451698,3923.41824479092162015698,65.39030407984869
2025-12-01,2026-03-01,3,persona_x_initial_plan,Others,start,191,176,12,3,0,92.15,6.28,1.57,0.0,1784.48444444500000000000,2751.58353599998684998000,828.80000000000000000000,2338.47468044438378074921,7703.34266088937063072921,40.331636968007174
2025-12-01,2026-03-01,3,persona_x_initial_plan,Professeur,business,2,0,1,1,0,0.0,50.0,50.0,0.0,0.00000000000000000000,0.00000000000000000000,0.00000000000000000000,0.00000000000000000000,0.00000000000000000000,0.0
2025-12-01,2026-03-01,3,persona_x_initial_plan,Professeur,free,33,30,2,1,0,90.91,6.06,3.03,0.0,36.00000000000000000000,157.46734799999922518900,20.00000000000000000000,155.88128165150685545060,369.34862965150608063960,11.192382716712306
2025-12-01,2026-03-01,3,persona_x_initial_plan,Professeur,plus,5,5,0,0,0,100.0,0.0,0.0,0.0,120.00000000000000000000,475.40798999999778343000,55.02000000000000000000,48.21362679123287570000,698.64161679123065913000,139.72832335824612
2025-12-01,2026-03-01,3,persona_x_initial_plan,Professeur,start,43,41,2,0,0,95.35,4.65,0.0,0.0,434.00000000000000000000,494.25557399999762550000,29.44000000000000000000,319.64439141315067922730,1277.33996541314830472730,29.70558059100345
2025-12-01,2026-03-01,3,persona_x_initial_plan,Repair,business,1,0,0,1,0,0.0,0.0,100.0,0.0,0.00000000000000000000,0.00000000000000000000,0.00000000000000000000,0.00000000000000000000,0.00000000000000000000,0.0
2025-12-01,2026-03-01,3,persona_x_initial_plan,Repair,free,8,7,1,0,0,87.5,12.5,0.0,0.0,0.00000000000000000000,48.92281199999976150000,8.80000000000000000000,2.75074127397260288530,60.47355327397236438530,7.5591941592465455
2025-12-01,2026-03-01,3,persona_x_initial_plan,Repair,plus,2,2,0,0,0,100.0,0.0,0.0,0.0,50.00000000000000000000,0.91263239999999557000,0.38000000000000000000,0.98550179178082220000,52.27813419178081777000,26.139067095890407
2025-12-01,2026-03-01,3,persona_x_initial_plan,Repair,start,8,8,0,0,0,100.0,0.0,0.0,0.0,64.00000000000000000000,8.96318999999995703000,4.00000000000000000000,3.74195429260273976950,80.70514429260269679950,10.088143036575337
2025-12-01,2026-03-01,3,persona_x_initial_plan,Repair_Installation,free,2,2,0,0,0,100.0,0.0,0.0,0.0,11.00000000000000000000,134.18735399999935300000,2.00000000000000000000,10.21741275561643830000,157.40476675561579130000,78.70238337780789
2025-12-01,2026-03-01,3,persona_x_initial_plan,Repair_Installation,start,2,2,0,0,0,100.0,0.0,0.0,0.0,22.00000000000000000000,5.29037999999997410000,0.00000000000000000000,20.99871979287671587800,48.28909979287668997800,24.144549896438345
2025-12-01,2026-03-01,3,persona_x_initial_plan,Restauration,business,1,0,0,1,0,0.0,0.0,100.0,0.0,0.00000000000000000000,0.00000000000000000000,0.00000000000000000000,0.00000000000000000000,0.00000000000000000000,0.0
2025-12-01,2026-03-01,3,persona_x_initial_plan,Restauration,free,34,31,2,1,0,91.18,5.88,2.94,0.0,22.00000000000000000000,487.94160599999766857000,68.80000000000000000000,100.17724984438356715758,678.91885584438123572758,19.9682016424818
2025-12-01,2026-03-01,3,persona_x_initial_plan,Restauration,plus,13,11,2,0,0,84.62,15.38,0.0,0.0,366.00000000000000000000,1524.25297619999281920000,498.60000000000000000000,61.23893954520548080000,2450.09191574519830000000,188.46860890347676
2025-12-01,2026-03-01,3,persona_x_initial_plan,Restauration,start,33,31,2,0,0,93.94,6.06,0.0,0.0,303.00000000000000000000,451.56032999999779839000,71.16000000000000000000,292.23755403835616300360,1117.95788403835396139360,33.87751163752588
2025-12-01,2026-03-01,3,persona_x_initial_plan,Retail,business,3,2,0,1,0,66.67,0.0,33.33,0.0,160.00000000000000000000,249.77955959999872700000,55.00000000000000000000,4.84236453917808270000,469.62192413917680970000,156.5406413797256
2025-12-01,2026-03-01,3,persona_x_initial_plan,Retail,free,172,156,13,2,1,90.7,7.56,1.16,0.58,85.54250000000000000000,1867.38852779999092652000,365.54000000000000090000,641.97083245808221733244,2960.44186025807314475244,17.211871280570193
2025-12-01,2026-03-01,3,persona_x_initial_plan,Retail,plus,57,46,10,1,0,80.7,17.54,1.75,0.0,1031.66666666600000000000,1752.05946059999137131000,387.90000000000000000000,595.59314667945203184901,3767.21927394544340315901,66.09156620956918
2025-12-01,2026-03-01,3,persona_x_initial_plan,Retail,start,155,139,11,4,1,89.68,7.1,2.58,0.65,1387.61500000000000000000,2578.08333059998739171760,580.96000000000000000000,1009.40636028109592611138,5556.06469088108331782898,35.845578650845695
2025-12-01,2026-03-01,3,persona_x_initial_plan,Wholesale,business,5,4,1,0,0,80.0,20.0,0.0,0.0,320.00000000000000000000,20.42398799999990200000,0.00000000000000000000,56.39408389863013695200,396.81807189863003895200,79.363614379726
2025-12-01,2026-03-01,3,persona_x_initial_plan,Wholesale,free,12,10,1,1,0,83.33,8.33,8.33,0.0,0.00000000000000000000,8.86269599999995697000,2.00000000000000000000,227.65442745753427214000,238.51712345753422911000,19.87642695479452
2025-12-01,2026-03-01,3,persona_x_initial_plan,Wholesale,plus,16,15,1,0,0,93.75,6.25,0.0,0.0,351.00000000000000000000,494.91992339999756410000,3.52000000000000000000,174.97141601808218192270,1024.41133941807974602270,64.02570871362998
2025-12-01,2026-03-01,3,persona_x_initial_plan,Wholesale,start,34,30,3,0,1,88.24,8.82,0.0,2.94,373.00000000000000000000,411.85234979999797613000,82.74000000000000000000,385.17855572931508240460,1252.77090552931305853460,36.846203103803326
2025-12-01,2026-04-01,4,initial_plan,ALL,business,65,34,5,26,0,52.31,7.69,40.0,0.0,2495.00000000000000000000,4033.97744399997819032000,115.00000000000000000000,1043.64498044328772148060,7687.62242444326591180060,118.27111422220409
2025-12-01,2026-04-01,4,initial_plan,ALL,free,1129,1005,46,74,4,89.02,4.07,6.55,0.35,782.68709677399999500000,8129.34549719995588695460,1854.62000000000000000000,13715.84694552273988876341,24482.49953949669577071801,21.685119166958987
2025-12-01,2026-04-01,4,initial_plan,ALL,plus,357,304,22,30,1,85.15,6.16,8.4,0.28,7336.62499999700000000000,13914.98239499992489616600,857.76000000000000000000,4430.87887896219194237453,26540.24627395911683854053,74.3424265377006
2025-12-01,2026-04-01,4,initial_plan,ALL,start,1155,1050,49,52,4,90.91,4.24,4.5,0.35,11041.62599462385383000000,21119.46735599988458095300,2367.76000000000000000000,14456.12305837917883194869,48984.97640900291724290169,42.411234986149715
2025-12-01,2026-04-01,4,overall,ALL,ALL,2706,2393,122,182,9,88.43,4.51,6.73,0.33,21655.93809139485382500000,47197.77269219974355439360,5195.14000000000000000000,33646.49386330739838456723,107695.34464690199576396083,39.798723077199554
2025-12-01,2026-04-01,4,persona,Automobile_Trade_Repair,ALL,123,104,7,10,2,84.55,5.69,8.13,1.63,1447.92333333300000000000,4098.98947679997736164800,292.94000000000000000000,848.16136198027400811636,6688.01417211325136976436,54.37409896027034
2025-12-01,2026-04-01,4,persona,BTP,ALL,461,414,19,28,0,89.8,4.12,6.07,0.0,5126.43336021400000000000,11978.63555039993518487600,557.90000000000000000000,7910.07690033808196329502,25573.04581095201714817102,55.47298440553583
2025-12-01,2026-04-01,4,persona,Bankers_Insurance,ALL,39,33,1,5,0,84.62,2.56,12.82,0.0,136.00000000000000000000,296.81746199999838772000,113.26000000000000000000,609.24755222246578969800,1155.32501422246417741800,29.62371831339652
2025-12-01,2026-04-01,4,persona,Bikers_Drivers,ALL,152,123,10,18,1,80.92,6.58,11.84,0.66,1241.23958333300000000000,2135.72628179998831946500,239.18000000000000000000,865.18175549589044646010,4481.32762062887876592510,29.482418556768938
2025-12-01,2026-04-01,4,persona,Cleaning_CallCenters,ALL,11,9,0,1,1,81.82,0.0,9.09,9.09,78.00000000000000000000,122.63583599999931090000,0.00000000000000000000,178.85127422575346969500,379.48711022575278059500,34.49882820234116
2025-12-01,2026-04-01,4,persona,Consultant,ALL,459,416,20,22,1,90.63,4.36,4.79,0.22,2748.65599462332257500000,7193.79169739996030540700,594.18000000000000000000,7029.13052488328830637446,17565.75821690657118678146,38.26962574489449
2025-12-01,2026-04-01,4,persona,Developer_IT,ALL,231,212,6,12,1,91.77,2.6,5.19,0.43,1394.56250000000000000000,1860.60813119998998703000,158.62000000000000000000,5874.33281324547972219978,9288.12344444546970922978,40.20832659933104
2025-12-01,2026-04-01,4,persona,Media_Publishing,ALL,109,98,6,5,0,89.91,5.5,4.59,0.0,679.29500000000000000000,1294.79481359999295446900,290.26000000000000000000,1412.12217847013707601439,3676.47199207013003048339,33.72910084468009
2025-12-01,2026-04-01,4,persona,Medical_Professionals,ALL,28,28,0,0,0,100.0,0.0,0.0,0.0,221.00000000000000000000,424.49574599999771847000,159.80000000000000000000,293.38103728986304387050,1098.67678328986076234050,39.23845654606646
2025-12-01,2026-04-01,4,persona,Others,ALL,452,396,18,38,0,87.61,3.98,8.41,0.0,3494.67415322553125000000,5650.34362019996940709400,1338.04000000000000000000,4441.63920213041103493142,14924.69697555591169202542,33.019241096362634
2025-12-01,2026-04-01,4,persona,Professeur,ALL,83,73,6,4,0,87.95,7.23,4.82,0.0,599.65000000000000000000,757.15284239999581973000,46.26000000000000000000,555.89067935068501461990,1958.95352175068083434990,23.601849659646756
2025-12-01,2026-04-01,4,persona,Repair,ALL,19,17,1,1,0,89.47,5.26,5.26,0.0,114.00000000000000000000,53.74988999999970345000,14.00000000000000000000,6.36942577972602773350,188.11931577972573118350,9.901016619985564
2025-12-01,2026-04-01,4,persona,Repair_Installation,ALL,4,3,1,0,0,75.0,25.0,0.0,0.0,22.00000000000000000000,87.15013199999951520000,1.60000000000000000000,43.10352774630137210000,153.85365974630088730000,38.46341493657522
2025-12-01,2026-04-01,4,persona,Restauration,ALL,81,72,2,7,0,88.89,2.47,8.64,0.0,685.93750000000000000000,2991.77488799998434506500,353.86000000000000000000,360.16772760054795910876,4391.74011560053230417376,54.21901377284608
2025-12-01,2026-04-01,4,persona,Retail,ALL,387,337,20,28,2,87.08,5.17,7.24,0.52,2724.56666666600000000000,6869.50646399996235628960,1019.88000000000000000000,2316.23604962246575769914,12930.18918028842811398874,33.411341551132885
2025-12-01,2026-04-01,4,persona,Wholesale,ALL,67,58,5,3,1,86.57,7.46,4.48,1.49,942.00000000000000000000,1381.59986039999287758000,15.36000000000000000000,902.60185292602739265090,3241.56171332602027023090,48.38151810934359
2025-12-01,2026-04-01,4,persona_x_initial_plan,Automobile_Trade_Repair,business,4,4,0,0,0,100.0,0.0,0.0,0.0,320.00000000000000000000,207.92782799999877410000,0.00000000000000000000,127.02057553643838020000,654.94840353643715430000,163.73710088410928
2025-12-01,2026-04-01,4,persona_x_initial_plan,Automobile_Trade_Repair,free,30,26,1,2,1,86.67,3.33,6.67,3.33,23.94000000000000000000,218.84862599999878884000,164.00000000000000000000,45.38104021150685514712,452.16966621150564398712,15.072322207050188
2025-12-01,2026-04-01,4,persona_x_initial_plan,Automobile_Trade_Repair,plus,25,21,1,3,0,84.0,4.0,12.0,0.0,473.33333333300000000000,1445.73992459999210670000,40.00000000000000000000,415.67137813643836225574,2374.74463606943046895574,94.9897854427772
2025-12-01,2026-04-01,4,persona_x_initial_plan,Automobile_Trade_Repair,start,64,53,5,5,1,82.81,7.81,7.81,1.56,630.65000000000000000000,2226.47309819998769200800,88.94000000000000000000,260.08836809589041051350,3206.15146629587810252150,50.09611666087309
2025-12-01,2026-04-01,4,persona_x_initial_plan,BTP,business,21,15,0,6,0,71.43,0.0,28.57,0.0,1110.00000000000000000000,2185.26389999998811222000,0.00000000000000000000,317.80621406575345173440,3613.07011406574156395440,172.05095781265436
2025-12-01,2026-04-01,4,persona_x_initial_plan,BTP,free,175,158,4,13,0,90.29,2.29,7.43,0.0,98.06419354800000000000,1295.65435139999303408800,216.50000000000000000000,4561.68790064493112646100,6171.90644559292416054900,35.26803683195956
2025-12-01,2026-04-01,4,persona_x_initial_plan,BTP,plus,96,88,5,3,0,91.67,5.21,3.13,0.0,2177.66666666600000000000,3330.51571439998189773000,55.00000000000000000000,992.25448327726030872690,6555.43686434324220645690,68.28580067024211
2025-12-01,2026-04-01,4,persona_x_initial_plan,BTP,start,169,153,10,6,0,90.53,5.92,3.55,0.0,1740.70250000000000000000,5167.20158459997214083800,286.40000000000000000000,2038.32830235013707637272,9232.63238695010921721072,54.63096086952727
2025-12-01,2026-04-01,4,persona_x_initial_plan,Bankers_Insurance,free,26,21,1,4,0,80.77,3.85,15.38,0.0,0.00000000000000000000,59.57675999999968200000,110.40000000000000000000,461.70329223397263085800,631.68005223397231285800,24.29538662438355
2025-12-01,2026-04-01,4,persona_x_initial_plan,Bankers_Insurance,plus,3,3,0,0,0,100.0,0.0,0.0,0.0,50.00000000000000000000,199.16470799999890900000,0.00000000000000000000,28.27823642575342280000,277.44294442575233180000,92.48098147525077
2025-12-01,2026-04-01,4,persona_x_initial_plan,Bankers_Insurance,start,10,9,0,1,0,90.0,0.0,10.0,0.0,86.00000000000000000000,38.07599399999979672000,2.86000000000000000000,119.26602356273973604000,246.20201756273953276000,24.620201756273953
2025-12-01,2026-04-01,4,persona_x_initial_plan,Bikers_Drivers,business,5,3,0,2,0,60.0,0.0,40.0,0.0,240.00000000000000000000,470.74663799999728500000,0.00000000000000000000,207.72262454520547750000,918.46926254520276250000,183.69385250904057
2025-12-01,2026-04-01,4,persona_x_initial_plan,Bikers_Drivers,free,62,48,4,9,1,77.42,6.45,14.52,1.61,0.00000000000000000000,440.27294399999760397000,92.40000000000000000000,280.11216389972604505410,812.78510789972364902410,13.109437224189092
2025-12-01,2026-04-01,4,persona_x_initial_plan,Bikers_Drivers,plus,24,18,3,3,0,75.0,12.5,12.5,0.0,493.33333333300000000000,345.45481379999813282500,16.88000000000000000000,104.37107174465753915210,960.03921887765567197710,40.00163411990232
2025-12-01,2026-04-01,4,persona_x_initial_plan,Bikers_Drivers,start,61,54,3,4,0,88.52,4.92,6.56,0.0,507.90625000000000000000,879.25188599999529767000,129.90000000000000000000,272.97589530630138475390,1790.03403130629668242390,29.344820185349125
2025-12-01,2026-04-01,4,persona_x_initial_plan,Cleaning_CallCenters,free,3,3,0,0,0,100.0,0.0,0.0,0.0,0.00000000000000000000,39.32603999999978190000,0.00000000000000000000,41.77365767780823086500,81.09969767780801276500,27.033232559269337
2025-12-01,2026-04-01,4,persona_x_initial_plan,Cleaning_CallCenters,plus,4,3,0,0,1,75.0,0.0,0.0,25.0,45.00000000000000000000,72.56804399999958800000,0.00000000000000000000,134.40167889863017060000,251.96972289862975860000,62.99243072465744
2025-12-01,2026-04-01,4,persona_x_initial_plan,Cleaning_CallCenters,start,4,3,0,1,0,75.0,0.0,25.0,0.0,33.00000000000000000000,10.74175199999994100000,0.00000000000000000000,2.67593764931506823000,46.41768964931500923000,11.604422412328752
2025-12-01,2026-04-01,4,persona_x_initial_plan,Consultant,business,4,1,0,3,0,25.0,0.0,75.0,0.0,80.00000000000000000000,0.00000000000000000000,0.00000000000000000000,0.25313727123287688000,80.25313727123287688000,20.06328431780822
2025-12-01,2026-04-01,4,persona_x_initial_plan,Consultant,free,222,206,8,7,1,92.79,3.6,3.15,0.45,193.23999999999999500000,1592.35155539999131653700,237.66000000000000000000,2719.38252053150714107654,4742.63407593149845261354,21.36321655824999
2025-12-01,2026-04-01,4,persona_x_initial_plan,Consultant,plus,28,21,3,4,0,75.0,10.71,14.29,0.0,508.33333333300000000000,944.44489799999499990000,0.00000000000000000000,509.46838727232879920790,1962.24661860532379910790,70.08023637876157
2025-12-01,2026-04-01,4,persona_x_initial_plan,Consultant,start,205,188,9,8,0,91.71,4.39,3.9,0.0,1967.08266129032258000000,4656.99524399997398897000,356.52000000000000000000,3800.02647980821948921002,10780.62438509851605818002,52.58841163462691
2025-12-01,2026-04-01,4,persona_x_initial_plan,Developer_IT,free,101,91,3,7,0,90.1,2.97,6.93,0.0,49.00000000000000000000,631.86378839999660312000,91.80000000000000000000,2996.35604970630146202150,3769.01983810629806514150,37.31702810006236
2025-12-01,2026-04-01,4,persona_x_initial_plan,Developer_IT,plus,13,8,2,3,0,61.54,15.38,23.08,0.0,185.00000000000000000000,222.82649999999884221000,1.88000000000000000000,193.30787454739726902000,603.01437454739611123000,46.385721119030464
2025-12-01,2026-04-01,4,persona_x_initial_plan,Developer_IT,start,117,113,1,2,1,96.58,0.85,1.71,0.85,1160.56250000000000000000,1005.91784279999454170000,64.94000000000000000000,2684.66888899178099115828,4916.08923179177553285828,42.01785668198098
2025-12-01,2026-04-01,4,persona_x_initial_plan,Media_Publishing,business,1,1,0,0,0,100.0,0.0,0.0,0.0,80.00000000000000000000,89.82359999999951600000,0.00000000000000000000,4.85045412273972510000,174.67405412273924110000,174.67405412273925
2025-12-01,2026-04-01,4,persona_x_initial_plan,Media_Publishing,free,55,49,3,3,0,89.09,5.45,5.45,0.0,31.00000000000000000000,287.96210999999843174800,63.20000000000000000000,153.12958717808219844870,535.29169717808063019670,9.732576312328739
2025-12-01,2026-04-01,4,persona_x_initial_plan,Media_Publishing,plus,8,7,0,1,0,87.5,0.0,12.5,0.0,165.00000000000000000000,171.31426199999907854100,154.00000000000000000000,452.66765649041095994218,942.98191849041003848318,117.87273981130126
2025-12-01,2026-04-01,4,persona_x_initial_plan,Media_Publishing,start,45,41,3,1,0,91.11,6.67,2.22,0.0,403.29500000000000000000,745.69484159999592818000,73.06000000000000000000,801.47448067890419252351,2023.52432227890012070351,44.967207161753336
2025-12-01,2026-04-01,4,persona_x_initial_plan,Medical_Professionals,free,11,11,0,0,0,100.0,0.0,0.0,0.0,0.00000000000000000000,1.60739999999999130000,77.60000000000000000000,148.57622794136989128600,227.78362794136988258600,20.707602540124533
2025-12-01,2026-04-01,4,persona_x_initial_plan,Medical_Professionals,plus,3,3,0,0,0,100.0,0.0,0.0,0.0,75.00000000000000000000,300.74279399999840120000,74.40000000000000000000,9.50892766246575170000,459.65172166246415290000,153.2172405541547
2025-12-01,2026-04-01,4,persona_x_initial_plan,Medical_Professionals,start,14,14,0,0,0,100.0,0.0,0.0,0.0,146.00000000000000000000,122.14555199999932597000,7.80000000000000000000,135.29588168602740088450,411.24143368602672685450,29.374388120430478
2025-12-01,2026-04-01,4,persona_x_initial_plan,Others,business,18,4,3,11,0,22.22,16.67,61.11,0.0,265.00000000000000000000,183.94797599999897600000,80.00000000000000000000,331.30193174958904147400,860.24990774958801747400,47.791661541643776
2025-12-01,2026-04-01,4,persona_x_initial_plan,Others,free,183,164,7,12,0,89.62,3.83,6.56,0.0,165.89290322600000000000,859.35113999999531909400,350.00000000000000000000,1167.71454802465757405635,2542.95859125065289315035,13.89594858606914
2025-12-01,2026-04-01,4,persona_x_initial_plan,Others,plus,60,53,3,4,0,88.33,5.0,6.67,0.0,1259.29166666600000000000,2027.15031599998911939000,200.76000000000000000000,577.78472976054798486835,4064.98671242653710425835,67.74977854044228
2025-12-01,2026-04-01,4,persona_x_initial_plan,Others,start,191,175,5,11,0,91.62,2.62,5.76,0.0,1804.48958333353125000000,2579.89418819998599261000,707.28000000000000000000,2364.83799259561643453272,7456.50176412913367714272,39.039276251984994
2025-12-01,2026-04-01,4,persona_x_initial_plan,Professeur,business,2,0,1,1,0,0.0,50.0,50.0,0.0,0.00000000000000000000,0.00000000000000000000,0.00000000000000000000,0.00000000000000000000,0.00000000000000000000,0.0
2025-12-01,2026-04-01,4,persona_x_initial_plan,Professeur,free,33,28,3,2,0,84.85,9.09,6.06,0.0,56.65000000000000000000,218.73494699999879943000,5.60000000000000000000,155.27687113369863958280,436.26181813369743901280,13.220055094960529
2025-12-01,2026-04-01,4,persona_x_initial_plan,Professeur,plus,5,5,0,0,0,100.0,0.0,0.0,0.0,120.00000000000000000000,210.82604399999876420000,0.00000000000000000000,54.06322617041097179100,384.88927017040973599100,76.97785403408196
2025-12-01,2026-04-01,4,persona_x_initial_plan,Professeur,start,43,40,2,1,0,93.02,4.65,2.33,0.0,423.00000000000000000000,327.59185139999825610000,40.66000000000000000000,346.55058204657540324610,1137.80243344657365934610,26.46052170805985
2025-12-01,2026-04-01,4,persona_x_initial_plan,Repair,business,1,0,0,1,0,0.0,0.0,100.0,0.0,0.00000000000000000000,0.00000000000000000000,0.00000000000000000000,0.00000000000000000000,0.00000000000000000000,0.0
2025-12-01,2026-04-01,4,persona_x_initial_plan,Repair,free,8,7,1,0,0,87.5,12.5,0.0,0.0,0.00000000000000000000,22.09994999999987829000,10.00000000000000000000,2.67500018958904091900,34.77495018958891920900,4.346868773698615
2025-12-01,2026-04-01,4,persona_x_initial_plan,Repair,plus,2,2,0,0,0,100.0,0.0,0.0,0.0,50.00000000000000000000,0.00000000000000000000,0.00000000000000000000,0.16556496657534248500,50.16556496657534248500,25.082782483287673
2025-12-01,2026-04-01,4,persona_x_initial_plan,Repair,start,8,8,0,0,0,100.0,0.0,0.0,0.0,64.00000000000000000000,31.64993999999982516000,4.00000000000000000000,3.52886062356164432950,103.17880062356146948950,12.897350077945184
2025-12-01,2026-04-01,4,persona_x_initial_plan,Repair_Installation,free,2,2,0,0,0,100.0,0.0,0.0,0.0,11.00000000000000000000,81.11860199999954800000,1.60000000000000000000,21.19744047452054910000,114.91604247452009710000,57.45802123726005
2025-12-01,2026-04-01,4,persona_x_initial_plan,Repair_Installation,start,2,1,1,0,0,50.0,50.0,0.0,0.0,11.00000000000000000000,6.03152999999996720000,0.00000000000000000000,21.90608727178082300000,38.93761727178079020000,19.468808635890394
2025-12-01,2026-04-01,4,persona_x_initial_plan,Restauration,business,1,0,0,1,0,0.0,0.0,100.0,0.0,0.00000000000000000000,0.00000000000000000000,0.00000000000000000000,0.00000000000000000000,0.00000000000000000000,0.0
2025-12-01,2026-04-01,4,persona_x_initial_plan,Restauration,free,34,30,1,3,0,88.24,2.94,8.82,0.0,22.00000000000000000000,442.02558599999757533500,77.60000000000000000000,91.10021715397260153834,632.72580315397017687334,18.609582445705005
2025-12-01,2026-04-01,4,persona_x_initial_plan,Restauration,plus,13,11,0,2,0,84.62,0.0,15.38,0.0,341.00000000000000000000,1967.59348199998993200000,174.10000000000000000000,58.74885276273972724000,2541.44233476272965924000,195.49556421251768
2025-12-01,2026-04-01,4,persona_x_initial_plan,Restauration,start,33,31,1,1,0,93.94,3.03,3.03,0.0,322.93750000000000000000,582.15581999999683773000,102.16000000000000000000,210.31865768383563033042,1217.57197768383246806042,36.89612053587371
2025-12-01,2026-04-01,4,persona_x_initial_plan,Retail,business,3,2,0,1,0,66.67,0.0,33.33,0.0,160.00000000000000000000,237.15082799999871700000,35.00000000000000000000,2.24287710191780863000,434.39370510191652563000,144.79790170063885
2025-12-01,2026-04-01,4,persona_x_initial_plan,Retail,free,172,152,8,11,1,88.37,4.65,6.4,0.58,131.90000000000000000000,1934.33750099998955666260,356.26000000000000000000,667.19585212328765827196,3089.69335312327721493456,17.963333448391147
2025-12-01,2026-04-01,4,persona_x_initial_plan,Retail,plus,57,46,5,6,0,80.7,8.77,10.53,0.0,1042.66666666600000000000,2228.91145019998755867000,140.74000000000000000000,635.58288339616439311736,4047.90100026215195178736,71.01580702214302
2025-12-01,2026-04-01,4,persona_x_initial_plan,Retail,start,155,137,7,10,1,88.39,4.52,6.45,0.65,1390.00000000000000000000,2469.10668479998652395700,487.88000000000000000000,1011.21443700109589767982,5358.20112180108242163682,34.569039495490856
2025-12-01,2026-04-01,4,persona_x_initial_plan,Wholesale,business,5,4,1,0,0,80.0,20.0,0.0,0.0,240.00000000000000000000,659.11667399999681000000,0.00000000000000000000,52.44716605041095996220,951.56384005040776996220,190.31276801008156
2025-12-01,2026-04-01,4,persona_x_initial_plan,Wholesale,free,12,9,2,1,0,75.0,16.67,8.33,0.0,0.00000000000000000000,4.21419599999997664000,0.00000000000000000000,202.58457639780824407700,206.79877239780822071700,17.233231033150684
2025-12-01,2026-04-01,4,persona_x_initial_plan,Wholesale,plus,16,15,0,1,0,93.75,0.0,6.25,0.0,351.00000000000000000000,447.72944399999756580000,0.00000000000000000000,264.60392745041093946800,1063.33337145040850526800,66.45833571565053
2025-12-01,2026-04-01,4,persona_x_initial_plan,Wholesale,start,34,30,2,1,1,88.24,5.88,2.94,2.94,351.00000000000000000000,270.53954639999852514000,15.36000000000000000000,382.96618302739724914370,1019.86572942739577428370,29.99605086551164
2026-01-01,2026-01-01,0,initial_plan,ALL,business,53,53,0,0,0,100.0,0.0,0.0,0.0,1600.00000000000000000000,1551.97714679999201004000,36.04000000000000000000,356.28547480602743778765,3544.30262160601944782765,66.87363436992489
2026-01-01,2026-01-01,0,initial_plan,ALL,free,1130,1125,0,0,5,99.56,0.0,0.0,0.44,253.85299641599999440000,3682.80394559998068373546,6612.10000000000000000000,5073.46317205315122744529,15622.22011406913190558075,13.824973552273569
2026-01-01,2026-01-01,0,initial_plan,ALL,plus,357,355,0,0,2,99.44,0.0,0.0,0.56,3621.75774193500000000000,6995.91407579996368443400,3498.00000000000000000000,1953.56673367452068622035,16069.23855140948437065435,45.01187269302376
2026-01-01,2026-01-01,0,initial_plan,ALL,start,1211,1204,0,0,7,99.42,0.0,0.0,0.58,6525.34004301300000000000,8523.27069839995525073074,9081.96000000000000000000,3975.18515167232920620222,28105.75589308528445693296,23.208716674719472
2026-01-01,2026-01-01,0,overall,ALL,ALL,2751,2737,0,0,14,99.49,0.0,0.0,0.51,12000.95078136399999440000,20753.96586659989162894020,19228.10000000000000000000,11358.50053220602855765551,63341.51718016992018099571,23.024906281414
2026-01-01,2026-01-01,0,persona,Automobile_Trade_Repair,ALL,126,126,0,0,0,100.0,0.0,0.0,0.0,599.85709677500000000000,1473.65913779999236647300,298.00000000000000000000,312.59658004931510544824,2684.11281462430747192124,21.30248265574847
2026-01-01,2026-01-01,0,persona,BTP,ALL,491,488,0,0,3,99.39,0.0,0.0,0.61,2401.47934050100000040000,6280.17392159996732371400,1528.80000000000000000000,4082.67387857205521430163,14293.12714067302253841563,29.110238575708806
2026-01-01,2026-01-01,0,persona,Bankers_Insurance,ALL,47,47,0,0,0,100.0,0.0,0.0,0.0,161.28516129099999900000,290.67590519999846660000,418.00000000000000000000,552.97790760273973847540,1422.93897409373820407540,30.275297321143363
2026-01-01,2026-01-01,0,persona,Bikers_Drivers,ALL,154,153,0,0,1,99.35,0.0,0.0,0.65,791.52193548400000000000,1223.77579199999363094882,2126.00000000000000000000,233.01008318794523701972,4374.30781067193886796854,28.404596173194406
2026-01-01,2026-01-01,0,persona,Cleaning_CallCenters,ALL,11,11,0,0,0,100.0,0.0,0.0,0.0,36.00000000000000000000,36.55303199999981249400,4.00000000000000000000,10.04816708438356544450,86.60119908438337793850,7.872836280398489
2026-01-01,2026-01-01,0,persona,Consultant,ALL,488,487,0,0,1,99.8,0.0,0.0,0.2,2144.14064516200000000000,2698.37146619998589981400,4734.80000000000000000000,2350.36452199397275543449,11927.67663335595865524849,24.441960314254015
2026-01-01,2026-01-01,0,persona,Developer_IT,ALL,211,209,0,0,2,99.05,0.0,0.0,0.95,1168.06451612800000000000,1710.63606959999101252200,2011.92000000000000000000,928.96863220438368607332,5819.58921793237469859532,27.58099155418187
2026-01-01,2026-01-01,0,persona,Media_Publishing,ALL,105,102,0,0,3,97.14,0.0,0.0,2.86,333.90322580600000000000,541.77212519999717072100,813.00000000000000000000,300.18177393698633413515,1988.85712494298350485615,18.941496428028415
2026-01-01,2026-01-01,0,persona,Medical_Professionals,ALL,30,30,0,0,0,100.0,0.0,0.0,0.0,11.00000000000000000000,43.40014199999977450000,0.00000000000000000000,53.32192112219178927750,107.72206312219156377750,3.5907354374063853
2026-01-01,2026-01-01,0,persona,Others,ALL,437,435,0,0,2,99.54,0.0,0.0,0.46,1495.50451612900000000000,1844.75189699999043142592,1737.02000000000000000000,945.32904228712341966556,6022.60545541611385109148,13.781705847634127
2026-01-01,2026-01-01,0,persona,Professeur,ALL,86,86,0,0,0,100.0,0.0,0.0,0.0,314.54838709700000000000,409.32030599999787911000,368.64000000000000000000,244.93259221095893743756,1337.44128530795681654756,15.551642852418103
2026-01-01,2026-01-01,0,persona,Repair,ALL,27,27,0,0,0,100.0,0.0,0.0,0.0,103.73999999999999500000,69.32717999999963408000,248.00000000000000000000,38.07558910465753809916,459.14276910465716717916,17.005287744616933
2026-01-01,2026-01-01,0,persona,Repair_Installation,ALL,13,13,0,0,0,100.0,0.0,0.0,0.0,79.48387096800000000000,193.22481599999898784000,0.00000000000000000000,49.74826239287671104200,322.45694936087569888200,24.80438072006736
2026-01-01,2026-01-01,0,persona,Restauration,ALL,78,77,0,0,1,98.72,0.0,0.0,1.28,423.07741935600000000000,682.36549199999642660000,1124.80000000000000000000,133.34260705589043454830,2363.58551841188686114830,30.302378441178035
2026-01-01,2026-01-01,0,persona,Retail,ALL,389,388,0,0,1,99.74,0.0,0.0,0.26,1639.98982795800000000000,2573.58758039998653150646,3520.98000000000000000000,786.44253601424665332946,8520.99994437223318483592,21.904884175764096
2026-01-01,2026-01-01,0,persona,Wholesale,ALL,58,58,0,0,0,100.0,0.0,0.0,0.0,297.35483870900000000000,682.37100359999628059100,294.14000000000000000000,336.48643738630143792352,1610.35227969529771851452,27.764694477505135
2026-01-01,2026-01-01,0,persona_x_initial_plan,Automobile_Trade_Repair,business,3,3,0,0,0,100.0,0.0,0.0,0.0,0.00000000000000000000,343.59647399999826930000,4.00000000000000000000,20.71388959726027620000,368.31036359725854550000,122.77012119908619
2026-01-01,2026-01-01,0,persona_x_initial_plan,Automobile_Trade_Repair,free,42,42,0,0,0,100.0,0.0,0.0,0.0,0.00000000000000000000,58.86333179999969437000,156.00000000000000000000,56.83294280328767536885,271.69627460328736973885,6.468958919125889
2026-01-01,2026-01-01,0,persona_x_initial_plan,Automobile_Trade_Repair,plus,37,37,0,0,0,100.0,0.0,0.0,0.0,347.88677419400000000000,575.50364999999700457300,138.00000000000000000000,160.63720070958906067150,1222.02762490358606524450,33.02777364604287
2026-01-01,2026-01-01,0,persona_x_initial_plan,Automobile_Trade_Repair,start,44,44,0,0,0,100.0,0.0,0.0,0.0,251.97032258100000000000,495.69568199999739823000,0.00000000000000000000,74.41254693917809320789,822.07855152017549143789,18.68360344364035
2026-01-01,2026-01-01,0,persona_x_initial_plan,BTP,business,15,15,0,0,0,100.0,0.0,0.0,0.0,480.00000000000000000000,660.17379599999659505000,0.00000000000000000000,107.78225885534246557710,1247.95605485533906062710,83.19707032368927
2026-01-01,2026-01-01,0,persona_x_initial_plan,BTP,free,191,189,0,0,2,98.95,0.0,0.0,1.05,94.17815770600000040000,634.76796959999668649400,484.80000000000000000000,2409.86607867616463432456,3623.61220598216132121856,18.971791654356867
2026-01-01,2026-01-01,0,persona_x_initial_plan,BTP,plus,91,91,0,0,0,100.0,0.0,0.0,0.0,882.95698924600000000000,2797.05044699998556750000,886.00000000000000000000,305.68135653863017431281,4871.68879278461574181281,53.53504167895182
2026-01-01,2026-01-01,0,persona_x_initial_plan,BTP,start,194,193,0,0,1,99.48,0.0,0.0,0.52,944.34419354900000000000,2188.18170899998847467000,158.00000000000000000000,1259.34418450191794008716,4549.87008705090641475716,23.45293859304591
2026-01-01,2026-01-01,0,persona_x_initial_plan,Bankers_Insurance,free,26,26,0,0,0,100.0,0.0,0.0,0.0,8.25290322599999900000,171.30013739999908800000,418.00000000000000000000,458.56364547287672641340,1056.11668609887581341340,40.61987254226445
2026-01-01,2026-01-01,0,persona_x_initial_plan,Bankers_Insurance,plus,3,3,0,0,0,100.0,0.0,0.0,0.0,20.00000000000000000000,39.43645199999979300000,0.00000000000000000000,4.57177296164383565000,64.00822496164362865000,21.336074987214545
2026-01-01,2026-01-01,0,persona_x_initial_plan,Bankers_Insurance,start,18,18,0,0,0,100.0,0.0,0.0,0.0,133.03225806500000000000,79.93931579999958560000,0.00000000000000000000,89.84248916821917641200,302.81406303321876201200,16.823003501845488
2026-01-01,2026-01-01,0,persona_x_initial_plan,Bikers_Drivers,business,7,7,0,0,0,100.0,0.0,0.0,0.0,240.00000000000000000000,289.96815599999849500000,4.00000000000000000000,67.85115086904111399500,601.81930686903960899500,85.97418669557707
2026-01-01,2026-01-01,0,persona_x_initial_plan,Bikers_Drivers,free,44,44,0,0,0,100.0,0.0,0.0,0.0,10.78000000000000000000,146.29276799999924902200,1008.00000000000000000000,30.90048287671233345072,1195.97325087671158247272,27.18121024719799
2026-01-01,2026-01-01,0,persona_x_initial_plan,Bikers_Drivers,plus,19,18,0,0,1,94.74,0.0,0.0,5.26,163.06451612900000000000,191.67708599999902009100,142.00000000000000000000,54.23213547671232917400,550.97373760571134926500,28.998617768721648
2026-01-01,2026-01-01,0,persona_x_initial_plan,Bikers_Drivers,start,84,84,0,0,0,100.0,0.0,0.0,0.0,377.67741935500000000000,595.83778199999686683582,972.00000000000000000000,80.02631396547946040000,2025.54151532047632723582,24.11358946810091
2026-01-01,2026-01-01,0,persona_x_initial_plan,Cleaning_CallCenters,free,7,7,0,0,0,100.0,0.0,0.0,0.0,0.00000000000000000000,6.47297999999996684400,4.00000000000000000000,2.36811482465753539750,12.84109482465750224150,1.8344421178082144
2026-01-01,2026-01-01,0,persona_x_initial_plan,Cleaning_CallCenters,plus,1,1,0,0,0,100.0,0.0,0.0,0.0,25.00000000000000000000,29.26096199999985000000,0.00000000000000000000,1.52851809260274040000,55.78948009260259040000,55.78948009260259
2026-01-01,2026-01-01,0,persona_x_initial_plan,Cleaning_CallCenters,start,3,3,0,0,0,100.0,0.0,0.0,0.0,11.00000000000000000000,0.81908999999999565000,0.00000000000000000000,6.15153416712328964700,17.97062416712328529700,5.990208055707762
2026-01-01,2026-01-01,0,persona_x_initial_plan,Consultant,business,5,5,0,0,0,100.0,0.0,0.0,0.0,240.00000000000000000000,30.00169799999983849000,0.00000000000000000000,21.74786751945205350100,291.74956551945189199100,58.34991310389038
2026-01-01,2026-01-01,0,persona_x_initial_plan,Consultant,free,226,225,0,0,1,99.56,0.0,0.0,0.44,42.78193548400000000000,436.90019039999769657000,1604.80000000000000000000,760.04249745917814025593,2844.52462334317583682593,12.586392138686618
2026-01-01,2026-01-01,0,persona_x_initial_plan,Consultant,plus,38,38,0,0,0,100.0,0.0,0.0,0.0,537.36559139800000000000,1036.91302199999459158000,0.00000000000000000000,736.13055023726026422100,2310.40916363525485580100,60.80024114829619
2026-01-01,2026-01-01,0,persona_x_initial_plan,Consultant,start,219,219,0,0,0,100.0,0.0,0.0,0.0,1323.99311828000000000000,1194.55655579999377317400,3130.00000000000000000000,832.44360677808229745656,6480.99328085807607063056,29.593576624922722
2026-01-01,2026-01-01,0,persona_x_initial_plan,Developer_IT,business,5,5,0,0,0,100.0,0.0,0.0,0.0,240.00000000000000000000,0.00000000000000000000,0.00000000000000000000,12.98539927671233274165,252.98539927671233274165,50.59707985534247
2026-01-01,2026-01-01,0,persona_x_initial_plan,Developer_IT,free,93,93,0,0,0,100.0,0.0,0.0,0.0,0.00000000000000000000,460.08019799999754168200,785.16000000000000000000,455.31599799561652784348,1700.55619599561406952548,18.285550494576494
2026-01-01,2026-01-01,0,persona_x_initial_plan,Developer_IT,plus,22,21,0,0,1,95.45,0.0,0.0,4.55,321.77419354800000000000,800.68923719999579432000,0.00000000000000000000,145.79232776767124654810,1268.25575851566704086810,57.647989023439415
2026-01-01,2026-01-01,0,persona_x_initial_plan,Developer_IT,start,91,90,0,0,1,98.9,0.0,0.0,1.1,606.29032258000000000000,449.86663439999767652000,1226.76000000000000000000,314.87490716438357894009,2597.79186414438125546009,28.54716334224595
2026-01-01,2026-01-01,0,persona_x_initial_plan,Media_Publishing,free,43,42,0,0,1,97.67,0.0,0.0,2.33,0.00000000000000000000,178.81246619999905811000,160.00000000000000000000,101.26247651013699837500,440.07494271013605648500,10.234300993258978
2026-01-01,2026-01-01,0,persona_x_initial_plan,Media_Publishing,plus,6,6,0,0,0,100.0,0.0,0.0,0.0,20.00000000000000000000,142.84814399999926352000,0.00000000000000000000,47.46558110520548526000,210.31372510520474878000,35.052287517534126
2026-01-01,2026-01-01,0,persona_x_initial_plan,Media_Publishing,start,56,54,0,0,2,96.43,0.0,0.0,3.57,313.90322580600000000000,220.11151499999884909100,653.00000000000000000000,151.45371632164385050015,1338.46845712764269959115,23.901222448707905
2026-01-01,2026-01-01,0,persona_x_initial_plan,Medical_Professionals,free,9,9,0,0,0,100.0,0.0,0.0,0.0,0.00000000000000000000,7.48898999999996020000,0.00000000000000000000,18.10047750356164680300,25.58946750356160700300,2.843274167062401
2026-01-01,2026-01-01,0,persona_x_initial_plan,Medical_Professionals,plus,2,2,0,0,0,100.0,0.0,0.0,0.0,0.00000000000000000000,0.00000000000000000000,0.00000000000000000000,4.72775413479452110000,4.72775413479452110000,2.3638770673972607
2026-01-01,2026-01-01,0,persona_x_initial_plan,Medical_Professionals,start,19,19,0,0,0,100.0,0.0,0.0,0.0,11.00000000000000000000,35.91115199999981430000,0.00000000000000000000,30.49368948383562137450,77.40484148383543567450,4.073939025465023
2026-01-01,2026-01-01,0,persona_x_initial_plan,Others,business,10,10,0,0,0,100.0,0.0,0.0,0.0,160.00000000000000000000,43.69738679999976580000,24.04000000000000000000,36.36472201260274207000,264.10210881260250787000,26.41021088126025
2026-01-01,2026-01-01,0,persona_x_initial_plan,Others,free,185,184,0,0,1,99.46,0.0,0.0,0.54,36.44000000000000000000,384.28032419999798890046,792.80000000000000000000,349.67817148931511004012,1563.19849568931309894058,8.449721598320611
2026-01-01,2026-01-01,0,persona_x_initial_plan,Others,plus,57,57,0,0,0,100.0,0.0,0.0,0.0,420.00000000000000000000,406.62156599999790337900,118.00000000000000000000,147.40800100273975706160,1092.02956700273766044060,19.15841345618838
2026-01-01,2026-01-01,0,persona_x_initial_plan,Others,start,185,184,0,0,1,99.46,0.0,0.0,0.54,879.06451612900000000000,1010.15261999999477334646,802.18000000000000000000,411.87814778246581049384,3103.27528391146058384030,16.774460994116
2026-01-01,2026-01-01,0,persona_x_initial_plan,Professeur,business,1,1,0,0,0,100.0,0.0,0.0,0.0,0.00000000000000000000,42.27964199999977500000,0.00000000000000000000,8.35671983013698670000,50.63636183013676170000,50.636361830136764
2026-01-01,2026-01-01,0,persona_x_initial_plan,Professeur,free,40,40,0,0,0,100.0,0.0,0.0,0.0,0.00000000000000000000,74.68540199999961063000,130.80000000000000000000,32.14504313315068767273,237.63044513315029830273,5.940761128328758
2026-01-01,2026-01-01,0,persona_x_initial_plan,Professeur,plus,3,3,0,0,0,100.0,0.0,0.0,0.0,20.00000000000000000000,0.00000000000000000000,118.00000000000000000000,1.14591626520547955600,139.14591626520547955600,46.381972088401824
2026-01-01,2026-01-01,0,persona_x_initial_plan,Professeur,start,42,42,0,0,0,100.0,0.0,0.0,0.0,294.54838709700000000000,292.35526199999849348000,119.84000000000000000000,203.28491298246578350883,910.02856207946427698883,21.66734671617772
2026-01-01,2026-01-01,0,persona_x_initial_plan,Repair,free,15,15,0,0,0,100.0,0.0,0.0,0.0,41.73999999999999500000,52.30733399999972398000,12.00000000000000000000,29.25215052657534600746,135.29948452657506498746,9.019965635105004
2026-01-01,2026-01-01,0,persona_x_initial_plan,Repair,plus,3,3,0,0,0,100.0,0.0,0.0,0.0,20.00000000000000000000,3.79999799999998000000,118.00000000000000000000,0.30430995013698630710,142.10430795013696630710,47.36810265004565
2026-01-01,2026-01-01,0,persona_x_initial_plan,Repair,start,9,9,0,0,0,100.0,0.0,0.0,0.0,42.00000000000000000000,13.21984799999993010000,118.00000000000000000000,8.51912862794520578460,181.73897662794513588460,20.193219625327238
2026-01-01,2026-01-01,0,persona_x_initial_plan,Repair_Installation,free,3,3,0,0,0,100.0,0.0,0.0,0.0,0.00000000000000000000,61.62521399999967300000,0.00000000000000000000,21.60716562136986442000,83.23237962136953742000,27.74412654045651
2026-01-01,2026-01-01,0,persona_x_initial_plan,Repair_Installation,plus,3,3,0,0,0,100.0,0.0,0.0,0.0,45.00000000000000000000,105.47863199999945200000,0.00000000000000000000,22.36212265753424351900,172.84075465753369551900,57.61358488584457
2026-01-01,2026-01-01,0,persona_x_initial_plan,Repair_Installation,start,7,7,0,0,0,100.0,0.0,0.0,0.0,34.48387096800000000000,26.12096999999986284000,0.00000000000000000000,5.77897411397260310300,66.38381508197246594300,9.483402154567496
2026-01-01,2026-01-01,0,persona_x_initial_plan,Restauration,business,1,1,0,0,0,100.0,0.0,0.0,0.0,80.00000000000000000000,13.60110599999992700000,0.00000000000000000000,0.47046761260273978000,94.07157361260266678000,94.07157361260266
2026-01-01,2026-01-01,0,persona_x_initial_plan,Restauration,free,28,28,0,0,0,100.0,0.0,0.0,0.0,7.38000000000000000000,263.39336999999861620000,192.80000000000000000000,35.69094359013699289300,499.26431359013560909300,17.830868342504843
2026-01-01,2026-01-01,0,persona_x_initial_plan,Restauration,plus,15,15,0,0,0,100.0,0.0,0.0,0.0,144.35483871000000000000,302.21598599999843716000,810.00000000000000000000,31.42552021643835893790,1287.99634492643679609790,85.86642299509579
2026-01-01,2026-01-01,0,persona_x_initial_plan,Restauration,start,34,33,0,0,1,97.06,0.0,0.0,2.94,191.34258064600000000000,103.15502999999944624000,122.00000000000000000000,65.75567563671234293740,482.25328628271178917740,14.18392018478564
2026-01-01,2026-01-01,0,persona_x_initial_plan,Retail,business,5,5,0,0,0,100.0,0.0,0.0,0.0,160.00000000000000000000,128.65888799999934440000,4.00000000000000000000,17.14250561424657722290,309.80139361424592162290,61.96027872284918
2026-01-01,2026-01-01,0,persona_x_initial_plan,Retail,free,159,159,0,0,0,100.0,0.0,0.0,0.0,12.30000000000000000000,661.07923199999656391200,714.00000000000000000000,264.80346687726031553154,1652.18269887725687944354,10.391086156460736
2026-01-01,2026-01-01,0,persona_x_initial_plan,Retail,plus,46,46,0,0,0,100.0,0.0,0.0,0.0,506.77419354900000000000,384.75642599999797294100,1030.00000000000000000000,178.53870050356164993682,2100.06932005255962287782,45.653680870707824
2026-01-01,2026-01-01,0,persona_x_initial_plan,Retail,start,179,178,0,0,1,99.44,0.0,0.0,0.56,960.91563440900000000000,1399.09303439999265025346,1772.98000000000000000000,325.95786301917811063820,4458.94653182817076089166,24.910315820269112
2026-01-01,2026-01-01,0,persona_x_initial_plan,Wholesale,business,1,1,0,0,0,100.0,0.0,0.0,0.0,0.00000000000000000000,0.00000000000000000000,0.00000000000000000000,62.87049361863015000000,62.87049361863015000000,62.87049361863015
2026-01-01,2026-01-01,0,persona_x_initial_plan,Wholesale,free,19,19,0,0,0,100.0,0.0,0.0,0.0,0.00000000000000000000,84.45403799999956582100,148.94000000000000000000,47.03351669315069264800,280.42755469315025846900,14.759344983850015
2026-01-01,2026-01-01,0,persona_x_initial_plan,Wholesale,plus,11,11,0,0,0,100.0,0.0,0.0,0.0,147.58064516100000000000,179.66246759999905437000,138.00000000000000000000,111.61496605479455356452,576.85807881579360793452,52.44164352870851
2026-01-01,2026-01-01,0,persona_x_initial_plan,Wholesale,start,27,27,0,0,0,100.0,0.0,0.0,0.0,149.77419354800000000000,418.25449799999766040000,7.20000000000000000000,114.96746101972604171100,690.19615256772370211100,25.56282046547125
2026-01-01,2026-02-01,1,initial_plan,ALL,business,53,51,2,0,0,96.23,3.77,0.0,0.0,3600.00000000000000000000,4403.95213859998163885300,21.20000000000000000000,1093.21060259616438271190,9118.36274119614602156490,172.0445800225688
2026-01-01,2026-02-01,1,initial_plan,ALL,free,1130,1084,41,0,5,95.93,3.63,0.0,0.44,581.55771739100000000000,7813.06288199996913711400,914.47999999999999640000,10694.92033152219346888604,20004.02093091316260240004,17.70267339018864
2026-01-01,2026-02-01,1,initial_plan,ALL,plus,357,342,13,0,2,95.8,3.64,0.0,0.56,7489.99999999900000000000,18373.69012319992807954500,496.10000000000000000000,4695.92295425369899097694,31055.71307745262707052194,86.99079293404097
2026-01-01,2026-02-01,1,initial_plan,ALL,start,1211,1161,46,0,4,95.87,3.8,0.0,0.33,11460.12125000000000300000,21046.79687039991731958200,1269.79999999999999870000,9135.22688733753480650284,42911.94500773745212778484,35.435132128602355
2026-01-01,2026-02-01,1,overall,ALL,ALL,2751,2638,102,0,11,95.89,3.71,0.0,0.4,23131.67896739000000300000,51637.50201419979617509400,2701.57999999999999510000,25619.28077570959164907772,103090.04175729938782227172,37.47366112588128
2026-01-01,2026-02-01,1,persona,Automobile_Trade_Repair,ALL,126,122,4,0,0,96.83,3.17,0.0,0.0,1446.50000000000000000000,4746.49863659998151239000,219.18000000000000000000,936.64202608493149170580,7348.82066268491300409580,58.32397351337233
2026-01-01,2026-02-01,1,persona,BTP,ALL,491,476,13,0,2,96.95,2.65,0.0,0.41,5235.38916666600000300000,17145.93152159993185251900,328.88000000000000070000,8010.37259953479552707552,30720.57328780072738329452,62.56735903829068
2026-01-01,2026-02-01,1,persona,Bankers_Insurance,ALL,47,46,1,0,0,97.87,2.13,0.0,0.0,229.00000000000000000000,219.74610599999910726000,14.14000000000000000000,1806.07218866027444628550,2268.95829466027355354550,48.275708397027095
2026-01-01,2026-02-01,1,persona,Bikers_Drivers,ALL,154,141,12,0,1,91.56,7.79,0.0,0.65,1782.02000000000000000000,2575.37377799998992054500,137.00000000000000000000,742.89947230794523043852,5237.29325030793515098352,34.00839772927231
2026-01-01,2026-02-01,1,persona,Cleaning_CallCenters,ALL,11,11,0,0,0,100.0,0.0,0.0,0.0,47.00000000000000000000,80.57431799999968425000,15.58000000000000000000,38.93904366301369921700,182.09336166301338346700,16.553941969364853
2026-01-01,2026-02-01,1,persona,Consultant,ALL,488,472,15,0,1,96.72,3.07,0.0,0.2,3282.51791666600000000000,6235.68199679997557648100,251.65999999999999800000,4506.19291498356205190639,14276.05282844953762638739,29.254206615675283
2026-01-01,2026-02-01,1,persona,Developer_IT,ALL,211,200,9,0,2,94.79,4.27,0.0,0.95,1668.91000000000000000000,1958.03699759999235447000,88.95999999999999700000,1856.45609335287680689078,5572.36309095286915836078,26.409303748591796
2026-01-01,2026-02-01,1,persona,Media_Publishing,ALL,105,101,2,0,2,96.19,1.9,0.0,1.9,649.38000000000000000000,1079.31044519999583800300,47.86000000000000000000,805.46912176657544732150,2582.01956696657128532450,24.590662542538773
2026-01-01,2026-02-01,1,persona,Medical_Professionals,ALL,30,29,1,0,0,96.67,3.33,0.0,0.0,232.79000000000000000000,123.61318199999951177000,4.80000000000000000000,241.97339622630140102700,603.17657822630091279700,20.105885940876696
2026-01-01,2026-02-01,1,persona,Others,ALL,437,423,13,0,1,96.8,2.97,0.0,0.23,3263.88000000000000000000,6173.43109379997563941900,818.14000000000000000000,2257.15620642191796894880,12512.60730022189360836780,28.632968650393348
2026-01-01,2026-02-01,1,persona,Professeur,ALL,86,83,3,0,0,96.51,3.49,0.0,0.0,546.66666666700000000000,1582.07198399999372892000,44.48000000000000000000,805.67699979835616877701,2978.89565046534989769701,34.63832151703895
2026-01-01,2026-02-01,1,persona,Repair,ALL,27,25,2,0,0,92.59,7.41,0.0,0.0,176.15000000000000000000,356.45234399999861520000,22.20000000000000000000,94.93871462191780957640,649.74105862191642477640,24.064483652663572
2026-01-01,2026-02-01,1,persona,Repair_Installation,ALL,13,13,0,0,0,100.0,0.0,0.0,0.0,132.00000000000000000000,446.39899199999831900000,0.00000000000000000000,100.59428914849316057400,678.99328114849147957400,52.23025239603781
2026-01-01,2026-02-01,1,persona,Restauration,ALL,78,74,3,0,1,94.87,3.85,0.0,1.28,833.12000000000000000000,2113.29176399999163014000,49.30000000000000000000,420.48513377863016588126,3416.19689777862179602126,43.797396125366944
2026-01-01,2026-02-01,1,persona,Retail,ALL,389,367,21,0,1,94.34,5.4,0.0,0.26,3047.93771739100000000000,6069.68383679997584145300,627.65999999999999940000,1853.69199124493164976204,11598.97354543590749061504,29.817412713202845
2026-01-01,2026-02-01,1,persona,Wholesale,ALL,58,55,3,0,0,94.83,5.17,0.0,0.0,558.41750000000000000000,731.40501779999704327400,31.74000000000000000000,1141.72058411506862369020,2463.28310191506566696420,42.47039830888045
2026-01-01,2026-02-01,1,persona_x_initial_plan,Automobile_Trade_Repair,business,3,3,0,0,0,100.0,0.0,0.0,0.0,160.00000000000000000000,647.34544799999745000000,0.00000000000000000000,255.13846464219176400000,1062.48391264218921400000,354.161304214063
2026-01-01,2026-02-01,1,persona_x_initial_plan,Automobile_Trade_Repair,free,42,41,1,0,0,97.62,2.38,0.0,0.0,12.45000000000000000000,232.99450919999905789000,35.96000000000000000000,105.20338004876712511100,386.60788924876618300100,9.204949744018242
2026-01-01,2026-02-01,1,persona_x_initial_plan,Automobile_Trade_Repair,plus,37,36,1,0,0,97.3,2.7,0.0,0.0,800.00000000000000000000,2921.50681739998871426000,15.22000000000000000000,451.85279617534246490560,4188.57961357533117916560,113.20485442095489
2026-01-01,2026-02-01,1,persona_x_initial_plan,Automobile_Trade_Repair,start,44,42,2,0,0,95.45,4.55,0.0,0.0,474.05000000000000000000,944.65186199999629024000,168.00000000000000000000,124.44738521863013768920,1711.14924721862642792920,38.88975561860514
2026-01-01,2026-02-01,1,persona_x_initial_plan,BTP,business,15,14,1,0,0,93.33,6.67,0.0,0.0,1120.00000000000000000000,2442.13552799998941451000,0.00000000000000000000,193.98587595780824457650,3756.12140395779765908650,250.4080935971865
2026-01-01,2026-02-01,1,persona_x_initial_plan,BTP,free,191,183,6,0,2,95.81,3.14,0.0,1.05,96.00000000000000000000,1605.75169859999367425000,182.84000000000000000000,4733.07817468274054492181,6617.66987328273421917181,34.64748624755358
2026-01-01,2026-02-01,1,persona_x_initial_plan,BTP,plus,91,90,1,0,0,98.9,1.1,0.0,0.0,2026.66666666600000000000,8404.51372199996698688900,34.66000000000000000000,816.35524412547957189380,11282.19563279144655878280,123.98017178891699
2026-01-01,2026-02-01,1,persona_x_initial_plan,BTP,start,194,189,5,0,0,97.42,2.58,0.0,0.0,1992.72250000000000300000,4693.53057299998177687000,111.38000000000000070000,2266.95330476876716568341,9064.58637776874894625341,46.72467205035437
2026-01-01,2026-02-01,1,persona_x_initial_plan,Bankers_Insurance,free,26,26,0,0,0,100.0,0.0,0.0,0.0,9.00000000000000000000,55.54979999999977746000,9.60000000000000000000,1485.83396223945253239850,1559.98376223945230985850,59.99937547074816
2026-01-01,2026-02-01,1,persona_x_initial_plan,Bankers_Insurance,plus,3,3,0,0,0,100.0,0.0,0.0,0.0,70.00000000000000000000,111.81760199999954000000,0.00000000000000000000,60.81139942630135720000,242.62900142630089720000,80.87633380876697
2026-01-01,2026-02-01,1,persona_x_initial_plan,Bankers_Insurance,start,18,17,1,0,0,94.44,5.56,0.0,0.0,150.00000000000000000000,52.37870399999978980000,4.54000000000000000000,259.42682699452055668700,466.34553099452034648700,25.90808505525113
2026-01-01,2026-02-01,1,persona_x_initial_plan,Bikers_Drivers,business,7,7,0,0,0,100.0,0.0,0.0,0.0,560.00000000000000000000,427.94398799999837133000,0.00000000000000000000,323.03876435999998117280,1310.98275235999835250280,187.28325033714262
2026-01-01,2026-02-01,1,persona_x_initial_plan,Bikers_Drivers,free,44,41,3,0,0,93.18,6.82,0.0,0.0,76.02000000000000000000,291.67972199999887250000,34.36000000000000000000,87.62586731287671546059,489.68558931287558796059,11.12921793892899
2026-01-01,2026-02-01,1,persona_x_initial_plan,Bikers_Drivers,plus,19,18,0,0,1,94.74,0.0,0.0,5.26,440.00000000000000000000,293.42024999999885561500,80.00000000000000000000,114.57786850684933901106,927.99811850684819462606,48.84200623720253
2026-01-01,2026-02-01,1,persona_x_initial_plan,Bikers_Drivers,start,84,75,9,0,0,89.29,10.71,0.0,0.0,706.00000000000000000000,1562.32981799999382110000,22.64000000000000000000,217.65697212821919479407,2508.62679012821301589407,29.86460464438349
2026-01-01,2026-02-01,1,persona_x_initial_plan,Cleaning_CallCenters,free,7,7,0,0,0,100.0,0.0,0.0,0.0,0.00000000000000000000,29.32187399999988565000,1.60000000000000000000,6.81555865479452078700,37.73743265479440643700,5.391061807827772
2026-01-01,2026-02-01,1,persona_x_initial_plan,Cleaning_CallCenters,plus,1,1,0,0,0,100.0,0.0,0.0,0.0,25.00000000000000000000,46.88126999999981600000,13.98000000000000000000,25.91954445205479400000,111.78081445205461000000,111.78081445205461
2026-01-01,2026-02-01,1,persona_x_initial_plan,Cleaning_CallCenters,start,3,3,0,0,0,100.0,0.0,0.0,0.0,22.00000000000000000000,4.37117399999998260000,0.00000000000000000000,6.20394055616438443000,32.57511455616436703000,10.858371518721455
2026-01-01,2026-02-01,1,persona_x_initial_plan,Consultant,business,5,5,0,0,0,100.0,0.0,0.0,0.0,320.00000000000000000000,57.82975199999978034000,3.28000000000000000000,62.37298223835616873000,443.48273423835594907000,88.69654684767119
2026-01-01,2026-02-01,1,persona_x_initial_plan,Consultant,free,226,217,8,0,1,96.02,3.54,0.0,0.44,79.29500000000000000000,808.85091779999677725200,153.56000000000000000000,1463.58706121808229912438,2505.29297901807907637638,11.08536716379681
2026-01-01,2026-02-01,1,persona_x_initial_plan,Consultant,plus,38,36,2,0,0,94.74,5.26,0.0,0.0,773.33333333300000000000,1483.34112539999420844000,11.64000000000000000000,1195.06649444547957537700,3463.38095317847378381700,91.14160403101246
2026-01-01,2026-02-01,1,persona_x_initial_plan,Consultant,start,219,214,5,0,0,97.72,2.28,0.0,0.0,2109.88958333300000000000,3885.66020159998481044900,83.17999999999999800000,1785.16637708164400867501,7863.89616201462881712401,35.90820165303484
2026-01-01,2026-02-01,1,persona_x_initial_plan,Developer_IT,business,5,5,0,0,0,100.0,0.0,0.0,0.0,400.00000000000000000000,3.99038399999998460000,0.00000000000000000000,8.59978659452054927260,412.59017059452053387260,82.51803411890411
2026-01-01,2026-02-01,1,persona_x_initial_plan,Developer_IT,free,93,87,6,0,0,93.55,6.45,0.0,0.0,3.91000000000000000000,722.96880839999715359000,39.65999999999999700000,813.09008826356173687850,1579.62889666355888746850,16.9852569533716
2026-01-01,2026-02-01,1,persona_x_initial_plan,Developer_IT,plus,22,21,0,0,1,95.45,0.0,0.0,4.55,425.00000000000000000000,648.68497559999748203000,2.66000000000000000000,308.38653992986300543400,1384.73151552986048746400,62.94234161499366
2026-01-01,2026-02-01,1,persona_x_initial_plan,Developer_IT,start,91,87,3,0,1,95.6,3.3,0.0,1.1,840.00000000000000000000,582.39282959999773425000,46.64000000000000000000,726.37967856493151530568,2195.41250816492924955568,24.125412177636584
2026-01-01,2026-02-01,1,persona_x_initial_plan,Media_Publishing,free,43,40,2,0,1,93.02,4.65,0.0,2.33,11.38000000000000000000,277.84642499999890941600,28.40000000000000000000,163.23548057698632686680,480.86190557698523628280,11.182835013418261
2026-01-01,2026-02-01,1,persona_x_initial_plan,Media_Publishing,plus,6,6,0,0,0,100.0,0.0,0.0,0.0,120.00000000000000000000,129.00787199999950570000,4.00000000000000000000,35.06001914191781452000,288.06789114191732022000,48.01131519031955
2026-01-01,2026-02-01,1,persona_x_initial_plan,Media_Publishing,start,56,55,0,0,1,98.21,0.0,0.0,1.79,518.00000000000000000000,672.45614819999742288700,15.46000000000000000000,607.17362204767130593470,1813.08977024766872882170,32.37660304013694
2026-01-01,2026-02-01,1,persona_x_initial_plan,Medical_Professionals,free,9,9,0,0,0,100.0,0.0,0.0,0.0,6.79000000000000000000,44.65191599999982474000,4.80000000000000000000,73.89243937205480120000,130.13435537205462594000,14.45937281911718
2026-01-01,2026-02-01,1,persona_x_initial_plan,Medical_Professionals,plus,2,2,0,0,0,100.0,0.0,0.0,0.0,50.00000000000000000000,2.98223999999998850000,0.00000000000000000000,24.82612103013699190000,77.80836103013698040000,38.90418051506849
2026-01-01,2026-02-01,1,persona_x_initial_plan,Medical_Professionals,start,19,18,1,0,0,94.74,5.26,0.0,0.0,176.00000000000000000000,75.97902599999969853000,0.00000000000000000000,143.25483582410960792700,395.23386182410930645700,20.80178220126891
2026-01-01,2026-02-01,1,persona_x_initial_plan,Others,business,10,9,1,0,0,90.0,10.0,0.0,0.0,480.00000000000000000000,515.04658199999788397300,17.92000000000000000000,95.06839925095891589900,1108.03498125095679987200,110.80349812509569
2026-01-01,2026-02-01,1,persona_x_initial_plan,Others,free,185,181,3,0,1,97.84,1.62,0.0,0.54,99.88000000000000000000,1128.76090199999556561000,155.70000000000000000000,729.47570352767129475632,2113.81660552766686036632,11.426035705554957
2026-01-01,2026-02-01,1,persona_x_initial_plan,Others,plus,57,54,3,0,0,94.74,5.26,0.0,0.0,1020.00000000000000000000,1259.96097059999504636200,319.68000000000000000000,355.25071796328768077998,2954.89168856328272714198,51.840205062513725
2026-01-01,2026-02-01,1,persona_x_initial_plan,Others,start,185,179,6,0,0,96.76,3.24,0.0,0.0,1664.00000000000000000000,3269.66263919998714347400,324.84000000000000000000,1077.36138568000007751350,6335.86402487998722098750,34.24791364799993
2026-01-01,2026-02-01,1,persona_x_initial_plan,Professeur,business,1,1,0,0,0,100.0,0.0,0.0,0.0,80.00000000000000000000,80.48894399999966300000,0.00000000000000000000,7.64769994904109750000,168.13664394904076050000,168.13664394904077
2026-01-01,2026-02-01,1,persona_x_initial_plan,Professeur,free,40,39,1,0,0,97.5,2.5,0.0,0.0,0.00000000000000000000,294.03527399999883886000,33.64000000000000000000,86.28797738465753924848,413.96325138465637810848,10.349081284616409
2026-01-01,2026-02-01,1,persona_x_initial_plan,Professeur,plus,3,3,0,0,0,100.0,0.0,0.0,0.0,70.00000000000000000000,3.04037999999998790000,0.00000000000000000000,2.67733344986301401200,75.71771344986300191200,25.239237816621
2026-01-01,2026-02-01,1,persona_x_initial_plan,Professeur,start,42,40,2,0,0,95.24,4.76,0.0,0.0,396.66666666700000000000,1204.50738599999523916000,10.84000000000000000000,709.06398901479451801653,2321.07804168178975717653,55.26376289718547
2026-01-01,2026-02-01,1,persona_x_initial_plan,Repair,free,15,14,1,0,0,93.33,6.67,0.0,0.0,45.15000000000000000000,116.37597599999956180000,18.20000000000000000000,59.35830544438356154440,239.08428144438312334440,15.938952096292208
2026-01-01,2026-02-01,1,persona_x_initial_plan,Repair,plus,3,3,0,0,0,100.0,0.0,0.0,0.0,45.00000000000000000000,106.13012399999957600000,0.00000000000000000000,4.48545167287671220100,155.61557567287628820100,51.87185855762542
2026-01-01,2026-02-01,1,persona_x_initial_plan,Repair,start,9,8,1,0,0,88.89,11.11,0.0,0.0,86.00000000000000000000,133.94624399999947740000,4.00000000000000000000,31.09495750465753583100,255.04120150465701323100,28.337911278295223
2026-01-01,2026-02-01,1,persona_x_initial_plan,Repair_Installation,free,3,3,0,0,0,100.0,0.0,0.0,0.0,0.00000000000000000000,61.30470599999974700000,0.00000000000000000000,33.57800825150685372000,94.88271425150660072000,31.627571417168866
2026-01-01,2026-02-01,1,persona_x_initial_plan,Repair_Installation,plus,3,3,0,0,0,100.0,0.0,0.0,0.0,70.00000000000000000000,261.78238799999906000000,0.00000000000000000000,37.35329668547945891000,369.13568468547851891000,123.04522822849283
2026-01-01,2026-02-01,1,persona_x_initial_plan,Repair_Installation,start,7,7,0,0,0,100.0,0.0,0.0,0.0,62.00000000000000000000,123.31189799999951200000,0.00000000000000000000,29.66298421150684794400,214.97488221150635994400,30.710697458786623
2026-01-01,2026-02-01,1,persona_x_initial_plan,Restauration,business,1,1,0,0,0,100.0,0.0,0.0,0.0,80.00000000000000000000,0.00000000000000000000,0.00000000000000000000,0.07758101041095890000,80.07758101041095890000,80.07758101041095
2026-01-01,2026-02-01,1,persona_x_initial_plan,Restauration,free,28,27,1,0,0,96.43,3.57,0.0,0.0,79.12000000000000000000,782.99103599999690702000,31.20000000000000000000,85.51734589589041890800,978.82838189588732592800,34.95815649628169
2026-01-01,2026-02-01,1,persona_x_initial_plan,Restauration,plus,15,15,0,0,0,100.0,0.0,0.0,0.0,370.00000000000000000000,746.54866799999703980000,12.10000000000000000000,74.23592041369863602000,1202.88458841369567582000,80.19230589424637
2026-01-01,2026-02-01,1,persona_x_initial_plan,Restauration,start,34,31,2,0,1,91.18,5.88,0.0,2.94,304.00000000000000000000,583.75205999999768332000,6.00000000000000000000,260.65428645863015205326,1154.40634645862783537326,33.95312783701847
2026-01-01,2026-02-01,1,persona_x_initial_plan,Retail,business,5,5,0,0,0,100.0,0.0,0.0,0.0,320.00000000000000000000,182.61847259999926610000,0.00000000000000000000,22.12113831671233266100,524.73961091671159876100,104.94792218334233
2026-01-01,2026-02-01,1,persona_x_initial_plan,Retail,free,159,151,8,0,0,94.97,5.03,0.0,0.0,38.14521739100000000000,1246.61124899999503234200,153.21999999999999940000,471.07714507726030501946,1909.05361146825533676146,12.006626487221732
2026-01-01,2026-02-01,1,persona_x_initial_plan,Retail,plus,46,41,5,0,0,89.13,10.87,0.0,0.0,985.00000000000000000000,1573.09197839999378684900,2.16000000000000000000,594.40498860273973095650,3154.65696700273351780550,68.57949928266812
2026-01-01,2026-02-01,1,persona_x_initial_plan,Retail,start,179,170,8,0,1,94.97,4.47,0.0,0.56,1704.79250000000000000000,3067.36213679998775616200,472.28000000000000000000,766.08871924821928112508,6010.52335604820703728708,33.578342771219035
2026-01-01,2026-02-01,1,persona_x_initial_plan,Wholesale,business,1,1,0,0,0,100.0,0.0,0.0,0.0,80.00000000000000000000,46.55303999999982500000,0.00000000000000000000,125.15991027616437000000,251.71295027616419500000,251.7129502761642
2026-01-01,2026-02-01,1,persona_x_initial_plan,Wholesale,free,19,18,1,0,0,94.74,5.26,0.0,0.0,24.41750000000000000000,113.36806799999955173400,31.74000000000000000000,297.26383357150689294080,466.78940157150644467480,24.567863240605604
2026-01-01,2026-02-01,1,persona_x_initial_plan,Wholesale,plus,11,10,1,0,0,90.91,9.09,0.0,0.0,200.00000000000000000000,380.97973979999848520000,0.00000000000000000000,594.65921823232884385600,1175.63895803232732905600,106.87626891202976
2026-01-01,2026-02-01,1,persona_x_initial_plan,Wholesale,start,27,26,1,0,0,96.3,3.7,0.0,0.0,254.00000000000000000000,190.50416999999918134000,0.00000000000000000000,124.63762203506851689340,569.14179203506769823340,21.079325630928434
2026-01-01,2026-03-01,2,initial_plan,ALL,business,53,44,9,0,0,83.02,16.98,0.0,0.0,3200.00000000000000000000,2465.90990279998806809000,1330.00000000000000000000,583.36740980657539052090,7579.27731260656345861090,143.0052323133314
2026-01-01,2026-03-01,2,initial_plan,ALL,free,1130,1037,88,0,5,91.77,7.79,0.0,0.44,729.74208333300000000000,7467.51323879996377094600,2129.79999999999999120000,9971.31686261260316807803,20298.37218474556693022403,17.963161225438554
2026-01-01,2026-03-01,2,initial_plan,ALL,plus,357,328,27,0,2,91.88,7.56,0.0,0.56,7835.44999999900000000000,16621.93981799991890424300,2346.01999999999999800000,5029.42488819506905462573,31832.83470619398795686873,89.16760421903078
2026-01-01,2026-03-01,2,initial_plan,ALL,start,1211,1108,99,0,4,91.49,8.18,0.0,0.33,11552.80125000000000000000,16741.29165659991911905700,3310.05999999999999770000,10474.15112521589111901106,42078.30403181581023576806,34.74674156219307
2026-01-01,2026-03-01,2,overall,ALL,ALL,2751,2517,223,0,11,91.49,8.11,0.0,0.4,23317.99333333200000000000,43296.65461619978986233600,9115.87999999999998690000,26058.26028583013873223572,101788.78823536192858147172,37.00065003102942
2026-01-01,2026-03-01,2,persona,Automobile_Trade_Repair,ALL,126,118,8,0,0,93.65,6.35,0.0,0.0,1444.34000000000000000000,3430.44738719998323295000,1577.84000000000000000000,898.07386438082198061073,7350.70125158080521356073,58.338898822069886
2026-01-01,2026-03-01,2,persona,BTP,ALL,491,453,36,0,2,92.26,7.33,0.0,0.41,5284.71666666600000000000,12254.59268459994017295800,1105.11999999999999400000,6382.79939621589036759463,25027.22874748183053455263,50.97195264252918
2026-01-01,2026-03-01,2,persona,Bankers_Insurance,ALL,47,46,1,0,0,97.87,2.13,0.0,0.0,229.00000000000000000000,268.70698799999871156000,77.19999999999999400000,1216.70160624493158305000,1791.60859424493028861000,38.11933179244533
2026-01-01,2026-03-01,2,persona,Bikers_Drivers,ALL,154,132,21,0,1,85.71,13.64,0.0,0.65,1677.43000000000000000000,3018.11259599998560540000,301.77999999999999800000,803.07264210739733001179,5800.39523810738293341179,37.66490414355444
2026-01-01,2026-03-01,2,persona,Cleaning_CallCenters,ALL,11,11,0,0,0,100.0,0.0,0.0,0.0,58.00000000000000000000,63.70390799999969493000,20.54000000000000000000,36.17329247780821674500,178.41720047780791167500,16.219745497982537
2026-01-01,2026-03-01,2,persona,Consultant,ALL,488,453,34,0,1,92.83,6.97,0.0,0.2,3178.66666666600000000000,5539.20398999997342247000,815.39999999999999940000,5742.33164312328855435812,15275.60229978926197622812,31.302463729076354
2026-01-01,2026-03-01,2,persona,Developer_IT,ALL,211,191,18,0,2,90.52,8.53,0.0,0.95,1628.40333333300000000000,3986.12015999998036518000,152.63999999999999950000,2560.90670794739742824890,8328.07020128037779292890,39.46952702028615
2026-01-01,2026-03-01,2,persona,Media_Publishing,ALL,105,100,3,0,2,95.24,2.86,0.0,1.9,678.87500000000000000000,1135.03701419999459402000,129.82000000000000200000,865.73598894356168306400,2809.46800314355627908400,26.756838125176728
2026-01-01,2026-03-01,2,persona,Medical_Professionals,ALL,30,29,1,0,0,96.67,3.33,0.0,0.0,259.00000000000000000000,115.61198399999944130000,12.40000000000000000000,297.19401628000002271400,684.20600027999946401400,22.80686667599998
2026-01-01,2026-03-01,2,persona,Others,ALL,437,395,41,0,1,90.39,9.38,0.0,0.23,3584.92625000000000000000,3842.31182039998122061000,1515.82000000000000000000,2712.02900067232899108244,11655.08707107231021169244,26.670679796504142
2026-01-01,2026-03-01,2,persona,Professeur,ALL,86,83,3,0,0,96.51,3.49,0.0,0.0,568.66666666700000000000,826.24210199999592514400,349.40000000000000000000,774.91305174739728680048,2519.22182041439321194448,29.293276981562713
2026-01-01,2026-03-01,2,persona,Repair,ALL,27,23,4,0,0,85.19,14.81,0.0,0.0,156.00000000000000000000,223.10483399999890965000,40.80000000000000000000,125.01210203178082379290,544.91693603177973344290,20.18210874191777
2026-01-01,2026-03-01,2,persona,Repair_Installation,ALL,13,13,0,0,0,100.0,0.0,0.0,0.0,143.00000000000000000000,612.52585199999704365000,9.60000000000000000000,213.89161967397262203700,979.01747167396966568700,75.30903628261305
2026-01-01,2026-03-01,2,persona,Restauration,ALL,78,70,7,0,1,89.74,8.97,0.0,1.28,849.57000000000000000000,2310.04821599998876939300,533.48000000000000000000,646.18676008493151561613,4339.28497608492028500913,55.63185866775539
2026-01-01,2026-03-01,2,persona,Retail,ALL,389,349,39,0,1,89.72,10.03,0.0,0.26,2989.39875000000000000000,4765.10509799997710225100,2336.80000000000000000000,1816.11501777917818268037,11907.41886577915528493137,30.61033127449654
2026-01-01,2026-03-01,2,persona,Wholesale,ALL,58,51,7,0,0,87.93,12.07,0.0,0.0,588.00000000000000000000,905.77998179999565087000,137.24000000000000000000,967.12357611945214382923,2598.14355791944779469923,44.79557858481806
2026-01-01,2026-03-01,2,persona_x_initial_plan,Automobile_Trade_Repair,business,3,3,0,0,0,100.0,0.0,0.0,0.0,160.00000000000000000000,596.01871799999725000000,974.00000000000000000000,124.75547414904110090000,1854.77419214903835090000,618.2580640496794
2026-01-01,2026-03-01,2,persona_x_initial_plan,Automobile_Trade_Repair,free,42,40,2,0,0,95.24,4.76,0.0,0.0,26.34000000000000000000,155.74911299999921973000,65.40000000000000000000,135.48530808054795279693,382.97442108054717252693,9.118438597155885
2026-01-01,2026-03-01,2,persona_x_initial_plan,Automobile_Trade_Repair,plus,37,34,3,0,0,91.89,8.11,0.0,0.0,800.00000000000000000000,2161.18882619998927847000,427.20000000000000000000,519.51039171506854222850,3907.89921791505782069850,105.61889778148804
2026-01-01,2026-03-01,2,persona_x_initial_plan,Automobile_Trade_Repair,start,44,41,3,0,0,93.18,6.82,0.0,0.0,458.00000000000000000000,517.49072999999748475000,111.24000000000000000000,118.32269043616438468530,1205.05342043616186943530,27.387577737185495
2026-01-01,2026-03-01,2,persona_x_initial_plan,BTP,business,15,14,1,0,0,93.33,6.67,0.0,0.0,1120.00000000000000000000,738.91760399999636319000,9.64000000000000000000,126.85019417753423975010,1995.40779817753060294010,133.02718654516872
2026-01-01,2026-03-01,2,persona_x_initial_plan,BTP,free,191,174,15,0,2,91.1,7.85,0.0,1.05,144.05000000000000000000,1917.54264419999067518000,548.25999999999999670000,3109.51701485753407780184,5719.36965905752474968184,29.94434376469908
2026-01-01,2026-03-01,2,persona_x_initial_plan,BTP,plus,91,87,4,0,0,95.6,4.4,0.0,0.0,2062.66666666600000000000,6101.18382599997004395900,286.29999999999999800000,1050.58749251342476464540,9500.73798517939480660440,104.40371412285049
2026-01-01,2026-03-01,2,persona_x_initial_plan,BTP,start,194,178,16,0,0,91.75,8.25,0.0,0.0,1958.00000000000000000000,3496.94861039998309062900,260.91999999999999930000,2095.84469466739728539729,7811.71330506738037532629,40.26656342818237
2026-01-01,2026-03-01,2,persona_x_initial_plan,Bankers_Insurance,free,26,26,0,0,0,100.0,0.0,0.0,0.0,9.00000000000000000000,181.73039399999913680000,73.19999999999999400000,871.88621712273976956100,1135.81661112273890036100,43.6852542739515
2026-01-01,2026-03-01,2,persona_x_initial_plan,Bankers_Insurance,plus,3,3,0,0,0,100.0,0.0,0.0,0.0,70.00000000000000000000,68.50394999999966520000,0.00000000000000000000,101.15298171726028938000,239.65693171725995458000,79.88564390575333
2026-01-01,2026-03-01,2,persona_x_initial_plan,Bankers_Insurance,start,18,17,1,0,0,94.44,5.56,0.0,0.0,150.00000000000000000000,18.47264399999990956000,4.00000000000000000000,243.66240740493152410900,416.13505140493143366900,23.118613966940636
2026-01-01,2026-03-01,2,persona_x_initial_plan,Bikers_Drivers,business,7,6,1,0,0,85.71,14.29,0.0,0.0,480.00000000000000000000,421.93691999999797000000,0.00000000000000000000,201.85518324986305669000,1103.79210324986102669000,157.68458617855157
2026-01-01,2026-03-01,2,persona_x_initial_plan,Bikers_Drivers,free,44,39,5,0,0,88.64,11.36,0.0,0.0,87.43000000000000000000,261.44063999999877629000,88.23999999999999800000,122.51517746575342473275,559.62581746575219902275,12.718768578767095
2026-01-01,2026-03-01,2,persona_x_initial_plan,Bikers_Drivers,plus,19,18,0,0,1,94.74,0.0,0.0,5.26,415.00000000000000000000,207.99847799999898897000,95.12000000000000000000,102.77819719726028736498,820.89667519725927633498,43.2050881682768
2026-01-01,2026-03-01,2,persona_x_initial_plan,Bikers_Drivers,start,84,69,15,0,0,82.14,17.86,0.0,0.0,695.00000000000000000000,2126.73655799998987014000,118.42000000000000000000,375.92408419452056122406,3316.08064219451043136406,39.4771505023156
2026-01-01,2026-03-01,2,persona_x_initial_plan,Cleaning_CallCenters,free,7,7,0,0,0,100.0,0.0,0.0,0.0,0.00000000000000000000,0.71711999999999643000,10.40000000000000000000,8.82106323342465631500,19.93818323342465274500,2.848311890489236
2026-01-01,2026-03-01,2,persona_x_initial_plan,Cleaning_CallCenters,plus,1,1,0,0,0,100.0,0.0,0.0,0.0,25.00000000000000000000,59.45459399999971600000,10.14000000000000000000,19.42457072273972300000,114.01916472273943900000,114.01916472273943
2026-01-01,2026-03-01,2,persona_x_initial_plan,Cleaning_CallCenters,start,3,3,0,0,0,100.0,0.0,0.0,0.0,33.00000000000000000000,3.53219399999998250000,0.00000000000000000000,7.92765852164383743000,44.45985252164381993000,14.81995084054794
2026-01-01,2026-03-01,2,persona_x_initial_plan,Consultant,business,5,3,2,0,0,60.0,40.0,0.0,0.0,240.00000000000000000000,80.01881999999961180000,7.84000000000000000000,8.36683992767123414880,336.22565992767084594880,67.24513198553417
2026-01-01,2026-03-01,2,persona_x_initial_plan,Consultant,free,226,207,18,0,1,91.59,7.96,0.0,0.44,73.00000000000000000000,893.48479379999568706000,258.48000000000000100000,1925.46743895178101818542,3150.43223275177670624542,13.939965631645029
2026-01-01,2026-03-01,2,persona_x_initial_plan,Consultant,plus,38,34,4,0,0,89.47,10.53,0.0,0.0,778.33333333300000000000,1183.40542079999432670000,35.06000000000000000000,1423.30724284054829605030,3420.10599697354262275030,90.00278939404059
2026-01-01,2026-03-01,2,persona_x_initial_plan,Consultant,start,219,209,10,0,0,95.43,4.57,0.0,0.0,2087.33333333300000000000,3382.29495539998379691000,514.01999999999999840000,2385.19012140328800597360,8368.83841013627180128360,38.21387401888708
2026-01-01,2026-03-01,2,persona_x_initial_plan,Developer_IT,business,5,5,0,0,0,100.0,0.0,0.0,0.0,320.00000000000000000000,5.21911799999997420000,0.70000000000000000000,10.23336513863013825000,336.15248313863011245000,67.23049662772601
2026-01-01,2026-03-01,2,persona_x_initial_plan,Developer_IT,free,93,83,10,0,0,89.25,10.75,0.0,0.0,13.95333333300000000000,620.66041919999685239000,82.37999999999999950000,1037.91698758136988282850,1754.91074011436673471850,18.870007958219
2026-01-01,2026-03-01,2,persona_x_initial_plan,Developer_IT,plus,22,20,1,0,1,90.91,4.55,0.0,4.55,518.45000000000000000000,2911.99058819998569820000,12.26000000000000000000,360.40183312164384593490,3803.10242132162954413490,172.8682918782559
2026-01-01,2026-03-01,2,persona_x_initial_plan,Developer_IT,start,91,83,7,0,1,91.21,7.69,0.0,1.1,776.00000000000000000000,448.25003459999784039000,57.30000000000000000000,1152.35452210575356123550,2433.90455670575140162550,26.746203919843424
2026-01-01,2026-03-01,2,persona_x_initial_plan,Media_Publishing,free,43,39,3,0,1,90.7,6.98,0.0,2.33,11.00000000000000000000,252.82011599999877721000,92.50000000000000200000,235.76358335506852912570,592.08369935506730833570,13.76938835709459
2026-01-01,2026-03-01,2,persona_x_initial_plan,Media_Publishing,plus,6,6,0,0,0,100.0,0.0,0.0,0.0,120.00000000000000000000,205.08794999999904927000,20.96000000000000000000,22.48241427780821755000,368.53036427780726682000,61.42172737963455
2026-01-01,2026-03-01,2,persona_x_initial_plan,Media_Publishing,start,56,55,0,0,1,98.21,0.0,0.0,1.79,547.87500000000000000000,677.12894819999676754000,16.36000000000000000000,607.48999131068493638830,1848.85393951068170392830,33.0152489198336
2026-01-01,2026-03-01,2,persona_x_initial_plan,Medical_Professionals,free,9,9,0,0,0,100.0,0.0,0.0,0.0,11.00000000000000000000,32.71985999999983820000,12.40000000000000000000,80.41109269205479931000,136.53095269205463751000,15.170105854672736
2026-01-01,2026-03-01,2,persona_x_initial_plan,Medical_Professionals,plus,2,2,0,0,0,100.0,0.0,0.0,0.0,50.00000000000000000000,0.24623999999999882000,0.00000000000000000000,25.64081487999999660000,75.88705487999999542000,37.94352744
2026-01-01,2026-03-01,2,persona_x_initial_plan,Medical_Professionals,start,19,18,1,0,0,94.74,5.26,0.0,0.0,198.00000000000000000000,82.64588399999960428000,0.00000000000000000000,191.14210870794522680400,471.78799270794483108400,24.830946984628678
2026-01-01,2026-03-01,2,persona_x_initial_plan,Others,business,10,7,3,0,0,70.0,30.0,0.0,0.0,400.00000000000000000000,190.36084679999902400000,47.88000000000000000000,42.02064393260273740200,680.26149073260176140200,68.02614907326017
2026-01-01,2026-03-01,2,persona_x_initial_plan,Others,free,185,172,12,0,1,92.97,6.49,0.0,0.54,145.25000000000000000000,790.42172399999614443900,436.38000000000000000000,1257.32398231671249619607,2629.37570631670864063507,14.212841655765992
2026-01-01,2026-03-01,2,persona_x_initial_plan,Others,plus,57,51,6,0,0,89.47,10.53,0.0,0.0,1245.00000000000000000000,896.11838819999567006000,505.42000000000000000000,340.30171243452053214577,2986.84010063451620220577,52.40070351990379
2026-01-01,2026-03-01,2,persona_x_initial_plan,Others,start,185,165,20,0,0,89.19,10.81,0.0,0.0,1794.67625000000000000000,1965.41086139999038211100,526.14000000000000000000,1072.38266198849322533860,5358.60977338848360744960,28.965458234532342
2026-01-01,2026-03-01,2,persona_x_initial_plan,Professeur,business,1,1,0,0,0,100.0,0.0,0.0,0.0,80.00000000000000000000,227.44889999999887000000,287.50000000000000000000,18.03023795506849700000,612.97913795506736700000,612.9791379550674
2026-01-01,2026-03-01,2,persona_x_initial_plan,Professeur,free,40,39,1,0,0,97.5,2.5,0.0,0.0,0.00000000000000000000,188.80630199999909045000,41.20000000000000000000,156.19488388712332036502,386.20118588712241081502,9.65502964717806
2026-01-01,2026-03-01,2,persona_x_initial_plan,Professeur,plus,3,3,0,0,0,100.0,0.0,0.0,0.0,70.00000000000000000000,15.32078999999992600000,0.00000000000000000000,7.52319483342465792200,92.84398483342458392200,30.94799494447486
2026-01-01,2026-03-01,2,persona_x_initial_plan,Professeur,start,42,40,2,0,0,95.24,4.76,0.0,0.0,418.66666666700000000000,394.66610999999803869400,20.70000000000000000000,593.16473507178081151346,1427.19751173877885020746,33.98089313663759
2026-01-01,2026-03-01,2,persona_x_initial_plan,Repair,free,15,14,1,0,0,93.33,6.67,0.0,0.0,36.00000000000000000000,55.24408799999972605000,20.80000000000000000000,51.28109993424657421590,163.32518793424630026590,10.888345862283085
2026-01-01,2026-03-01,2,persona_x_initial_plan,Repair,plus,3,2,1,0,0,66.67,33.33,0.0,0.0,45.00000000000000000000,10.07256599999995130000,0.00000000000000000000,0.74008792000000015000,55.81265391999995145000,18.604217973333316
2026-01-01,2026-03-01,2,persona_x_initial_plan,Repair,start,9,7,2,0,0,77.78,22.22,0.0,0.0,75.00000000000000000000,157.78817999999923230000,20.00000000000000000000,72.99091417753424942700,325.77909417753348172700,36.19767713083705
2026-01-01,2026-03-01,2,persona_x_initial_plan,Repair_Installation,free,3,3,0,0,0,100.0,0.0,0.0,0.0,0.00000000000000000000,56.15447399999971600000,9.60000000000000000000,36.14537054958904526700,101.89984454958876126700,33.96661484986292
2026-01-01,2026-03-01,2,persona_x_initial_plan,Repair_Installation,plus,3,3,0,0,0,100.0,0.0,0.0,0.0,70.00000000000000000000,322.60391999999848000000,0.00000000000000000000,38.98407836054794860000,431.58799836054642860000,143.86266612018213
2026-01-01,2026-03-01,2,persona_x_initial_plan,Repair_Installation,start,7,7,0,0,0,100.0,0.0,0.0,0.0,73.00000000000000000000,233.76745799999884765000,0.00000000000000000000,138.76217076383562817000,445.52962876383447582000,63.647089823404926
2026-01-01,2026-03-01,2,persona_x_initial_plan,Restauration,business,1,1,0,0,0,100.0,0.0,0.0,0.0,80.00000000000000000000,3.67199999999998190000,0.00000000000000000000,0.22478428000000006000,83.89678427999998196000,83.89678427999998
2026-01-01,2026-03-01,2,persona_x_initial_plan,Restauration,free,28,25,3,0,0,89.29,10.71,0.0,0.0,94.32000000000000000000,713.01144599999654447000,43.56000000000000000000,107.46138230301370082460,958.35282830301024529460,34.22688672510751
2026-01-01,2026-03-01,2,persona_x_initial_plan,Restauration,plus,15,14,1,0,0,93.33,6.67,0.0,0.0,345.00000000000000000000,739.07602199999642867000,66.92000000000000000000,97.44392941808220058233,1248.43995141807862925233,83.22933009453858
2026-01-01,2026-03-01,2,persona_x_initial_plan,Restauration,start,34,30,3,0,1,88.24,8.82,0.0,2.94,330.25000000000000000000,854.28874799999581435300,423.00000000000000000000,441.05666408383561414920,2048.59541208383142850220,60.25280623775975
2026-01-01,2026-03-01,2,persona_x_initial_plan,Retail,business,5,3,2,0,0,60.0,40.0,0.0,0.0,240.00000000000000000000,202.31697599999902300000,2.44000000000000000000,28.35442627671233332000,473.11140227671135632000,94.62228045534228
2026-01-01,2026-03-01,2,persona_x_initial_plan,Retail,free,159,143,16,0,0,89.94,10.06,0.0,0.0,49.39875000000000000000,1239.18187859999411097700,313.46000000000000000000,556.29409675890416487150,2158.33472535889827584850,13.574432234961623
2026-01-01,2026-03-01,2,persona_x_initial_plan,Retail,plus,46,41,5,0,0,89.13,10.87,0.0,0.0,996.00000000000000000000,1311.12447479999374052400,805.34000000000000000000,434.52642492602732924155,3546.99089972602106976555,77.10849782013089
2026-01-01,2026-03-01,2,persona_x_initial_plan,Retail,start,179,162,16,0,1,90.5,8.94,0.0,0.56,1704.00000000000000000000,2012.48176859999022775000,1215.56000000000000000000,796.94006981753435524732,5728.98183841752458299732,32.005485130824155
2026-01-01,2026-03-01,2,persona_x_initial_plan,Wholesale,business,1,1,0,0,0,100.0,0.0,0.0,0.0,80.00000000000000000000,0.00000000000000000000,0.00000000000000000000,22.67626071945205300000,102.67626071945205300000,102.67626071945206
2026-01-01,2026-03-01,2,persona_x_initial_plan,Wholesale,free,19,17,2,0,0,89.47,10.53,0.0,0.0,29.00000000000000000000,107.82822599999947927000,33.54000000000000000000,278.83216352273975568080,449.20038952273923495080,23.642125764354695
2026-01-01,2026-03-01,2,persona_x_initial_plan,Wholesale,plus,11,9,2,0,0,81.82,18.18,0.0,0.0,225.00000000000000000000,428.56378379999794210000,81.30000000000000000000,484.61952131671242323000,1219.48330511671036533000,110.86211864697367
2026-01-01,2026-03-01,2,persona_x_initial_plan,Wholesale,start,27,24,3,0,0,88.89,11.11,0.0,0.0,254.00000000000000000000,369.38797199999822950000,22.40000000000000000000,180.99563056054791191843,826.78360256054614141843,30.621614909649857
2026-01-01,2026-04-01,3,initial_plan,ALL,business,53,42,9,2,0,79.25,16.98,3.77,0.0,2941.00000000000000000000,3062.96030159998337647000,227.00000000000000000000,535.65122620219183106410,6766.61152780217520753410,127.67191561890897
2026-01-01,2026-04-01,3,initial_plan,ALL,free,1130,1016,76,34,4,89.91,6.73,3.01,0.35,840.59016685200000200000,7029.82049759996198066800,1598.90000000000000308000,9074.21604884273982678960,18543.52671329470181253760,16.41020063123425
2026-01-01,2026-04-01,3,initial_plan,ALL,plus,357,314,30,11,2,87.96,8.4,3.08,0.56,7431.86568548300000000000,16154.80741439991208281700,1870.36000000000000200000,5084.27119906246571823156,30541.30429894537780304856,85.54987198584139
2026-01-01,2026-04-01,3,initial_plan,ALL,start,1211,1090,74,43,4,90.01,6.11,3.55,0.33,11359.48125000000000000000,18436.28028659989971603400,3010.76000000000000000000,12050.72151947835690930461,44857.24305607825662533861,37.04148889849567
2026-01-01,2026-04-01,3,overall,ALL,ALL,2751,2462,189,90,10,89.49,6.87,3.27,0.36,22572.93710233500000200000,44683.86850019975715598900,6707.02000000000000508000,26744.85999358575428538987,100708.68559612051144845887,36.608028206514184
2026-01-01,2026-04-01,3,persona,Automobile_Trade_Repair,ALL,126,114,9,3,0,90.48,7.14,2.38,0.0,1382.00000000000000000000,3328.31083139998201314600,659.28000000000000200000,837.00015790027405459500,6206.59098930025606974100,49.25865864524013
2026-01-01,2026-04-01,3,persona,BTP,ALL,491,446,31,12,2,90.84,6.31,2.44,0.41,5206.22041666600000000000,11257.40879459993895526100,489.86000000000000000000,6025.69959027397264366452,22979.18880153991159892552,46.800791856496765
2026-01-01,2026-04-01,3,persona,Bankers_Insurance,ALL,47,44,2,1,0,93.62,4.26,2.13,0.0,211.00000000000000000000,169.11538199999907507000,36.00000000000000000000,1219.60766367506833883330,1635.72304567506741390330,34.80261799308654
2026-01-01,2026-04-01,3,persona,Bikers_Drivers,ALL,154,127,14,12,1,82.47,9.09,7.79,0.65,1555.06000000000000000000,3198.34605599998260445200,267.64000000000000008000,706.81764246520553650271,5727.86369846518814103471,37.19392011990382
2026-01-01,2026-04-01,3,persona,Cleaning_CallCenters,ALL,11,11,0,0,0,100.0,0.0,0.0,0.0,58.00000000000000000000,7.53721199999995937500,4.00000000000000000000,18.67396897479451845640,88.21118097479447783140,8.019198270435862
2026-01-01,2026-04-01,3,persona,Consultant,ALL,488,445,29,13,1,91.19,5.94,2.66,0.2,3125.48925287300000000000,7346.86136639995969774800,520.24000000000000000000,6945.06899270137011603511,17937.65961197432981378311,36.75749920486543
2026-01-01,2026-04-01,3,persona,Developer_IT,ALL,211,190,12,7,2,90.05,5.69,3.32,0.95,1506.00000000000000000000,2107.19783699998839638000,481.44000000000000000000,3285.54097921917820815369,7380.17881621916660453369,34.977150787768565
2026-01-01,2026-04-01,3,persona,Media_Publishing,ALL,105,99,4,1,1,94.29,3.81,0.95,0.95,659.71875000000000000000,1236.95617859999309624000,165.60000000000000000000,863.11507816767129909374,2925.39000676766439533374,27.860857207311092
2026-01-01,2026-04-01,3,persona,Medical_Professionals,ALL,30,28,1,1,0,93.33,3.33,3.33,0.0,259.00000000000000000000,202.99532399999889700000,33.30000000000000000000,370.34670043397257890100,865.64202443397147590100,28.85473414779905
2026-01-01,2026-04-01,3,persona,Others,ALL,437,384,40,12,1,87.87,9.15,2.75,0.23,3474.76758064500000200000,4367.78347139997640148200,1467.82000000000000000000,2461.81527751616449458196,11772.18632956114089806396,26.93864148640993
2026-01-01,2026-04-01,3,persona,Professeur,ALL,86,82,1,3,0,95.35,1.16,3.49,0.0,564.03666666700000000000,977.16850199999490488000,500.80000000000000000000,717.88083570136998843702,2759.88600436836489331702,32.09169772521354
2026-01-01,2026-04-01,3,persona,Repair,ALL,27,21,4,2,0,77.78,14.81,7.41,0.0,156.00000000000000000000,215.42867999999884399000,23.20000000000000000000,114.64141425643835694740,509.27009425643720093740,18.861855342831007
2026-01-01,2026-04-01,3,persona,Repair_Installation,ALL,13,13,0,0,0,100.0,0.0,0.0,0.0,143.00000000000000000000,615.55847399999654533000,12.80000000000000000000,286.57630374958904140900,1057.93477774958558673900,81.37959828842966
2026-01-01,2026-04-01,3,persona,Restauration,ALL,78,68,6,3,1,87.18,7.69,3.85,1.28,812.00000000000000000000,2297.56129199998771548900,305.88000000000000000000,641.50326945534253569940,4056.94456145533025118840,52.012109762247825
2026-01-01,2026-04-01,3,persona,Retail,ALL,389,340,31,17,1,87.4,7.97,4.37,0.26,2878.90250000000000000000,6229.17322919996616732600,1582.80000000000000300000,1596.97142306575347272725,12287.84715226571964305325,31.588296021248638
2026-01-01,2026-04-01,3,persona,Wholesale,ALL,58,50,5,3,0,86.21,8.62,5.17,0.0,581.74193548400000000000,1126.46586959999388282000,156.36000000000000000000,653.60069602958910135237,2518.16850111358298417237,43.41669829506177
2026-01-01,2026-04-01,3,persona_x_initial_plan,Automobile_Trade_Repair,business,3,3,0,0,0,100.0,0.0,0.0,0.0,160.00000000000000000000,237.26993399999873000000,8.00000000000000000000,113.54663165041098154700,518.81656565040971154700,172.93885521680326
2026-01-01,2026-04-01,3,persona_x_initial_plan,Automobile_Trade_Repair,free,42,38,4,0,0,90.48,9.52,0.0,0.0,22.00000000000000000000,193.12975799999896006600,64.38000000000000000000,94.82251708547945847360,374.33227508547841853960,8.912673216320915
2026-01-01,2026-04-01,3,persona_x_initial_plan,Automobile_Trade_Repair,plus,37,32,4,1,0,86.49,10.81,2.7,0.0,775.00000000000000000000,1999.86723539998916505400,68.50000000000000200000,509.94696978136990872470,3353.31420518135907577870,90.63011365355025
2026-01-01,2026-04-01,3,persona_x_initial_plan,Automobile_Trade_Repair,start,44,41,1,2,0,93.18,2.27,4.55,0.0,425.00000000000000000000,898.04390399999515802600,518.40000000000000000000,118.68403938301370584970,1960.12794338300886387570,44.54836234961384
2026-01-01,2026-04-01,3,persona_x_initial_plan,BTP,business,15,14,0,1,0,93.33,0.0,6.67,0.0,1065.00000000000000000000,1584.46638359999132770000,0.00000000000000000000,95.82037186904111113450,2745.28675546903243883450,183.01911703126882
2026-01-01,2026-04-01,3,persona_x_initial_plan,BTP,free,191,173,11,5,2,90.58,5.76,2.62,1.05,167.86000000000000000000,1623.67329599999124150100,262.44000000000000000000,2377.92323756328758081450,4431.89653356327882231550,23.203646772582616
2026-01-01,2026-04-01,3,persona_x_initial_plan,BTP,plus,91,84,6,1,0,92.31,6.59,1.1,0.0,2001.66666666600000000000,4395.40664939997599377000,97.26000000000000000000,925.58450809424658636869,7419.91782416022258013869,81.53755850725518
2026-01-01,2026-04-01,3,persona_x_initial_plan,BTP,start,194,175,14,5,0,90.21,7.22,2.58,0.0,1971.69375000000000000000,3653.86246559998039229000,130.16000000000000000000,2626.37147274739736534683,8382.08768834737775763683,43.206637568800915
2026-01-01,2026-04-01,3,persona_x_initial_plan,Bankers_Insurance,free,26,26,0,0,0,100.0,0.0,0.0,0.0,9.00000000000000000000,131.20135199999928090000,32.00000000000000000000,785.16811021315052869300,957.36946221314980959300,36.821902392813456
2026-01-01,2026-04-01,3,persona_x_initial_plan,Bankers_Insurance,plus,3,3,0,0,0,100.0,0.0,0.0,0.0,70.00000000000000000000,8.42601599999995440000,0.00000000000000000000,209.00554683452056165000,287.43156283452051605000,95.81052094484016
2026-01-01,2026-04-01,3,persona_x_initial_plan,Bankers_Insurance,start,18,15,2,1,0,83.33,11.11,5.56,0.0,132.00000000000000000000,29.48801399999983977000,4.00000000000000000000,225.43400662739724849030,390.92202062739708826030,21.717890034855394
2026-01-01,2026-04-01,3,persona_x_initial_plan,Bikers_Drivers,business,7,6,1,0,0,85.71,14.29,0.0,0.0,411.00000000000000000000,668.40339599999651467000,0.00000000000000000000,138.36984115945205671300,1217.77323715944857138300,173.96760530849267
2026-01-01,2026-04-01,3,persona_x_initial_plan,Bikers_Drivers,free,44,39,2,3,0,88.64,4.55,6.82,0.0,94.00000000000000000000,185.60451599999901075000,83.24000000000000008000,92.59670575780822757932,455.44122175780723840932,10.350936858131982
2026-01-01,2026-04-01,3,persona_x_initial_plan,Bikers_Drivers,plus,19,15,3,0,1,78.95,15.79,0.0,5.26,341.28000000000000000000,386.54965799999786919000,110.40000000000000000000,135.26719431068494573350,973.49685231068281492350,51.236676437404356
2026-01-01,2026-04-01,3,persona_x_initial_plan,Bikers_Drivers,start,84,67,8,9,0,79.76,9.52,10.71,0.0,708.78000000000000000000,1957.78848599998920984200,74.00000000000000000000,340.58390123726030647689,3081.15238723724951631889,36.68038556234821
2026-01-01,2026-04-01,3,persona_x_initial_plan,Cleaning_CallCenters,free,7,7,0,0,0,100.0,0.0,0.0,0.0,0.00000000000000000000,0.05939999999999967500,4.00000000000000000000,9.82750973150684794640,13.88690973150684762140,1.983844247358121
2026-01-01,2026-04-01,3,persona_x_initial_plan,Cleaning_CallCenters,plus,1,1,0,0,0,100.0,0.0,0.0,0.0,25.00000000000000000000,3.20846399999998290000,0.00000000000000000000,0.14411379068493155000,28.35257779068491445000,28.352577790684915
2026-01-01,2026-04-01,3,persona_x_initial_plan,Cleaning_CallCenters,start,3,3,0,0,0,100.0,0.0,0.0,0.0,33.00000000000000000000,4.26934799999997680000,0.00000000000000000000,8.70234545260273896000,45.97169345260271576000,15.323897817534238
2026-01-01,2026-04-01,3,persona_x_initial_plan,Consultant,business,5,3,2,0,0,60.0,40.0,0.0,0.0,240.00000000000000000000,160.92916199999902000000,0.00000000000000000000,35.42373509863013793290,436.35289709862915793290,87.27057941972583
2026-01-01,2026-04-01,3,persona_x_initial_plan,Consultant,free,226,202,17,6,1,89.38,7.52,2.65,0.44,95.69758620700000000000,1092.01565519999407418800,264.30000000000000000000,2200.49959929095894069661,3652.51284069795301488461,16.16156124202634
2026-01-01,2026-04-01,3,persona_x_initial_plan,Consultant,plus,38,33,3,2,0,86.84,7.89,5.26,0.0,759.17708333300000000000,2154.65097059998821065000,138.30000000000000000000,1768.34670913424650442900,4820.47476306723471507900,126.85459902808512
2026-01-01,2026-04-01,3,persona_x_initial_plan,Consultant,start,219,207,7,5,0,94.52,3.2,2.28,0.0,2030.61458333300000000000,3939.26557859997839291000,117.64000000000000000000,2940.79894917753453297660,9028.31911111051292588660,41.22520142059595
2026-01-01,2026-04-01,3,persona_x_initial_plan,Developer_IT,business,5,5,0,0,0,100.0,0.0,0.0,0.0,265.00000000000000000000,10.08496799999994450000,0.00000000000000000000,10.22004410136986441000,285.30501210136980891000,57.061002420273965
2026-01-01,2026-04-01,3,persona_x_initial_plan,Developer_IT,free,93,82,6,5,0,88.17,6.45,5.38,0.0,29.00000000000000000000,311.01781679999829453000,51.60000000000000000000,1283.73199869808232686160,1675.34981549808062139160,18.01451414514065
2026-01-01,2026-04-01,3,persona_x_initial_plan,Developer_IT,plus,22,19,2,0,1,86.36,9.09,0.0,4.55,425.00000000000000000000,1195.83181799999334850000,-5.68000000000000000000,453.09543885534242568800,2068.24725685533577418800,94.0112389479698
2026-01-01,2026-04-01,3,persona_x_initial_plan,Developer_IT,start,91,84,4,2,1,92.31,4.4,2.2,1.1,787.00000000000000000000,590.26323419999680885000,435.52000000000000000000,1538.49349756438359119409,3351.27673176438040004409,36.82721683257561
2026-01-01,2026-04-01,3,persona_x_initial_plan,Media_Publishing,free,43,40,2,1,0,93.02,4.65,2.33,0.0,11.00000000000000000000,208.39892399999887695000,73.60000000000000000000,204.31555791397262496360,497.31448191397150191360,11.56545306776678
2026-01-01,2026-04-01,3,persona_x_initial_plan,Media_Publishing,plus,6,6,0,0,0,100.0,0.0,0.0,0.0,120.00000000000000000000,465.31948499999730740000,51.60000000000000000000,17.15222849205479494000,654.07171349205210234000,109.01195224867536
2026-01-01,2026-04-01,3,persona_x_initial_plan,Media_Publishing,start,56,53,2,0,1,94.64,3.57,0.0,1.79,528.71875000000000000000,563.23776959999691189000,40.40000000000000000000,641.64729176164387919014,1774.00381136164079108014,31.67863948860073
2026-01-01,2026-04-01,3,persona_x_initial_plan,Medical_Professionals,free,9,8,1,0,0,88.89,11.11,0.0,0.0,11.00000000000000000000,43.84128599999976280000,4.00000000000000000000,102.18262768602738922100,161.02391368602715202100,17.89154596511413
2026-01-01,2026-04-01,3,persona_x_initial_plan,Medical_Professionals,plus,2,2,0,0,0,100.0,0.0,0.0,0.0,50.00000000000000000000,41.91517799999977700000,0.00000000000000000000,23.08050655287671060000,114.99568455287648760000,57.49784227643824
2026-01-01,2026-04-01,3,persona_x_initial_plan,Medical_Professionals,start,19,18,0,1,0,94.74,0.0,5.26,0.0,198.00000000000000000000,117.23885999999935720000,29.30000000000000000000,245.08356619506847908000,589.62242619506783628000,31.032759273424624
2026-01-01,2026-04-01,3,persona_x_initial_plan,Others,business,10,5,4,1,0,50.0,40.0,10.0,0.0,320.00000000000000000000,36.05212799999980470000,119.00000000000000000000,106.58219218246576534670,581.63432018246557004670,58.16343201824655
2026-01-01,2026-04-01,3,persona_x_initial_plan,Others,free,185,167,14,3,1,90.27,7.57,1.62,0.54,168.82258064500000200000,1042.13830679999433949800,252.00000000000000000000,718.65300486027401409456,2181.61389230526835559256,11.792507525974425
2026-01-01,2026-04-01,3,persona_x_initial_plan,Others,plus,57,49,5,3,0,85.96,8.77,5.26,0.0,1220.00000000000000000000,1104.83272439999415141000,805.60000000000000000000,378.95440449643832457397,3509.38712889643247598397,61.56819524379706
2026-01-01,2026-04-01,3,persona_x_initial_plan,Others,start,185,163,17,5,0,88.11,9.19,2.7,0.0,1765.94500000000000000000,2184.76031219998810587400,291.22000000000000000000,1257.62567597698639056673,5499.55098817697449644073,29.72730263879446
2026-01-01,2026-04-01,3,persona_x_initial_plan,Professeur,business,1,1,0,0,0,100.0,0.0,0.0,0.0,80.00000000000000000000,198.96233399999895000000,100.00000000000000000000,7.59801874027397340000,386.56035274027292340000,386.56035274027295
2026-01-01,2026-04-01,3,persona_x_initial_plan,Professeur,free,40,38,1,1,0,95.0,2.5,2.5,0.0,6.37000000000000000000,347.36520599999823352000,133.60000000000000000000,200.86769707068498827662,688.20290307068322179662,17.20507257676708
2026-01-01,2026-04-01,3,persona_x_initial_plan,Professeur,plus,3,3,0,0,0,100.0,0.0,0.0,0.0,70.00000000000000000000,23.89778999999986900000,0.00000000000000000000,10.74120988712328748200,104.63899988712315648200,34.879666629041054
2026-01-01,2026-04-01,3,persona_x_initial_plan,Professeur,start,42,40,0,2,0,95.24,0.0,4.76,0.0,407.66666666700000000000,406.94317199999785236000,267.20000000000000000000,498.67391000328773927840,1580.48374867028559163840,37.63056544453061
2026-01-01,2026-04-01,3,persona_x_initial_plan,Repair,free,15,12,2,1,0,80.0,13.33,6.67,0.0,36.00000000000000000000,92.60294399999949080000,11.20000000000000000000,51.15888817972602965130,190.96183217972552045130,12.730788811981702
2026-01-01,2026-04-01,3,persona_x_initial_plan,Repair,plus,3,2,1,0,0,66.67,33.33,0.0,0.0,45.00000000000000000000,4.30919999999997750000,0.00000000000000000000,1.63095502520547953410,50.94015502520545703410,16.980051675068484
2026-01-01,2026-04-01,3,persona_x_initial_plan,Repair,start,9,7,1,1,0,77.78,11.11,11.11,0.0,75.00000000000000000000,118.51653599999937569000,12.00000000000000000000,61.85157105150684776200,267.36810705150622345200,29.70756745016736
2026-01-01,2026-04-01,3,persona_x_initial_plan,Repair_Installation,free,3,3,0,0,0,100.0,0.0,0.0,0.0,0.00000000000000000000,56.64607199999968400000,12.80000000000000000000,20.35324425589041265800,89.79931625589009665800,29.93310541863003
2026-01-01,2026-04-01,3,persona_x_initial_plan,Repair_Installation,plus,3,3,0,0,0,100.0,0.0,0.0,0.0,70.00000000000000000000,389.61800999999776690000,0.00000000000000000000,46.75814191232876830000,506.37615191232653520000,168.79205063744217
2026-01-01,2026-04-01,3,persona_x_initial_plan,Repair_Installation,start,7,7,0,0,0,100.0,0.0,0.0,0.0,73.00000000000000000000,169.29439199999909443000,0.00000000000000000000,219.46491758136986045100,461.75930958136895488100,65.96561565448128
2026-01-01,2026-04-01,3,persona_x_initial_plan,Restauration,business,1,1,0,0,0,100.0,0.0,0.0,0.0,80.00000000000000000000,1.65590999999999090000,0.00000000000000000000,0.13115673863013702000,81.78706673863012792000,81.78706673863013
2026-01-01,2026-04-01,3,persona_x_initial_plan,Restauration,free,28,24,3,1,0,85.71,10.71,3.57,0.0,83.00000000000000000000,486.23129999999732400000,12.40000000000000000000,120.08934257424658242700,701.72064257424390642700,25.06145152050871
2026-01-01,2026-04-01,3,persona_x_initial_plan,Restauration,plus,15,13,2,0,0,86.67,13.33,0.0,0.0,320.00000000000000000000,1120.17587399999425657000,50.28000000000000000000,98.88266274082191401800,1589.33853674081617058800,105.95590244938775
2026-01-01,2026-04-01,3,persona_x_initial_plan,Restauration,start,34,30,1,2,1,88.24,2.94,5.88,2.94,329.00000000000000000000,689.49820799999614401900,243.20000000000000000000,422.40010740164390223440,1684.09831540164004625340,49.532303394165886
2026-01-01,2026-04-01,3,persona_x_initial_plan,Retail,business,5,3,2,0,0,60.0,40.0,0.0,0.0,240.00000000000000000000,165.13608599999909400000,0.00000000000000000000,14.64844419835616356000,419.78453019835525756000,83.95690603967105
2026-01-01,2026-04-01,3,persona_x_initial_plan,Retail,free,159,141,11,7,0,88.68,6.92,4.4,0.0,77.84000000000000000000,1075.40582219999417406000,288.70000000000000300000,530.46392354904109163509,1972.40974574903526869509,12.40509274055997
2026-01-01,2026-04-01,3,persona_x_initial_plan,Retail,plus,46,40,3,3,0,86.96,6.52,6.52,0.0,921.00000000000000000000,2189.90479859998808518300,464.38000000000000000000,294.36922438410960721560,3869.65402298409769239860,84.12291354313255
2026-01-01,2026-04-01,3,persona_x_initial_plan,Retail,start,179,156,15,7,1,87.15,8.38,3.91,0.56,1640.06250000000000000000,2798.72652239998481408300,829.72000000000000000000,757.48983093424661031656,6025.99885333423142439956,33.66479806331973
2026-01-01,2026-04-01,3,persona_x_initial_plan,Wholesale,business,1,1,0,0,0,100.0,0.0,0.0,0.0,80.00000000000000000000,0.00000000000000000000,0.00000000000000000000,13.31079046356164000000,93.31079046356164000000,93.31079046356164
2026-01-01,2026-04-01,3,persona_x_initial_plan,Wholesale,free,19,16,2,1,0,84.21,10.53,5.26,0.0,29.00000000000000000000,140.48884259999923343000,48.64000000000000000000,281.56208441260278279740,499.69092701260201622740,26.299522474347473
2026-01-01,2026-04-01,3,persona_x_initial_plan,Wholesale,plus,11,9,1,1,0,81.82,9.09,9.09,0.0,218.74193548400000000000,670.89354299999636739000,89.72000000000000000000,211.31138477041096742400,1190.66686325440733481400,108.24244211403703
2026-01-01,2026-04-01,3,persona_x_initial_plan,Wholesale,start,27,24,2,1,0,88.89,7.41,3.7,0.0,254.00000000000000000000,315.08348399999828200000,18.00000000000000000000,147.41643638301371113097,734.49992038301199313097,27.20370075492637
2026-02-01,2026-02-01,0,initial_plan,ALL,business,61,60,0,0,1,98.36,0.0,0.0,1.64,1710.62500000000000000000,3242.53483919998728503200,130.00000000000000000000,259.90062164109590723125,5343.06046084108319226325,87.59115509575545
2026-02-01,2026-02-01,0,initial_plan,ALL,free,1289,1285,0,0,4,99.69,0.0,0.0,0.31,180.20827956999999900000,5259.33182159997927171133,6962.20000000000000000000,5431.19906253260312416472,17832.93916370258239487605,13.834708428008211
2026-02-01,2026-02-01,0,initial_plan,ALL,plus,396,393,0,0,3,99.24,0.0,0.0,0.76,4391.42677083100000000000,10533.37472459995800330400,2228.00000000000000000000,3057.23550246794545109549,20210.03699789890345439949,51.03544696439117
2026-02-01,2026-02-01,0,initial_plan,ALL,start,1482,1480,0,0,2,99.87,0.0,0.0,0.13,8657.35283995099999800000,10870.24436639995686768100,9507.86000000000000000000,5464.35977153369899898672,34499.81697788465586466772,23.279228730016637
2026-02-01,2026-02-01,0,overall,ALL,ALL,3228,3218,0,0,10,99.69,0.0,0.0,0.31,14939.61289035199999700000,29905.48575179988142772833,18828.06000000000000000000,14212.69495817534348147818,77885.85360032722490620651,24.12820743504561
2026-02-01,2026-02-01,0,persona,Automobile_Trade_Repair,ALL,130,130,0,0,0,100.0,0.0,0.0,0.0,828.70000000000000000000,2521.14675299998965498000,698.08000000000000000000,520.24534505150688403524,4568.17209805149653901524,35.1397853696269
2026-02-01,2026-02-01,0,persona,BTP,ALL,624,624,0,0,0,100.0,0.0,0.0,0.0,3418.34952956899999900000,9802.46175659996127981300,1408.24000000000000000000,4761.02265665643867238065,19390.07394282539995119365,31.073836446835575
2026-02-01,2026-02-01,0,persona,Bankers_Insurance,ALL,57,57,0,0,0,100.0,0.0,0.0,0.0,214.37500000000000000000,243.10691099999896634000,288.54000000000000000000,677.82076975780826939532,1423.84268075780723573532,24.979696153645744
2026-02-01,2026-02-01,0,persona,Bikers_Drivers,ALL,164,164,0,0,0,100.0,0.0,0.0,0.0,984.45708333300000000000,1418.10947459999463069700,684.80000000000000000000,212.31981343013700874371,3299.68637136313163944071,20.12003884977519
2026-02-01,2026-02-01,0,persona,Cleaning_CallCenters,ALL,26,26,0,0,0,100.0,0.0,0.0,0.0,137.06250000000000000000,65.95946999999974024000,10.00000000000000000000,70.47651427123288434690,283.49848427123262458690,10.903787856585868
2026-02-01,2026-02-01,0,persona,Consultant,ALL,562,559,0,0,3,99.47,0.0,0.0,0.53,2242.92083333300000000000,3192.36022799998742934500,4531.42000000000000000000,2919.14401629917822744850,12885.84507763216565679350,22.928549960199582
2026-02-01,2026-02-01,0,persona,Developer_IT,ALL,266,266,0,0,0,100.0,0.0,0.0,0.0,1166.63862745100000000000,1177.43255459999536890800,3681.22000000000000000000,1153.68439480712336065680,7178.97557685811872956480,26.988629988188418
2026-02-01,2026-02-01,0,persona,Media_Publishing,ALL,114,114,0,0,0,100.0,0.0,0.0,0.0,461.86187500000000000000,955.33528859999631713000,990.00000000000000000000,328.76742601424659598135,2735.96458961424291311135,23.999689382581078
2026-02-01,2026-02-01,0,persona,Medical_Professionals,ALL,41,41,0,0,0,100.0,0.0,0.0,0.0,72.12500000000000000000,284.83860599999888194000,134.00000000000000000000,64.40687162575342253587,555.37047762575230447587,13.545621405506154
2026-02-01,2026-02-01,0,persona,Others,ALL,517,515,0,0,2,99.61,0.0,0.0,0.39,2200.26608749999999800000,3685.58013599998565559000,1331.16000000000000000000,1546.78220267178097494316,8763.78842617176662853316,16.951234866869953
2026-02-01,2026-02-01,0,persona,Professeur,ALL,92,91,0,0,1,98.91,0.0,0.0,1.09,341.79875000000000000000,278.99453159999889640000,541.60000000000000000000,235.17782396000000872303,1397.57110555999890512303,15.190990277826074
2026-02-01,2026-02-01,0,persona,Repair,ALL,11,11,0,0,0,100.0,0.0,0.0,0.0,30.53125000000000000000,5.73879599999997760000,0.00000000000000000000,7.23419921205479591110,43.50424521205477351110,3.9549313829140704
2026-02-01,2026-02-01,0,persona,Repair_Installation,ALL,2,2,0,0,0,100.0,0.0,0.0,0.0,11.00000000000000000000,0.00000000000000000000,0.00000000000000000000,0.19583898849315067100,11.19583898849315067100,5.597919494246575
2026-02-01,2026-02-01,0,persona,Restauration,ALL,85,84,0,0,1,98.82,0.0,0.0,1.18,375.33208333300000000000,958.42628999999626125000,196.00000000000000000000,203.24787548657535807987,1733.00624881957161932987,20.38830880964202
2026-02-01,2026-02-01,0,persona,Retail,ALL,451,448,0,0,3,99.33,0.0,0.0,0.67,1887.19427083300000000000,4432.16604419998189376533,4327.40000000000000000000,942.54338360109598657758,11589.30369863407788034291,25.696903988102168
2026-02-01,2026-02-01,0,persona,Wholesale,ALL,86,86,0,0,0,100.0,0.0,0.0,0.0,567.00000000000000000000,883.82891159999647373000,5.60000000000000000000,569.62582634191788104810,2026.05473794191435477810,23.5587760225804
2026-02-01,2026-02-01,0,persona_x_initial_plan,Automobile_Trade_Repair,business,3,3,0,0,0,100.0,0.0,0.0,0.0,80.00000000000000000000,109.56049199999956000000,0.00000000000000000000,19.82876069643835692900,209.38925269643791692900,69.7964175654793
2026-02-01,2026-02-01,0,persona_x_initial_plan,Automobile_Trade_Repair,free,29,29,0,0,0,100.0,0.0,0.0,0.0,0.00000000000000000000,146.96200799999939685000,150.00000000000000000000,118.79937250520547766494,415.76138050520487451494,14.336599327765686
2026-02-01,2026-02-01,0,persona_x_initial_plan,Automobile_Trade_Repair,plus,26,26,0,0,0,100.0,0.0,0.0,0.0,305.62500000000000000000,635.38624799999745540000,138.00000000000000000000,107.86127530520549176000,1186.87252330520294716000,45.64894320404627
2026-02-01,2026-02-01,0,persona_x_initial_plan,Automobile_Trade_Repair,start,72,72,0,0,0,100.0,0.0,0.0,0.0,443.07500000000000000000,1629.23800499999324273000,410.08000000000000000000,273.75593654465755768130,2756.14894154465080041130,38.27984641034237
2026-02-01,2026-02-01,0,persona_x_initial_plan,BTP,business,22,22,0,0,0,100.0,0.0,0.0,0.0,830.62500000000000000000,1076.27347799999587024000,4.00000000000000000000,129.78584891506850583150,2040.68432691506437607150,92.75837849613929
2026-02-01,2026-02-01,0,persona_x_initial_plan,BTP,free,243,243,0,0,0,100.0,0.0,0.0,0.0,95.39161290299999900000,1911.99046859999243738000,616.24000000000000000000,2239.61806892383578813713,4863.24015042682822451713,20.013333952373777
2026-02-01,2026-02-01,0,persona_x_initial_plan,BTP,plus,109,109,0,0,0,100.0,0.0,0.0,0.0,983.54166666600000000000,3938.93423999998440400000,406.00000000000000000000,392.60204470684934357232,5721.07795137283374757232,52.48695368231958
2026-02-01,2026-02-01,0,persona_x_initial_plan,BTP,start,250,250,0,0,0,100.0,0.0,0.0,0.0,1508.79125000000000000000,2875.26356999998856819300,382.00000000000000000000,1999.01669411068503483970,6765.07151411067360303270,27.060286056442695
2026-02-01,2026-02-01,0,persona_x_initial_plan,Bankers_Insurance,free,29,29,0,0,0,100.0,0.0,0.0,0.0,0.00000000000000000000,26.29419299999989140000,150.00000000000000000000,207.70660849260276170730,384.00080149260265310730,13.241406948020781
2026-02-01,2026-02-01,0,persona_x_initial_plan,Bankers_Insurance,plus,2,2,0,0,0,100.0,0.0,0.0,0.0,25.00000000000000000000,173.36962799999924000000,0.00000000000000000000,395.36329608657535620000,593.73292408657459620000,296.8664620432873
2026-02-01,2026-02-01,0,persona_x_initial_plan,Bankers_Insurance,start,26,26,0,0,0,100.0,0.0,0.0,0.0,189.37500000000000000000,43.44308999999983494000,138.54000000000000000000,74.75086517863015148802,446.10895517862998642802,17.158036737639613
2026-02-01,2026-02-01,0,persona_x_initial_plan,Bikers_Drivers,business,7,7,0,0,0,100.0,0.0,0.0,0.0,80.00000000000000000000,148.53355199999940867200,0.00000000000000000000,12.85722333808219199330,241.39077533808160066530,34.4843964768688
2026-02-01,2026-02-01,0,persona_x_initial_plan,Bikers_Drivers,free,39,39,0,0,0,100.0,0.0,0.0,0.0,25.78000000000000000000,100.43999459999960470500,394.80000000000000000000,37.47945625972602962768,558.49945085972563433268,14.320498739992964
2026-02-01,2026-02-01,0,persona_x_initial_plan,Bikers_Drivers,plus,29,29,0,0,0,100.0,0.0,0.0,0.0,369.37500000000000000000,818.88438599999698185000,0.00000000000000000000,68.01243315835617447300,1256.27181915835315632300,43.31971790201217
2026-02-01,2026-02-01,0,persona_x_initial_plan,Bikers_Drivers,start,89,89,0,0,0,100.0,0.0,0.0,0.0,509.30208333300000000000,350.25154199999863547000,290.00000000000000000000,93.97070067397261264973,1243.52432600697124811973,13.972183438280576
2026-02-01,2026-02-01,0,persona_x_initial_plan,Cleaning_CallCenters,business,1,1,0,0,0,100.0,0.0,0.0,0.0,0.00000000000000000000,0.00000000000000000000,0.00000000000000000000,0.83063303452054793000,0.83063303452054793000,0.8306330345205479
2026-02-01,2026-02-01,0,persona_x_initial_plan,Cleaning_CallCenters,free,5,5,0,0,0,100.0,0.0,0.0,0.0,0.00000000000000000000,0.80972999999999684000,0.00000000000000000000,2.99085475835616475600,3.80058475835616159600,0.7601169516712323
2026-02-01,2026-02-01,0,persona_x_initial_plan,Cleaning_CallCenters,plus,5,5,0,0,0,100.0,0.0,0.0,0.0,64.21875000000000000000,43.58062799999982700000,10.00000000000000000000,46.57939935671233389340,164.37877735671216089340,32.87575547134243
2026-02-01,2026-02-01,0,persona_x_initial_plan,Cleaning_CallCenters,start,15,15,0,0,0,100.0,0.0,0.0,0.0,72.84375000000000000000,21.56911199999991640000,0.00000000000000000000,20.07562712164383776750,114.48848912164375416750,7.632565941442917
2026-02-01,2026-02-01,0,persona_x_initial_plan,Consultant,business,5,5,0,0,0,100.0,0.0,0.0,0.0,160.00000000000000000000,518.52261599999795000000,0.00000000000000000000,27.15195619068493159500,705.67457219068288159500,141.13491443813658
2026-02-01,2026-02-01,0,persona_x_initial_plan,Consultant,free,262,260,0,0,2,99.24,0.0,0.0,0.76,2.81666666700000000000,584.18535599999771230500,1405.20000000000000000000,1122.85914457589044402518,3115.06116724288815633018,11.889546439858352
2026-02-01,2026-02-01,0,persona_x_initial_plan,Consultant,plus,49,49,0,0,0,100.0,0.0,0.0,0.0,617.44791666600000000000,1075.70523239999572138000,988.00000000000000000000,635.97307903232883689650,3317.12622809832455827650,67.69645363465969
2026-02-01,2026-02-01,0,persona_x_initial_plan,Consultant,start,246,245,0,0,1,99.59,0.0,0.0,0.41,1462.65625000000000000000,1013.94702359999604566000,2138.22000000000000000000,1133.15983650027401493182,5747.98311010027006059182,23.3657850004076
2026-02-01,2026-02-01,0,persona_x_initial_plan,Developer_IT,business,5,5,0,0,0,100.0,0.0,0.0,0.0,80.00000000000000000000,5.43369599999997737000,0.00000000000000000000,13.80565959506849304200,99.23935559506847041200,19.847871119013696
2026-02-01,2026-02-01,0,persona_x_initial_plan,Developer_IT,free,123,123,0,0,0,100.0,0.0,0.0,0.0,26.42000000000000000000,268.80888419999896102000,1263.20000000000000000000,522.01783347232879087915,2080.44671767232775189915,16.914200956685594
2026-02-01,2026-02-01,0,persona_x_initial_plan,Developer_IT,plus,23,23,0,0,0,100.0,0.0,0.0,0.0,295.36458333300000000000,484.04084579999805887000,10.00000000000000000000,126.56339533534247727760,915.96882446834053614760,39.82473149862351
2026-02-01,2026-02-01,0,persona_x_initial_plan,Developer_IT,start,115,115,0,0,0,100.0,0.0,0.0,0.0,764.85404411800000000000,419.14912859999837164800,2408.02000000000000000000,491.29750640438359945805,4083.32067912238197110605,35.50713634019463
2026-02-01,2026-02-01,0,persona_x_initial_plan,Media_Publishing,business,1,1,0,0,0,100.0,0.0,0.0,0.0,0.00000000000000000000,0.22289399999999915000,0.00000000000000000000,0.00980180109589041000,0.23269580109588956000,0.23269580109588955
2026-02-01,2026-02-01,0,persona_x_initial_plan,Media_Publishing,free,50,50,0,0,0,100.0,0.0,0.0,0.0,0.00000000000000000000,286.28645939999891458000,334.00000000000000000000,147.36505465369862559043,767.65151405369754017043,15.35303028107395
2026-02-01,2026-02-01,0,persona_x_initial_plan,Media_Publishing,plus,8,8,0,0,0,100.0,0.0,0.0,0.0,135.00000000000000000000,449.20501559999827080000,534.00000000000000000000,35.50361240000000300836,1153.70862799999827380836,144.21357849999978
2026-02-01,2026-02-01,0,persona_x_initial_plan,Media_Publishing,start,55,55,0,0,0,100.0,0.0,0.0,0.0,326.86187500000000000000,219.62091959999913260000,122.00000000000000000000,145.88895715945207697256,814.37175175945120957256,14.806759122899113
2026-02-01,2026-02-01,0,persona_x_initial_plan,Medical_Professionals,free,17,17,0,0,0,100.0,0.0,0.0,0.0,0.00000000000000000000,241.49899799999905400000,16.00000000000000000000,25.32166576931506506100,282.82066376931411906100,16.636509633489066
2026-02-01,2026-02-01,0,persona_x_initial_plan,Medical_Professionals,plus,3,3,0,0,0,100.0,0.0,0.0,0.0,6.25000000000000000000,0.00000000000000000000,0.00000000000000000000,9.40360811232876698757,15.65360811232876698757,5.217869370776255
2026-02-01,2026-02-01,0,persona_x_initial_plan,Medical_Professionals,start,21,21,0,0,0,100.0,0.0,0.0,0.0,65.87500000000000000000,43.33960799999982794000,118.00000000000000000000,29.68159774410959048730,256.89620574410941842730,12.233152654481401
2026-02-01,2026-02-01,0,persona_x_initial_plan,Others,business,7,6,0,0,1,85.71,0.0,0.0,14.29,160.00000000000000000000,564.51937319999777410000,122.00000000000000000000,7.19480998849315092300,853.71418318849092502300,121.95916902692727
2026-02-01,2026-02-01,0,persona_x_initial_plan,Others,free,194,194,0,0,0,100.0,0.0,0.0,0.0,16.32000000000000000000,830.23117739999676160000,705.56000000000000000000,373.92501289424661499159,1926.03619029424337659159,9.928021599454864
2026-02-01,2026-02-01,0,persona_x_initial_plan,Others,plus,66,65,0,0,1,98.48,0.0,0.0,1.52,655.00000000000000000000,915.90484139999647506800,142.00000000000000000000,719.83323576328773823490,2432.73807716328421330290,36.859667835807336
2026-02-01,2026-02-01,0,persona_x_initial_plan,Others,start,250,250,0,0,0,100.0,0.0,0.0,0.0,1368.94608749999999800000,1374.92474399999464482200,361.60000000000000000000,445.82914402575347079367,3551.29997552574811361567,14.205199902102994
2026-02-01,2026-02-01,0,persona_x_initial_plan,Professeur,business,1,1,0,0,0,100.0,0.0,0.0,0.0,0.00000000000000000000,0.00000000000000000000,0.00000000000000000000,32.68796438356164900000,32.68796438356164900000,32.68796438356165
2026-02-01,2026-02-01,0,persona_x_initial_plan,Professeur,free,41,40,0,0,1,97.56,0.0,0.0,2.44,0.00000000000000000000,41.81789159999983487000,285.60000000000000000000,82.72119340547945489199,410.13908500547928976199,10.003392317206812
2026-02-01,2026-02-01,0,persona_x_initial_plan,Professeur,plus,4,4,0,0,0,100.0,0.0,0.0,0.0,45.00000000000000000000,107.88424199999956600000,0.00000000000000000000,64.97989602465753169550,217.86413802465709769550,54.46603450616428
2026-02-01,2026-02-01,0,persona_x_initial_plan,Professeur,start,46,46,0,0,0,100.0,0.0,0.0,0.0,296.79875000000000000000,129.29239799999949553000,256.00000000000000000000,54.78877014630137313554,736.87991814630086866554,16.019128655354365
2026-02-01,2026-02-01,0,persona_x_initial_plan,Repair,free,7,7,0,0,0,100.0,0.0,0.0,0.0,0.00000000000000000000,4.02879599999998450000,0.00000000000000000000,6.90125015452054930510,10.93004615452053380510,1.5614351649315048
2026-02-01,2026-02-01,0,persona_x_initial_plan,Repair,plus,2,2,0,0,0,100.0,0.0,0.0,0.0,19.53125000000000000000,0.00000000000000000000,0.00000000000000000000,0.10128330410958904800,19.63253330410958904800,9.816266652054795
2026-02-01,2026-02-01,0,persona_x_initial_plan,Repair,start,2,2,0,0,0,100.0,0.0,0.0,0.0,11.00000000000000000000,1.70999999999999310000,0.00000000000000000000,0.23166575342465755800,12.94166575342465065800,6.4708328767123255
2026-02-01,2026-02-01,0,persona_x_initial_plan,Repair_Installation,start,2,2,0,0,0,100.0,0.0,0.0,0.0,11.00000000000000000000,0.00000000000000000000,0.00000000000000000000,0.19583898849315067100,11.19583898849315067100,5.597919494246575
2026-02-01,2026-02-01,0,persona_x_initial_plan,Restauration,free,31,31,0,0,0,100.0,0.0,0.0,0.0,7.78000000000000000000,128.52629999999951180000,24.00000000000000000000,53.99604492000000619094,214.30234491999951799094,6.912978868387081
2026-02-01,2026-02-01,0,persona_x_initial_plan,Restauration,plus,13,12,0,0,1,92.31,0.0,0.0,7.69,128.33333333300000000000,223.79572799999911730000,0.00000000000000000000,49.43664818136986058453,401.56570951436897788453,30.889669962643765
2026-02-01,2026-02-01,0,persona_x_initial_plan,Restauration,start,41,41,0,0,0,100.0,0.0,0.0,0.0,239.21875000000000000000,606.10426199999763215000,172.00000000000000000000,99.81518238520549130440,1117.13819438520312345440,27.247273033785444
2026-02-01,2026-02-01,0,persona_x_initial_plan,Retail,business,8,8,0,0,0,100.0,0.0,0.0,0.0,320.00000000000000000000,819.46873799999674550000,4.00000000000000000000,15.21829520493150457745,1158.68703320492825007745,144.83587915061602
2026-02-01,2026-02-01,0,persona_x_initial_plan,Retail,free,193,192,0,0,1,99.48,0.0,0.0,0.52,5.70000000000000000000,644.80947479999738079133,1612.00000000000000000000,240.13615797369866647389,2502.64563277369604726522,12.967075817480291
2026-02-01,2026-02-01,0,persona_x_initial_plan,Retail,plus,41,40,0,0,1,97.56,0.0,0.0,2.44,439.23927083300000000000,1183.10197139999482403600,0.00000000000000000000,303.90934024547947643241,1926.25058247847430046841,46.981721523865225
2026-02-01,2026-02-01,0,persona_x_initial_plan,Retail,start,209,208,0,0,1,99.52,0.0,0.0,0.48,1122.25500000000000000000,1784.78585999999294343800,2711.40000000000000000000,383.27959017698633909383,6001.72045017697928253183,28.716365790320474
2026-02-01,2026-02-01,0,persona_x_initial_plan,Wholesale,business,1,1,0,0,0,100.0,0.0,0.0,0.0,0.00000000000000000000,0.00000000000000000000,0.00000000000000000000,0.52966849315068500000,0.52966849315068500000,0.529668493150685
2026-02-01,2026-02-01,0,persona_x_initial_plan,Wholesale,free,26,26,0,0,0,100.0,0.0,0.0,0.0,0.00000000000000000000,42.64208999999982907000,5.60000000000000000000,249.36134377369868486240,297.60343377369851393240,11.44628591437302
2026-02-01,2026-02-01,0,persona_x_initial_plan,Wholesale,plus,16,16,0,0,0,100.0,0.0,0.0,0.0,302.50000000000000000000,483.58171799999806160000,0.00000000000000000000,101.11295545534247103140,887.19467345534053263140,55.44966709095878
2026-02-01,2026-02-01,0,persona_x_initial_plan,Wholesale,start,43,43,0,0,0,100.0,0.0,0.0,0.0,264.50000000000000000000,357.60510359999858306000,0.00000000000000000000,218.62185861972604015430,840.72696221972462321430,19.551789819063366
2026-02-01,2026-03-01,1,initial_plan,ALL,business,61,54,6,0,1,88.52,9.84,0.0,1.64,3786.00000000000000000000,3274.21969739998419215700,8.00000000000000000000,477.09248028986303039672,7545.31217768984722255372,123.69364225721061
2026-02-01,2026-03-01,1,initial_plan,ALL,free,1289,1213,72,0,4,94.1,5.59,0.0,0.31,342.53728260900000000000,7475.80282379996386770100,1015.36000000000000000000,15106.91045653479538062681,23940.61056294375924832781,18.573010522066532
2026-02-01,2026-03-01,1,initial_plan,ALL,plus,396,382,13,0,1,96.46,3.28,0.0,0.25,8749.56833333100000000000,15513.38776079992425709700,745.34000000000000000000,7048.64129863506866597831,32056.93739276599292307531,80.95186210294443
2026-02-01,2026-03-01,1,initial_plan,ALL,start,1482,1422,60,0,0,95.95,4.05,0.0,0.0,14176.92496819200000000000,20789.05238279989918609500,753.92000000000000200000,12295.73346517643943539971,48015.63081616833862349471,32.39921107703667
2026-02-01,2026-03-01,1,overall,ALL,ALL,3228,3071,151,0,6,95.14,4.68,0.0,0.19,27055.03058413200000000000,47052.46266479977150305000,2522.62000000000000200000,34928.37770063616651240155,111558.49094956793801745155,34.55963164484756
2026-02-01,2026-03-01,1,persona,Automobile_Trade_Repair,ALL,130,127,3,0,0,97.69,2.31,0.0,0.0,1492.18995967700000000000,4992.52795379997585177000,669.10000000000000000000,1132.47253359726024644897,8286.29044707423609821897,63.740695746724896
2026-02-01,2026-03-01,1,persona,BTP,ALL,624,604,20,0,0,96.79,3.21,0.0,0.0,6998.83403985500000000000,16449.50178899992108123100,420.74000000000000000000,9342.04823795123341334906,33211.12406680615449458006,53.22295523526627
2026-02-01,2026-03-01,1,persona,Bankers_Insurance,ALL,57,55,2,0,0,96.49,3.51,0.0,0.0,285.00000000000000000000,584.88749279999694050400,10.98000000000000000000,4258.36916324000043565920,5139.23665603999737616320,90.16204659719294
2026-02-01,2026-03-01,1,persona,Bikers_Drivers,ALL,164,142,22,0,0,86.59,13.41,0.0,0.0,1739.33333333300000000000,2217.90211379998908565000,54.74000000000000000000,427.15325149917811580827,4439.12869863216720145827,27.067857918488826
2026-02-01,2026-03-01,1,persona,Cleaning_CallCenters,ALL,26,25,1,0,0,96.15,3.85,0.0,0.0,327.00000000000000000000,118.58120999999943695500,16.80000000000000000000,178.12007251452055470903,640.50128251451999166403,24.63466471209692
2026-02-01,2026-03-01,1,persona,Consultant,ALL,562,538,22,0,2,95.73,3.91,0.0,0.36,3733.01999999900000000000,4712.74068959997681823400,229.30000000000000200000,8843.87310676712395343172,17518.93379636610077366572,31.172480064708367
2026-02-01,2026-03-01,1,persona,Developer_IT,ALL,266,251,15,0,0,94.36,5.64,0.0,0.0,1881.66666666600000000000,1963.03491179999051645100,178.30000000000000000000,2722.04217762575352978955,6745.04375609174404624055,25.357307353728363
2026-02-01,2026-03-01,1,persona,Media_Publishing,ALL,114,110,4,0,0,96.49,3.51,0.0,0.0,789.00000000000000000000,1285.35843959999386108000,52.54000000000000000000,801.27771553041100933902,2928.17615513040487041902,25.685755746757938
2026-02-01,2026-03-01,1,persona,Medical_Professionals,ALL,41,39,2,0,0,95.12,4.88,0.0,0.0,253.71865384600000000000,263.43248399999871545000,46.40000000000000000000,328.26615534410960420600,891.81729319010831965600,21.751641297319715
2026-02-01,2026-03-01,1,persona,Others,ALL,517,491,25,0,1,94.97,4.84,0.0,0.19,4113.66228260900000000000,4966.32105719997593208400,305.62000000000000000000,2683.01064434465768402002,12068.61398415363361610402,23.34354735813082
2026-02-01,2026-03-01,1,persona,Professeur,ALL,92,85,6,0,1,92.39,6.52,0.0,1.09,615.00000000000000000000,664.18369919999693668000,62.46000000000000000000,540.11186612986306885273,1881.75556532986000553273,20.453864840541957
2026-02-01,2026-03-01,1,persona,Repair,ALL,11,10,1,0,0,90.91,9.09,0.0,0.0,72.00000000000000000000,23.14092599999988644000,0.00000000000000000000,7.37345696821917908600,102.51438296821906552600,9.319489360747188
2026-02-01,2026-03-01,1,persona,Repair_Installation,ALL,2,2,0,0,0,100.0,0.0,0.0,0.0,22.00000000000000000000,0.00000000000000000000,0.00000000000000000000,1.73945026191780912000,23.73945026191780912000,11.869725130958905
2026-02-01,2026-03-01,1,persona,Restauration,ALL,85,83,2,0,0,97.65,2.35,0.0,0.0,698.33333333300000000000,2243.87389979998893390000,13.00000000000000000000,517.08273436000009495410,3472.28996749298902885410,40.85047020579987
2026-02-01,2026-03-01,1,persona,Retail,ALL,451,425,24,0,2,94.24,5.32,0.0,0.44,3189.27231481400000000000,5224.85820899997416695100,319.44000000000000000000,2325.92571559232874608620,11059.49623940630291303720,24.52216461065699
2026-02-01,2026-03-01,1,persona,Wholesale,ALL,86,84,2,0,0,97.67,2.33,0.0,0.0,845.00000000000000000000,1342.11778919999333967000,143.20000000000000000000,819.51141890958906754168,3149.82920810958240721168,36.62592102453003
2026-02-01,2026-03-01,1,persona_x_initial_plan,Automobile_Trade_Repair,business,3,3,0,0,0,100.0,0.0,0.0,0.0,160.00000000000000000000,416.43495539999793000000,4.00000000000000000000,5.03639690191780852300,585.47135230191573852300,195.15711743397193
2026-02-01,2026-03-01,1,persona_x_initial_plan,Automobile_Trade_Repair,free,29,28,1,0,0,96.55,3.45,0.0,0.0,0.00000000000000000000,379.37368799999813968000,75.80000000000000000000,110.41785771835616147317,565.59154571835430115317,19.50315674890877
2026-02-01,2026-03-01,1,persona_x_initial_plan,Automobile_Trade_Repair,plus,26,26,0,0,0,100.0,0.0,0.0,0.0,635.00000000000000000000,1449.96956639999315060000,486.76000000000000000000,395.36982871780820342800,2967.09939511780135402800,114.11920750453083
2026-02-01,2026-03-01,1,persona_x_initial_plan,Automobile_Trade_Repair,start,72,70,2,0,0,97.22,2.78,0.0,0.0,697.18995967700000000000,2746.74974399998663149000,102.54000000000000000000,621.64845025917807302480,4168.12815393616470451480,57.89066880466895
2026-02-01,2026-03-01,1,persona_x_initial_plan,BTP,business,22,21,1,0,0,95.45,4.55,0.0,0.0,1546.00000000000000000000,2367.64906199998857846000,0.00000000000000000000,221.75723101041097619240,4135.40629301039955465240,187.9730133186545
2026-02-01,2026-03-01,1,persona_x_initial_plan,BTP,free,243,233,10,0,0,95.88,4.12,0.0,0.0,223.48000000000000000000,2693.21500799998700405000,258.64000000000000000000,5204.55066048054829551381,8379.88566848053529956381,34.48512620773883
2026-02-01,2026-03-01,1,persona_x_initial_plan,BTP,plus,109,106,3,0,0,97.25,2.75,0.0,0.0,2639.94333333300000000000,5262.65747639997486701000,12.08000000000000000000,842.73058065205482702987,8757.41139038502969403987,80.34322376500027
2026-02-01,2026-03-01,1,persona_x_initial_plan,BTP,start,250,244,6,0,0,97.6,2.4,0.0,0.0,2589.41070652200000000000,6125.98024259997063171100,150.02000000000000000000,3073.00976580821931461298,11938.42071493018994632398,47.753682859720755
2026-02-01,2026-03-01,1,persona_x_initial_plan,Bankers_Insurance,free,29,27,2,0,0,93.1,6.9,0.0,0.0,0.00000000000000000000,135.21658679999935738400,10.64000000000000000000,3180.83692445095919214520,3326.69351125095854952920,114.71356935348133
2026-02-01,2026-03-01,1,persona_x_initial_plan,Bankers_Insurance,plus,2,2,0,0,0,100.0,0.0,0.0,0.0,50.00000000000000000000,362.01299399999800000000,0.00000000000000000000,911.00948935890424380000,1323.02248335890224380000,661.5112416794511
2026-02-01,2026-03-01,1,persona_x_initial_plan,Bankers_Insurance,start,26,26,0,0,0,100.0,0.0,0.0,0.0,235.00000000000000000000,87.65791199999958312000,0.34000000000000000000,166.52274943013699971400,489.52066143013658283400,18.827717747312946
2026-02-01,2026-03-01,1,persona_x_initial_plan,Bikers_Drivers,business,7,6,1,0,0,85.71,14.29,0.0,0.0,400.00000000000000000000,114.83162999999949630000,0.00000000000000000000,41.50280243397260523720,556.33443243397210153720,79.47634749056745
2026-02-01,2026-03-01,1,persona_x_initial_plan,Bikers_Drivers,free,39,33,6,0,0,84.62,15.38,0.0,0.0,25.00000000000000000000,118.60997399999941561000,17.60000000000000000000,68.25473227287672466930,229.46470627287614027930,5.883710417253234
2026-02-01,2026-03-01,1,persona_x_initial_plan,Bikers_Drivers,plus,29,28,1,0,0,96.55,3.45,0.0,0.0,570.00000000000000000000,1071.36586979999469565000,28.74000000000000000000,146.19455677808219838798,1816.30042657807689403798,62.631049192347476
2026-02-01,2026-03-01,1,persona_x_initial_plan,Bikers_Drivers,start,89,75,14,0,0,84.27,15.73,0.0,0.0,744.33333333300000000000,913.09463999999547809000,8.40000000000000000000,171.20116001424658751379,1837.02913334724206560379,20.640776779182495
2026-02-01,2026-03-01,1,persona_x_initial_plan,Cleaning_CallCenters,business,1,1,0,0,0,100.0,0.0,0.0,0.0,80.00000000000000000000,0.00000000000000000000,0.00000000000000000000,0.06198430027397261500,80.06198430027397261500,80.06198430027398
2026-02-01,2026-03-01,1,persona_x_initial_plan,Cleaning_CallCenters,free,5,4,1,0,0,80.0,20.0,0.0,0.0,0.00000000000000000000,2.50721999999998730000,16.80000000000000000000,10.50983785589041218000,29.81705785589039948000,5.96341157117808
2026-02-01,2026-03-01,1,persona_x_initial_plan,Cleaning_CallCenters,plus,5,5,0,0,0,100.0,0.0,0.0,0.0,115.00000000000000000000,65.15337599999969300000,0.00000000000000000000,78.16935920602740576153,258.32273520602709876153,51.664547041205424
2026-02-01,2026-03-01,1,persona_x_initial_plan,Cleaning_CallCenters,start,15,15,0,0,0,100.0,0.0,0.0,0.0,132.00000000000000000000,50.92061399999975665500,0.00000000000000000000,89.37889115232876415250,272.29950515232852080750,18.153300343488567
2026-02-01,2026-03-01,1,persona_x_initial_plan,Consultant,business,5,5,0,0,0,100.0,0.0,0.0,0.0,320.00000000000000000000,51.96689999999974875600,4.00000000000000000000,64.60997864273972342260,440.57687864273947217860,88.11537572854789
2026-02-01,2026-03-01,1,persona_x_initial_plan,Consultant,free,262,246,14,0,2,93.89,5.34,0.0,0.76,11.02000000000000000000,1193.30282879999422704800,93.60000000000000000000,2892.77620399726027963883,4190.69903279725450668683,15.995034476325399
2026-02-01,2026-03-01,1,persona_x_initial_plan,Consultant,plus,49,46,3,0,0,93.88,6.12,0.0,0.0,1046.66666666600000000000,838.14821279999595400000,0.26000000000000000000,1874.85980858520534181057,3759.93468805120129581057,76.73336098063676
2026-02-01,2026-03-01,1,persona_x_initial_plan,Consultant,start,246,241,5,0,0,97.97,2.03,0.0,0.0,2355.33333333300000000000,2629.32274799998688843000,131.44000000000000200000,4011.62711554191860855972,9127.72319687490549898972,37.1045658409549
2026-02-01,2026-03-01,1,persona_x_initial_plan,Developer_IT,business,5,4,1,0,0,80.0,20.0,0.0,0.0,320.00000000000000000000,2.73599999999998780000,0.00000000000000000000,45.39710388164382582500,368.13310388164381362500,73.62662077632876
2026-02-01,2026-03-01,1,persona_x_initial_plan,Developer_IT,free,123,115,8,0,0,93.5,6.5,0.0,0.0,11.00000000000000000000,446.67197999999785552100,83.02000000000000000000,1095.74433532054806365543,1636.43631532054591917643,13.304360287158909
2026-02-01,2026-03-01,1,persona_x_initial_plan,Developer_IT,plus,23,22,1,0,0,95.65,4.35,0.0,0.0,496.66666666600000000000,697.79642399999665124000,57.16000000000000000000,218.68890473698630741600,1470.31199540298295865600,63.92660849578187
2026-02-01,2026-03-01,1,persona_x_initial_plan,Developer_IT,start,115,110,5,0,0,95.65,4.35,0.0,0.0,1054.00000000000000000000,815.83050779999602189000,38.12000000000000000000,1362.21183368657533289312,3270.16234148657135478312,28.43619427379627
2026-02-01,2026-03-01,1,persona_x_initial_plan,Media_Publishing,business,1,1,0,0,0,100.0,0.0,0.0,0.0,80.00000000000000000000,0.00000000000000000000,0.00000000000000000000,0.00018859561643835618,80.00018859561643835618,80.00018859561644
2026-02-01,2026-03-01,1,persona_x_initial_plan,Media_Publishing,free,50,48,2,0,0,96.0,4.0,0.0,0.0,0.00000000000000000000,203.19554519999901614000,18.12000000000000000000,345.27592952109591260882,566.59147472109492874882,11.3318294944219
2026-02-01,2026-03-01,1,persona_x_initial_plan,Media_Publishing,plus,8,8,0,0,0,100.0,0.0,0.0,0.0,180.00000000000000000000,818.91819719999608700000,16.64000000000000000000,99.55498816164384177672,1115.11318536163992877672,139.389148170205
2026-02-01,2026-03-01,1,persona_x_initial_plan,Media_Publishing,start,55,53,2,0,0,96.36,3.64,0.0,0.0,529.00000000000000000000,263.24469719999875794000,17.78000000000000000000,356.44660925205481659730,1166.47130645205357453730,21.208569208219156
2026-02-01,2026-03-01,1,persona_x_initial_plan,Medical_Professionals,free,17,17,0,0,0,100.0,0.0,0.0,0.0,7.78250000000000000000,85.86581399999957883000,46.40000000000000000000,76.95390634630137106400,217.00222034630094989400,12.76483649095888
2026-02-01,2026-03-01,1,persona_x_initial_plan,Medical_Professionals,plus,3,2,1,0,0,66.67,33.33,0.0,0.0,50.00000000000000000000,31.62653999999984730000,0.00000000000000000000,143.65641668438356460000,225.28295668438341190000,75.09431889479447
2026-02-01,2026-03-01,1,persona_x_initial_plan,Medical_Professionals,start,21,20,1,0,0,95.24,4.76,0.0,0.0,195.93615384600000000000,145.94012999999928932000,0.00000000000000000000,107.65583231342466854200,449.53211615942395786200,21.406291245686855
2026-02-01,2026-03-01,1,persona_x_initial_plan,Others,business,7,5,1,0,1,71.43,14.29,0.0,14.29,400.00000000000000000000,276.77813399999865731100,0.00000000000000000000,4.70513023726027393822,681.48326423725893124922,97.35475203389413
2026-02-01,2026-03-01,1,persona_x_initial_plan,Others,free,194,186,8,0,0,95.88,4.12,0.0,0.0,35.23478260900000000000,985.83013799999522531000,130.50000000000000000000,811.09389738301370468147,1962.65881799200892999147,10.116798030886644
2026-02-01,2026-03-01,1,persona_x_initial_plan,Others,plus,66,63,3,0,0,95.45,4.55,0.0,0.0,1330.00000000000000000000,1542.52697759999253636900,46.86000000000000000000,1109.22464801095900465429,4028.61162561095154102329,61.03957008501442
2026-02-01,2026-03-01,1,persona_x_initial_plan,Others,start,250,237,13,0,0,94.8,5.2,0.0,0.0,2348.42750000000000000000,2161.18580759998951309400,128.26000000000000000000,757.98696871342470074604,5395.86027631341421384004,21.583441105253655
2026-02-01,2026-03-01,1,persona_x_initial_plan,Professeur,business,1,1,0,0,0,100.0,0.0,0.0,0.0,80.00000000000000000000,0.00000000000000000000,0.00000000000000000000,91.45531079452055700000,171.45531079452055700000,171.45531079452056
2026-02-01,2026-03-01,1,persona_x_initial_plan,Professeur,free,41,36,4,0,1,87.8,9.76,0.0,2.44,0.00000000000000000000,58.15106459999971768000,20.40000000000000000000,264.59298376602743702733,343.14404836602715470733,8.369367033317737
2026-02-01,2026-03-01,1,persona_x_initial_plan,Professeur,plus,4,4,0,0,0,100.0,0.0,0.0,0.0,70.00000000000000000000,85.32937259999959590000,31.80000000000000000000,38.44068026958904325200,225.57005286958863915200,56.39251321739716
2026-02-01,2026-03-01,1,persona_x_initial_plan,Professeur,start,46,44,2,0,0,95.65,4.35,0.0,0.0,465.00000000000000000000,520.70326199999762310000,10.26000000000000000000,145.62289129972603157340,1141.58615329972365467340,24.81709028912443
2026-02-01,2026-03-01,1,persona_x_initial_plan,Repair,free,7,6,1,0,0,85.71,14.29,0.0,0.0,0.00000000000000000000,14.07295799999993034000,0.00000000000000000000,6.24205033753424745600,20.31500833753417779600,2.902144048219168
2026-02-01,2026-03-01,1,persona_x_initial_plan,Repair,plus,2,2,0,0,0,100.0,0.0,0.0,0.0,50.00000000000000000000,0.00000000000000000000,0.00000000000000000000,0.35116956219178080000,50.35116956219178080000,25.17558478109589
2026-02-01,2026-03-01,1,persona_x_initial_plan,Repair,start,2,2,0,0,0,100.0,0.0,0.0,0.0,22.00000000000000000000,9.06796799999995610000,0.00000000000000000000,0.78023706849315083000,31.84820506849310693000,15.924102534246554
2026-02-01,2026-03-01,1,persona_x_initial_plan,Repair_Installation,start,2,2,0,0,0,100.0,0.0,0.0,0.0,22.00000000000000000000,0.00000000000000000000,0.00000000000000000000,1.73945026191780912000,23.73945026191780912000,11.869725130958905
2026-02-01,2026-03-01,1,persona_x_initial_plan,Restauration,free,31,30,1,0,0,96.77,3.23,0.0,0.0,11.00000000000000000000,314.39624579999849750000,4.00000000000000000000,125.16545906082193126910,454.56170486082042876910,14.66328080196195
2026-02-01,2026-03-01,1,persona_x_initial_plan,Restauration,plus,13,13,0,0,0,100.0,0.0,0.0,0.0,278.33333333300000000000,1003.78751399999488750000,0.00000000000000000000,150.77464728054796971700,1432.89549461354285721700,110.22273035488791
2026-02-01,2026-03-01,1,persona_x_initial_plan,Restauration,start,41,40,1,0,0,97.56,2.44,0.0,0.0,409.00000000000000000000,925.69013999999554890000,9.00000000000000000000,241.14262801863019396800,1584.83276801862574286800,38.65445775655185
2026-02-01,2026-03-01,1,persona_x_initial_plan,Retail,business,8,6,2,0,0,75.0,25.0,0.0,0.0,320.00000000000000000000,4.48356599999997853000,0.00000000000000000000,0.68366623232876698712,325.16723223232874551712,40.64590402904109
2026-02-01,2026-03-01,1,persona_x_initial_plan,Retail,free,193,179,13,0,1,92.75,6.74,0.0,0.52,18.02000000000000000000,784.52529659999620826800,226.24000000000000000000,576.37252085972603503795,1605.15781745972224330595,8.316879883210996
2026-02-01,2026-03-01,1,persona_x_initial_plan,Retail,plus,41,39,1,0,1,95.12,2.44,0.0,2.44,862.95833333300000000000,1503.48382199999216154800,49.80000000000000000000,899.08054472383561176135,3315.32270005682777330935,80.86152926967873
2026-02-01,2026-03-01,1,persona_x_initial_plan,Retail,start,209,201,8,0,0,96.17,3.83,0.0,0.0,1988.29398148100000000000,2932.36552439998581860500,43.40000000000000000000,849.78898377643833229978,5813.84848965742415090478,27.817456888313036
2026-02-01,2026-03-01,1,persona_x_initial_plan,Wholesale,business,1,1,0,0,0,100.0,0.0,0.0,0.0,80.00000000000000000000,39.33944999999981500000,0.00000000000000000000,1.88268725917808230000,121.22213725917789730000,121.2221372591779
2026-02-01,2026-03-01,1,persona_x_initial_plan,Wholesale,free,26,25,1,0,0,96.15,3.85,0.0,0.0,0.00000000000000000000,60.86847599999970704000,13.60000000000000000000,338.12315716383561220640,412.59163316383531924640,15.868908967839818
2026-02-01,2026-03-01,1,persona_x_initial_plan,Wholesale,plus,16,16,0,0,0,100.0,0.0,0.0,0.0,375.00000000000000000000,780.61141799999612998000,15.24000000000000000000,140.53567590684932178300,1311.38709390684545176300,81.96169336917784
2026-02-01,2026-03-01,1,persona_x_initial_plan,Wholesale,start,43,42,1,0,0,97.67,2.33,0.0,0.0,390.00000000000000000000,461.29844519999768765000,114.36000000000000000000,338.96989857972605125228,1304.62834377972373890228,30.340194041388926
2026-02-01,2026-04-01,2,initial_plan,ALL,business,61,48,12,0,1,78.69,19.67,0.0,1.64,3251.00000000000000000000,5884.06990679996714122400,6.00000000000000000000,548.26829046027399775704,9689.33819726024113898104,158.8416097911515
2026-02-01,2026-04-01,2,initial_plan,ALL,free,1289,1172,113,0,4,90.92,8.77,0.0,0.31,456.37827957099999800000,8030.68749539995668575000,2023.73999999999999920000,15499.92425576219256710604,26010.73003073314925005604,20.17899924804744
2026-02-01,2026-04-01,2,initial_plan,ALL,plus,396,370,25,0,1,93.43,6.31,0.0,0.25,8581.33333333100000000000,16235.69760179991202464710,866.40000000000000700000,7195.31694912986293758248,32878.74788426077496922958,83.02714112187064
2026-02-01,2026-04-01,2,initial_plan,ALL,start,1482,1397,85,0,0,94.26,5.74,0.0,0.0,14300.20687403900000400000,22230.17845739988026197000,2104.86000000000000000000,13373.57322944438452039038,52008.81856088326478636038,35.09366974418574
2026-02-01,2026-04-01,2,overall,ALL,ALL,3228,2987,235,0,6,92.53,7.28,0.0,0.19,26588.91848694100000200000,52380.63346139971611359110,5001.00000000000000620000,36617.08272479671402283594,120587.63467313743014462704,37.35676414905125
2026-02-01,2026-04-01,2,persona,Automobile_Trade_Repair,ALL,130,119,11,0,0,91.54,8.46,0.0,0.0,1463.00000000000000000000,5435.03657879997089699000,380.48000000000000700000,819.63458840493158475082,8098.15116720490248874082,62.29347051696079
2026-02-01,2026-04-01,2,persona,BTP,ALL,624,587,37,0,0,94.07,5.93,0.0,0.0,6814.39123655900000100000,18420.49601639989990736230,561.80000000000000000000,9610.09783014027424586893,35406.78508309917415423123,56.74164276137688
2026-02-01,2026-04-01,2,persona,Bankers_Insurance,ALL,57,55,2,0,0,96.49,3.51,0.0,0.0,301.55000000000000000000,604.18870199999672837000,12.80000000000000000000,3213.21950062410997793010,4131.75820262410670630010,72.48698601094925
2026-02-01,2026-04-01,2,persona,Bikers_Drivers,ALL,164,139,25,0,0,84.76,15.24,0.0,0.0,1718.76208333300000000000,3248.60677199998242040800,312.36000000000000000000,441.55009251835618046502,5721.27894785133860087302,34.885847242995965
2026-02-01,2026-04-01,2,persona,Cleaning_CallCenters,ALL,26,24,2,0,0,92.31,7.69,0.0,0.0,338.00000000000000000000,470.91074399999749430000,0.00000000000000000000,265.53223403890409478797,1074.44297803890158908797,41.32472992457314
2026-02-01,2026-04-01,2,persona,Consultant,ALL,562,523,37,0,2,93.06,6.58,0.0,0.36,3714.54416666600000100000,5972.24402279996758020580,542.44000000000000000000,10341.36546596931549112070,20570.59365543528307232650,36.60247981394179
2026-02-01,2026-04-01,2,persona,Developer_IT,ALL,266,249,17,0,0,93.61,6.39,0.0,0.0,1754.96505952300000000000,3027.68463779998368985000,590.24000000000000000000,3555.32166336547963996299,8928.21136068846332981299,33.56470436349046
2026-02-01,2026-04-01,2,persona,Media_Publishing,ALL,114,107,7,0,0,93.86,6.14,0.0,0.0,733.19000000000000000000,1107.33175259999397933000,43.60000000000000000000,903.16105685315070205609,2787.28280945314468138609,24.44984920572934
2026-02-01,2026-04-01,2,persona,Medical_Professionals,ALL,41,38,3,0,0,92.68,7.32,0.0,0.0,248.00000000000000000000,624.76995599999659122400,62.39999999999999960000,574.60807910575335776000,1509.77803510574994858400,36.82385451477439
2026-02-01,2026-04-01,2,persona,Others,ALL,517,478,38,0,1,92.46,7.35,0.0,0.19,4189.00000000000000000000,5061.05923859997268302300,673.62000000000000000000,2432.15166040712341647140,12355.83089900709609949440,23.89909264798278
2026-02-01,2026-04-01,2,persona,Professeur,ALL,92,83,8,0,1,90.22,8.7,0.0,1.09,640.67000000000000000000,665.47840319999639382400,57.76000000000000000000,626.52038411780830142820,1990.42878731780469525220,21.635095514323964
2026-02-01,2026-04-01,2,persona,Repair,ALL,11,10,1,0,0,90.91,9.09,0.0,0.0,61.00000000000000000000,16.26712199999990999000,0.00000000000000000000,7.16619992493150793500,84.43332192493141792500,7.675756538630129
2026-02-01,2026-04-01,2,persona,Repair_Installation,ALL,2,2,0,0,0,100.0,0.0,0.0,0.0,22.00000000000000000000,0.00000000000000000000,0.00000000000000000000,2.43231190356164410000,24.43231190356164410000,12.216155951780822
2026-02-01,2026-04-01,2,persona,Restauration,ALL,85,81,4,0,0,95.29,4.71,0.0,0.0,688.62260752700000000000,1910.12340959998959214000,1113.88000000000000000000,518.68379703726034021580,4231.30981416424993235580,49.78011546075589
2026-02-01,2026-04-01,2,persona,Retail,ALL,451,410,39,0,2,90.91,8.65,0.0,0.44,3045.22333333300000000000,4563.01597319997501481400,592.01999999999999960000,2398.96624371506856285560,10599.22555024804357726960,23.501608758864844
2026-02-01,2026-04-01,2,persona,Wholesale,ALL,86,82,4,0,0,95.35,4.65,0.0,0.0,856.00000000000000000000,1253.42013239999323176000,57.60000000000000000000,906.67161667068497512732,3073.69174907067820688732,35.74060173337998
2026-02-01,2026-04-01,2,persona_x_initial_plan,Automobile_Trade_Repair,business,3,3,0,0,0,100.0,0.0,0.0,0.0,160.00000000000000000000,759.34189979999564000000,4.00000000000000000000,12.22882786410959225230,935.57072766410523225230,311.8569092213684
2026-02-01,2026-04-01,2,persona_x_initial_plan,Automobile_Trade_Repair,free,29,26,3,0,0,89.66,10.34,0.0,0.0,0.00000000000000000000,160.20152999999913815000,48.40000000000000000000,87.28853875123287826880,295.89006875123201641880,10.203105819008002
2026-02-01,2026-04-01,2,persona_x_initial_plan,Automobile_Trade_Repair,plus,26,25,1,0,0,96.15,3.85,0.0,0.0,610.00000000000000000000,1860.63722459999007093400,110.24000000000000700000,263.43125328876715457700,2844.30847788875723251100,109.39647991879836
2026-02-01,2026-04-01,2,persona_x_initial_plan,Automobile_Trade_Repair,start,72,65,7,0,0,90.28,9.72,0.0,0.0,693.00000000000000000000,2654.85592439998604790600,217.84000000000000000000,456.68596850082195965272,4022.38189290080800755872,55.86641517917789
2026-02-01,2026-04-01,2,persona_x_initial_plan,BTP,business,22,21,1,0,0,95.45,4.55,0.0,0.0,1466.00000000000000000000,5048.39319659997192070000,0.00000000000000000000,328.99229982246578233520,6843.38549642243770303520,311.0629771101108
2026-02-01,2026-04-01,2,persona_x_initial_plan,BTP,free,243,227,16,0,0,93.42,6.58,0.0,0.0,173.51483870999999600000,2140.96478759998849016000,260.02000000000000000000,5842.21980684054810713262,8416.71943315053659329262,34.6367054862162
2026-02-01,2026-04-01,2,persona_x_initial_plan,BTP,plus,109,103,6,0,0,94.5,5.5,0.0,0.0,2528.33333333300000000000,5434.10151839997068860830,38.30000000000000000000,673.53096996273975364574,8674.26582169571044225404,79.58042038252945
2026-02-01,2026-04-01,2,persona_x_initial_plan,BTP,start,250,236,14,0,0,94.4,5.6,0.0,0.0,2646.54306451600000500000,5797.03651379996880789400,263.48000000000000000000,2765.35475351452060275537,11472.41433183048941564937,45.889657327321956
2026-02-01,2026-04-01,2,persona_x_initial_plan,Bankers_Insurance,free,29,27,2,0,0,93.1,6.9,0.0,0.0,16.55000000000000000000,186.37963199999900627000,12.80000000000000000000,1970.90941443835658013010,2186.63904643835558640010,75.40134642890882
2026-02-01,2026-04-01,2,persona_x_initial_plan,Bankers_Insurance,plus,2,2,0,0,0,100.0,0.0,0.0,0.0,50.00000000000000000000,16.31959199999991500000,0.00000000000000000000,883.06306762136977000000,949.38265962136968500000,474.69132981068486
2026-02-01,2026-04-01,2,persona_x_initial_plan,Bankers_Insurance,start,26,26,0,0,0,100.0,0.0,0.0,0.0,235.00000000000000000000,401.48947799999780710000,0.00000000000000000000,359.24701856438362780000,995.73649656438143490000,38.29755756016852
2026-02-01,2026-04-01,2,persona_x_initial_plan,Bikers_Drivers,business,7,5,2,0,0,71.43,28.57,0.0,0.0,265.00000000000000000000,6.84746999999996220000,-2.00000000000000000000,12.43017572383561829060,282.27764572383558049060,40.32537796054794
2026-02-01,2026-04-01,2,persona_x_initial_plan,Bikers_Drivers,free,39,31,8,0,0,79.49,20.51,0.0,0.0,25.00000000000000000000,257.22286199999860652000,83.16000000000000000000,75.03111605698630145099,440.41397805698490797099,11.292666104025253
2026-02-01,2026-04-01,2,persona_x_initial_plan,Bikers_Drivers,plus,29,27,2,0,0,93.1,6.9,0.0,0.0,620.00000000000000000000,1517.43081599999177698000,181.20000000000000000000,160.44643673041095691400,2479.07725273040273389400,85.48542250794493
2026-02-01,2026-04-01,2,persona_x_initial_plan,Bikers_Drivers,start,89,76,13,0,0,85.39,14.61,0.0,0.0,808.76208333300000000000,1467.10562399999207470800,50.00000000000000000000,193.64236400712330380943,2519.51007134011537851743,28.309101925169834
2026-02-01,2026-04-01,2,persona_x_initial_plan,Cleaning_CallCenters,business,1,1,0,0,0,100.0,0.0,0.0,0.0,80.00000000000000000000,23.28650999999987500000,0.00000000000000000000,0.67798394082191793000,103.96449394082179293000,103.9644939408218
2026-02-01,2026-04-01,2,persona_x_initial_plan,Cleaning_CallCenters,free,5,4,1,0,0,80.0,20.0,0.0,0.0,0.00000000000000000000,7.18199999999995950000,0.00000000000000000000,11.35309085315068673000,18.53509085315064623000,3.7070181706301293
2026-02-01,2026-04-01,2,persona_x_initial_plan,Cleaning_CallCenters,plus,5,5,0,0,0,100.0,0.0,0.0,0.0,115.00000000000000000000,140.60869199999925700000,0.00000000000000000000,156.05345612493147757647,411.66214812493073457647,82.33242962498615
2026-02-01,2026-04-01,2,persona_x_initial_plan,Cleaning_CallCenters,start,15,14,1,0,0,93.33,6.67,0.0,0.0,143.00000000000000000000,299.83354199999840280000,0.00000000000000000000,97.44770312000001255150,540.28124511999841535150,36.01874967466656
2026-02-01,2026-04-01,2,persona_x_initial_plan,Consultant,business,5,5,0,0,0,100.0,0.0,0.0,0.0,320.00000000000000000000,6.49799999999996560000,4.00000000000000000000,56.43839253753422987610,386.93639253753419547610,77.38727850750684
2026-02-01,2026-04-01,2,persona_x_initial_plan,Consultant,free,262,234,26,0,2,89.31,9.92,0.0,0.76,66.60666666700000100000,1636.68188699999116683800,322.22000000000000000000,3460.39152128712332719370,5485.90007495411449503170,20.93854990440502
2026-02-01,2026-04-01,2,persona_x_initial_plan,Consultant,plus,49,45,4,0,0,91.84,8.16,0.0,0.0,1018.66666666600000000000,1308.42900539999284457680,170.10000000000000000000,2354.26829360657524279600,4851.46396567256808737280,99.00946868719528
2026-02-01,2026-04-01,2,persona_x_initial_plan,Consultant,start,246,239,7,0,0,97.15,2.85,0.0,0.0,2309.27083333300000000000,3020.63513039998360319100,46.12000000000000000000,4470.26725853808269125490,9846.29322227106629444590,40.025582204353924
2026-02-01,2026-04-01,2,persona_x_initial_plan,Developer_IT,business,5,2,3,0,0,40.0,60.0,0.0,0.0,160.00000000000000000000,1.80107639999999040000,0.00000000000000000000,76.01781232164383700000,237.81888872164382740000,47.56377774432876
2026-02-01,2026-04-01,2,persona_x_initial_plan,Developer_IT,free,123,112,11,0,0,91.06,8.94,0.0,0.0,19.11000000000000000000,679.17783599999630147000,144.04000000000000000000,1316.77547745424661598626,2159.10331345424291745626,17.55368547523775
2026-02-01,2026-04-01,2,persona_x_initial_plan,Developer_IT,plus,23,23,0,0,0,100.0,0.0,0.0,0.0,521.66666666600000000000,901.73439539999514028000,4.80000000000000000000,230.99809016219182279143,1659.19915222818696307143,72.13909357513856
2026-02-01,2026-04-01,2,persona_x_initial_plan,Developer_IT,start,115,112,3,0,0,97.39,2.61,0.0,0.0,1054.18839285700000000000,1444.97132999999225770000,441.40000000000000000000,1931.53028342739736418530,4872.09000628438962188530,42.36600005464686
2026-02-01,2026-04-01,2,persona_x_initial_plan,Media_Publishing,business,1,0,1,0,0,0.0,100.0,0.0,0.0,0.00000000000000000000,0.00000000000000000000,0.00000000000000000000,0.00000000000000000000,0.00000000000000000000,0.0
2026-02-01,2026-04-01,2,persona_x_initial_plan,Media_Publishing,free,50,46,4,0,0,92.0,8.0,0.0,0.0,26.19000000000000000000,351.90786959999809210000,39.60000000000000000000,403.10085278356163907267,820.79872238355973117267,16.415974447671193
2026-02-01,2026-04-01,2,persona_x_initial_plan,Media_Publishing,plus,8,8,0,0,0,100.0,0.0,0.0,0.0,180.00000000000000000000,440.84991419999758750000,0.00000000000000000000,62.46057667561643540152,683.31049087561402290152,85.41381135945176
2026-02-01,2026-04-01,2,persona_x_initial_plan,Media_Publishing,start,55,53,2,0,0,96.36,3.64,0.0,0.0,527.00000000000000000000,314.57396879999829973000,4.00000000000000000000,437.59962739397262758190,1283.17359619397092731190,23.330429021708564
2026-02-01,2026-04-01,2,persona_x_initial_plan,Medical_Professionals,free,17,16,1,0,0,94.12,5.88,0.0,0.0,9.00000000000000000000,213.41262599999885144400,62.39999999999999960000,97.44092308602738851900,382.25354908602623956300,22.485502887413308
2026-02-01,2026-04-01,2,persona_x_initial_plan,Medical_Professionals,plus,3,2,1,0,0,66.67,33.33,0.0,0.0,50.00000000000000000000,245.02370399999865620000,0.00000000000000000000,284.34036836054788930000,579.36407236054654550000,193.12135745351551
2026-02-01,2026-04-01,2,persona_x_initial_plan,Medical_Professionals,start,21,20,1,0,0,95.24,4.76,0.0,0.0,189.00000000000000000000,166.33362599999908358000,0.00000000000000000000,192.82678765917807994100,548.16041365917716352100,26.102876840913197
2026-02-01,2026-04-01,2,persona_x_initial_plan,Others,business,7,5,1,0,1,71.43,14.29,0.0,14.29,400.00000000000000000000,1.76693399999999022400,0.00000000000000000000,0.03028462246575342896,401.79721862246574365296,57.399602660352244
2026-02-01,2026-04-01,2,persona_x_initial_plan,Others,free,194,180,14,0,0,92.78,7.22,0.0,0.0,55.12000000000000100000,1146.64211279999384769000,252.54000000000000000000,809.46151360438361563134,2263.76362640437746432134,11.668884672187513
2026-02-01,2026-04-01,2,persona_x_initial_plan,Others,plus,66,60,6,0,0,90.91,9.09,0.0,0.0,1352.00000000000000000000,1763.10551699999045467200,201.32000000000000000000,773.62306783178086105342,4090.04858483177131572542,61.97043310351169
2026-02-01,2026-04-01,2,persona_x_initial_plan,Others,start,250,233,17,0,0,93.2,6.8,0.0,0.0,2381.87999999999999900000,2149.54467479998839043700,219.76000000000000000000,849.03679434849318635768,5600.22146914848157579468,22.400885876593925
2026-02-01,2026-04-01,2,persona_x_initial_plan,Professeur,business,1,1,0,0,0,100.0,0.0,0.0,0.0,80.00000000000000000000,32.84891999999981500000,0.00000000000000000000,60.20826817095891000000,173.05718817095872500000,173.05718817095874
2026-02-01,2026-04-01,2,persona_x_initial_plan,Professeur,free,41,35,5,0,1,85.37,12.2,0.0,2.44,16.67000000000000000000,72.97577999999961035400,24.40000000000000000000,334.97804134246582349090,449.02382134246543384490,10.951800520547938
2026-02-01,2026-04-01,2,persona_x_initial_plan,Professeur,plus,4,4,0,0,0,100.0,0.0,0.0,0.0,90.00000000000000000000,71.18269919999961500000,22.00000000000000000000,65.93109817479453108900,249.11379737479414608900,62.27844934369854
2026-02-01,2026-04-01,2,persona_x_initial_plan,Professeur,start,46,43,3,0,0,93.48,6.52,0.0,0.0,454.00000000000000000000,488.47100399999735347000,11.36000000000000000000,165.40297642958903684830,1119.23398042958639031830,24.331173487599703
2026-02-01,2026-04-01,2,persona_x_initial_plan,Repair,free,7,6,1,0,0,85.71,14.29,0.0,0.0,0.00000000000000000000,9.67822199999994650000,0.00000000000000000000,4.33211631123287753500,14.01033831123282403500,2.001476901604689
2026-02-01,2026-04-01,2,persona_x_initial_plan,Repair,plus,2,2,0,0,0,100.0,0.0,0.0,0.0,50.00000000000000000000,1.09439999999999419000,0.00000000000000000000,2.11660837972602757000,53.21100837972602176000,26.605504189863012
2026-02-01,2026-04-01,2,persona_x_initial_plan,Repair,start,2,2,0,0,0,100.0,0.0,0.0,0.0,11.00000000000000000000,5.49449999999996930000,0.00000000000000000000,0.71747523397260283000,17.21197523397257213000,8.605987616986287
2026-02-01,2026-04-01,2,persona_x_initial_plan,Repair_Installation,start,2,2,0,0,0,100.0,0.0,0.0,0.0,22.00000000000000000000,0.00000000000000000000,0.00000000000000000000,2.43231190356164410000,24.43231190356164410000,12.216155951780822
2026-02-01,2026-04-01,2,persona_x_initial_plan,Restauration,free,31,30,1,0,0,96.77,3.23,0.0,0.0,18.72677419400000000000,154.84165199999916044000,433.60000000000000000000,148.96392283671233010590,756.13234903071149054590,24.391366097764884
2026-02-01,2026-04-01,2,persona_x_initial_plan,Restauration,plus,13,12,1,0,0,92.31,7.69,0.0,0.0,253.33333333300000000000,902.31458759999509121000,99.00000000000000000000,143.21986258191784271190,1397.86778351491293392190,107.52829103960867
2026-02-01,2026-04-01,2,persona_x_initial_plan,Restauration,start,41,39,2,0,0,95.12,4.88,0.0,0.0,416.56250000000000000000,852.96716999999534049000,581.28000000000000000000,226.50001161863016739800,2077.30968161862550788800,50.66608979557623
2026-02-01,2026-04-01,2,persona_x_initial_plan,Retail,business,8,4,4,0,0,50.0,50.0,0.0,0.0,240.00000000000000000000,3.28589999999998210000,0.00000000000000000000,0.03372384438356164388,243.31962384438354374388,30.414952980547945
2026-02-01,2026-04-01,2,persona_x_initial_plan,Retail,free,193,174,18,0,1,90.16,9.33,0.0,0.52,29.89000000000000000000,909.91355039999508280400,308.55999999999999960000,591.89144196328767223766,1840.25499236328275464166,9.534999960431517
2026-02-01,2026-04-01,2,persona_x_initial_plan,Retail,plus,41,36,4,0,1,87.8,9.76,0.0,2.44,767.33333333300000000000,940.25026799999461609600,29.84000000000000000000,923.74757414849315537100,2661.17117548148777146700,64.90661403613385
2026-02-01,2026-04-01,2,persona_x_initial_plan,Retail,start,209,196,13,0,0,93.78,6.22,0.0,0.0,2008.00000000000000000000,2709.56625479998533381400,253.62000000000000000000,883.29350375890417360306,5854.47975855888950741706,28.01186487348751
2026-02-01,2026-04-01,2,persona_x_initial_plan,Wholesale,business,1,1,0,0,0,100.0,0.0,0.0,0.0,80.00000000000000000000,0.00000000000000000000,0.00000000000000000000,1.21052161205479500000,81.21052161205479500000,81.21052161205479
2026-02-01,2026-04-01,2,persona_x_initial_plan,Wholesale,free,26,24,2,0,0,92.31,7.69,0.0,0.0,0.00000000000000000000,103.50514799999942551000,32.00000000000000000000,345.78647815287672362110,481.29162615287614913110,18.51121639049524
2026-02-01,2026-04-01,2,persona_x_initial_plan,Wholesale,plus,16,16,0,0,0,100.0,0.0,0.0,0.0,375.00000000000000000000,692.61526799999631640000,9.60000000000000000000,218.08622548000001678500,1295.30149347999633318500,80.95634334249976
2026-02-01,2026-04-01,2,persona_x_initial_plan,Wholesale,start,43,41,2,0,0,95.35,4.65,0.0,0.0,401.00000000000000000000,457.29971639999748985000,16.00000000000000000000,341.58839142575343972122,1215.88810782575092957122,28.27646762385467
2026-03-01,2026-03-01,0,initial_plan,ALL,business,40,40,0,0,0,100.0,0.0,0.0,0.0,1065.00000000000000000000,1034.34689339999517623000,256.00000000000000000000,670.72001681808226461279,3026.06691021807744084279,75.65167275545193
2026-03-01,2026-03-01,0,initial_plan,ALL,free,978,971,0,0,7,99.28,0.0,0.0,0.72,390.42733333300000000000,4207.80652559997946287100,6078.38000000000000000000,4991.88766943945234090409,15668.50152837243180377509,16.020962707947273
2026-03-01,2026-03-01,0,initial_plan,ALL,plus,289,288,0,0,1,99.65,0.0,0.0,0.35,3292.85333333200000000000,5385.47959439997378164200,867.00000000000000000000,1601.36117585753432202844,11146.69410358950810367044,38.56987579096716
2026-03-01,2026-03-01,0,initial_plan,ALL,start,1132,1128,0,0,4,99.65,0.0,0.0,0.35,6980.93708333300000000000,6568.37317799996824326679,7465.30000000000000000000,2882.26463208821941578922,23896.87489342118765905601,21.110313510089387
2026-03-01,2026-03-01,0,overall,ALL,ALL,2439,2427,0,0,12,99.51,0.0,0.0,0.49,11729.21774999800000000000,17196.00619139991666400979,14666.68000000000000000000,10146.23349420328834333454,53738.13743560120500734433,22.032856677163263
2026-03-01,2026-03-01,0,persona,Automobile_Trade_Repair,ALL,115,115,0,0,0,100.0,0.0,0.0,0.0,596.55875000000000000000,956.22780599999521987800,673.28000000000000000000,250.63180384054795056402,2476.69835984054317044202,21.536507476874288
2026-03-01,2026-03-01,0,persona,BTP,ALL,378,377,0,0,1,99.74,0.0,0.0,0.26,2452.88291666600000000000,3560.64616799998297317400,601.00000000000000000000,4368.07305103287704939732,10982.60213569886002257132,29.05450300449434
2026-03-01,2026-03-01,0,persona,Bankers_Insurance,ALL,28,27,0,0,1,96.43,0.0,0.0,3.57,77.84375000000000000000,161.97713999999924462000,452.00000000000000000000,453.31560583561655504805,1145.13649583561579966805,40.89773199412913
2026-03-01,2026-03-01,0,persona,Bikers_Drivers,ALL,148,148,0,0,0,100.0,0.0,0.0,0.0,707.53375000000000000000,1159.50377699999434079900,877.20000000000000000000,137.83674183726028431893,2882.07426883725462511793,19.47347478944091
2026-03-01,2026-03-01,0,persona,Cleaning_CallCenters,ALL,15,15,0,0,0,100.0,0.0,0.0,0.0,51.00000000000000000000,66.30206399999968010000,8.00000000000000000000,15.52619083013698852865,140.82825483013666862865,9.388550322009111
2026-03-01,2026-03-01,0,persona,Consultant,ALL,442,440,0,0,2,99.55,0.0,0.0,0.45,2148.00858333300000000000,2340.20015459998862626600,2705.84000000000000000000,1357.00766118301372993640,8551.05639911600235620240,19.346281445963804
2026-03-01,2026-03-01,0,persona,Developer_IT,ALL,195,194,0,0,1,99.49,0.0,0.0,0.51,854.80083333300000000000,1151.70370019999443414000,2292.00000000000000000000,845.29307833534247966163,5143.79761186833691380163,26.3784492916325
2026-03-01,2026-03-01,0,persona,Media_Publishing,ALL,92,91,0,0,1,98.91,0.0,0.0,1.09,408.34375000000000000000,587.17691999999715468000,1235.08000000000000000000,112.65200752054795212999,2343.25267752054510680999,25.47013779913636
2026-03-01,2026-03-01,0,persona,Medical_Professionals,ALL,38,37,0,0,1,97.37,0.0,0.0,2.63,51.53125000000000000000,288.91982699999859854000,4.00000000000000000000,231.52397716767121602294,575.97505416766981456294,15.157238267570257
2026-03-01,2026-03-01,0,persona,Others,ALL,453,452,0,0,1,99.78,0.0,0.0,0.22,2034.55125000000000000000,2939.27861699998562968500,2834.24000000000000000000,1126.04495745150694218696,8934.11482445149257187196,19.722107780246123
2026-03-01,2026-03-01,0,persona,Professeur,ALL,81,81,0,0,0,100.0,0.0,0.0,0.0,323.93375000000000000000,285.04414799999862357000,91.08000000000000000000,156.31382752931507147324,856.37172552931369504324,10.572490438633503
2026-03-01,2026-03-01,0,persona,Repair,ALL,18,17,0,0,1,94.44,0.0,0.0,5.56,39.73958333300000000000,25.63446599999987405500,126.00000000000000000000,22.80142399342465622494,214.17547332642453027994,11.898637407023585
2026-03-01,2026-03-01,0,persona,Repair_Installation,ALL,5,5,0,0,0,100.0,0.0,0.0,0.0,89.00000000000000000000,2.92094999999998570000,4.00000000000000000000,2.83192121095890464670,98.75287121095889034670,19.750574242191778
2026-03-01,2026-03-01,0,persona,Restauration,ALL,58,57,0,0,1,98.28,0.0,0.0,1.72,354.12500000000000000000,603.81053999999714825000,46.00000000000000000000,91.06292393424657903292,1094.99846393424372728292,18.87928386093524
2026-03-01,2026-03-01,0,persona,Retail,ALL,311,310,0,0,1,99.68,0.0,0.0,0.32,1124.73958333300000000000,2775.21049979998652450279,2152.96000000000000000000,558.15815968493155892556,6611.06824281791808342835,21.257454156970798
2026-03-01,2026-03-01,0,persona,Wholesale,ALL,62,61,0,0,1,98.39,0.0,0.0,1.61,414.62500000000000000000,291.44941379999860605000,564.00000000000000000000,417.16016281589042523629,1687.23457661588903128629,27.213460913159498
2026-03-01,2026-03-01,0,persona_x_initial_plan,Automobile_Trade_Repair,business,3,3,0,0,0,100.0,0.0,0.0,0.0,80.00000000000000000000,52.14115799999975200000,0.00000000000000000000,6.89882604986301555000,139.03998404986276755000,46.34666134995425
2026-03-01,2026-03-01,0,persona_x_initial_plan,Automobile_Trade_Repair,free,30,30,0,0,0,100.0,0.0,0.0,0.0,46.84000000000000000000,48.93496199999976346400,418.00000000000000000000,53.04295355452054921764,566.81791555452031268164,18.893930518484012
2026-03-01,2026-03-01,0,persona_x_initial_plan,Automobile_Trade_Repair,plus,17,17,0,0,0,100.0,0.0,0.0,0.0,120.00000000000000000000,322.87003199999834506000,3.28000000000000000000,46.14762415123286941320,492.29765615123121447320,28.958685655954778
2026-03-01,2026-03-01,0,persona_x_initial_plan,Automobile_Trade_Repair,start,65,65,0,0,0,100.0,0.0,0.0,0.0,349.71875000000000000000,532.28165399999735935400,252.00000000000000000000,144.54240008493151638318,1278.54280408492887573718,19.66988929361429
2026-03-01,2026-03-01,0,persona_x_initial_plan,BTP,business,12,12,0,0,0,100.0,0.0,0.0,0.0,480.00000000000000000000,667.56079799999693920000,0.00000000000000000000,519.93198890630144220119,1667.49278690629838140119,138.95773224219153
2026-03-01,2026-03-01,0,persona_x_initial_plan,BTP,free,140,140,0,0,0,100.0,0.0,0.0,0.0,128.84000000000000000000,810.20712599999601561000,450.00000000000000000000,2647.86533152876721191378,4036.91245752876322752378,28.83508898234831
2026-03-01,2026-03-01,0,persona_x_initial_plan,BTP,plus,71,71,0,0,0,100.0,0.0,0.0,0.0,903.54166666600000000000,1072.03139999999487293700,151.00000000000000000000,668.53111267342470317611,2795.10417933941957611311,39.3676644977383
2026-03-01,2026-03-01,0,persona_x_initial_plan,BTP,start,155,154,0,0,1,99.35,0.0,0.0,0.65,940.50125000000000000000,1010.84684399999514542700,0.00000000000000000000,531.74461792438369210624,2483.09271192437883753324,16.01995298015728
2026-03-01,2026-03-01,0,persona_x_initial_plan,Bankers_Insurance,free,18,17,0,0,1,94.44,0.0,0.0,5.56,0.00000000000000000000,6.10424999999997102000,452.00000000000000000000,434.46423943726039223660,892.56848943726036325660,49.587138302070024
2026-03-01,2026-03-01,0,persona_x_initial_plan,Bankers_Insurance,plus,4,4,0,0,0,100.0,0.0,0.0,0.0,38.75000000000000000000,153.87157799999928360000,0.00000000000000000000,8.79247912273972465145,201.41405712273900825145,50.35351428068475
2026-03-01,2026-03-01,0,persona_x_initial_plan,Bankers_Insurance,start,6,6,0,0,0,100.0,0.0,0.0,0.0,39.09375000000000000000,2.00131199999999000000,0.00000000000000000000,10.05888727561643816000,51.15394927561642816000,8.525658212602737
2026-03-01,2026-03-01,0,persona_x_initial_plan,Bikers_Drivers,business,2,2,0,0,0,100.0,0.0,0.0,0.0,0.00000000000000000000,5.28274799999997400000,0.00000000000000000000,0.42303863671232885000,5.70578663671230285000,2.8528933183561516
2026-03-01,2026-03-01,0,persona_x_initial_plan,Bikers_Drivers,free,55,55,0,0,0,100.0,0.0,0.0,0.0,25.69000000000000000000,188.30439899999908248000,499.20000000000000000000,38.24729415671233010279,751.44169315671141258279,13.662576239212934
2026-03-01,2026-03-01,0,persona_x_initial_plan,Bikers_Drivers,plus,23,23,0,0,0,100.0,0.0,0.0,0.0,275.00000000000000000000,413.85718799999797955000,118.00000000000000000000,39.45781105095890860090,846.31499905095688815090,36.79630430656334
2026-03-01,2026-03-01,0,persona_x_initial_plan,Bikers_Drivers,start,68,68,0,0,0,100.0,0.0,0.0,0.0,406.84375000000000000000,552.05944199999730476900,260.00000000000000000000,59.70859799287671676524,1278.61178999287402153424,18.803114558718736
2026-03-01,2026-03-01,0,persona_x_initial_plan,Cleaning_CallCenters,free,8,8,0,0,0,100.0,0.0,0.0,0.0,0.00000000000000000000,1.41587999999999290000,8.00000000000000000000,6.45323897698630292000,15.86911897698629582000,1.983639872123287
2026-03-01,2026-03-01,0,persona_x_initial_plan,Cleaning_CallCenters,plus,2,2,0,0,0,100.0,0.0,0.0,0.0,20.00000000000000000000,31.13720999999985000000,0.00000000000000000000,0.94051956602739734000,52.07772956602724734000,26.038864783013622
2026-03-01,2026-03-01,0,persona_x_initial_plan,Cleaning_CallCenters,start,5,5,0,0,0,100.0,0.0,0.0,0.0,31.00000000000000000000,33.74897399999983720000,0.00000000000000000000,8.13243228712328826865,72.88140628712312546865,14.576281257424625
2026-03-01,2026-03-01,0,persona_x_initial_plan,Consultant,business,7,7,0,0,0,100.0,0.0,0.0,0.0,240.00000000000000000000,194.23947599999906420000,138.00000000000000000000,58.65373049753424371000,630.89320649753330791000,90.12760092821905
2026-03-01,2026-03-01,0,persona_x_initial_plan,Consultant,free,189,188,0,0,1,99.47,0.0,0.0,0.53,127.97733333300000000000,740.78986319999635248600,1067.20000000000000000000,562.49714596273974686103,2498.46434249573609934703,13.219388055532995
2026-03-01,2026-03-01,0,persona_x_initial_plan,Consultant,plus,33,33,0,0,0,100.0,0.0,0.0,0.0,419.37500000000000000000,591.37187939999716879000,0.00000000000000000000,200.96939828547945785350,1211.71627768547662664350,36.71867508137808
2026-03-01,2026-03-01,0,persona_x_initial_plan,Consultant,start,213,212,0,0,1,99.53,0.0,0.0,0.47,1360.65625000000000000000,813.79893599999604079000,1500.64000000000000000000,534.88738643726028151187,4209.98257243725632230187,19.765176396419047
2026-03-01,2026-03-01,0,persona_x_initial_plan,Developer_IT,business,2,2,0,0,0,100.0,0.0,0.0,0.0,0.00000000000000000000,25.05532139999988000000,0.00000000000000000000,13.55207270246575528000,38.60739410246563528000,19.303697051232817
2026-03-01,2026-03-01,0,persona_x_initial_plan,Developer_IT,free,93,93,0,0,0,100.0,0.0,0.0,0.0,23.92000000000000000000,198.57927779999903303000,198.00000000000000000000,281.82102118246576375263,702.32029898246479678263,7.55183117185446
2026-03-01,2026-03-01,0,persona_x_initial_plan,Developer_IT,plus,15,14,0,0,1,93.33,0.0,0.0,6.67,207.08333333300000000000,438.71550299999787050000,34.00000000000000000000,167.29264285808219089200,847.09147919108006139200,56.472765279405344
2026-03-01,2026-03-01,0,persona_x_initial_plan,Developer_IT,start,85,85,0,0,0,100.0,0.0,0.0,0.0,623.79750000000000000000,489.35359799999765061000,2060.00000000000000000000,382.62734159232876973700,3555.77843959232642034700,41.8326875246156
2026-03-01,2026-03-01,0,persona_x_initial_plan,Media_Publishing,free,34,33,0,0,1,97.06,0.0,0.0,2.94,0.00000000000000000000,175.19637599999915468000,414.00000000000000000000,23.67300959506849380565,612.86938559506764848565,18.025570164560815
2026-03-01,2026-03-01,0,persona_x_initial_plan,Media_Publishing,plus,4,4,0,0,0,100.0,0.0,0.0,0.0,35.00000000000000000000,3.20399999999998510000,0.00000000000000000000,0.50465968000000015930,38.70865967999998525930,9.677164919999996
2026-03-01,2026-03-01,0,persona_x_initial_plan,Media_Publishing,start,54,54,0,0,0,100.0,0.0,0.0,0.0,373.34375000000000000000,408.77654399999801490000,821.08000000000000000000,88.47433824547945816504,1691.67463224547747306504,31.327308004545877
2026-03-01,2026-03-01,0,persona_x_initial_plan,Medical_Professionals,free,23,23,0,0,0,100.0,0.0,0.0,0.0,0.00000000000000000000,90.99696599999955204000,4.00000000000000000000,202.26345016383559956500,297.26041616383515160500,12.924365920166746
2026-03-01,2026-03-01,0,persona_x_initial_plan,Medical_Professionals,start,15,14,0,0,1,93.33,0.0,0.0,6.67,51.53125000000000000000,197.92286099999904650000,0.00000000000000000000,29.26052700383561645794,278.71463800383466295794,18.58097586692231
2026-03-01,2026-03-01,0,persona_x_initial_plan,Others,business,6,6,0,0,0,100.0,0.0,0.0,0.0,105.00000000000000000000,29.16770399999986083000,0.00000000000000000000,20.23650888109589048000,154.40421288109575131000,25.734035480182627
2026-03-01,2026-03-01,0,persona_x_initial_plan,Others,free,175,174,0,0,1,99.43,0.0,0.0,0.57,27.57000000000000000000,544.10376239999737341000,1307.98000000000000000000,215.87524968547946201221,2095.52901208547683542221,11.974451497631296
2026-03-01,2026-03-01,0,persona_x_initial_plan,Others,plus,59,59,0,0,0,100.0,0.0,0.0,0.0,597.02000000000000000000,1363.06846799999325049000,295.76000000000000000000,195.29042375561644162448,2451.13889175560969211448,41.544726978908635
2026-03-01,2026-03-01,0,persona_x_initial_plan,Others,start,213,213,0,0,0,100.0,0.0,0.0,0.0,1304.96125000000000000000,1002.93868259999514495500,1230.50000000000000000000,694.64277512931514807027,4233.04270772931029302527,19.87343994239113
2026-03-01,2026-03-01,0,persona_x_initial_plan,Professeur,free,33,33,0,0,0,100.0,0.0,0.0,0.0,9.59000000000000000000,16.69177799999992000000,4.00000000000000000000,35.19167696273972584614,65.47345496273964584614,1.9840440897799894
2026-03-01,2026-03-01,0,persona_x_initial_plan,Professeur,plus,7,7,0,0,0,100.0,0.0,0.0,0.0,60.00000000000000000000,173.24420399999916870000,0.00000000000000000000,43.02814578136986841680,276.27234978136903711680,39.46747854019558
2026-03-01,2026-03-01,0,persona_x_initial_plan,Professeur,start,41,41,0,0,0,100.0,0.0,0.0,0.0,254.34375000000000000000,95.10816599999953487000,87.08000000000000000000,78.09400478520547721030,514.62592078520501208030,12.551851726468415
2026-03-01,2026-03-01,0,persona_x_initial_plan,Repair,free,12,11,0,0,1,91.67,0.0,0.0,8.33,0.00000000000000000000,14.06548799999993110000,126.00000000000000000000,6.83975942136986347294,146.90524742136979457294,12.242103951780818
2026-03-01,2026-03-01,0,persona_x_initial_plan,Repair,plus,2,2,0,0,0,100.0,0.0,0.0,0.0,20.00000000000000000000,0.04859999999999975500,0.00000000000000000000,9.94196942465753209850,29.99056942465753185350,14.995284712328766
2026-03-01,2026-03-01,0,persona_x_initial_plan,Repair,start,4,4,0,0,0,100.0,0.0,0.0,0.0,19.73958333300000000000,11.52037799999994320000,0.00000000000000000000,6.01969514739726065350,37.27965648039720385350,9.3199141200993
2026-03-01,2026-03-01,0,persona_x_initial_plan,Repair_Installation,business,1,1,0,0,0,100.0,0.0,0.0,0.0,80.00000000000000000000,0.00000000000000000000,0.00000000000000000000,0.36394432876712329000,80.36394432876712329000,80.36394432876712
2026-03-01,2026-03-01,0,persona_x_initial_plan,Repair_Installation,free,3,3,0,0,0,100.0,0.0,0.0,0.0,0.00000000000000000000,2.92094999999998570000,4.00000000000000000000,1.52926455342465794670,8.45021455342464364670,2.816738184474881
2026-03-01,2026-03-01,0,persona_x_initial_plan,Repair_Installation,start,1,1,0,0,0,100.0,0.0,0.0,0.0,9.00000000000000000000,0.00000000000000000000,0.00000000000000000000,0.93871232876712341000,9.93871232876712341000,9.938712328767123
2026-03-01,2026-03-01,0,persona_x_initial_plan,Restauration,business,1,1,0,0,0,100.0,0.0,0.0,0.0,0.00000000000000000000,9.83901599999995000000,0.00000000000000000000,0.16564690027397264000,10.00466290027392264000,10.004662900273923
2026-03-01,2026-03-01,0,persona_x_initial_plan,Restauration,free,17,16,0,0,1,94.12,0.0,0.0,5.88,0.00000000000000000000,87.46214399999956270000,16.00000000000000000000,17.75695492219178170122,121.21909892219134440122,7.130535230717138
2026-03-01,2026-03-01,0,persona_x_initial_plan,Restauration,plus,9,9,0,0,0,100.0,0.0,0.0,0.0,140.00000000000000000000,121.93234199999940550000,0.00000000000000000000,36.31724178191781197000,298.24958378191721747000,33.13884264243525
2026-03-01,2026-03-01,0,persona_x_initial_plan,Restauration,start,31,31,0,0,0,100.0,0.0,0.0,0.0,214.12500000000000000000,384.57703799999823005000,30.00000000000000000000,36.82308032986301272170,665.52511832986124277170,21.468552204189074
2026-03-01,2026-03-01,0,persona_x_initial_plan,Retail,business,4,4,0,0,0,100.0,0.0,0.0,0.0,0.00000000000000000000,51.06067199999975600000,118.00000000000000000000,1.28671432931506851160,170.34738632931482451160,42.586846582328704
2026-03-01,2026-03-01,0,persona_x_initial_plan,Retail,free,126,126,0,0,0,100.0,0.0,0.0,0.0,0.00000000000000000000,1199.39648939999416523100,822.00000000000000000000,255.63486821369866894376,2277.03135761369283417476,18.071677441378515
2026-03-01,2026-03-01,0,persona_x_initial_plan,Retail,plus,29,29,0,0,0,100.0,0.0,0.0,0.0,287.08333333300000000000,581.21474399999717475000,126.96000000000000000000,101.37356538465754514139,1096.63164271765471989139,37.81488423164327
2026-03-01,2026-03-01,0,persona_x_initial_plan,Retail,start,152,151,0,0,1,99.34,0.0,0.0,0.66,837.65625000000000000000,943.53859439999542852179,1086.00000000000000000000,199.86301175726027632881,3067.05785615725570485060,20.178012211560894
2026-03-01,2026-03-01,0,persona_x_initial_plan,Wholesale,business,2,2,0,0,0,100.0,0.0,0.0,0.0,80.00000000000000000000,0.00000000000000000000,0.00000000000000000000,49.20754558575342410000,129.20754558575342410000,64.60377279287671
2026-03-01,2026-03-01,0,persona_x_initial_plan,Wholesale,free,22,21,0,0,1,95.45,0.0,0.0,4.55,0.00000000000000000000,82.63681379999960702000,288.00000000000000000000,208.73221112219179060600,579.36902492219139762600,26.33495567828143
2026-03-01,2026-03-01,0,persona_x_initial_plan,Wholesale,plus,14,14,0,0,0,100.0,0.0,0.0,0.0,170.00000000000000000000,118.91244599999942691000,138.00000000000000000000,82.77358234136987069081,509.68602834136929760081,36.40614488152638
2026-03-01,2026-03-01,0,persona_x_initial_plan,Wholesale,start,24,24,0,0,0,100.0,0.0,0.0,0.0,164.62500000000000000000,89.90015399999957212000,138.00000000000000000000,76.44682376657533983948,468.97197776657491195948,19.54049907360729
2026-03-01,2026-04-01,1,initial_plan,ALL,business,40,39,1,0,0,97.5,2.5,0.0,0.0,2905.00000000000000000000,2859.86793959998448744500,0.00000000000000000000,1037.61218433753430369260,6802.48012393751879113760,170.06200309843797
2026-03-01,2026-04-01,1,initial_plan,ALL,free,978,917,57,0,4,93.76,5.83,0.0,0.41,514.16035842300000100000,7586.17479719995878875638,2655.92000000000000000000,6553.21753353260305854749,17309.47268915556184830387,17.69884733042491
2026-03-01,2026-04-01,1,initial_plan,ALL,plus,289,278,10,0,1,96.19,3.46,0.0,0.35,6265.17204300900000000000,12648.95872919993099527800,387.60000000000000000000,3825.54635493315048739290,23127.27712714208148267090,80.02518037073385
2026-03-01,2026-04-01,1,initial_plan,ALL,start,1132,1090,38,0,4,96.29,3.36,0.0,0.35,10839.67226633600000000000,15325.32551399991720849900,1073.78000000000000000000,7418.35407726301398974034,34657.13185759893119823934,30.615840863603292
2026-03-01,2026-04-01,1,overall,ALL,ALL,2439,2324,106,0,9,95.28,4.35,0.0,0.37,20524.00466776800000100000,38420.32697999979147997838,4117.30000000000000000000,18834.73015006630183937333,81896.36179783409332035171,33.577844115553134
2026-03-01,2026-04-01,1,persona,Automobile_Trade_Repair,ALL,115,110,5,0,0,95.65,4.35,0.0,0.0,1318.32000000000000000000,1585.96421939999138992600,25.34000000000000000000,487.77550472931508181424,3417.39972412930647174024,29.716519340254838
2026-03-01,2026-04-01,1,persona,BTP,ALL,378,360,17,0,1,95.24,4.5,0.0,0.26,4200.25537634300000100000,9716.33411459994749477000,688.32000000000000000000,5991.40782831452072234916,20596.31731925746821811916,54.48761195570759
2026-03-01,2026-04-01,1,persona,Bankers_Insurance,ALL,28,25,2,0,1,89.29,7.14,0.0,3.57,117.63258064500000000000,310.93397819999834080000,4.80000000000000000000,391.35734553205475809830,824.72390437705309889830,29.454425156323328
2026-03-01,2026-04-01,1,persona,Bikers_Drivers,ALL,148,140,8,0,0,94.59,5.41,0.0,0.0,1354.65000000000000000000,2257.11748079998777024300,40.00000000000000000000,370.72980664876712520309,4022.49728744875489544609,27.1790357260051
2026-03-01,2026-04-01,1,persona,Cleaning_CallCenters,ALL,15,14,1,0,0,93.33,6.67,0.0,0.0,87.00000000000000000000,119.46236399999935160000,13.60000000000000000000,51.28446805424658710400,271.34683205424593870400,18.089788803616397
2026-03-01,2026-04-01,1,persona,Consultant,ALL,442,424,17,0,1,95.93,3.85,0.0,0.23,3149.61777777800000000000,5240.65724819997107859800,259.08000000000000000000,3328.60432935232884423943,11977.95935533029992283743,27.099455555045928
2026-03-01,2026-04-01,1,persona,Developer_IT,ALL,195,186,8,0,1,95.38,4.1,0.0,0.51,1221.06333333299999800000,3191.10088859998290435654,897.20000000000000000000,1721.70932336821920655134,7031.07354530120210890788,36.05678741180104
2026-03-01,2026-04-01,1,persona,Media_Publishing,ALL,92,89,3,0,0,96.74,3.26,0.0,0.0,629.32538461500000200000,333.93357539999820730300,148.80000000000000000000,537.98907905150685444631,1650.04803906650506374931,17.93530477246201
2026-03-01,2026-04-01,1,persona,Medical_Professionals,ALL,38,36,1,0,1,94.74,2.63,0.0,2.63,133.00000000000000000000,326.99366999999825361000,16.00000000000000000000,517.20761468219181292400,993.20128468219006653400,26.13687591268921
2026-03-01,2026-04-01,1,persona,Others,ALL,453,432,20,0,1,95.36,4.42,0.0,0.22,3824.06419354900000100000,6786.78582419996345655200,552.34000000000000000000,2410.08500418904115285477,13573.27502193800461040677,29.96307951862694
2026-03-01,2026-04-01,1,persona,Professeur,ALL,81,79,2,0,0,97.53,2.47,0.0,0.0,572.89000000000000000000,502.84394999999724466000,102.64000000000000000000,346.34813175178083509610,1524.72208175177807975610,18.823729404342938
2026-03-01,2026-04-01,1,persona,Repair,ALL,18,17,1,0,0,94.44,5.56,0.0,0.0,83.33333333300000000000,202.69868399999891240000,15.84000000000000000000,123.29175879835615346564,425.16377613135506586564,23.620209785075282
2026-03-01,2026-04-01,1,persona,Repair_Installation,ALL,5,5,0,0,0,100.0,0.0,0.0,0.0,97.84000000000000000000,8.57991599999995410000,0.00000000000000000000,16.04222415945205906000,122.46214015945201316000,24.492428031890405
2026-03-01,2026-04-01,1,persona,Restauration,ALL,58,54,3,0,1,93.1,5.17,0.0,1.72,596.00000000000000000000,1704.04781219999077667000,516.32000000000000000000,139.65362805589041544290,2956.02144025588119211290,50.96588690096347
2026-03-01,2026-04-01,1,persona,Retail,ALL,311,293,17,0,1,94.21,5.47,0.0,0.32,2378.00333333299999900000,4823.25818219997353665984,817.42000000000000000000,1624.93038684328777619605,9643.61190237626131185589,31.00839839992367
2026-03-01,2026-04-01,1,persona,Wholesale,ALL,62,60,1,0,1,96.77,1.61,0.0,1.61,761.00935483900000000000,1309.61507219999280773000,19.60000000000000000000,776.31371653534245452800,2866.53814357433526225800,46.23448618668282
2026-03-01,2026-04-01,1,persona_x_initial_plan,Automobile_Trade_Repair,business,3,3,0,0,0,100.0,0.0,0.0,0.0,240.00000000000000000000,35.20492199999980800000,0.00000000000000000000,2.66643267890411033800,277.87135467890391833800,92.62378489296798
2026-03-01,2026-04-01,1,persona_x_initial_plan,Automobile_Trade_Repair,free,30,29,1,0,0,96.67,3.33,0.0,0.0,50.00000000000000000000,251.05652999999862695600,18.32000000000000000000,48.78526687013698952421,368.16179687013561648021,12.272059895671187
2026-03-01,2026-04-01,1,persona_x_initial_plan,Automobile_Trade_Repair,plus,17,17,0,0,0,100.0,0.0,0.0,0.0,395.00000000000000000000,641.18302199999654777000,7.02000000000000000000,88.88722172109589217420,1132.09024372109243994420,66.59354374829957
2026-03-01,2026-04-01,1,persona_x_initial_plan,Automobile_Trade_Repair,start,65,61,4,0,0,93.85,6.15,0.0,0.0,633.32000000000000000000,658.51974539999640720000,0.00000000000000000000,347.43658345917808977783,1639.27632885917449697783,25.219635828602687
2026-03-01,2026-04-01,1,persona_x_initial_plan,BTP,business,12,12,0,0,0,100.0,0.0,0.0,0.0,960.00000000000000000000,1443.36798719999219950000,0.00000000000000000000,355.44946057589049771000,2758.81744777588269721000,229.90145398132356
2026-03-01,2026-04-01,1,persona_x_initial_plan,BTP,free,140,128,12,0,0,91.43,8.57,0.0,0.0,75.75000000000000100000,1347.19997399999255613000,618.64000000000000000000,2615.39154044547964666404,4656.98151444547220379404,33.26415367461052
2026-03-01,2026-04-01,1,persona_x_initial_plan,BTP,plus,71,69,2,0,0,97.18,2.82,0.0,0.0,1631.50537634300000000000,3827.61302939997937350000,21.44000000000000000000,1883.39909402136960900720,7363.95749976434898250720,103.71771126428659
2026-03-01,2026-04-01,1,persona_x_initial_plan,BTP,start,155,151,3,0,1,97.42,1.94,0.0,0.65,1533.00000000000000000000,3098.15312399998336564000,48.24000000000000000000,1137.16773327178096896792,5816.56085727176433460792,37.52619907917268
2026-03-01,2026-04-01,1,persona_x_initial_plan,Bankers_Insurance,free,18,16,1,0,1,88.89,5.56,0.0,5.56,2.63258064500000000000,129.56986619999929100000,4.80000000000000000000,326.79124210356161083400,463.79368894856090183400,25.766316052697828
2026-03-01,2026-04-01,1,persona_x_initial_plan,Bankers_Insurance,plus,4,3,1,0,0,75.0,25.0,0.0,0.0,70.00000000000000000000,167.54765399999912430000,0.00000000000000000000,8.27769332328767027430,245.82534732328679457430,61.4563368308217
2026-03-01,2026-04-01,1,persona_x_initial_plan,Bankers_Insurance,start,6,6,0,0,0,100.0,0.0,0.0,0.0,45.00000000000000000000,13.81645799999992550000,0.00000000000000000000,56.28841010520547699000,115.10486810520540249000,19.1841446842009
2026-03-01,2026-04-01,1,persona_x_initial_plan,Bikers_Drivers,business,2,2,0,0,0,100.0,0.0,0.0,0.0,160.00000000000000000000,0.00000000000000000000,0.00000000000000000000,0.04770910027397261210,160.04770910027397261210,80.02385455013699
2026-03-01,2026-04-01,1,persona_x_initial_plan,Bikers_Drivers,free,55,53,2,0,0,96.36,3.64,0.0,0.0,33.00000000000000000000,513.52885079999721898700,26.00000000000000000000,72.63482598082191842845,645.16367678081913741545,11.730248668742167
2026-03-01,2026-04-01,1,persona_x_initial_plan,Bikers_Drivers,plus,23,22,1,0,0,95.65,4.35,0.0,0.0,525.00000000000000000000,326.02075199999824111000,2.00000000000000000000,37.54642079068492952876,890.56717279068317063876,38.720311860464484
2026-03-01,2026-04-01,1,persona_x_initial_plan,Bikers_Drivers,start,68,63,5,0,0,92.65,7.35,0.0,0.0,636.65000000000000000000,1417.56787799999231014600,12.00000000000000000000,260.50085077698630463378,2326.71872877697861477978,34.216451893779094
2026-03-01,2026-04-01,1,persona_x_initial_plan,Cleaning_CallCenters,free,8,8,0,0,0,100.0,0.0,0.0,0.0,0.00000000000000000000,47.85220799999973700000,13.60000000000000000000,24.44966894136987039000,85.90187694136960739000,10.737734617671201
2026-03-01,2026-04-01,1,persona_x_initial_plan,Cleaning_CallCenters,plus,2,2,0,0,0,100.0,0.0,0.0,0.0,45.00000000000000000000,46.83526199999974600000,0.00000000000000000000,3.41822386082191791000,95.25348586082166391000,47.626742930410835
2026-03-01,2026-04-01,1,persona_x_initial_plan,Cleaning_CallCenters,start,5,4,1,0,0,80.0,20.0,0.0,0.0,42.00000000000000000000,24.77489399999986860000,0.00000000000000000000,23.41657525205479880400,90.19146925205466740400,18.038293850410934
2026-03-01,2026-04-01,1,persona_x_initial_plan,Consultant,business,7,7,0,0,0,100.0,0.0,0.0,0.0,480.00000000000000000000,958.41471599999471890500,0.00000000000000000000,418.32920492986297810490,1856.74392092985769700990,265.24913156140826
2026-03-01,2026-04-01,1,persona_x_initial_plan,Consultant,free,189,179,10,0,0,94.71,5.29,0.0,0.0,60.61777777800000000000,939.64369139999490905800,157.60000000000000000000,1211.53509970082192391843,2369.39656887881683297643,12.536489782427601
2026-03-01,2026-04-01,1,persona_x_initial_plan,Consultant,plus,33,31,2,0,0,93.94,6.06,0.0,0.0,600.00000000000000000000,911.89153799999469476000,4.00000000000000000000,265.25322325095891807160,1781.14476125095361283160,53.97408367427133
2026-03-01,2026-04-01,1,persona_x_initial_plan,Consultant,start,213,207,5,0,1,97.18,2.35,0.0,0.47,2009.00000000000000000000,2430.70730279998675587500,97.48000000000000000000,1433.48680147068502414450,5970.67410427067178001950,28.031333822867005
2026-03-01,2026-04-01,1,persona_x_initial_plan,Developer_IT,business,2,2,0,0,0,100.0,0.0,0.0,0.0,80.00000000000000000000,100.68592319999951100000,0.00000000000000000000,20.58316058465753770000,201.26908378465704870000,100.63454189232853
2026-03-01,2026-04-01,1,persona_x_initial_plan,Developer_IT,free,93,86,7,0,0,92.47,7.53,0.0,0.0,34.72999999999999800000,1210.00393079999365623754,883.20000000000000000000,419.67661723123290945486,2547.61054803122656369240,27.393661806787385
2026-03-01,2026-04-01,1,persona_x_initial_plan,Developer_IT,plus,15,13,1,0,1,86.67,6.67,0.0,6.67,298.33333333300000000000,762.21190259999578570000,0.00000000000000000000,345.33308879780822400400,1405.87832473080400970400,93.72522164872026
2026-03-01,2026-04-01,1,persona_x_initial_plan,Developer_IT,start,85,85,0,0,0,100.0,0.0,0.0,0.0,808.00000000000000000000,1118.19913199999395141900,14.00000000000000000000,936.11645675452053539248,2876.31558875451448681148,33.8390069265237
2026-03-01,2026-04-01,1,persona_x_initial_plan,Media_Publishing,free,34,32,2,0,0,94.12,5.88,0.0,0.0,61.92000000000000200000,103.18012199999946044300,12.76000000000000000000,51.51154798410959206511,229.37166998410905450811,6.746225587767913
2026-03-01,2026-04-01,1,persona_x_initial_plan,Media_Publishing,plus,4,4,0,0,0,100.0,0.0,0.0,0.0,60.00000000000000000000,2.67070139999998580000,0.00000000000000000000,10.60713624712328631040,73.27783764712327211040,18.31945941178082
2026-03-01,2026-04-01,1,persona_x_initial_plan,Media_Publishing,start,54,53,1,0,0,98.15,1.85,0.0,0.0,507.40538461500000000000,228.08275199999876106000,136.04000000000000000000,475.87039482027397607080,1347.39853143527273713080,24.951824656208757
2026-03-01,2026-04-01,1,persona_x_initial_plan,Medical_Professionals,free,23,23,0,0,0,100.0,0.0,0.0,0.0,0.00000000000000000000,69.95494799999962352000,4.80000000000000000000,417.57694861534249879400,492.33189661534212231400,21.405734635449658
2026-03-01,2026-04-01,1,persona_x_initial_plan,Medical_Professionals,start,15,13,1,0,1,86.67,6.67,0.0,6.67,133.00000000000000000000,257.03872199999863009000,11.20000000000000000000,99.63066606684931413000,500.86938806684794422000,33.39129253778986
2026-03-01,2026-04-01,1,persona_x_initial_plan,Others,business,6,6,0,0,0,100.0,0.0,0.0,0.0,425.00000000000000000000,146.19490919999918670000,0.00000000000000000000,198.33395162082192352200,769.52886082082111022200,128.2548101368035
2026-03-01,2026-04-01,1,persona_x_initial_plan,Others,free,175,163,11,0,1,93.14,6.29,0.0,0.57,51.08000000000000100000,1079.04747599999407806700,156.70000000000000000000,430.00548939123289725309,1716.83296539122697632009,9.810474087949869
2026-03-01,2026-04-01,1,persona_x_initial_plan,Others,plus,59,58,1,0,0,98.31,1.69,0.0,0.0,1312.00000000000000000000,2552.11498979998628651800,42.30000000000000000000,421.54888251068493974432,4327.96387231067122626232,73.35531986967239
2026-03-01,2026-04-01,1,persona_x_initial_plan,Others,start,213,205,8,0,0,96.24,3.76,0.0,0.0,2035.98419354900000000000,3009.42844919998390526700,353.34000000000000000000,1360.19668066630139233536,6758.94932341528529760236,31.732156447959085
2026-03-01,2026-04-01,1,persona_x_initial_plan,Professeur,free,33,32,1,0,0,96.97,3.03,0.0,0.0,28.89000000000000000000,55.73401199999969169000,83.90000000000000000000,72.14966898958904129530,240.67368098958873298530,7.2931418481693555
2026-03-01,2026-04-01,1,persona_x_initial_plan,Professeur,plus,7,7,0,0,0,100.0,0.0,0.0,0.0,160.00000000000000000000,258.69095999999857400000,0.00000000000000000000,95.07806557698630906000,513.76902557698488306000,73.3955750824264
2026-03-01,2026-04-01,1,persona_x_initial_plan,Professeur,start,41,40,1,0,0,97.56,2.44,0.0,0.0,384.00000000000000000000,188.41897799999897897000,18.74000000000000000000,179.12039718520548474080,770.27937518520446371080,18.787301833785474
2026-03-01,2026-04-01,1,persona_x_initial_plan,Repair,free,12,11,1,0,0,91.67,8.33,0.0,0.0,0.00000000000000000000,85.38881399999953940000,14.00000000000000000000,18.41365207397260496464,117.80246607397214436464,9.816872172831012
2026-03-01,2026-04-01,1,persona_x_initial_plan,Repair,plus,2,2,0,0,0,100.0,0.0,0.0,0.0,45.00000000000000000000,92.73914999999950500000,0.00000000000000000000,81.46787083726026385000,219.20702083725976885000,109.60351041862988
2026-03-01,2026-04-01,1,persona_x_initial_plan,Repair,start,4,4,0,0,0,100.0,0.0,0.0,0.0,38.33333333300000000000,24.57071999999986800000,1.84000000000000000000,23.41023588712328465100,88.15428922012315265100,22.038572305030787
2026-03-01,2026-04-01,1,persona_x_initial_plan,Repair_Installation,business,1,1,0,0,0,100.0,0.0,0.0,0.0,80.00000000000000000000,0.00000000000000000000,0.00000000000000000000,0.28617468493150683000,80.28617468493150683000,80.28617468493151
2026-03-01,2026-04-01,1,persona_x_initial_plan,Repair_Installation,free,3,3,0,0,0,100.0,0.0,0.0,0.0,0.00000000000000000000,8.57991599999995410000,0.00000000000000000000,6.07560483452054943000,14.65552083452050353000,4.8851736115068345
2026-03-01,2026-04-01,1,persona_x_initial_plan,Repair_Installation,start,1,1,0,0,0,100.0,0.0,0.0,0.0,17.84000000000000000000,0.00000000000000000000,0.00000000000000000000,9.68044464000000280000,27.52044464000000280000,27.520444640000004
2026-03-01,2026-04-01,1,persona_x_initial_plan,Restauration,business,1,1,0,0,0,100.0,0.0,0.0,0.0,80.00000000000000000000,47.33315999999975100000,0.00000000000000000000,0.38268267616438356000,127.71584267616413456000,127.71584267616413
2026-03-01,2026-04-01,1,persona_x_initial_plan,Restauration,free,17,15,1,0,1,88.24,5.88,0.0,5.88,0.00000000000000000000,205.47953999999888977000,382.80000000000000000000,31.89191117863013989690,620.17145117862902966690,36.48067359874288
2026-03-01,2026-04-01,1,persona_x_initial_plan,Restauration,plus,9,9,0,0,0,100.0,0.0,0.0,0.0,215.00000000000000000000,581.32614599999683430000,28.04000000000000000000,38.33407572876712094000,862.70022172876395524000,95.85558019208489
2026-03-01,2026-04-01,1,persona_x_initial_plan,Restauration,start,31,29,2,0,0,93.55,6.45,0.0,0.0,301.00000000000000000000,869.90896619999530160000,105.48000000000000000000,69.04495847232877104600,1345.43392467232407264600,43.40109434426852
2026-03-01,2026-04-01,1,persona_x_initial_plan,Retail,business,4,3,1,0,0,75.0,25.0,0.0,0.0,240.00000000000000000000,128.66632199999931234000,0.00000000000000000000,2.00294240767123281560,370.66926440767054515560,92.66731610191763
2026-03-01,2026-04-01,1,persona_x_initial_plan,Retail,free,126,118,8,0,0,93.65,6.35,0.0,0.0,67.94999999999999900000,1277.87812379999298239784,259.20000000000000000000,407.29854499780826744746,2012.32666879780124884530,15.970846577760327
2026-03-01,2026-04-01,1,persona_x_initial_plan,Retail,plus,29,27,2,0,0,93.1,6.9,0.0,0.0,588.33333333300000000000,1595.05066799999117790000,282.80000000000000000000,409.55530051232880505462,2875.73930184531998295462,99.16342420156276
2026-03-01,2026-04-01,1,persona_x_initial_plan,Retail,start,152,145,6,0,1,95.39,3.95,0.0,0.66,1481.72000000000000000000,1821.66306839999006402200,275.42000000000000000000,806.07359892547947087837,4384.87666732546953490037,28.847872811351774
2026-03-01,2026-04-01,1,persona_x_initial_plan,Wholesale,business,2,2,0,0,0,100.0,0.0,0.0,0.0,160.00000000000000000000,0.00000000000000000000,0.00000000000000000000,39.53046507835616050000,199.53046507835616050000,99.76523253917809
2026-03-01,2026-04-01,1,persona_x_initial_plan,Wholesale,free,22,21,0,0,1,95.45,0.0,0.0,4.55,47.59000000000000000000,262.07679419999857400000,19.60000000000000000000,399.02990419397259818700,728.29669839397117218700,33.104395381544144
2026-03-01,2026-04-01,1,persona_x_initial_plan,Wholesale,plus,14,14,0,0,0,100.0,0.0,0.0,0.0,320.00000000000000000000,883.06295399999511862000,0.00000000000000000000,136.84005775397260146350,1339.90301175396772008350,95.70735798242627
2026-03-01,2026-04-01,1,persona_x_initial_plan,Wholesale,start,24,23,1,0,0,95.83,4.17,0.0,0.0,233.41935483900000000000,164.47532399999911511000,0.00000000000000000000,200.91328950904109437750,598.80796834804020948750,24.950332014501672
2026-04-01,2026-04-01,0,initial_plan,ALL,business,53,52,0,0,1,98.11,0.0,0.0,1.89,1440.00000000000000000000,1626.43506299999132916600,138.08000000000000000000,280.30771435013701402707,3484.82277735012834319307,65.7513731575496
2026-04-01,2026-04-01,0,initial_plan,ALL,free,1271,1265,0,0,6,99.53,0.0,0.0,0.47,194.02750000000000000000,5601.74377859996979408800,11540.30000000000000000000,4338.29466657260291452188,21674.36594517257270860988,17.053002317208946
2026-04-01,2026-04-01,0,initial_plan,ALL,plus,308,306,0,0,2,99.35,0.0,0.0,0.65,3011.38642472900000000000,6486.04803959996483864400,1678.78000000000000000000,1621.35361411013702581697,12797.56807843910186446097,41.550545709217864
2026-04-01,2026-04-01,0,initial_plan,ALL,start,1240,1232,0,0,8,99.35,0.0,0.0,0.65,7964.38831173399999700000,9187.37834759994995611300,9329.18000000000000000000,4624.64132303671237027355,31105.58798237066232338655,25.085151598686018
2026-04-01,2026-04-01,0,overall,ALL,ALL,2872,2855,0,0,17,99.41,0.0,0.0,0.59,12609.80223646299999700000,22901.60522879987591801100,22686.34000000000000000000,10864.59731806958932463947,69062.34478333246523965047,24.046777431522443
2026-04-01,2026-04-01,0,persona,Automobile_Trade_Repair,ALL,98,98,0,0,0,100.0,0.0,0.0,0.0,506.30693548400000200000,694.79819999999624262800,229.66000000000000000000,372.71370003780821404641,1803.47883552180445867441,18.402845260426577
2026-04-01,2026-04-01,0,persona,BTP,ALL,497,493,0,0,4,99.2,0.0,0.0,0.8,2124.15483871099999600000,4665.68340479997476225000,2114.80000000000000000000,2124.23283097041109663946,11028.87107448138585488946,22.190887473805603
2026-04-01,2026-04-01,0,persona,Bankers_Insurance,ALL,58,57,0,0,1,98.28,0.0,0.0,1.72,253.51612903200000000000,233.48195999999874870000,1246.00000000000000000000,371.99787234684933097698,2104.99596137884807967698,36.293033816876694
2026-04-01,2026-04-01,0,persona,Bikers_Drivers,ALL,174,172,0,0,2,98.85,0.0,0.0,1.15,993.29417679100000000000,1278.50731199999312051700,969.60000000000000000000,271.64608714356164104283,3513.04757593455476155983,20.18992859732503
2026-04-01,2026-04-01,0,persona,Cleaning_CallCenters,ALL,10,10,0,0,0,100.0,0.0,0.0,0.0,65.00000000000000000000,56.52651599999969520000,4.00000000000000000000,10.65496262630136958930,136.18147862630106478930,13.618147862630106
2026-04-01,2026-04-01,0,persona,Consultant,ALL,485,481,0,0,4,99.18,0.0,0.0,0.82,1812.88987902900000000000,1491.18429239999191680000,3515.60000000000000000000,2924.04532256493149887574,9743.71949399392341567574,20.09014328658541
2026-04-01,2026-04-01,0,persona,Developer_IT,ALL,211,210,0,0,1,99.53,0.0,0.0,0.47,829.88307795700000000000,2424.21520319998688501000,4303.64000000000000000000,685.56613469589041937057,8243.30441585287730438057,39.06779344006103
2026-04-01,2026-04-01,0,persona,Media_Publishing,ALL,104,104,0,0,0,100.0,0.0,0.0,0.0,411.20108387200000000000,1348.90999739999241197200,2602.00000000000000000000,248.70655318630136321457,4610.81763445829377518657,44.33478494671436
2026-04-01,2026-04-01,0,persona,Medical_Professionals,ALL,43,43,0,0,0,100.0,0.0,0.0,0.0,94.93548387100000000000,67.89277799999963470000,7.10000000000000000000,106.55366491397260514100,276.48192678497223984100,6.429812250813308
2026-04-01,2026-04-01,0,persona,Others,ALL,523,521,0,0,2,99.62,0.0,0.0,0.38,2440.73494623499999800000,5137.95748319997225895600,3209.00000000000000000000,1812.54494673479463906672,12600.23737616976689602272,24.09223207680644
2026-04-01,2026-04-01,0,persona,Professeur,ALL,93,93,0,0,0,100.0,0.0,0.0,0.0,318.43010752600000000000,241.07713199999869103000,296.40000000000000000000,127.00173060767124192470,982.90897013366993295470,10.56891365735129
2026-04-01,2026-04-01,0,persona,Repair,ALL,22,21,0,0,1,95.45,0.0,0.0,4.55,41.70967741900000000000,410.40872999999784716500,4.00000000000000000000,10.39232770465753430130,466.51073512365538146630,21.205033414711608
2026-04-01,2026-04-01,0,persona,Repair_Installation,ALL,5,5,0,0,0,100.0,0.0,0.0,0.0,36.80645161300000000000,2.67218999999998540000,0.00000000000000000000,3.58419906246575325300,43.06284067546573865300,8.612568135093147
2026-04-01,2026-04-01,0,persona,Restauration,ALL,82,82,0,0,0,100.0,0.0,0.0,0.0,438.26516129000000100000,1286.14167899999300593000,268.00000000000000000000,246.82471474082193844420,2239.23155503081494537420,27.307701890619693
2026-04-01,2026-04-01,0,persona,Retail,ALL,390,388,0,0,2,99.49,0.0,0.0,0.51,1665.88858870900000000000,2353.03877519998723147100,2728.46000000000000000000,1124.32238648219176814179,7871.70975039117899961279,20.18387115484918
2026-04-01,2026-04-01,0,persona,Wholesale,ALL,77,77,0,0,0,100.0,0.0,0.0,0.0,576.78569892400000000000,1209.10957559999348028200,1188.08000000000000000000,423.80988425095891061090,3397.78515877495239089290,44.127079984090294
2026-04-01,2026-04-01,0,persona_x_initial_plan,Automobile_Trade_Repair,business,3,3,0,0,0,100.0,0.0,0.0,0.0,0.00000000000000000000,193.62045599999897000000,0.00000000000000000000,34.50542311890411235000,228.12587911890308235000,76.04195970630103
2026-04-01,2026-04-01,0,persona_x_initial_plan,Automobile_Trade_Repair,free,28,28,0,0,0,100.0,0.0,0.0,0.0,5.20000000000000000000,104.78383199999942316800,154.00000000000000000000,219.98479520383561063940,483.96862720383503380740,17.284593828708392
2026-04-01,2026-04-01,0,persona_x_initial_plan,Automobile_Trade_Repair,plus,18,18,0,0,0,100.0,0.0,0.0,0.0,155.80645161300000000000,96.78437999999946965000,0.00000000000000000000,36.77177041972602611000,289.36260203272549576000,16.075700112929194
2026-04-01,2026-04-01,0,persona_x_initial_plan,Automobile_Trade_Repair,start,49,49,0,0,0,100.0,0.0,0.0,0.0,345.30048387100000200000,299.60953199999837981000,75.66000000000000000000,81.45171129534246494701,802.02172716634084675701,16.367790350333486
2026-04-01,2026-04-01,0,persona_x_initial_plan,BTP,business,14,14,0,0,0,100.0,0.0,0.0,0.0,160.00000000000000000000,73.57345199999961436000,138.00000000000000000000,67.13552080657534736951,438.70897280657496172951,31.336355200469637
2026-04-01,2026-04-01,0,persona_x_initial_plan,BTP,free,209,206,0,0,3,98.56,0.0,0.0,1.44,65.76000000000000000000,1020.58779419999442488000,892.80000000000000000000,1133.02194530904118053755,3112.16973950903560541755,14.890764303870982
2026-04-01,2026-04-01,0,persona_x_initial_plan,BTP,plus,79,79,0,0,0,100.0,0.0,0.0,0.0,684.70967742000000000000,1737.61053839999070302000,290.00000000000000000000,543.96393184547947332480,3256.28414766547017634480,41.21878667930975
2026-04-01,2026-04-01,0,persona_x_initial_plan,BTP,start,195,194,0,0,1,99.49,0.0,0.0,0.51,1213.68516129099999600000,1833.91162019999001999000,794.00000000000000000000,380.11143300931509540760,4221.70821450030511139760,21.64978571538618
2026-04-01,2026-04-01,0,persona_x_initial_plan,Bankers_Insurance,business,1,1,0,0,0,100.0,0.0,0.0,0.0,80.00000000000000000000,0.00000000000000000000,0.00000000000000000000,0.09512865534246577000,80.09512865534246577000,80.09512865534246
2026-04-01,2026-04-01,0,persona_x_initial_plan,Bankers_Insurance,free,30,30,0,0,0,100.0,0.0,0.0,0.0,0.00000000000000000000,3.31739999999998190000,1246.00000000000000000000,200.31918485315069058498,1449.63658485315067248498,48.32121949510502
2026-04-01,2026-04-01,0,persona_x_initial_plan,Bankers_Insurance,plus,3,3,0,0,0,100.0,0.0,0.0,0.0,0.00000000000000000000,89.90164799999951100000,0.00000000000000000000,66.16258982465753290000,156.06423782465704390000,52.021412608219016
2026-04-01,2026-04-01,0,persona_x_initial_plan,Bankers_Insurance,start,24,23,0,0,1,95.83,0.0,0.0,4.17,173.51612903200000000000,140.26291199999925580000,0.00000000000000000000,105.42096901369864172200,419.20001004569789752200,17.466667085237415
2026-04-01,2026-04-01,0,persona_x_initial_plan,Bikers_Drivers,business,6,5,0,0,1,83.33,0.0,0.0,16.67,320.00000000000000000000,8.03699999999995640000,0.00000000000000000000,12.63575314082191730330,340.67275314082187370330,56.77879219013698
2026-04-01,2026-04-01,0,persona_x_initial_plan,Bikers_Drivers,free,69,69,0,0,0,100.0,0.0,0.0,0.0,39.61000000000000000000,280.71278999999849170200,437.60000000000000000000,68.49567328767123548664,826.41846328766972718864,11.97707917808217
2026-04-01,2026-04-01,0,persona_x_initial_plan,Bikers_Drivers,plus,20,20,0,0,0,100.0,0.0,0.0,0.0,170.00000000000000000000,513.41808599999723620000,394.00000000000000000000,98.98958214191780490020,1176.40766814191504110020,58.820383407095754
2026-04-01,2026-04-01,0,persona_x_initial_plan,Bikers_Drivers,start,79,78,0,0,1,98.73,0.0,0.0,1.27,463.68417679100000000000,476.33943599999743621500,138.00000000000000000000,91.52507857315068335269,1169.54869136414811956769,14.804413814736053
2026-04-01,2026-04-01,0,persona_x_initial_plan,Cleaning_CallCenters,free,3,3,0,0,0,100.0,0.0,0.0,0.0,0.00000000000000000000,4.93163999999997320000,4.00000000000000000000,1.17330133698630121930,10.10494133698627441930,3.3683137789954247
2026-04-01,2026-04-01,0,persona_x_initial_plan,Cleaning_CallCenters,plus,2,2,0,0,0,100.0,0.0,0.0,0.0,25.00000000000000000000,0.00000000000000000000,0.00000000000000000000,0.38404602739726031000,25.38404602739726031000,12.69202301369863
2026-04-01,2026-04-01,0,persona_x_initial_plan,Cleaning_CallCenters,start,5,5,0,0,0,100.0,0.0,0.0,0.0,40.00000000000000000000,51.59487599999972200000,0.00000000000000000000,9.09761526191780806000,100.69249126191753006000,20.138498252383506
2026-04-01,2026-04-01,0,persona_x_initial_plan,Consultant,business,3,3,0,0,0,100.0,0.0,0.0,0.0,80.00000000000000000000,160.21814939999912300000,0.00000000000000000000,4.28914666082191873000,244.50729606082104173000,81.50243202027367
2026-04-01,2026-04-01,0,persona_x_initial_plan,Consultant,free,234,232,0,0,2,99.15,0.0,0.0,0.85,8.08000000000000000000,315.03416939999830383000,1306.00000000000000000000,815.68375777698629122610,2444.79792717698459505610,10.447854389645233
2026-04-01,2026-04-01,0,persona_x_initial_plan,Consultant,plus,28,28,0,0,0,100.0,0.0,0.0,0.0,261.98924731100000000000,262.05130799999856134000,260.00000000000000000000,179.30074378739725787000,963.34129909839581921000,34.405046396371276
2026-04-01,2026-04-01,0,persona_x_initial_plan,Consultant,start,220,218,0,0,2,99.09,0.0,0.0,0.91,1462.82063171800000000000,753.88066559999592863000,1949.60000000000000000000,1924.77167433972603104964,6091.07297165772195967964,27.686695325716915
2026-04-01,2026-04-01,0,persona_x_initial_plan,Developer_IT,business,5,5,0,0,0,100.0,0.0,0.0,0.0,160.00000000000000000000,488.95876799999735750000,0.00000000000000000000,25.55445674794520723000,674.51322474794256473000,134.9026449495885
2026-04-01,2026-04-01,0,persona_x_initial_plan,Developer_IT,free,110,110,0,0,0,100.0,0.0,0.0,0.0,1.72750000000000000000,412.22731499999776143000,3090.02000000000000000000,419.95597966739725957144,3923.93079466739502100144,35.67209813333995
2026-04-01,2026-04-01,0,persona_x_initial_plan,Developer_IT,plus,19,19,0,0,0,100.0,0.0,0.0,0.0,162.90322580600000000000,1042.48627199999440791000,138.00000000000000000000,95.46236522027397507060,1438.85186302626838298060,75.72904542243518
2026-04-01,2026-04-01,0,persona_x_initial_plan,Developer_IT,start,77,76,0,0,1,98.7,0.0,0.0,1.3,505.25235215100000000000,480.54284819999735817000,1075.62000000000000000000,144.59333306027397749853,2206.00853341127133566853,28.649461472873654
2026-04-01,2026-04-01,0,persona_x_initial_plan,Media_Publishing,business,1,1,0,0,0,100.0,0.0,0.0,0.0,0.00000000000000000000,46.62053999999975000000,0.00000000000000000000,4.20833613972602820000,50.82887613972577820000,50.82887613972578
2026-04-01,2026-04-01,0,persona_x_initial_plan,Media_Publishing,free,48,48,0,0,0,100.0,0.0,0.0,0.0,0.00000000000000000000,49.32035999999973163200,862.00000000000000000000,70.22471870082191608341,981.54507870082164771541,20.448855806267115
2026-04-01,2026-04-01,0,persona_x_initial_plan,Media_Publishing,plus,5,5,0,0,0,100.0,0.0,0.0,0.0,95.00000000000000000000,672.89171399999612170000,0.00000000000000000000,65.29791751287671037870,833.18963151287283207870,166.63792630257456
2026-04-01,2026-04-01,0,persona_x_initial_plan,Media_Publishing,start,50,50,0,0,0,100.0,0.0,0.0,0.0,316.20108387200000000000,580.07738339999680864000,1740.00000000000000000000,108.97558083287670855246,2745.25404810487351719246,54.90508096209747
2026-04-01,2026-04-01,0,persona_x_initial_plan,Medical_Professionals,free,21,21,0,0,0,100.0,0.0,0.0,0.0,0.00000000000000000000,5.75472599999996900000,0.00000000000000000000,34.96916823506848981000,40.72389423506845881000,1.9392330588127837
2026-04-01,2026-04-01,0,persona_x_initial_plan,Medical_Professionals,start,22,22,0,0,0,100.0,0.0,0.0,0.0,94.93548387100000000000,62.13805199999966570000,7.10000000000000000000,71.58449667890411533100,235.75803254990378103100,10.716274206813809
2026-04-01,2026-04-01,0,persona_x_initial_plan,Others,business,9,9,0,0,0,100.0,0.0,0.0,0.0,320.00000000000000000000,275.58629999999857261600,0.00000000000000000000,66.22540427835616459400,661.81170427835473721000,73.53463380870608
2026-04-01,2026-04-01,0,persona_x_initial_plan,Others,free,229,229,0,0,0,100.0,0.0,0.0,0.0,33.50000000000000000000,1844.68729319999014414000,1602.00000000000000000000,966.34252841808229834041,4446.52982161807244248041,19.41716079309202
2026-04-01,2026-04-01,0,persona_x_initial_plan,Others,plus,59,58,0,0,1,98.31,0.0,0.0,1.69,689.99999999900000000000,938.72652119999498321000,266.00000000000000000000,236.38644238082192679913,2131.11296357981691000913,36.12055870474266
2026-04-01,2026-04-01,0,persona_x_initial_plan,Others,start,226,225,0,0,1,99.56,0.0,0.0,0.44,1397.23494623599999800000,2078.95736879998855899000,1341.00000000000000000000,543.59057165753424933318,5360.78288669352280632318,23.72027825970585
2026-04-01,2026-04-01,0,persona_x_initial_plan,Professeur,free,52,52,0,0,0,100.0,0.0,0.0,0.0,0.00000000000000000000,114.75916199999937218000,148.40000000000000000000,61.76483050684932378801,324.92399250684869596801,6.248538317439398
2026-04-01,2026-04-01,0,persona_x_initial_plan,Professeur,plus,6,6,0,0,0,100.0,0.0,0.0,0.0,68.81720430100000000000,5.62553999999997000000,148.00000000000000000000,19.19415272328767129137,241.63689702428764129137,40.272816170714606
2026-04-01,2026-04-01,0,persona_x_initial_plan,Professeur,start,35,35,0,0,0,100.0,0.0,0.0,0.0,249.61290322500000000000,120.69242999999934885000,0.00000000000000000000,46.04274737753424684532,416.34808060253359569532,11.895659445786674
2026-04-01,2026-04-01,0,persona_x_initial_plan,Repair,free,11,10,0,0,1,90.91,0.0,0.0,9.09,0.00000000000000000000,299.07813599999844455500,4.00000000000000000000,3.48943132602739748300,306.56756732602584203800,27.86977884782053
2026-04-01,2026-04-01,0,persona_x_initial_plan,Repair,plus,2,2,0,0,0,100.0,0.0,0.0,0.0,0.00000000000000000000,11.58888599999993660000,0.00000000000000000000,0.04830105479452054900,11.63718705479445714900,5.818593527397229
2026-04-01,2026-04-01,0,persona_x_initial_plan,Repair,start,9,9,0,0,0,100.0,0.0,0.0,0.0,41.70967741900000000000,99.74170799999946601000,0.00000000000000000000,6.85459532383561626930,148.30598074283508227930,16.478442304759454
2026-04-01,2026-04-01,0,persona_x_initial_plan,Repair_Installation,free,1,1,0,0,0,100.0,0.0,0.0,0.0,0.00000000000000000000,2.67218999999998540000,0.00000000000000000000,0.78725055397260280000,3.45944055397258820000,3.459440553972588
2026-04-01,2026-04-01,0,persona_x_initial_plan,Repair_Installation,plus,2,2,0,0,0,100.0,0.0,0.0,0.0,20.00000000000000000000,0.00000000000000000000,0.00000000000000000000,2.52404856328767100000,22.52404856328767100000,11.262024281643836
2026-04-01,2026-04-01,0,persona_x_initial_plan,Repair_Installation,start,2,2,0,0,0,100.0,0.0,0.0,0.0,16.80645161300000000000,0.00000000000000000000,0.00000000000000000000,0.27289994520547945300,17.07935155820547945300,8.53967577910274
2026-04-01,2026-04-01,0,persona_x_initial_plan,Restauration,free,19,19,0,0,0,100.0,0.0,0.0,0.0,0.00000000000000000000,49.99087799999971826000,130.00000000000000000000,10.16007172712328865780,190.15094972712300691780,10.00794472248016
2026-04-01,2026-04-01,0,persona_x_initial_plan,Restauration,plus,7,7,0,0,0,100.0,0.0,0.0,0.0,38.06451612900000000000,109.22471999999939353000,0.00000000000000000000,131.33901038082193126440,278.62824650982132479440,39.804035215688764
2026-04-01,2026-04-01,0,persona_x_initial_plan,Restauration,start,56,56,0,0,0,100.0,0.0,0.0,0.0,400.20064516100000100000,1126.92608099999389414000,138.00000000000000000000,105.32563263287671852200,1770.45235879387061366200,31.61522069274769
2026-04-01,2026-04-01,0,persona_x_initial_plan,Retail,business,6,6,0,0,0,100.0,0.0,0.0,0.0,160.00000000000000000000,153.89742599999915729000,0.00000000000000000000,41.79063332109590689026,355.68805932109506418026,59.281343220182514
2026-04-01,2026-04-01,0,persona_x_initial_plan,Retail,free,176,176,0,0,0,100.0,0.0,0.0,0.0,32.94000000000000000000,486.23755679999736722100,615.48000000000000000000,287.63575903561642165494,1422.29331583561378887594,8.081212021793261
2026-04-01,2026-04-01,0,persona_x_initial_plan,Retail,plus,44,43,0,0,1,97.73,0.0,0.0,2.27,447.42943548400000000000,828.12490199999551836000,180.78000000000000000000,115.27668371013699271477,1571.61102119413251107477,35.71843229986665
2026-04-01,2026-04-01,0,persona_x_initial_plan,Retail,start,164,163,0,0,1,99.39,0.0,0.0,0.61,1025.51915322500000000000,884.77889039999518860000,1932.20000000000000000000,679.61931041534244688182,4522.11735404033763548182,27.573886305124013
2026-04-01,2026-04-01,0,persona_x_initial_plan,Wholesale,business,5,5,0,0,0,100.0,0.0,0.0,0.0,160.00000000000000000000,225.92297159999882800000,0.08000000000000000000,23.86791148054794559000,409.87088308054677359000,81.97417661610936
2026-04-01,2026-04-01,0,persona_x_initial_plan,Wholesale,free,31,31,0,0,0,100.0,0.0,0.0,0.0,7.21000000000000000000,607.64853599999670159000,1048.00000000000000000000,44.28627063397260663890,1707.14480663396930822890,55.0691873107732
2026-04-01,2026-04-01,0,persona_x_initial_plan,Wholesale,plus,14,14,0,0,0,100.0,0.0,0.0,0.0,191.66666666600000000000,177.61352399999902612400,2.00000000000000000000,30.25202851726027133400,401.53221918325929745800,28.680872798804238
2026-04-01,2026-04-01,0,persona_x_initial_plan,Wholesale,start,27,27,0,0,0,100.0,0.0,0.0,0.0,217.90903225800000000000,197.92454399999892456800,138.00000000000000000000,325.40367361917808704800,879.23724987717701161600,32.564342588043594
