revenue_lifecycle_state,persona,initial_subscription_group,segment_level,companies,segment_company_share_pct,revenue_type,last_observed_revenue
Active,ALL,business,initial_plan,262,75.29,Banking fees,1194.45999999999999860000
Active,ALL,business,initial_plan,262,75.29,Deposit interest,3876.41320901041123140819
Active,ALL,business,initial_plan,262,75.29,Interchange,22041.81049319987933344000
Active,ALL,business,initial_plan,262,75.29,Subscription,16199.00000000000000000000
Active,ALL,business,initial_plan,262,75.29,Total revenue,43311.68370221029056344819
At-risk,ALL,business,initial_plan,35,10.06,Banking fees,30.65999999999999910000
At-risk,ALL,business,initial_plan,35,10.06,Deposit interest,166.82545415780823379550
At-risk,ALL,business,initial_plan,35,10.06,Interchange,1234.59253199999480177000
At-risk,ALL,business,initial_plan,35,10.06,Subscription,1931.00000000000000000000
At-risk,ALL,business,initial_plan,35,10.06,Total revenue,3363.07798615780303466550
Churned proxy,ALL,business,initial_plan,51,14.66,Banking fees,8.04000000000000000000
Churned proxy,ALL,business,initial_plan,51,14.66,Deposit interest,128.81887200493155072680
Churned proxy,ALL,business,initial_plan,51,14.66,Interchange,6141.40209036503896300000
Churned proxy,ALL,business,initial_plan,51,14.66,Subscription,1200.00000000000000000000
Churned proxy,ALL,business,initial_plan,51,14.66,Total revenue,7478.26096236997051372680
Active,ALL,free,initial_plan,6525,91.81,Banking fees,22047.14000000000000228000
Active,ALL,free,initial_plan,6525,91.81,Deposit interest,66643.59801997863235998460
Active,ALL,free,initial_plan,6525,91.81,Interchange,46180.89959039975010193158
Active,ALL,free,initial_plan,6525,91.81,Subscription,3768.03791774899999600000
Active,ALL,free,initial_plan,6525,91.81,Total revenue,138639.67552812738246019618
At-risk,ALL,free,initial_plan,354,4.98,Banking fees,1226.15999999999999540000
At-risk,ALL,free,initial_plan,354,4.98,Deposit interest,641.54395907890416373347
At-risk,ALL,free,initial_plan,354,4.98,Interchange,918.77284979999590004000
At-risk,ALL,free,initial_plan,354,4.98,Subscription,183.03999999999999900000
At-risk,ALL,free,initial_plan,354,4.98,Total revenue,2969.51680887890005817347
Churned proxy,ALL,free,initial_plan,228,3.21,Banking fees,1864.67999999999999740000
Churned proxy,ALL,free,initial_plan,228,3.21,Deposit interest,653.12018227506856232338
Churned proxy,ALL,free,initial_plan,228,3.21,Interchange,1591.23318645539895171800
Churned proxy,ALL,free,initial_plan,228,3.21,Subscription,46.15000000000000000000
Churned proxy,ALL,free,initial_plan,228,3.21,Total revenue,4155.18336873046751144138
Active,ALL,plus,initial_plan,2027,89.26,Banking fees,8054.48000000000000970000
Active,ALL,plus,initial_plan,2027,89.26,Deposit interest,30533.85916856054796729009
Active,ALL,plus,initial_plan,2027,89.26,Interchange,86989.94620199952730073010
Active,ALL,plus,initial_plan,2027,89.26,Subscription,43233.05206987900000000000
Active,ALL,plus,initial_plan,2027,89.26,Total revenue,168811.33744043907527772019
At-risk,ALL,plus,initial_plan,120,5.28,Banking fees,-7.42000000000000000000
At-risk,ALL,plus,initial_plan,120,5.28,Deposit interest,150.85862049315070469882
At-risk,ALL,plus,initial_plan,120,5.28,Interchange,3936.42512099998409749600
At-risk,ALL,plus,initial_plan,120,5.28,Subscription,1681.90000000000000000000
At-risk,ALL,plus,initial_plan,120,5.28,Total revenue,5761.76374149313480219482
Churned proxy,ALL,plus,initial_plan,124,5.46,Banking fees,-0.61999999999999986000
Churned proxy,ALL,plus,initial_plan,124,5.46,Deposit interest,358.81409009315082934542
Churned proxy,ALL,plus,initial_plan,124,5.46,Interchange,3134.73620393446344169100
Churned proxy,ALL,plus,initial_plan,124,5.46,Subscription,1434.90000000000000000000
Churned proxy,ALL,plus,initial_plan,124,5.46,Total revenue,4927.83029402761427117642
Active,ALL,start,initial_plan,7316,93.29,Banking fees,21234.04000000000002000000
Active,ALL,start,initial_plan,7316,93.29,Deposit interest,82347.60998218082463001875
Active,ALL,start,initial_plan,7316,93.29,Interchange,112691.79741419938886433900
Active,ALL,start,initial_plan,7316,93.29,Subscription,71041.45751662407157150000
Active,ALL,start,initial_plan,7316,93.29,Total revenue,287314.90491300428508585775
At-risk,ALL,start,initial_plan,301,3.84,Banking fees,267.88000000000000078900
At-risk,ALL,start,initial_plan,301,3.84,Deposit interest,665.58435137315074725468
At-risk,ALL,start,initial_plan,301,3.84,Interchange,2704.11988499998828351600
At-risk,ALL,start,initial_plan,301,3.84,Subscription,2239.71875000000000000000
At-risk,ALL,start,initial_plan,301,3.84,Total revenue,5877.30298637313903155968
Churned proxy,ALL,start,initial_plan,225,2.87,Banking fees,410.55999999999999810000
Churned proxy,ALL,start,initial_plan,225,2.87,Deposit interest,414.14359698739741270095
Churned proxy,ALL,start,initial_plan,225,2.87,Interchange,1298.47878845548586011000
Churned proxy,ALL,start,initial_plan,225,2.87,Subscription,1437.77083333300000000000
Churned proxy,ALL,start,initial_plan,225,2.87,Total revenue,3560.95321877588327091095
Active,ALL,ALL,overall,16130,91.81,Banking fees,52530.12000000000003058000
Active,ALL,ALL,overall,16130,91.81,Deposit interest,183401.48037973041618870163
Active,ALL,ALL,overall,16130,91.81,Interchange,267904.45369979854560044068
Active,ALL,ALL,overall,16130,91.81,Subscription,134241.54750425207156750000
Active,ALL,ALL,overall,16130,91.81,Total revenue,638077.60158378103338722231
At-risk,ALL,ALL,overall,810,4.61,Banking fees,1517.27999999999999528900
At-risk,ALL,ALL,overall,810,4.61,Deposit interest,1624.81238510301384948247
At-risk,ALL,ALL,overall,810,4.61,Interchange,8793.91038779996308282200
At-risk,ALL,ALL,overall,810,4.61,Subscription,6035.65874999999999900000
At-risk,ALL,ALL,overall,810,4.61,Total revenue,17971.66152290297692659347
Churned proxy,ALL,ALL,overall,628,3.57,Banking fees,2282.65999999999999564000
Churned proxy,ALL,ALL,overall,628,3.57,Deposit interest,1554.89674136054835509655
Churned proxy,ALL,ALL,overall,628,3.57,Interchange,12165.85026921038721651900
Churned proxy,ALL,ALL,overall,628,3.57,Subscription,4118.82083333300000000000
Churned proxy,ALL,ALL,overall,628,3.57,Total revenue,20122.22784390393556725555
Active,Automobile_Trade_Repair,ALL,persona,657,89.27,Banking fees,1996.46000000000000900000
Active,Automobile_Trade_Repair,ALL,persona,657,89.27,Deposit interest,3941.46205373150708734961
Active,Automobile_Trade_Repair,ALL,persona,657,89.27,Interchange,18539.11768139989943599100
Active,Automobile_Trade_Repair,ALL,persona,657,89.27,Subscription,7886.67478494600000100000
Active,Automobile_Trade_Repair,ALL,persona,657,89.27,Total revenue,32363.71452007740653334061
At-risk,Automobile_Trade_Repair,ALL,persona,45,6.11,Banking fees,55.06000000000000000000
At-risk,Automobile_Trade_Repair,ALL,persona,45,6.11,Deposit interest,66.28684409698630581119
At-risk,Automobile_Trade_Repair,ALL,persona,45,6.11,Interchange,757.73134799999640795400
At-risk,Automobile_Trade_Repair,ALL,persona,45,6.11,Subscription,268.00000000000000000000
At-risk,Automobile_Trade_Repair,ALL,persona,45,6.11,Total revenue,1147.07819209698271376519
Churned proxy,Automobile_Trade_Repair,ALL,persona,34,4.62,Banking fees,48.04000000000000000000
Churned proxy,Automobile_Trade_Repair,ALL,persona,34,4.62,Deposit interest,243.24110601534252602270
Churned proxy,Automobile_Trade_Repair,ALL,persona,34,4.62,Interchange,236.12908738233090680500
Churned proxy,Automobile_Trade_Repair,ALL,persona,34,4.62,Subscription,439.00000000000000000000
Churned proxy,Automobile_Trade_Repair,ALL,persona,34,4.62,Total revenue,966.41019339767343282770
Active,BTP,ALL,persona,2895,92.4,Banking fees,5405.38000000000002000000
Active,BTP,ALL,persona,2895,92.4,Deposit interest,43223.90091280054895023306
Active,BTP,ALL,persona,2895,92.4,Interchange,74729.82748499959474268630
Active,BTP,ALL,persona,2895,92.4,Subscription,30145.36647849264515500000
Active,BTP,ALL,persona,2895,92.4,Total revenue,153504.47487629278886791936
At-risk,BTP,ALL,persona,129,4.12,Banking fees,68.88000000000000071800
At-risk,BTP,ALL,persona,129,4.12,Deposit interest,539.67582953917812693274
At-risk,BTP,ALL,persona,129,4.12,Interchange,2096.35788959999117500000
At-risk,BTP,ALL,persona,129,4.12,Subscription,1305.42000000000000000000
At-risk,BTP,ALL,persona,129,4.12,Total revenue,4010.33371913916930265074
Churned proxy,BTP,ALL,persona,109,3.48,Banking fees,420.55999999999999550000
Churned proxy,BTP,ALL,persona,109,3.48,Deposit interest,231.32652013917818253225
Churned proxy,BTP,ALL,persona,109,3.48,Interchange,1901.85633227088943242800
Churned proxy,BTP,ALL,persona,109,3.48,Subscription,827.90000000000000000000
Churned proxy,BTP,ALL,persona,109,3.48,Total revenue,3381.64285241006761046025
Active,Bankers_Insurance,ALL,persona,257,93.8,Banking fees,1428.06000000000000000000
Active,Bankers_Insurance,ALL,persona,257,93.8,Deposit interest,6906.58708048821959505668
Active,Bankers_Insurance,ALL,persona,257,93.8,Interchange,1877.36164019998984237400
Active,Bankers_Insurance,ALL,persona,257,93.8,Subscription,1219.76120967700000000000
Active,Bankers_Insurance,ALL,persona,257,93.8,Total revenue,11431.76993036520943743068
At-risk,Bankers_Insurance,ALL,persona,7,2.55,Banking fees,0.00000000000000000000
At-risk,Bankers_Insurance,ALL,persona,7,2.55,Deposit interest,19.83502084657533244820
At-risk,Bankers_Insurance,ALL,persona,7,2.55,Interchange,1.31122799999999360000
At-risk,Bankers_Insurance,ALL,persona,7,2.55,Subscription,18.00000000000000000000
At-risk,Bankers_Insurance,ALL,persona,7,2.55,Total revenue,39.14624884657532604820
Churned proxy,Bankers_Insurance,ALL,persona,10,3.65,Banking fees,276.00000000000000000000
Churned proxy,Bankers_Insurance,ALL,persona,10,3.65,Deposit interest,10.61428882739726244167
Churned proxy,Bankers_Insurance,ALL,persona,10,3.65,Interchange,2.35894436371497700000
Churned proxy,Bankers_Insurance,ALL,persona,10,3.65,Subscription,26.00000000000000000000
Churned proxy,Bankers_Insurance,ALL,persona,10,3.65,Total revenue,314.97323319111223944167
Active,Bikers_Drivers,ALL,persona,881,84.47,Banking fees,2743.38000000000000078000
Active,Bikers_Drivers,ALL,persona,881,84.47,Deposit interest,3491.26728669315075429727
Active,Bikers_Drivers,ALL,persona,881,84.47,Interchange,15816.31627499991409373260
Active,Bikers_Drivers,ALL,persona,881,84.47,Subscription,8831.21959345678125000000
Active,Bikers_Drivers,ALL,persona,881,84.47,Total revenue,30882.18315514984609880987
At-risk,Bikers_Drivers,ALL,persona,73,7.0,Banking fees,397.16000000000000007100
At-risk,Bikers_Drivers,ALL,persona,73,7.0,Deposit interest,31.89906206301370193188
At-risk,Bikers_Drivers,ALL,persona,73,7.0,Interchange,487.41496199999790838000
At-risk,Bikers_Drivers,ALL,persona,73,7.0,Subscription,562.83750000000000000000
At-risk,Bikers_Drivers,ALL,persona,73,7.0,Total revenue,1479.31152406301161038288
Churned proxy,Bikers_Drivers,ALL,persona,89,8.53,Banking fees,612.50000000000000014000
Churned proxy,Bikers_Drivers,ALL,persona,89,8.53,Deposit interest,111.01038676602745643250
Churned proxy,Bikers_Drivers,ALL,persona,89,8.53,Interchange,1649.87732383672010853000
Churned proxy,Bikers_Drivers,ALL,persona,89,8.53,Subscription,807.00000000000000000000
Churned proxy,Bikers_Drivers,ALL,persona,89,8.53,Total revenue,3180.38771060274756510250
Active,Cleaning_CallCenters,ALL,persona,89,94.68,Banking fees,25.60000000000000000000
Active,Cleaning_CallCenters,ALL,persona,89,94.68,Deposit interest,575.47976632000004560435
Active,Cleaning_CallCenters,ALL,persona,89,94.68,Interchange,912.07704599999507173500
Active,Cleaning_CallCenters,ALL,persona,89,94.68,Subscription,863.21875000000000000000
Active,Cleaning_CallCenters,ALL,persona,89,94.68,Total revenue,2376.37556231999511733935
At-risk,Cleaning_CallCenters,ALL,persona,4,4.26,Banking fees,-9.60000000000000000000
At-risk,Cleaning_CallCenters,ALL,persona,4,4.26,Deposit interest,19.74007746465753707865
At-risk,Cleaning_CallCenters,ALL,persona,4,4.26,Interchange,40.09129199999980400000
At-risk,Cleaning_CallCenters,ALL,persona,4,4.26,Subscription,0.00000000000000000000
At-risk,Cleaning_CallCenters,ALL,persona,4,4.26,Total revenue,50.23136946465734107865
Churned proxy,Cleaning_CallCenters,ALL,persona,1,1.06,Banking fees,0.00000000000000000000
Churned proxy,Cleaning_CallCenters,ALL,persona,1,1.06,Deposit interest,0.40881242739726043000
Churned proxy,Cleaning_CallCenters,ALL,persona,1,1.06,Interchange,40.11922937724229100000
Churned proxy,Cleaning_CallCenters,ALL,persona,1,1.06,Subscription,0.00000000000000000000
Churned proxy,Cleaning_CallCenters,ALL,persona,1,1.06,Total revenue,40.52804180463955143000
Active,Consultant,ALL,persona,2866,93.51,Banking fees,6696.42000000000000000000
Active,Consultant,ALL,persona,2866,93.51,Deposit interest,45675.97407779068598374490
Active,Consultant,ALL,persona,2866,93.51,Interchange,35488.83568859980572660880
Active,Consultant,ALL,persona,2866,93.51,Subscription,19250.53098225864515600000
Active,Consultant,ALL,persona,2866,93.51,Total revenue,107111.76074864913686635370
At-risk,Consultant,ALL,persona,125,4.08,Banking fees,100.26000000000000000000
At-risk,Consultant,ALL,persona,125,4.08,Deposit interest,341.64158373972604976226
At-risk,Consultant,ALL,persona,125,4.08,Interchange,1276.89548399999475568400
At-risk,Consultant,ALL,persona,125,4.08,Subscription,599.09000000000000000000
At-risk,Consultant,ALL,persona,125,4.08,Total revenue,2317.88706773972080544626
Churned proxy,Consultant,ALL,persona,74,2.41,Banking fees,286.52000000000000000000
Churned proxy,Consultant,ALL,persona,74,2.41,Deposit interest,66.50815712164385387691
Churned proxy,Consultant,ALL,persona,74,2.41,Interchange,1172.03201498516004385000
Churned proxy,Consultant,ALL,persona,74,2.41,Subscription,369.77083333300000000000
Churned proxy,Consultant,ALL,persona,74,2.41,Total revenue,1894.83100543980389772691
Active,Developer_IT,ALL,persona,1336,93.49,Banking fees,6585.00000000000000000000
Active,Developer_IT,ALL,persona,1336,93.49,Deposit interest,23420.45107864328851736374
Active,Developer_IT,ALL,persona,1336,93.49,Interchange,15719.14628459991496737754
Active,Developer_IT,ALL,persona,1336,93.49,Subscription,9027.18829608100000000000
Active,Developer_IT,ALL,persona,1336,93.49,Total revenue,54751.78565932420348474128
At-risk,Developer_IT,ALL,persona,52,3.64,Banking fees,282.16000000000000000000
At-risk,Developer_IT,ALL,persona,52,3.64,Deposit interest,150.38289616547946932693
At-risk,Developer_IT,ALL,persona,52,3.64,Interchange,163.14123779999930537000
At-risk,Developer_IT,ALL,persona,52,3.64,Subscription,512.58750000000000000000
At-risk,Developer_IT,ALL,persona,52,3.64,Total revenue,1108.27163396547877469693
Churned proxy,Developer_IT,ALL,persona,41,2.87,Banking fees,281.04000000000000000000
Churned proxy,Developer_IT,ALL,persona,41,2.87,Deposit interest,62.39390127506853329746
Churned proxy,Developer_IT,ALL,persona,41,2.87,Interchange,1537.10848836845454448500
Churned proxy,Developer_IT,ALL,persona,41,2.87,Subscription,210.00000000000000000000
Churned proxy,Developer_IT,ALL,persona,41,2.87,Total revenue,2090.54238964352307778246
Active,Media_Publishing,ALL,persona,613,94.89,Banking fees,3361.72000000000000000000
Active,Media_Publishing,ALL,persona,613,94.89,Deposit interest,7000.33800140547982502974
Active,Media_Publishing,ALL,persona,613,94.89,Interchange,6635.38408019996349018700
Active,Media_Publishing,ALL,persona,613,94.89,Subscription,3886.23021848700000200000
Active,Media_Publishing,ALL,persona,613,94.89,Total revenue,20883.67230009244331721674
At-risk,Media_Publishing,ALL,persona,24,3.72,Banking fees,28.52000000000000000000
At-risk,Media_Publishing,ALL,persona,24,3.72,Deposit interest,13.24321207671232871661
At-risk,Media_Publishing,ALL,persona,24,3.72,Interchange,39.90017699999980594100
At-risk,Media_Publishing,ALL,persona,24,3.72,Subscription,135.00000000000000000000
At-risk,Media_Publishing,ALL,persona,24,3.72,Total revenue,216.66338907671213465761
Churned proxy,Media_Publishing,ALL,persona,9,1.39,Banking fees,138.00000000000000000000
Churned proxy,Media_Publishing,ALL,persona,9,1.39,Deposit interest,28.93281298684931220431
Churned proxy,Media_Publishing,ALL,persona,9,1.39,Interchange,0.03360067980960969300
Churned proxy,Media_Publishing,ALL,persona,9,1.39,Subscription,47.00000000000000000000
Churned proxy,Media_Publishing,ALL,persona,9,1.39,Total revenue,213.96641366665892189731
Active,Medical_Professionals,ALL,persona,213,95.95,Banking fees,311.39999999999999960000
Active,Medical_Professionals,ALL,persona,213,95.95,Deposit interest,3043.29831469972597938550
Active,Medical_Professionals,ALL,persona,213,95.95,Interchange,2162.91329999998827560400
Active,Medical_Professionals,ALL,persona,213,95.95,Subscription,1220.93548387100000000000
Active,Medical_Professionals,ALL,persona,213,95.95,Total revenue,6738.54709857071425458950
At-risk,Medical_Professionals,ALL,persona,6,2.7,Banking fees,6.00000000000000000000
At-risk,Medical_Professionals,ALL,persona,6,2.7,Deposit interest,2.75838507123287736014
At-risk,Medical_Professionals,ALL,persona,6,2.7,Interchange,0.51299999999999757000
At-risk,Medical_Professionals,ALL,persona,6,2.7,Subscription,0.00000000000000000000
At-risk,Medical_Professionals,ALL,persona,6,2.7,Total revenue,9.27138507123287493014
Churned proxy,Medical_Professionals,ALL,persona,3,1.35,Banking fees,0.00000000000000000000
Churned proxy,Medical_Professionals,ALL,persona,3,1.35,Deposit interest,2.80921698630136975000
Churned proxy,Medical_Professionals,ALL,persona,3,1.35,Interchange,0.00000000000000000000
Churned proxy,Medical_Professionals,ALL,persona,3,1.35,Subscription,22.00000000000000000000
Churned proxy,Medical_Professionals,ALL,persona,3,1.35,Total revenue,24.80921698630136975000
Active,Others,ALL,persona,2678,91.43,Banking fees,10217.01999999999999860000
Active,Others,ALL,persona,2678,91.43,Deposit interest,18012.30421815232936628870
Active,Others,ALL,persona,2678,91.43,Interchange,34375.40000279981403164500
Active,Others,ALL,persona,2678,91.43,Subscription,22130.08432795553125150000
Active,Others,ALL,persona,2678,91.43,Total revenue,84734.80854890767464803370
At-risk,Others,ALL,persona,144,4.92,Banking fees,221.21999999999999910000
At-risk,Others,ALL,persona,144,4.92,Deposit interest,143.46836119890411824093
At-risk,Others,ALL,persona,144,4.92,Interchange,1074.70747619999552376000
At-risk,Others,ALL,persona,144,4.92,Subscription,1269.50499999999999900000
At-risk,Others,ALL,persona,144,4.92,Total revenue,2708.90083739889964010093
Churned proxy,Others,ALL,persona,107,3.65,Banking fees,180.00000000000000000000
Churned proxy,Others,ALL,persona,107,3.65,Deposit interest,415.52330933698627172784
Churned proxy,Others,ALL,persona,107,3.65,Interchange,3488.30631242535881620000
Churned proxy,Others,ALL,persona,107,3.65,Subscription,539.15000000000000000000
Churned proxy,Others,ALL,persona,107,3.65,Total revenue,4622.97962176234508792784
Active,Professeur,ALL,persona,508,93.55,Banking fees,1119.30000000000000000000
Active,Professeur,ALL,persona,508,93.55,Deposit interest,3579.04334630630180367522
Active,Professeur,ALL,persona,508,93.55,Interchange,3999.10052159997844789400
Active,Professeur,ALL,persona,508,93.55,Subscription,3490.55177419300000000000
Active,Professeur,ALL,persona,508,93.55,Total revenue,12187.99564209928025156922
At-risk,Professeur,ALL,persona,20,3.68,Banking fees,8.00000000000000000000
At-risk,Professeur,ALL,persona,20,3.68,Deposit interest,11.87698850301369900420
At-risk,Professeur,ALL,persona,20,3.68,Interchange,605.81854799999767527000
At-risk,Professeur,ALL,persona,20,3.68,Subscription,171.00000000000000000000
At-risk,Professeur,ALL,persona,20,3.68,Total revenue,796.69553650301137427420
Churned proxy,Professeur,ALL,persona,15,2.76,Banking fees,0.80000000000000000000
Churned proxy,Professeur,ALL,persona,15,2.76,Deposit interest,13.85294598136986616302
Churned proxy,Professeur,ALL,persona,15,2.76,Interchange,111.95849994671388440000
Churned proxy,Professeur,ALL,persona,15,2.76,Subscription,11.00000000000000000000
Churned proxy,Professeur,ALL,persona,15,2.76,Total revenue,137.61144592808375056302
Active,Repair,ALL,persona,104,87.39,Banking fees,66.34000000000000000000
Active,Repair,ALL,persona,104,87.39,Deposit interest,373.29445542082192246454
Active,Repair,ALL,persona,104,87.39,Interchange,982.32845399999476200500
Active,Repair,ALL,persona,104,87.39,Subscription,600.82426075200000000000
Active,Repair,ALL,persona,104,87.39,Total revenue,2022.78717017281668446954
At-risk,Repair,ALL,persona,7,5.88,Banking fees,24.00000000000000000000
At-risk,Repair,ALL,persona,7,5.88,Deposit interest,9.42026029369863134400
At-risk,Repair,ALL,persona,7,5.88,Interchange,1.49939999999999319000
At-risk,Repair,ALL,persona,7,5.88,Subscription,36.00000000000000000000
At-risk,Repair,ALL,persona,7,5.88,Total revenue,70.91966029369862453400
Churned proxy,Repair,ALL,persona,8,6.72,Banking fees,4.00000000000000000000
Churned proxy,Repair,ALL,persona,8,6.72,Deposit interest,8.13933373643835783893
Churned proxy,Repair,ALL,persona,8,6.72,Interchange,152.55830682374777100000
Churned proxy,Repair,ALL,persona,8,6.72,Subscription,11.00000000000000000000
Churned proxy,Repair,ALL,persona,8,6.72,Total revenue,175.69764056018612883893
Active,Repair_Installation,ALL,persona,37,97.37,Banking fees,16.80000000000000000000
Active,Repair_Installation,ALL,persona,37,97.37,Deposit interest,500.09032217643837512200
Active,Repair_Installation,ALL,persona,37,97.37,Interchange,1056.59251199999417096000
Active,Repair_Installation,ALL,persona,37,97.37,Subscription,394.64645161300000000000
Active,Repair_Installation,ALL,persona,37,97.37,Total revenue,1968.12928578943254608200
At-risk,Repair_Installation,ALL,persona,1,2.63,Banking fees,0.00000000000000000000
At-risk,Repair_Installation,ALL,persona,1,2.63,Deposit interest,0.01212328767123287800
At-risk,Repair_Installation,ALL,persona,1,2.63,Interchange,0.00000000000000000000
At-risk,Repair_Installation,ALL,persona,1,2.63,Subscription,11.00000000000000000000
At-risk,Repair_Installation,ALL,persona,1,2.63,Total revenue,11.01212328767123287800
Active,Restauration,ALL,persona,431,91.9,Banking fees,3367.18000000000000000000
Active,Restauration,ALL,persona,431,91.9,Deposit interest,2588.71324065260292254691
Active,Restauration,ALL,persona,431,91.9,Interchange,12439.80184679993312762100
Active,Restauration,ALL,persona,431,91.9,Subscription,4034.49610215000000100000
Active,Restauration,ALL,persona,431,91.9,Total revenue,22430.19118960253605116791
At-risk,Restauration,ALL,persona,21,4.48,Banking fees,32.51999999999999600000
At-risk,Restauration,ALL,persona,21,4.48,Deposit interest,3.99848507835616458303
At-risk,Restauration,ALL,persona,21,4.48,Interchange,33.14896199999983766000
At-risk,Restauration,ALL,persona,21,4.48,Subscription,150.00000000000000000000
At-risk,Restauration,ALL,persona,21,4.48,Total revenue,219.66744707835599824303
Churned proxy,Restauration,ALL,persona,17,3.62,Banking fees,12.00000000000000000000
Churned proxy,Restauration,ALL,persona,17,3.62,Deposit interest,14.38128984493150931725
Churned proxy,Restauration,ALL,persona,17,3.62,Interchange,652.34890350540066070000
Churned proxy,Restauration,ALL,persona,17,3.62,Subscription,31.00000000000000000000
Churned proxy,Restauration,ALL,persona,17,3.62,Total revenue,709.73019335033217001725
Active,Retail,ALL,persona,2165,90.36,Banking fees,7491.58000000000000260000
Active,Retail,ALL,persona,2165,90.36,Deposit interest,16670.76196407561633577813
Active,Retail,ALL,persona,2165,90.36,Interchange,34273.41428339981329402544
Active,Retail,ALL,persona,2165,90.36,Subscription,16448.28180107146875100000
Active,Retail,ALL,persona,2165,90.36,Total revenue,74884.03804854689838340357
At-risk,Retail,ALL,persona,133,5.55,Banking fees,280.69999999999999940000
At-risk,Retail,ALL,persona,133,5.55,Deposit interest,145.31305442465757044921
At-risk,Retail,ALL,persona,133,5.55,Interchange,1996.31513519999180462300
At-risk,Retail,ALL,persona,133,5.55,Subscription,787.31250000000000000000
At-risk,Retail,ALL,persona,133,5.55,Total revenue,3209.64068962464937447221
Churned proxy,Retail,ALL,persona,98,4.09,Banking fees,13.60000000000000000000
Churned proxy,Retail,ALL,persona,98,4.09,Deposit interest,339.86583499287686682368
Churned proxy,Retail,ALL,persona,98,4.09,Interchange,1202.59354324484426729300
Churned proxy,Retail,ALL,persona,98,4.09,Subscription,670.00000000000000000000
Churned proxy,Retail,ALL,persona,98,4.09,Total revenue,2226.05937823772113411668
Active,Wholesale,ALL,persona,400,92.59,Banking fees,1698.48000000000000000000
Active,Wholesale,ALL,persona,400,92.59,Deposit interest,4398.51426037369872476128
Active,Wholesale,ALL,persona,400,92.59,Interchange,8896.83659819995211999400
Active,Wholesale,ALL,persona,400,92.59,Subscription,4811.53698924700000000000
Active,Wholesale,ALL,persona,400,92.59,Total revenue,19805.36784782065084475528
At-risk,Wholesale,ALL,persona,19,4.4,Banking fees,22.40000000000000000000
At-risk,Wholesale,ALL,persona,19,4.4,Deposit interest,125.26020125315070361450
At-risk,Wholesale,ALL,persona,19,4.4,Interchange,219.06424799999909482000
At-risk,Wholesale,ALL,persona,19,4.4,Subscription,209.90625000000000000000
At-risk,Wholesale,ALL,persona,19,4.4,Total revenue,576.63069925314979843450
Churned proxy,Wholesale,ALL,persona,13,3.01,Banking fees,9.60000000000000000000
Churned proxy,Wholesale,ALL,persona,13,3.01,Deposit interest,5.88882492273972623803
Churned proxy,Wholesale,ALL,persona,13,3.01,Interchange,18.56968199999990313500
Churned proxy,Wholesale,ALL,persona,13,3.01,Subscription,108.00000000000000000000
Churned proxy,Wholesale,ALL,persona,13,3.01,Total revenue,142.05850692273962937303
Active,Automobile_Trade_Repair,business,persona_x_initial_plan,23,88.46,Banking fees,12.00000000000000000000
Active,Automobile_Trade_Repair,business,persona_x_initial_plan,23,88.46,Deposit interest,379.19971849589048433313
Active,Automobile_Trade_Repair,business,persona_x_initial_plan,23,88.46,Interchange,2424.10811579998639288300
Active,Automobile_Trade_Repair,business,persona_x_initial_plan,23,88.46,Subscription,1360.00000000000000000000
Active,Automobile_Trade_Repair,business,persona_x_initial_plan,23,88.46,Total revenue,4175.30783429587687721613
Churned proxy,Automobile_Trade_Repair,business,persona_x_initial_plan,3,11.54,Banking fees,4.04000000000000000000
Churned proxy,Automobile_Trade_Repair,business,persona_x_initial_plan,3,11.54,Deposit interest,10.77378796876712533400
Churned proxy,Automobile_Trade_Repair,business,persona_x_initial_plan,3,11.54,Interchange,4.24959458707764700000
Churned proxy,Automobile_Trade_Repair,business,persona_x_initial_plan,3,11.54,Subscription,160.00000000000000000000
Churned proxy,Automobile_Trade_Repair,business,persona_x_initial_plan,3,11.54,Total revenue,179.06338255584477233400
Active,Automobile_Trade_Repair,free,persona_x_initial_plan,178,88.12,Banking fees,493.10000000000000000000
Active,Automobile_Trade_Repair,free,persona_x_initial_plan,178,88.12,Deposit interest,592.49299684383561950084
Active,Automobile_Trade_Repair,free,persona_x_initial_plan,178,88.12,Interchange,1400.54324399999244987000
Active,Automobile_Trade_Repair,free,persona_x_initial_plan,178,88.12,Subscription,116.38451612900000000000
Active,Automobile_Trade_Repair,free,persona_x_initial_plan,178,88.12,Total revenue,2602.52075697282806937084
At-risk,Automobile_Trade_Repair,free,persona_x_initial_plan,17,8.42,Banking fees,21.60000000000000000000
At-risk,Automobile_Trade_Repair,free,persona_x_initial_plan,17,8.42,Deposit interest,20.11328565041096011997
At-risk,Automobile_Trade_Repair,free,persona_x_initial_plan,17,8.42,Interchange,48.87718199999978886400
At-risk,Automobile_Trade_Repair,free,persona_x_initial_plan,17,8.42,Subscription,0.00000000000000000000
At-risk,Automobile_Trade_Repair,free,persona_x_initial_plan,17,8.42,Total revenue,90.59046765041074898397
Churned proxy,Automobile_Trade_Repair,free,persona_x_initial_plan,7,3.47,Banking fees,44.00000000000000000000
Churned proxy,Automobile_Trade_Repair,free,persona_x_initial_plan,7,3.47,Deposit interest,66.45047682082197004290
Churned proxy,Automobile_Trade_Repair,free,persona_x_initial_plan,7,3.47,Interchange,34.11892782729789900000
Churned proxy,Automobile_Trade_Repair,free,persona_x_initial_plan,7,3.47,Subscription,0.00000000000000000000
Churned proxy,Automobile_Trade_Repair,free,persona_x_initial_plan,7,3.47,Total revenue,144.56940464811986904290
Active,Automobile_Trade_Repair,plus,persona_x_initial_plan,146,90.68,Banking fees,517.36000000000000900000
Active,Automobile_Trade_Repair,plus,persona_x_initial_plan,146,90.68,Deposit interest,1595.12196490904118536541
Active,Automobile_Trade_Repair,plus,persona_x_initial_plan,146,90.68,Interchange,7152.71739479996139200800
Active,Automobile_Trade_Repair,plus,persona_x_initial_plan,146,90.68,Subscription,3199.13978494600000000000
Active,Automobile_Trade_Repair,plus,persona_x_initial_plan,146,90.68,Total revenue,12464.33914465500258637341
At-risk,Automobile_Trade_Repair,plus,persona_x_initial_plan,7,4.35,Banking fees,0.00000000000000000000
At-risk,Automobile_Trade_Repair,plus,persona_x_initial_plan,7,4.35,Deposit interest,9.58059442630137052500
At-risk,Automobile_Trade_Repair,plus,persona_x_initial_plan,7,4.35,Interchange,128.38690799999939800000
At-risk,Automobile_Trade_Repair,plus,persona_x_initial_plan,7,4.35,Subscription,125.00000000000000000000
At-risk,Automobile_Trade_Repair,plus,persona_x_initial_plan,7,4.35,Total revenue,262.96750242630076852500
Churned proxy,Automobile_Trade_Repair,plus,persona_x_initial_plan,8,4.97,Banking fees,0.00000000000000000000
Churned proxy,Automobile_Trade_Repair,plus,persona_x_initial_plan,8,4.97,Deposit interest,103.44551389643835742840
Churned proxy,Automobile_Trade_Repair,plus,persona_x_initial_plan,8,4.97,Interchange,48.01829496795613760000
Churned proxy,Automobile_Trade_Repair,plus,persona_x_initial_plan,8,4.97,Subscription,125.00000000000000000000
Churned proxy,Automobile_Trade_Repair,plus,persona_x_initial_plan,8,4.97,Total revenue,276.46380886439449502840
Active,Automobile_Trade_Repair,start,persona_x_initial_plan,310,89.34,Banking fees,974.00000000000000000000
Active,Automobile_Trade_Repair,start,persona_x_initial_plan,310,89.34,Deposit interest,1374.64737348273979815023
Active,Automobile_Trade_Repair,start,persona_x_initial_plan,310,89.34,Interchange,7561.74892679995920123000
Active,Automobile_Trade_Repair,start,persona_x_initial_plan,310,89.34,Subscription,3211.15048387100000100000
Active,Automobile_Trade_Repair,start,persona_x_initial_plan,310,89.34,Total revenue,13121.54678415369900038023
At-risk,Automobile_Trade_Repair,start,persona_x_initial_plan,21,6.05,Banking fees,33.46000000000000000000
At-risk,Automobile_Trade_Repair,start,persona_x_initial_plan,21,6.05,Deposit interest,36.59296402027397516622
At-risk,Automobile_Trade_Repair,start,persona_x_initial_plan,21,6.05,Interchange,580.46725799999722109000
At-risk,Automobile_Trade_Repair,start,persona_x_initial_plan,21,6.05,Subscription,143.00000000000000000000
At-risk,Automobile_Trade_Repair,start,persona_x_initial_plan,21,6.05,Total revenue,793.52022202027119625622
Churned proxy,Automobile_Trade_Repair,start,persona_x_initial_plan,16,4.61,Banking fees,0.00000000000000000000
Churned proxy,Automobile_Trade_Repair,start,persona_x_initial_plan,16,4.61,Deposit interest,62.57132732931507321740
Churned proxy,Automobile_Trade_Repair,start,persona_x_initial_plan,16,4.61,Interchange,149.74226999999922320500
Churned proxy,Automobile_Trade_Repair,start,persona_x_initial_plan,16,4.61,Subscription,154.00000000000000000000
Churned proxy,Automobile_Trade_Repair,start,persona_x_initial_plan,16,4.61,Total revenue,366.31359732931429642240
Active,BTP,business,persona_x_initial_plan,86,82.69,Banking fees,138.00000000000000000000
Active,BTP,business,persona_x_initial_plan,86,82.69,Deposit interest,1364.56715752164403691191
Active,BTP,business,persona_x_initial_plan,86,82.69,Interchange,11648.69201339993592128000
Active,BTP,business,persona_x_initial_plan,86,82.69,Subscription,5423.00000000000000000000
Active,BTP,business,persona_x_initial_plan,86,82.69,Total revenue,18574.25917092157995819191
At-risk,BTP,business,persona_x_initial_plan,5,4.81,Banking fees,0.00000000000000000000
At-risk,BTP,business,persona_x_initial_plan,5,4.81,Deposit interest,123.32201422684932757279
At-risk,BTP,business,persona_x_initial_plan,5,4.81,Interchange,445.33837799999793864000
At-risk,BTP,business,persona_x_initial_plan,5,4.81,Subscription,400.00000000000000000000
At-risk,BTP,business,persona_x_initial_plan,5,4.81,Total revenue,968.66039222684726621279
Churned proxy,BTP,business,persona_x_initial_plan,13,12.5,Banking fees,0.00000000000000000000
Churned proxy,BTP,business,persona_x_initial_plan,13,12.5,Deposit interest,11.18345411013698650800
Churned proxy,BTP,business,persona_x_initial_plan,13,12.5,Interchange,1192.85022302730703500000
Churned proxy,BTP,business,persona_x_initial_plan,13,12.5,Subscription,320.00000000000000000000
Churned proxy,BTP,business,persona_x_initial_plan,13,12.5,Total revenue,1524.03367713744402150800
Active,BTP,free,persona_x_initial_plan,1089,92.92,Banking fees,2518.80000000000000000000
Active,BTP,free,persona_x_initial_plan,1089,92.92,Deposit interest,22252.56936986137021153693
Active,BTP,free,persona_x_initial_plan,1089,92.92,Interchange,9608.49747719994788219900
Active,BTP,free,persona_x_initial_plan,1089,92.92,Subscription,701.39903225799999700000
Active,BTP,free,persona_x_initial_plan,1089,92.92,Total revenue,35081.26587931931809073593
At-risk,BTP,free,persona_x_initial_plan,49,4.18,Banking fees,56.40000000000000000000
At-risk,BTP,free,persona_x_initial_plan,49,4.18,Deposit interest,266.66369136931508566473
At-risk,BTP,free,persona_x_initial_plan,49,4.18,Interchange,126.48556799999937881000
At-risk,BTP,free,persona_x_initial_plan,49,4.18,Subscription,114.42000000000000000000
At-risk,BTP,free,persona_x_initial_plan,49,4.18,Total revenue,563.96925936931446447473
Churned proxy,BTP,free,persona_x_initial_plan,34,2.9,Banking fees,407.51999999999999740000
Churned proxy,BTP,free,persona_x_initial_plan,34,2.9,Deposit interest,68.91126367726027136094
Churned proxy,BTP,free,persona_x_initial_plan,34,2.9,Interchange,157.71619779111386689800
Churned proxy,BTP,free,persona_x_initial_plan,34,2.9,Subscription,0.00000000000000000000
Churned proxy,BTP,free,persona_x_initial_plan,34,2.9,Total revenue,634.14746146837413565894
Active,BTP,plus,persona_x_initial_plan,554,91.27,Banking fees,684.56000000000000000000
Active,BTP,plus,persona_x_initial_plan,554,91.27,Deposit interest,6487.16033291561631057512
Active,BTP,plus,persona_x_initial_plan,554,91.27,Interchange,25838.53410239986002828530
Active,BTP,plus,persona_x_initial_plan,554,91.27,Subscription,12089.88172042800000000000
Active,BTP,plus,persona_x_initial_plan,554,91.27,Total revenue,45100.13615574347633886042
At-risk,BTP,plus,persona_x_initial_plan,27,4.45,Banking fees,0.00000000000000000000
At-risk,BTP,plus,persona_x_initial_plan,27,4.45,Deposit interest,42.23733128712329516122
At-risk,BTP,plus,persona_x_initial_plan,27,4.45,Interchange,1040.63054399999585324000
At-risk,BTP,plus,persona_x_initial_plan,27,4.45,Subscription,411.00000000000000000000
At-risk,BTP,plus,persona_x_initial_plan,27,4.45,Total revenue,1493.86787528711914840122
Churned proxy,BTP,plus,persona_x_initial_plan,26,4.28,Banking fees,0.08000000000000000000
Churned proxy,BTP,plus,persona_x_initial_plan,26,4.28,Deposit interest,104.82976400931514464717
Churned proxy,BTP,plus,persona_x_initial_plan,26,4.28,Interchange,323.34507211515903058000
Churned proxy,BTP,plus,persona_x_initial_plan,26,4.28,Subscription,289.90000000000000000000
Churned proxy,BTP,plus,persona_x_initial_plan,26,4.28,Total revenue,718.15483612447417522717
Active,BTP,start,persona_x_initial_plan,1166,93.28,Banking fees,2064.02000000000002000000
Active,BTP,start,persona_x_initial_plan,1166,93.28,Deposit interest,13119.60405250191839120910
Active,BTP,start,persona_x_initial_plan,1166,93.28,Interchange,27634.10389199985091092200
Active,BTP,start,persona_x_initial_plan,1166,93.28,Subscription,11931.08572580664515800000
Active,BTP,start,persona_x_initial_plan,1166,93.28,Total revenue,54748.81367030841448013110
At-risk,BTP,start,persona_x_initial_plan,48,3.84,Banking fees,12.48000000000000071800
At-risk,BTP,start,persona_x_initial_plan,48,3.84,Deposit interest,107.45279265589041853400
At-risk,BTP,start,persona_x_initial_plan,48,3.84,Interchange,483.90339959999800431000
At-risk,BTP,start,persona_x_initial_plan,48,3.84,Subscription,380.00000000000000000000
At-risk,BTP,start,persona_x_initial_plan,48,3.84,Total revenue,983.83619225588842356200
Churned proxy,BTP,start,persona_x_initial_plan,36,2.88,Banking fees,12.95999999999999810000
Churned proxy,BTP,start,persona_x_initial_plan,36,2.88,Deposit interest,46.40203834246578001614
Churned proxy,BTP,start,persona_x_initial_plan,36,2.88,Interchange,227.94483933730949995000
Churned proxy,BTP,start,persona_x_initial_plan,36,2.88,Subscription,218.00000000000000000000
Churned proxy,BTP,start,persona_x_initial_plan,36,2.88,Total revenue,505.30687767977527806614
Active,Bankers_Insurance,business,persona_x_initial_plan,1,100.0,Banking fees,0.00000000000000000000
Active,Bankers_Insurance,business,persona_x_initial_plan,1,100.0,Deposit interest,0.09512865534246577000
Active,Bankers_Insurance,business,persona_x_initial_plan,1,100.0,Interchange,0.00000000000000000000
Active,Bankers_Insurance,business,persona_x_initial_plan,1,100.0,Subscription,80.00000000000000000000
Active,Bankers_Insurance,business,persona_x_initial_plan,1,100.0,Total revenue,80.09512865534246577000
Active,Bankers_Insurance,free,persona_x_initial_plan,145,92.95,Banking fees,1421.20000000000000000000
Active,Bankers_Insurance,free,persona_x_initial_plan,145,92.95,Deposit interest,4312.96191478465786944508
Active,Bankers_Insurance,free,persona_x_initial_plan,145,92.95,Interchange,543.69129419999705657000
Active,Bankers_Insurance,free,persona_x_initial_plan,145,92.95,Subscription,28.18258064500000000000
Active,Bankers_Insurance,free,persona_x_initial_plan,145,92.95,Total revenue,6306.03578962965492601508
At-risk,Bankers_Insurance,free,persona_x_initial_plan,4,2.56,Banking fees,0.00000000000000000000
At-risk,Bankers_Insurance,free,persona_x_initial_plan,4,2.56,Deposit interest,2.58492166136986315620
At-risk,Bankers_Insurance,free,persona_x_initial_plan,4,2.56,Interchange,0.00000000000000000000
At-risk,Bankers_Insurance,free,persona_x_initial_plan,4,2.56,Subscription,0.00000000000000000000
At-risk,Bankers_Insurance,free,persona_x_initial_plan,4,2.56,Total revenue,2.58492166136986315620
Churned proxy,Bankers_Insurance,free,persona_x_initial_plan,7,4.49,Banking fees,276.00000000000000000000
Churned proxy,Bankers_Insurance,free,persona_x_initial_plan,7,4.49,Deposit interest,5.08858745753424775167
Churned proxy,Bankers_Insurance,free,persona_x_initial_plan,7,4.49,Interchange,0.00000000000000000000
Churned proxy,Bankers_Insurance,free,persona_x_initial_plan,7,4.49,Subscription,0.00000000000000000000
Churned proxy,Bankers_Insurance,free,persona_x_initial_plan,7,4.49,Total revenue,281.08858745753424775167
Active,Bankers_Insurance,plus,persona_x_initial_plan,14,93.33,Banking fees,0.00000000000000000000
Active,Bankers_Insurance,plus,persona_x_initial_plan,14,93.33,Deposit interest,1194.78713402958895762430
Active,Bankers_Insurance,plus,persona_x_initial_plan,14,93.33,Interchange,481.35961799999741370000
Active,Bankers_Insurance,plus,persona_x_initial_plan,14,93.33,Subscription,240.00000000000000000000
Active,Bankers_Insurance,plus,persona_x_initial_plan,14,93.33,Total revenue,1916.14675202958637132430
At-risk,Bankers_Insurance,plus,persona_x_initial_plan,1,6.67,Banking fees,0.00000000000000000000
At-risk,Bankers_Insurance,plus,persona_x_initial_plan,1,6.67,Deposit interest,0.06910740438356165200
At-risk,Bankers_Insurance,plus,persona_x_initial_plan,1,6.67,Interchange,1.31122799999999360000
At-risk,Bankers_Insurance,plus,persona_x_initial_plan,1,6.67,Subscription,0.00000000000000000000
At-risk,Bankers_Insurance,plus,persona_x_initial_plan,1,6.67,Total revenue,1.38033540438355525200
Active,Bankers_Insurance,start,persona_x_initial_plan,97,95.1,Banking fees,6.86000000000000000000
Active,Bankers_Insurance,start,persona_x_initial_plan,97,95.1,Deposit interest,1398.74290301863030221730
Active,Bankers_Insurance,start,persona_x_initial_plan,97,95.1,Interchange,852.31072799999537210400
Active,Bankers_Insurance,start,persona_x_initial_plan,97,95.1,Subscription,871.57862903200000000000
Active,Bankers_Insurance,start,persona_x_initial_plan,97,95.1,Total revenue,3129.49226005062567432130
At-risk,Bankers_Insurance,start,persona_x_initial_plan,2,1.96,Banking fees,0.00000000000000000000
At-risk,Bankers_Insurance,start,persona_x_initial_plan,2,1.96,Deposit interest,17.18099178082190764000
At-risk,Bankers_Insurance,start,persona_x_initial_plan,2,1.96,Interchange,0.00000000000000000000
At-risk,Bankers_Insurance,start,persona_x_initial_plan,2,1.96,Subscription,18.00000000000000000000
At-risk,Bankers_Insurance,start,persona_x_initial_plan,2,1.96,Total revenue,35.18099178082190764000
Churned proxy,Bankers_Insurance,start,persona_x_initial_plan,3,2.94,Banking fees,0.00000000000000000000
Churned proxy,Bankers_Insurance,start,persona_x_initial_plan,3,2.94,Deposit interest,5.52570136986301469000
Churned proxy,Bankers_Insurance,start,persona_x_initial_plan,3,2.94,Interchange,2.35894436371497700000
Churned proxy,Bankers_Insurance,start,persona_x_initial_plan,3,2.94,Subscription,26.00000000000000000000
Churned proxy,Bankers_Insurance,start,persona_x_initial_plan,3,2.94,Total revenue,33.88464573357799169000
Active,Bikers_Drivers,business,persona_x_initial_plan,27,72.97,Banking fees,397.40000000000000000000
Active,Bikers_Drivers,business,persona_x_initial_plan,27,72.97,Deposit interest,380.57678378191781132120
Active,Bikers_Drivers,business,persona_x_initial_plan,27,72.97,Interchange,1802.32853399999021459000
Active,Bikers_Drivers,business,persona_x_initial_plan,27,72.97,Subscription,1661.00000000000000000000
Active,Bikers_Drivers,business,persona_x_initial_plan,27,72.97,Total revenue,4241.30531778190802591120
At-risk,Bikers_Drivers,business,persona_x_initial_plan,3,8.11,Banking fees,0.00000000000000000000
At-risk,Bikers_Drivers,business,persona_x_initial_plan,3,8.11,Deposit interest,0.21825527890410958900
At-risk,Bikers_Drivers,business,persona_x_initial_plan,3,8.11,Interchange,1.55195999999999220000
At-risk,Bikers_Drivers,business,persona_x_initial_plan,3,8.11,Subscription,160.00000000000000000000
At-risk,Bikers_Drivers,business,persona_x_initial_plan,3,8.11,Total revenue,161.77021527890410178900
Churned proxy,Bikers_Drivers,business,persona_x_initial_plan,7,18.92,Banking fees,0.00000000000000000000
Churned proxy,Bikers_Drivers,business,persona_x_initial_plan,7,18.92,Deposit interest,4.49805054904109686520
Churned proxy,Bikers_Drivers,business,persona_x_initial_plan,7,18.92,Interchange,88.62202664845908100000
Churned proxy,Bikers_Drivers,business,persona_x_initial_plan,7,18.92,Subscription,400.00000000000000000000
Churned proxy,Bikers_Drivers,business,persona_x_initial_plan,7,18.92,Total revenue,493.12007719750017786520
Active,Bikers_Drivers,free,persona_x_initial_plan,304,84.68,Banking fees,972.80000000000000008000
Active,Bikers_Drivers,free,persona_x_initial_plan,304,84.68,Deposit interest,889.57684546410959869864
Active,Bikers_Drivers,free,persona_x_initial_plan,304,84.68,Interchange,2153.46741479998835493060
Active,Bikers_Drivers,free,persona_x_initial_plan,304,84.68,Subscription,235.34000000000000000000
Active,Bikers_Drivers,free,persona_x_initial_plan,304,84.68,Total revenue,4251.18426026409795370924
At-risk,Bikers_Drivers,free,persona_x_initial_plan,24,6.69,Banking fees,260.40000000000000000000
At-risk,Bikers_Drivers,free,persona_x_initial_plan,24,6.69,Deposit interest,10.04413034630137062205
At-risk,Bikers_Drivers,free,persona_x_initial_plan,24,6.69,Interchange,41.55645599999980453000
At-risk,Bikers_Drivers,free,persona_x_initial_plan,24,6.69,Subscription,0.00000000000000000000
At-risk,Bikers_Drivers,free,persona_x_initial_plan,24,6.69,Total revenue,312.00058634630117515205
Churned proxy,Bikers_Drivers,free,persona_x_initial_plan,31,8.64,Banking fees,381.20000000000000000000
Churned proxy,Bikers_Drivers,free,persona_x_initial_plan,31,8.64,Deposit interest,60.49210563178086180532
Churned proxy,Bikers_Drivers,free,persona_x_initial_plan,31,8.64,Interchange,217.55639988824586343000
Churned proxy,Bikers_Drivers,free,persona_x_initial_plan,31,8.64,Subscription,0.00000000000000000000
Churned proxy,Bikers_Drivers,free,persona_x_initial_plan,31,8.64,Total revenue,659.24850552002672523532
Active,Bikers_Drivers,plus,persona_x_initial_plan,137,79.65,Banking fees,769.48000000000000070000
Active,Bikers_Drivers,plus,persona_x_initial_plan,137,79.65,Deposit interest,756.79888934794518899439
Active,Bikers_Drivers,plus,persona_x_initial_plan,137,79.65,Interchange,4809.83184899997376606500
Active,Bikers_Drivers,plus,persona_x_initial_plan,137,79.65,Subscription,2954.94666666600000000000
Active,Bikers_Drivers,plus,persona_x_initial_plan,137,79.65,Total revenue,9291.05740501391895575939
At-risk,Bikers_Drivers,plus,persona_x_initial_plan,14,8.14,Banking fees,-1.92000000000000000000
At-risk,Bikers_Drivers,plus,persona_x_initial_plan,14,8.14,Deposit interest,0.72915567342465749390
At-risk,Bikers_Drivers,plus,persona_x_initial_plan,14,8.14,Interchange,44.25483599999978546600
At-risk,Bikers_Drivers,plus,persona_x_initial_plan,14,8.14,Subscription,214.90000000000000000000
At-risk,Bikers_Drivers,plus,persona_x_initial_plan,14,8.14,Total revenue,257.96399167342444295990
Churned proxy,Bikers_Drivers,plus,persona_x_initial_plan,21,12.21,Banking fees,-4.69999999999999986000
Churned proxy,Bikers_Drivers,plus,persona_x_initial_plan,21,12.21,Deposit interest,35.59376356054796293068
Churned proxy,Bikers_Drivers,plus,persona_x_initial_plan,21,12.21,Interchange,1235.93745745817587533000
Churned proxy,Bikers_Drivers,plus,persona_x_initial_plan,21,12.21,Subscription,275.00000000000000000000
Churned proxy,Bikers_Drivers,plus,persona_x_initial_plan,21,12.21,Total revenue,1541.83122101872383840068
Active,Bikers_Drivers,start,persona_x_initial_plan,413,86.95,Banking fees,603.70000000000000000000
Active,Bikers_Drivers,start,persona_x_initial_plan,413,86.95,Deposit interest,1464.31476809917815528304
Active,Bikers_Drivers,start,persona_x_initial_plan,413,86.95,Interchange,7050.68847719996175814700
Active,Bikers_Drivers,start,persona_x_initial_plan,413,86.95,Subscription,3979.93292679078125000000
Active,Bikers_Drivers,start,persona_x_initial_plan,413,86.95,Total revenue,13098.63617208992116343004
At-risk,Bikers_Drivers,start,persona_x_initial_plan,32,6.74,Banking fees,138.68000000000000007100
At-risk,Bikers_Drivers,start,persona_x_initial_plan,32,6.74,Deposit interest,20.90752076438356422693
At-risk,Bikers_Drivers,start,persona_x_initial_plan,32,6.74,Interchange,400.05170999999832618400
At-risk,Bikers_Drivers,start,persona_x_initial_plan,32,6.74,Subscription,187.93750000000000000000
At-risk,Bikers_Drivers,start,persona_x_initial_plan,32,6.74,Total revenue,747.57673076438189048193
Churned proxy,Bikers_Drivers,start,persona_x_initial_plan,30,6.32,Banking fees,236.00000000000000000000
Churned proxy,Bikers_Drivers,start,persona_x_initial_plan,30,6.32,Deposit interest,10.42646702465753483130
Churned proxy,Bikers_Drivers,start,persona_x_initial_plan,30,6.32,Interchange,107.76143984183928877000
Churned proxy,Bikers_Drivers,start,persona_x_initial_plan,30,6.32,Subscription,132.00000000000000000000
Churned proxy,Bikers_Drivers,start,persona_x_initial_plan,30,6.32,Total revenue,486.18790686649682360130
Active,Cleaning_CallCenters,business,persona_x_initial_plan,2,100.0,Banking fees,0.00000000000000000000
Active,Cleaning_CallCenters,business,persona_x_initial_plan,2,100.0,Deposit interest,2.51761370410958913000
Active,Cleaning_CallCenters,business,persona_x_initial_plan,2,100.0,Interchange,23.28650999999987500000
Active,Cleaning_CallCenters,business,persona_x_initial_plan,2,100.0,Subscription,160.00000000000000000000
Active,Cleaning_CallCenters,business,persona_x_initial_plan,2,100.0,Total revenue,185.80412370410946413000
Active,Cleaning_CallCenters,free,persona_x_initial_plan,34,97.14,Banking fees,25.60000000000000000000
Active,Cleaning_CallCenters,free,persona_x_initial_plan,34,97.14,Deposit interest,121.08223976164385704270
Active,Cleaning_CallCenters,free,persona_x_initial_plan,34,97.14,Interchange,113.96467799999937064500
Active,Cleaning_CallCenters,free,persona_x_initial_plan,34,97.14,Subscription,0.00000000000000000000
Active,Cleaning_CallCenters,free,persona_x_initial_plan,34,97.14,Total revenue,260.64691776164322768770
At-risk,Cleaning_CallCenters,free,persona_x_initial_plan,1,2.86,Banking fees,0.00000000000000000000
At-risk,Cleaning_CallCenters,free,persona_x_initial_plan,1,2.86,Deposit interest,0.05515068493150685600
At-risk,Cleaning_CallCenters,free,persona_x_initial_plan,1,2.86,Interchange,0.00000000000000000000
At-risk,Cleaning_CallCenters,free,persona_x_initial_plan,1,2.86,Subscription,0.00000000000000000000
At-risk,Cleaning_CallCenters,free,persona_x_initial_plan,1,2.86,Total revenue,0.05515068493150685600
Active,Cleaning_CallCenters,plus,persona_x_initial_plan,16,94.12,Banking fees,0.00000000000000000000
Active,Cleaning_CallCenters,plus,persona_x_initial_plan,16,94.12,Deposit interest,294.65344757917808670315
Active,Cleaning_CallCenters,plus,persona_x_initial_plan,16,94.12,Interchange,271.41307199999852790000
Active,Cleaning_CallCenters,plus,persona_x_initial_plan,16,94.12,Subscription,330.00000000000000000000
Active,Cleaning_CallCenters,plus,persona_x_initial_plan,16,94.12,Total revenue,896.06651957917661460315
At-risk,Cleaning_CallCenters,plus,persona_x_initial_plan,1,5.88,Banking fees,-9.60000000000000000000
At-risk,Cleaning_CallCenters,plus,persona_x_initial_plan,1,5.88,Deposit interest,0.09489508712328766100
At-risk,Cleaning_CallCenters,plus,persona_x_initial_plan,1,5.88,Interchange,40.09129199999980400000
At-risk,Cleaning_CallCenters,plus,persona_x_initial_plan,1,5.88,Subscription,0.00000000000000000000
At-risk,Cleaning_CallCenters,plus,persona_x_initial_plan,1,5.88,Total revenue,30.58618708712309166100
Active,Cleaning_CallCenters,start,persona_x_initial_plan,37,92.5,Banking fees,0.00000000000000000000
Active,Cleaning_CallCenters,start,persona_x_initial_plan,37,92.5,Deposit interest,157.22646527506851272850
Active,Cleaning_CallCenters,start,persona_x_initial_plan,37,92.5,Interchange,503.41278599999729819000
Active,Cleaning_CallCenters,start,persona_x_initial_plan,37,92.5,Subscription,373.21875000000000000000
Active,Cleaning_CallCenters,start,persona_x_initial_plan,37,92.5,Total revenue,1033.85800127506581091850
At-risk,Cleaning_CallCenters,start,persona_x_initial_plan,2,5.0,Banking fees,0.00000000000000000000
At-risk,Cleaning_CallCenters,start,persona_x_initial_plan,2,5.0,Deposit interest,19.59003169260274256165
At-risk,Cleaning_CallCenters,start,persona_x_initial_plan,2,5.0,Interchange,0.00000000000000000000
At-risk,Cleaning_CallCenters,start,persona_x_initial_plan,2,5.0,Subscription,0.00000000000000000000
At-risk,Cleaning_CallCenters,start,persona_x_initial_plan,2,5.0,Total revenue,19.59003169260274256165
Churned proxy,Cleaning_CallCenters,start,persona_x_initial_plan,1,2.5,Banking fees,0.00000000000000000000
Churned proxy,Cleaning_CallCenters,start,persona_x_initial_plan,1,2.5,Deposit interest,0.40881242739726043000
Churned proxy,Cleaning_CallCenters,start,persona_x_initial_plan,1,2.5,Interchange,40.11922937724229100000
Churned proxy,Cleaning_CallCenters,start,persona_x_initial_plan,1,2.5,Subscription,0.00000000000000000000
Churned proxy,Cleaning_CallCenters,start,persona_x_initial_plan,1,2.5,Total revenue,40.52804180463955143000
Active,Consultant,business,persona_x_initial_plan,25,80.65,Banking fees,4.00000000000000000000
Active,Consultant,business,persona_x_initial_plan,25,80.65,Deposit interest,557.69799433643830352640
Active,Consultant,business,persona_x_initial_plan,25,80.65,Interchange,1944.29282939998908800500
Active,Consultant,business,persona_x_initial_plan,25,80.65,Subscription,1600.00000000000000000000
Active,Consultant,business,persona_x_initial_plan,25,80.65,Total revenue,4105.99082373642739153140
At-risk,Consultant,business,persona_x_initial_plan,2,6.45,Banking fees,0.00000000000000000000
At-risk,Consultant,business,persona_x_initial_plan,2,6.45,Deposit interest,22.48948850301370059000
At-risk,Consultant,business,persona_x_initial_plan,2,6.45,Interchange,0.00000000000000000000
At-risk,Consultant,business,persona_x_initial_plan,2,6.45,Subscription,80.00000000000000000000
At-risk,Consultant,business,persona_x_initial_plan,2,6.45,Total revenue,102.48948850301370059000
Churned proxy,Consultant,business,persona_x_initial_plan,4,12.9,Banking fees,0.00000000000000000000
Churned proxy,Consultant,business,persona_x_initial_plan,4,12.9,Deposit interest,2.02722246794520559560
Churned proxy,Consultant,business,persona_x_initial_plan,4,12.9,Interchange,461.91455809593351500000
Churned proxy,Consultant,business,persona_x_initial_plan,4,12.9,Subscription,0.00000000000000000000
Churned proxy,Consultant,business,persona_x_initial_plan,4,12.9,Total revenue,463.94178056387872059560
Active,Consultant,free,persona_x_initial_plan,1287,92.52,Banking fees,2763.54000000000000000000
Active,Consultant,free,persona_x_initial_plan,1287,92.52,Deposit interest,14511.07978959178124888332
Active,Consultant,free,persona_x_initial_plan,1287,92.52,Interchange,7378.41046859996001341100
Active,Consultant,free,persona_x_initial_plan,1287,92.52,Subscription,581.24203065199999600000
Active,Consultant,free,persona_x_initial_plan,1287,92.52,Total revenue,25234.27228884374125829432
At-risk,Consultant,free,persona_x_initial_plan,71,5.1,Banking fees,99.94000000000000000000
At-risk,Consultant,free,persona_x_initial_plan,71,5.1,Deposit interest,112.04321523835617099889
At-risk,Consultant,free,persona_x_initial_plan,71,5.1,Interchange,196.63774199999913659400
At-risk,Consultant,free,persona_x_initial_plan,71,5.1,Subscription,23.09000000000000000000
At-risk,Consultant,free,persona_x_initial_plan,71,5.1,Total revenue,431.71095723835530759289
Churned proxy,Consultant,free,persona_x_initial_plan,33,2.37,Banking fees,286.52000000000000000000
Churned proxy,Consultant,free,persona_x_initial_plan,33,2.37,Deposit interest,38.83894719342466961704
Churned proxy,Consultant,free,persona_x_initial_plan,33,2.37,Interchange,410.79442356722839175000
Churned proxy,Consultant,free,persona_x_initial_plan,33,2.37,Subscription,0.00000000000000000000
Churned proxy,Consultant,free,persona_x_initial_plan,33,2.37,Total revenue,736.15337076065306136704
Active,Consultant,plus,persona_x_initial_plan,208,89.66,Banking fees,927.32000000000000000000
Active,Consultant,plus,persona_x_initial_plan,208,89.66,Deposit interest,6653.46810875123270511020
Active,Consultant,plus,persona_x_initial_plan,208,89.66,Interchange,7811.25218999995719834680
Active,Consultant,plus,persona_x_initial_plan,208,89.66,Subscription,4343.16633064200000000000
Active,Consultant,plus,persona_x_initial_plan,208,89.66,Total revenue,19735.20662939318990345700
At-risk,Consultant,plus,persona_x_initial_plan,14,6.03,Banking fees,0.00000000000000000000
At-risk,Consultant,plus,persona_x_initial_plan,14,6.03,Deposit interest,14.60782694904109741391
At-risk,Consultant,plus,persona_x_initial_plan,14,6.03,Interchange,1030.85944199999585410000
At-risk,Consultant,plus,persona_x_initial_plan,14,6.03,Subscription,170.00000000000000000000
At-risk,Consultant,plus,persona_x_initial_plan,14,6.03,Total revenue,1215.46726894903695151391
Churned proxy,Consultant,plus,persona_x_initial_plan,10,4.31,Banking fees,0.00000000000000000000
Churned proxy,Consultant,plus,persona_x_initial_plan,10,4.31,Deposit interest,15.07141986246575541330
Churned proxy,Consultant,plus,persona_x_initial_plan,10,4.31,Interchange,237.80479801197066090000
Churned proxy,Consultant,plus,persona_x_initial_plan,10,4.31,Subscription,145.00000000000000000000
Churned proxy,Consultant,plus,persona_x_initial_plan,10,4.31,Total revenue,397.87621787443641631330
Active,Consultant,start,persona_x_initial_plan,1346,95.39,Banking fees,3001.56000000000000000000
Active,Consultant,start,persona_x_initial_plan,1346,95.39,Deposit interest,23953.72818511123372622498
Active,Consultant,start,persona_x_initial_plan,1346,95.39,Interchange,18354.88020059989942684600
Active,Consultant,start,persona_x_initial_plan,1346,95.39,Subscription,12726.12262096464516000000
Active,Consultant,start,persona_x_initial_plan,1346,95.39,Total revenue,58036.29100667577831307098
At-risk,Consultant,start,persona_x_initial_plan,38,2.69,Banking fees,0.32000000000000000000
At-risk,Consultant,start,persona_x_initial_plan,38,2.69,Deposit interest,192.50105304931508075946
At-risk,Consultant,start,persona_x_initial_plan,38,2.69,Interchange,49.39829999999976499000
At-risk,Consultant,start,persona_x_initial_plan,38,2.69,Subscription,326.00000000000000000000
At-risk,Consultant,start,persona_x_initial_plan,38,2.69,Total revenue,568.21935304931484574946
Churned proxy,Consultant,start,persona_x_initial_plan,27,1.91,Banking fees,0.00000000000000000000
Churned proxy,Consultant,start,persona_x_initial_plan,27,1.91,Deposit interest,10.57056759780822325097
Churned proxy,Consultant,start,persona_x_initial_plan,27,1.91,Interchange,61.51823531002747620000
Churned proxy,Consultant,start,persona_x_initial_plan,27,1.91,Subscription,224.77083333300000000000
Churned proxy,Consultant,start,persona_x_initial_plan,27,1.91,Total revenue,296.85963624083569945097
Active,Developer_IT,business,persona_x_initial_plan,17,80.95,Banking fees,0.00000000000000000000
Active,Developer_IT,business,persona_x_initial_plan,17,80.95,Deposit interest,154.67429727287672066609
Active,Developer_IT,business,persona_x_initial_plan,17,80.95,Interchange,671.93193959999642840000
Active,Developer_IT,business,persona_x_initial_plan,17,80.95,Subscription,905.00000000000000000000
Active,Developer_IT,business,persona_x_initial_plan,17,80.95,Total revenue,1731.60623687287314906609
At-risk,Developer_IT,business,persona_x_initial_plan,3,14.29,Banking fees,0.00000000000000000000
At-risk,Developer_IT,business,persona_x_initial_plan,3,14.29,Deposit interest,0.69881371616438354500
At-risk,Developer_IT,business,persona_x_initial_plan,3,14.29,Interchange,5.51098799999997670000
At-risk,Developer_IT,business,persona_x_initial_plan,3,14.29,Subscription,240.00000000000000000000
At-risk,Developer_IT,business,persona_x_initial_plan,3,14.29,Total revenue,246.20980171616436024500
Churned proxy,Developer_IT,business,persona_x_initial_plan,1,4.76,Banking fees,0.00000000000000000000
Churned proxy,Developer_IT,business,persona_x_initial_plan,1,4.76,Deposit interest,5.50331420054794500000
Churned proxy,Developer_IT,business,persona_x_initial_plan,1,4.76,Interchange,1349.71807026989560000000
Churned proxy,Developer_IT,business,persona_x_initial_plan,1,4.76,Subscription,80.00000000000000000000
Churned proxy,Developer_IT,business,persona_x_initial_plan,1,4.76,Total revenue,1435.22138447044354500000
Active,Developer_IT,free,persona_x_initial_plan,598,91.44,Banking fees,4347.60000000000000000000
Active,Developer_IT,free,persona_x_initial_plan,598,91.44,Deposit interest,9945.02300351835662141521
Active,Developer_IT,free,persona_x_initial_plan,598,91.44,Interchange,4066.79794919997816842754
Active,Developer_IT,free,persona_x_initial_plan,598,91.44,Subscription,219.56749999999999800000
Active,Developer_IT,free,persona_x_initial_plan,598,91.44,Total revenue,18578.98845271833478784275
At-risk,Developer_IT,free,persona_x_initial_plan,30,4.59,Banking fees,281.56000000000000000000
At-risk,Developer_IT,free,persona_x_initial_plan,30,4.59,Deposit interest,46.04789908328767279105
At-risk,Developer_IT,free,persona_x_initial_plan,30,4.59,Interchange,134.92681379999943947000
At-risk,Developer_IT,free,persona_x_initial_plan,30,4.59,Subscription,21.65000000000000000000
At-risk,Developer_IT,free,persona_x_initial_plan,30,4.59,Total revenue,484.18471288328711226105
Churned proxy,Developer_IT,free,persona_x_initial_plan,26,3.98,Banking fees,281.04000000000000000000
Churned proxy,Developer_IT,free,persona_x_initial_plan,26,3.98,Deposit interest,24.77138501863014498566
Churned proxy,Developer_IT,free,persona_x_initial_plan,26,3.98,Interchange,37.16567943530997448000
Churned proxy,Developer_IT,free,persona_x_initial_plan,26,3.98,Subscription,0.00000000000000000000
Churned proxy,Developer_IT,free,persona_x_initial_plan,26,3.98,Total revenue,342.97706445394011946566
Active,Developer_IT,plus,persona_x_initial_plan,105,89.74,Banking fees,139.00000000000000000000
Active,Developer_IT,plus,persona_x_initial_plan,105,89.74,Deposit interest,2034.67728783726029470203
Active,Developer_IT,plus,persona_x_initial_plan,105,89.74,Interchange,4525.95155399997536027000
Active,Developer_IT,plus,persona_x_initial_plan,105,89.74,Subscription,2146.39280913800000000000
Active,Developer_IT,plus,persona_x_initial_plan,105,89.74,Total revenue,8846.02165097523565497203
At-risk,Developer_IT,plus,persona_x_initial_plan,6,5.13,Banking fees,0.00000000000000000000
At-risk,Developer_IT,plus,persona_x_initial_plan,6,5.13,Deposit interest,30.00249022356164702960
At-risk,Developer_IT,plus,persona_x_initial_plan,6,5.13,Interchange,1.70999999999999310000
At-risk,Developer_IT,plus,persona_x_initial_plan,6,5.13,Subscription,125.00000000000000000000
At-risk,Developer_IT,plus,persona_x_initial_plan,6,5.13,Total revenue,156.71249022356164012960
Churned proxy,Developer_IT,plus,persona_x_initial_plan,6,5.13,Banking fees,0.00000000000000000000
Churned proxy,Developer_IT,plus,persona_x_initial_plan,6,5.13,Deposit interest,23.85193713863016581580
Churned proxy,Developer_IT,plus,persona_x_initial_plan,6,5.13,Interchange,5.13163799999997310000
Churned proxy,Developer_IT,plus,persona_x_initial_plan,6,5.13,Subscription,75.00000000000000000000
Churned proxy,Developer_IT,plus,persona_x_initial_plan,6,5.13,Total revenue,103.98357513863013891580
Active,Developer_IT,start,persona_x_initial_plan,616,96.7,Banking fees,2098.40000000000000000000
Active,Developer_IT,start,persona_x_initial_plan,616,96.7,Deposit interest,11286.07649001479488058041
Active,Developer_IT,start,persona_x_initial_plan,616,96.7,Interchange,6454.46484179996501028000
Active,Developer_IT,start,persona_x_initial_plan,616,96.7,Subscription,5756.22798694300000200000
Active,Developer_IT,start,persona_x_initial_plan,616,96.7,Total revenue,25595.16931875775989286041
At-risk,Developer_IT,start,persona_x_initial_plan,13,2.04,Banking fees,0.60000000000000000000
At-risk,Developer_IT,start,persona_x_initial_plan,13,2.04,Deposit interest,73.63369314246576596128
At-risk,Developer_IT,start,persona_x_initial_plan,13,2.04,Interchange,20.99343599999989610000
At-risk,Developer_IT,start,persona_x_initial_plan,13,2.04,Subscription,125.93750000000000000000
At-risk,Developer_IT,start,persona_x_initial_plan,13,2.04,Total revenue,221.16462914246566206128
Churned proxy,Developer_IT,start,persona_x_initial_plan,8,1.26,Banking fees,0.00000000000000000000
Churned proxy,Developer_IT,start,persona_x_initial_plan,8,1.26,Deposit interest,8.26726491726027749600
Churned proxy,Developer_IT,start,persona_x_initial_plan,8,1.26,Interchange,145.09310066324899690500
Churned proxy,Developer_IT,start,persona_x_initial_plan,8,1.26,Subscription,55.00000000000000000000
Churned proxy,Developer_IT,start,persona_x_initial_plan,8,1.26,Total revenue,208.36036558050927440100
Active,Media_Publishing,business,persona_x_initial_plan,3,75.0,Banking fees,0.00000000000000000000
Active,Media_Publishing,business,persona_x_initial_plan,3,75.0,Deposit interest,9.09398320054794508800
Active,Media_Publishing,business,persona_x_initial_plan,3,75.0,Interchange,136.44413999999926600000
Active,Media_Publishing,business,persona_x_initial_plan,3,75.0,Subscription,160.00000000000000000000
Active,Media_Publishing,business,persona_x_initial_plan,3,75.0,Total revenue,305.53812320054721108800
At-risk,Media_Publishing,business,persona_x_initial_plan,1,25.0,Banking fees,0.00000000000000000000
At-risk,Media_Publishing,business,persona_x_initial_plan,1,25.0,Deposit interest,0.00018859561643835618
At-risk,Media_Publishing,business,persona_x_initial_plan,1,25.0,Interchange,0.00000000000000000000
At-risk,Media_Publishing,business,persona_x_initial_plan,1,25.0,Subscription,80.00000000000000000000
At-risk,Media_Publishing,business,persona_x_initial_plan,1,25.0,Total revenue,80.00018859561643835618
Active,Media_Publishing,free,persona_x_initial_plan,272,93.79,Banking fees,1138.36000000000000000000
Active,Media_Publishing,free,persona_x_initial_plan,272,93.79,Deposit interest,1185.08313029095894914953
Active,Media_Publishing,free,persona_x_initial_plan,272,93.79,Interchange,1340.26508159999273464600
Active,Media_Publishing,free,persona_x_initial_plan,272,93.79,Subscription,141.11000000000000200000
Active,Media_Publishing,free,persona_x_initial_plan,272,93.79,Total revenue,3804.81821189095168579553
At-risk,Media_Publishing,free,persona_x_initial_plan,13,4.48,Banking fees,2.40000000000000000000
At-risk,Media_Publishing,free,persona_x_initial_plan,13,4.48,Deposit interest,11.92437332767123258786
At-risk,Media_Publishing,free,persona_x_initial_plan,13,4.48,Interchange,20.90780999999989954100
At-risk,Media_Publishing,free,persona_x_initial_plan,13,4.48,Subscription,0.00000000000000000000
At-risk,Media_Publishing,free,persona_x_initial_plan,13,4.48,Total revenue,35.23218332767113212886
Churned proxy,Media_Publishing,free,persona_x_initial_plan,5,1.72,Banking fees,0.00000000000000000000
Churned proxy,Media_Publishing,free,persona_x_initial_plan,5,1.72,Deposit interest,0.66545836493150706768
Churned proxy,Media_Publishing,free,persona_x_initial_plan,5,1.72,Interchange,0.00000000000000000000
Churned proxy,Media_Publishing,free,persona_x_initial_plan,5,1.72,Subscription,0.00000000000000000000
Churned proxy,Media_Publishing,free,persona_x_initial_plan,5,1.72,Total revenue,0.66545836493150706768
Active,Media_Publishing,plus,persona_x_initial_plan,37,94.87,Banking fees,218.14000000000000000000
Active,Media_Publishing,plus,persona_x_initial_plan,37,94.87,Deposit interest,1277.19614264438355397280
Active,Media_Publishing,plus,persona_x_initial_plan,37,94.87,Interchange,1996.02804059998875844100
Active,Media_Publishing,plus,persona_x_initial_plan,37,94.87,Subscription,756.00000000000000000000
Active,Media_Publishing,plus,persona_x_initial_plan,37,94.87,Total revenue,4247.36418324437231241380
At-risk,Media_Publishing,plus,persona_x_initial_plan,1,2.56,Banking fees,0.00000000000000000000
At-risk,Media_Publishing,plus,persona_x_initial_plan,1,2.56,Deposit interest,0.00046524054794520550
At-risk,Media_Publishing,plus,persona_x_initial_plan,1,2.56,Interchange,0.00000000000000000000
At-risk,Media_Publishing,plus,persona_x_initial_plan,1,2.56,Subscription,0.00000000000000000000
At-risk,Media_Publishing,plus,persona_x_initial_plan,1,2.56,Total revenue,0.00046524054794520550
Churned proxy,Media_Publishing,plus,persona_x_initial_plan,1,2.56,Banking fees,0.00000000000000000000
Churned proxy,Media_Publishing,plus,persona_x_initial_plan,1,2.56,Deposit interest,0.00012367123287671233
Churned proxy,Media_Publishing,plus,persona_x_initial_plan,1,2.56,Interchange,0.03360067980960969300
Churned proxy,Media_Publishing,plus,persona_x_initial_plan,1,2.56,Subscription,25.00000000000000000000
Churned proxy,Media_Publishing,plus,persona_x_initial_plan,1,2.56,Total revenue,25.03372435104248640533
Active,Media_Publishing,start,persona_x_initial_plan,301,96.17,Banking fees,2005.22000000000000000000
Active,Media_Publishing,start,persona_x_initial_plan,301,96.17,Deposit interest,4528.96474526958937681941
Active,Media_Publishing,start,persona_x_initial_plan,301,96.17,Interchange,3162.64681799998273110000
Active,Media_Publishing,start,persona_x_initial_plan,301,96.17,Subscription,2829.12021848700000000000
Active,Media_Publishing,start,persona_x_initial_plan,301,96.17,Total revenue,12525.95178175657210791941
At-risk,Media_Publishing,start,persona_x_initial_plan,9,2.88,Banking fees,26.12000000000000000000
At-risk,Media_Publishing,start,persona_x_initial_plan,9,2.88,Deposit interest,1.31818491287671256707
At-risk,Media_Publishing,start,persona_x_initial_plan,9,2.88,Interchange,18.99236699999990640000
At-risk,Media_Publishing,start,persona_x_initial_plan,9,2.88,Subscription,55.00000000000000000000
At-risk,Media_Publishing,start,persona_x_initial_plan,9,2.88,Total revenue,101.43055191287661896707
Churned proxy,Media_Publishing,start,persona_x_initial_plan,3,0.96,Banking fees,138.00000000000000000000
Churned proxy,Media_Publishing,start,persona_x_initial_plan,3,0.96,Deposit interest,28.26723095068492842430
Churned proxy,Media_Publishing,start,persona_x_initial_plan,3,0.96,Interchange,0.00000000000000000000
Churned proxy,Media_Publishing,start,persona_x_initial_plan,3,0.96,Subscription,22.00000000000000000000
Churned proxy,Media_Publishing,start,persona_x_initial_plan,3,0.96,Total revenue,188.26723095068492842430
Active,Medical_Professionals,free,persona_x_initial_plan,96,96.97,Banking fees,181.59999999999999960000
Active,Medical_Professionals,free,persona_x_initial_plan,96,96.97,Deposit interest,1152.16915494246579110700
Active,Medical_Professionals,free,persona_x_initial_plan,96,96.97,Interchange,390.82780799999789196400
Active,Medical_Professionals,free,persona_x_initial_plan,96,96.97,Subscription,29.00000000000000000000
Active,Medical_Professionals,free,persona_x_initial_plan,96,96.97,Total revenue,1753.59696294246368267100
At-risk,Medical_Professionals,free,persona_x_initial_plan,3,3.03,Banking fees,6.00000000000000000000
At-risk,Medical_Professionals,free,persona_x_initial_plan,3,3.03,Deposit interest,2.72473931780821982120
At-risk,Medical_Professionals,free,persona_x_initial_plan,3,3.03,Interchange,0.51299999999999757000
At-risk,Medical_Professionals,free,persona_x_initial_plan,3,3.03,Subscription,0.00000000000000000000
At-risk,Medical_Professionals,free,persona_x_initial_plan,3,3.03,Total revenue,9.23773931780821739120
Active,Medical_Professionals,plus,persona_x_initial_plan,9,90.0,Banking fees,74.40000000000000000000
Active,Medical_Professionals,plus,persona_x_initial_plan,9,90.0,Deposit interest,785.93963042904102960000
Active,Medical_Professionals,plus,persona_x_initial_plan,9,90.0,Interchange,595.13137199999679340000
Active,Medical_Professionals,plus,persona_x_initial_plan,9,90.0,Subscription,200.00000000000000000000
Active,Medical_Professionals,plus,persona_x_initial_plan,9,90.0,Total revenue,1655.47100242903782300000
At-risk,Medical_Professionals,plus,persona_x_initial_plan,1,10.0,Banking fees,0.00000000000000000000
At-risk,Medical_Professionals,plus,persona_x_initial_plan,1,10.0,Deposit interest,0.01323726027397260400
At-risk,Medical_Professionals,plus,persona_x_initial_plan,1,10.0,Interchange,0.00000000000000000000
At-risk,Medical_Professionals,plus,persona_x_initial_plan,1,10.0,Subscription,0.00000000000000000000
At-risk,Medical_Professionals,plus,persona_x_initial_plan,1,10.0,Total revenue,0.01323726027397260400
Active,Medical_Professionals,start,persona_x_initial_plan,108,95.58,Banking fees,55.40000000000000000000
Active,Medical_Professionals,start,persona_x_initial_plan,108,95.58,Deposit interest,1105.18952932821915867850
Active,Medical_Professionals,start,persona_x_initial_plan,108,95.58,Interchange,1176.95411999999359024000
Active,Medical_Professionals,start,persona_x_initial_plan,108,95.58,Subscription,991.93548387100000000000
Active,Medical_Professionals,start,persona_x_initial_plan,108,95.58,Total revenue,3329.47913319921274891850
At-risk,Medical_Professionals,start,persona_x_initial_plan,2,1.77,Banking fees,0.00000000000000000000
At-risk,Medical_Professionals,start,persona_x_initial_plan,2,1.77,Deposit interest,0.02040849315068493494
At-risk,Medical_Professionals,start,persona_x_initial_plan,2,1.77,Interchange,0.00000000000000000000
At-risk,Medical_Professionals,start,persona_x_initial_plan,2,1.77,Subscription,0.00000000000000000000
At-risk,Medical_Professionals,start,persona_x_initial_plan,2,1.77,Total revenue,0.02040849315068493494
Churned proxy,Medical_Professionals,start,persona_x_initial_plan,3,2.65,Banking fees,0.00000000000000000000
Churned proxy,Medical_Professionals,start,persona_x_initial_plan,3,2.65,Deposit interest,2.80921698630136975000
Churned proxy,Medical_Professionals,start,persona_x_initial_plan,3,2.65,Interchange,0.00000000000000000000
Churned proxy,Medical_Professionals,start,persona_x_initial_plan,3,2.65,Subscription,22.00000000000000000000
Churned proxy,Medical_Professionals,start,persona_x_initial_plan,3,2.65,Total revenue,24.80921698630136975000
Active,Others,business,persona_x_initial_plan,34,54.84,Banking fees,507.97999999999999860000
Active,Others,business,persona_x_initial_plan,34,54.84,Deposit interest,719.94673782191782731476
Active,Others,business,persona_x_initial_plan,34,54.84,Interchange,915.23634479999503424000
Active,Others,business,persona_x_initial_plan,34,54.84,Subscription,2130.00000000000000000000
Active,Others,business,persona_x_initial_plan,34,54.84,Total revenue,4273.16308262191286015476
At-risk,Others,business,persona_x_initial_plan,11,17.74,Banking fees,30.65999999999999910000
At-risk,Others,business,persona_x_initial_plan,11,17.74,Deposit interest,12.69032683013698770123
At-risk,Others,business,persona_x_initial_plan,11,17.74,Interchange,21.91885199999989412000
At-risk,Others,business,persona_x_initial_plan,11,17.74,Subscription,651.00000000000000000000
At-risk,Others,business,persona_x_initial_plan,11,17.74,Total revenue,716.26917883013688092123
Churned proxy,Others,business,persona_x_initial_plan,17,27.42,Banking fees,4.00000000000000000000
Churned proxy,Others,business,persona_x_initial_plan,17,27.42,Deposit interest,74.85963387452056940400
Churned proxy,Others,business,persona_x_initial_plan,17,27.42,Interchange,2441.47702553822611500000
Churned proxy,Others,business,persona_x_initial_plan,17,27.42,Subscription,160.00000000000000000000
Churned proxy,Others,business,persona_x_initial_plan,17,27.42,Total revenue,2680.33665941274668440400
Active,Others,free,persona_x_initial_plan,1070,92.72,Banking fees,3338.04000000000000000000
Active,Others,free,persona_x_initial_plan,1070,92.72,Deposit interest,5237.46517026794550032389
Active,Others,free,persona_x_initial_plan,1070,92.72,Interchange,7370.21359619996012403900
Active,Others,free,persona_x_initial_plan,1070,92.72,Subscription,627.40548387100000400000
Active,Others,free,persona_x_initial_plan,1070,92.72,Total revenue,16573.12425033890562836289
At-risk,Others,free,persona_x_initial_plan,54,4.68,Banking fees,166.68000000000000000000
At-risk,Others,free,persona_x_initial_plan,54,4.68,Deposit interest,35.67119328109589721341
At-risk,Others,free,persona_x_initial_plan,54,4.68,Interchange,63.31528799999970892000
At-risk,Others,free,persona_x_initial_plan,54,4.68,Subscription,23.87999999999999900000
At-risk,Others,free,persona_x_initial_plan,54,4.68,Total revenue,289.54648128109560513341
Churned proxy,Others,free,persona_x_initial_plan,30,2.6,Banking fees,162.00000000000000000000
Churned proxy,Others,free,persona_x_initial_plan,30,2.6,Deposit interest,304.35077327013691402093
Churned proxy,Others,free,persona_x_initial_plan,30,2.6,Interchange,527.97665914263122323000
Churned proxy,Others,free,persona_x_initial_plan,30,2.6,Subscription,46.15000000000000000000
Churned proxy,Others,free,persona_x_initial_plan,30,2.6,Total revenue,1040.47743241276813725093
Active,Others,plus,persona_x_initial_plan,350,88.16,Banking fees,1953.26000000000000000000
Active,Others,plus,persona_x_initial_plan,350,88.16,Deposit interest,3282.26928084876721780993
Active,Others,plus,persona_x_initial_plan,350,88.16,Interchange,10664.78538059994245742400
Active,Others,plus,persona_x_initial_plan,350,88.16,Subscription,7553.62499999800000000000
Active,Others,plus,persona_x_initial_plan,350,88.16,Total revenue,23453.93966144670967523393
At-risk,Others,plus,persona_x_initial_plan,23,5.79,Banking fees,0.00000000000000000000
At-risk,Others,plus,persona_x_initial_plan,23,5.79,Deposit interest,35.78039971671233449735
At-risk,Others,plus,persona_x_initial_plan,23,5.79,Interchange,96.47468999999958499000
At-risk,Others,plus,persona_x_initial_plan,23,5.79,Subscription,211.00000000000000000000
At-risk,Others,plus,persona_x_initial_plan,23,5.79,Total revenue,343.25508971671191948735
Churned proxy,Others,plus,persona_x_initial_plan,24,6.05,Banking fees,4.00000000000000000000
Churned proxy,Others,plus,persona_x_initial_plan,24,6.05,Deposit interest,23.26577156986302658462
Churned proxy,Others,plus,persona_x_initial_plan,24,6.05,Interchange,267.26893073229130670000
Churned proxy,Others,plus,persona_x_initial_plan,24,6.05,Subscription,150.00000000000000000000
Churned proxy,Others,plus,persona_x_initial_plan,24,6.05,Total revenue,444.53470230215433328462
Active,Others,start,persona_x_initial_plan,1224,93.01,Banking fees,4417.74000000000000000000
Active,Others,start,persona_x_initial_plan,1224,93.01,Deposit interest,8772.62302921369882084012
Active,Others,start,persona_x_initial_plan,1224,93.01,Interchange,15425.16468119991641594200
Active,Others,start,persona_x_initial_plan,1224,93.01,Subscription,11819.05384408653124750000
Active,Others,start,persona_x_initial_plan,1224,93.01,Total revenue,40434.58155450014648428212
At-risk,Others,start,persona_x_initial_plan,56,4.26,Banking fees,23.88000000000000000000
At-risk,Others,start,persona_x_initial_plan,56,4.26,Deposit interest,59.32644137095889882894
At-risk,Others,start,persona_x_initial_plan,56,4.26,Interchange,892.99864619999633573000
At-risk,Others,start,persona_x_initial_plan,56,4.26,Subscription,383.62500000000000000000
At-risk,Others,start,persona_x_initial_plan,56,4.26,Total revenue,1359.83008757095523455894
Churned proxy,Others,start,persona_x_initial_plan,36,2.74,Banking fees,10.00000000000000000000
Churned proxy,Others,start,persona_x_initial_plan,36,2.74,Deposit interest,13.04713062246576171829
Churned proxy,Others,start,persona_x_initial_plan,36,2.74,Interchange,251.58369701221017127000
Churned proxy,Others,start,persona_x_initial_plan,36,2.74,Subscription,183.00000000000000000000
Churned proxy,Others,start,persona_x_initial_plan,36,2.74,Total revenue,457.63082763467593298829
Active,Professeur,business,persona_x_initial_plan,2,50.0,Banking fees,100.00000000000000000000
Active,Professeur,business,persona_x_initial_plan,2,50.0,Deposit interest,67.80628691123288340000
Active,Professeur,business,persona_x_initial_plan,2,50.0,Interchange,231.81125399999876500000
Active,Professeur,business,persona_x_initial_plan,2,50.0,Subscription,160.00000000000000000000
Active,Professeur,business,persona_x_initial_plan,2,50.0,Total revenue,559.61754091123164840000
At-risk,Professeur,business,persona_x_initial_plan,1,25.0,Banking fees,0.00000000000000000000
At-risk,Professeur,business,persona_x_initial_plan,1,25.0,Deposit interest,0.01347494849315068600
At-risk,Professeur,business,persona_x_initial_plan,1,25.0,Interchange,0.17099999999999932000
At-risk,Professeur,business,persona_x_initial_plan,1,25.0,Subscription,80.00000000000000000000
At-risk,Professeur,business,persona_x_initial_plan,1,25.0,Total revenue,80.18447494849315000600
Churned proxy,Professeur,business,persona_x_initial_plan,1,25.0,Banking fees,0.00000000000000000000
Churned proxy,Professeur,business,persona_x_initial_plan,1,25.0,Deposit interest,0.37139867397260273000
Churned proxy,Professeur,business,persona_x_initial_plan,1,25.0,Interchange,100.11322549273208000000
Churned proxy,Professeur,business,persona_x_initial_plan,1,25.0,Subscription,0.00000000000000000000
Churned proxy,Professeur,business,persona_x_initial_plan,1,25.0,Total revenue,100.48462416670468273000
Active,Professeur,free,persona_x_initial_plan,228,91.57,Banking fees,451.10000000000000000000
Active,Professeur,free,persona_x_initial_plan,228,91.57,Deposit interest,1063.95005235616454057223
Active,Professeur,free,persona_x_initial_plan,228,91.57,Interchange,1040.40510299999444359400
Active,Professeur,free,persona_x_initial_plan,228,91.57,Subscription,222.58000000000000000000
Active,Professeur,free,persona_x_initial_plan,228,91.57,Total revenue,2778.03515535615898416623
At-risk,Professeur,free,persona_x_initial_plan,12,4.82,Banking fees,8.00000000000000000000
At-risk,Professeur,free,persona_x_initial_plan,12,4.82,Deposit interest,4.81809128054794484290
At-risk,Professeur,free,persona_x_initial_plan,12,4.82,Interchange,1.98907199999999200000
At-risk,Professeur,free,persona_x_initial_plan,12,4.82,Subscription,0.00000000000000000000
At-risk,Professeur,free,persona_x_initial_plan,12,4.82,Total revenue,14.80716328054793684290
Churned proxy,Professeur,free,persona_x_initial_plan,9,3.61,Banking fees,0.80000000000000000000
Churned proxy,Professeur,free,persona_x_initial_plan,9,3.61,Deposit interest,12.62192227178082517252
Churned proxy,Professeur,free,persona_x_initial_plan,9,3.61,Interchange,0.00000000000000000000
Churned proxy,Professeur,free,persona_x_initial_plan,9,3.61,Subscription,0.00000000000000000000
Churned proxy,Professeur,free,persona_x_initial_plan,9,3.61,Total revenue,13.42192227178082517252
Active,Professeur,plus,persona_x_initial_plan,32,96.97,Banking fees,170.00000000000000000000
Active,Professeur,plus,persona_x_initial_plan,32,96.97,Deposit interest,746.73809286082205876397
Active,Professeur,plus,persona_x_initial_plan,32,96.97,Interchange,732.74902919999596020000
Active,Professeur,plus,persona_x_initial_plan,32,96.97,Subscription,669.81720430100000000000
Active,Professeur,plus,persona_x_initial_plan,32,96.97,Total revenue,2319.30432636181801896397
At-risk,Professeur,plus,persona_x_initial_plan,1,3.03,Banking fees,0.00000000000000000000
At-risk,Professeur,plus,persona_x_initial_plan,1,3.03,Deposit interest,3.97397167232876700000
At-risk,Professeur,plus,persona_x_initial_plan,1,3.03,Interchange,596.27161799999772000000
At-risk,Professeur,plus,persona_x_initial_plan,1,3.03,Subscription,25.00000000000000000000
At-risk,Professeur,plus,persona_x_initial_plan,1,3.03,Total revenue,625.24558967232648700000
Active,Professeur,start,persona_x_initial_plan,246,95.72,Banking fees,398.20000000000000000000
Active,Professeur,start,persona_x_initial_plan,246,95.72,Deposit interest,1700.54891417808232093902
Active,Professeur,start,persona_x_initial_plan,246,95.72,Interchange,1994.13513539998927910000
Active,Professeur,start,persona_x_initial_plan,246,95.72,Subscription,2438.15456989200000000000
Active,Professeur,start,persona_x_initial_plan,246,95.72,Total revenue,6531.03861947007160003902
At-risk,Professeur,start,persona_x_initial_plan,6,2.33,Banking fees,0.00000000000000000000
At-risk,Professeur,start,persona_x_initial_plan,6,2.33,Deposit interest,3.07145060164383647530
At-risk,Professeur,start,persona_x_initial_plan,6,2.33,Interchange,7.38685799999996395000
At-risk,Professeur,start,persona_x_initial_plan,6,2.33,Subscription,66.00000000000000000000
At-risk,Professeur,start,persona_x_initial_plan,6,2.33,Total revenue,76.45830860164380042530
Churned proxy,Professeur,start,persona_x_initial_plan,5,1.95,Banking fees,0.00000000000000000000
Churned proxy,Professeur,start,persona_x_initial_plan,5,1.95,Deposit interest,0.85962503561643826050
Churned proxy,Professeur,start,persona_x_initial_plan,5,1.95,Interchange,11.84527445398180440000
Churned proxy,Professeur,start,persona_x_initial_plan,5,1.95,Subscription,11.00000000000000000000
Churned proxy,Professeur,start,persona_x_initial_plan,5,1.95,Total revenue,23.70489948959824266050
Churned proxy,Repair,business,persona_x_initial_plan,1,100.0,Banking fees,0.00000000000000000000
Churned proxy,Repair,business,persona_x_initial_plan,1,100.0,Deposit interest,0.51576078904109600000
Churned proxy,Repair,business,persona_x_initial_plan,1,100.0,Interchange,139.81914882374784000000
Churned proxy,Repair,business,persona_x_initial_plan,1,100.0,Subscription,0.00000000000000000000
Churned proxy,Repair,business,persona_x_initial_plan,1,100.0,Total revenue,140.33490961278893600000
Active,Repair,free,persona_x_initial_plan,52,83.87,Banking fees,39.20000000000000000000
Active,Repair,free,persona_x_initial_plan,52,83.87,Deposit interest,81.42094764109589560664
Active,Repair,free,persona_x_initial_plan,52,83.87,Interchange,511.52131799999728465500
Active,Repair,free,persona_x_initial_plan,52,83.87,Subscription,47.00000000000000000000
Active,Repair,free,persona_x_initial_plan,52,83.87,Total revenue,679.14226564109318026164
At-risk,Repair,free,persona_x_initial_plan,5,8.06,Banking fees,24.00000000000000000000
At-risk,Repair,free,persona_x_initial_plan,5,8.06,Deposit interest,9.27430694794520665600
At-risk,Repair,free,persona_x_initial_plan,5,8.06,Interchange,1.49939999999999319000
At-risk,Repair,free,persona_x_initial_plan,5,8.06,Subscription,0.00000000000000000000
At-risk,Repair,free,persona_x_initial_plan,5,8.06,Total revenue,34.77370694794519984600
Churned proxy,Repair,free,persona_x_initial_plan,5,8.06,Banking fees,4.00000000000000000000
Churned proxy,Repair,free,persona_x_initial_plan,5,8.06,Deposit interest,6.00567132986301515253
Churned proxy,Repair,free,persona_x_initial_plan,5,8.06,Interchange,0.00000000000000000000
Churned proxy,Repair,free,persona_x_initial_plan,5,8.06,Subscription,0.00000000000000000000
Churned proxy,Repair,free,persona_x_initial_plan,5,8.06,Total revenue,10.00567132986301515253
Active,Repair,plus,persona_x_initial_plan,11,91.67,Banking fees,0.00000000000000000000
Active,Repair,plus,persona_x_initial_plan,11,91.67,Deposit interest,85.75379022246574351810
Active,Repair,plus,persona_x_initial_plan,11,91.67,Interchange,138.80590199999925829000
Active,Repair,plus,persona_x_initial_plan,11,91.67,Subscription,201.00000000000000000000
Active,Repair,plus,persona_x_initial_plan,11,91.67,Total revenue,425.55969222246500180810
At-risk,Repair,plus,persona_x_initial_plan,1,8.33,Banking fees,0.00000000000000000000
At-risk,Repair,plus,persona_x_initial_plan,1,8.33,Deposit interest,0.09153534246575344100
At-risk,Repair,plus,persona_x_initial_plan,1,8.33,Interchange,0.00000000000000000000
At-risk,Repair,plus,persona_x_initial_plan,1,8.33,Subscription,25.00000000000000000000
At-risk,Repair,plus,persona_x_initial_plan,1,8.33,Total revenue,25.09153534246575344100
Active,Repair,start,persona_x_initial_plan,41,93.18,Banking fees,27.14000000000000000000
Active,Repair,start,persona_x_initial_plan,41,93.18,Deposit interest,206.11971755726028333980
Active,Repair,start,persona_x_initial_plan,41,93.18,Interchange,332.00123399999821906000
Active,Repair,start,persona_x_initial_plan,41,93.18,Subscription,352.82426075200000000000
Active,Repair,start,persona_x_initial_plan,41,93.18,Total revenue,918.08521230925850239980
At-risk,Repair,start,persona_x_initial_plan,1,2.27,Banking fees,0.00000000000000000000
At-risk,Repair,start,persona_x_initial_plan,1,2.27,Deposit interest,0.05441800328767124700
At-risk,Repair,start,persona_x_initial_plan,1,2.27,Interchange,0.00000000000000000000
At-risk,Repair,start,persona_x_initial_plan,1,2.27,Subscription,11.00000000000000000000
At-risk,Repair,start,persona_x_initial_plan,1,2.27,Total revenue,11.05441800328767124700
Churned proxy,Repair,start,persona_x_initial_plan,2,4.55,Banking fees,0.00000000000000000000
Churned proxy,Repair,start,persona_x_initial_plan,2,4.55,Deposit interest,1.61790161753424668640
Churned proxy,Repair,start,persona_x_initial_plan,2,4.55,Interchange,12.73915799999993100000
Churned proxy,Repair,start,persona_x_initial_plan,2,4.55,Subscription,11.00000000000000000000
Churned proxy,Repair,start,persona_x_initial_plan,2,4.55,Total revenue,25.35705961753417768640
Active,Repair_Installation,business,persona_x_initial_plan,1,100.0,Banking fees,0.00000000000000000000
Active,Repair_Installation,business,persona_x_initial_plan,1,100.0,Deposit interest,0.28617468493150683000
Active,Repair_Installation,business,persona_x_initial_plan,1,100.0,Interchange,0.00000000000000000000
Active,Repair_Installation,business,persona_x_initial_plan,1,100.0,Subscription,80.00000000000000000000
Active,Repair_Installation,business,persona_x_initial_plan,1,100.0,Total revenue,80.28617468493150683000
Active,Repair_Installation,free,persona_x_initial_plan,12,100.0,Banking fees,16.80000000000000000000
Active,Repair_Installation,free,persona_x_initial_plan,12,100.0,Deposit interest,76.99869647123288168800
Active,Repair_Installation,free,persona_x_initial_plan,12,100.0,Interchange,149.63252399999916813000
Active,Repair_Installation,free,persona_x_initial_plan,12,100.0,Subscription,11.00000000000000000000
Active,Repair_Installation,free,persona_x_initial_plan,12,100.0,Total revenue,254.43122047123204981800
Active,Repair_Installation,plus,persona_x_initial_plan,6,100.0,Banking fees,0.00000000000000000000
Active,Repair_Installation,plus,persona_x_initial_plan,6,100.0,Deposit interest,76.76060220219177730000
Active,Repair_Installation,plus,persona_x_initial_plan,6,100.0,Interchange,575.51970599999678690000
Active,Repair_Installation,plus,persona_x_initial_plan,6,100.0,Subscription,115.00000000000000000000
Active,Repair_Installation,plus,persona_x_initial_plan,6,100.0,Total revenue,767.28030820218856420000
Active,Repair_Installation,start,persona_x_initial_plan,18,94.74,Banking fees,0.00000000000000000000
Active,Repair_Installation,start,persona_x_initial_plan,18,94.74,Deposit interest,346.04484881808220930400
Active,Repair_Installation,start,persona_x_initial_plan,18,94.74,Interchange,331.44028199999821593000
Active,Repair_Installation,start,persona_x_initial_plan,18,94.74,Subscription,188.64645161300000000000
Active,Repair_Installation,start,persona_x_initial_plan,18,94.74,Total revenue,866.13158243108042523400
At-risk,Repair_Installation,start,persona_x_initial_plan,1,5.26,Banking fees,0.00000000000000000000
At-risk,Repair_Installation,start,persona_x_initial_plan,1,5.26,Deposit interest,0.01212328767123287800
At-risk,Repair_Installation,start,persona_x_initial_plan,1,5.26,Interchange,0.00000000000000000000
At-risk,Repair_Installation,start,persona_x_initial_plan,1,5.26,Subscription,11.00000000000000000000
At-risk,Repair_Installation,start,persona_x_initial_plan,1,5.26,Total revenue,11.01212328767123287800
Active,Restauration,business,persona_x_initial_plan,2,66.67,Banking fees,0.00000000000000000000
Active,Restauration,business,persona_x_initial_plan,2,66.67,Deposit interest,0.51383941479452058000
Active,Restauration,business,persona_x_initial_plan,2,66.67,Interchange,48.98906999999974190000
Active,Restauration,business,persona_x_initial_plan,2,66.67,Subscription,160.00000000000000000000
Active,Restauration,business,persona_x_initial_plan,2,66.67,Total revenue,209.50290941479426248000
Churned proxy,Restauration,business,persona_x_initial_plan,1,33.33,Banking fees,0.00000000000000000000
Churned proxy,Restauration,business,persona_x_initial_plan,1,33.33,Deposit interest,1.90205549589041120000
Churned proxy,Restauration,business,persona_x_initial_plan,1,33.33,Interchange,132.35307777005255000000
Churned proxy,Restauration,business,persona_x_initial_plan,1,33.33,Subscription,0.00000000000000000000
Churned proxy,Restauration,business,persona_x_initial_plan,1,33.33,Total revenue,134.25513326594296120000
Active,Restauration,free,persona_x_initial_plan,140,89.17,Banking fees,1075.60000000000000000000
Active,Restauration,free,persona_x_initial_plan,140,89.17,Deposit interest,547.93303154739725336464
Active,Restauration,free,persona_x_initial_plan,140,89.17,Interchange,1596.36518999999128030500
Active,Restauration,free,persona_x_initial_plan,140,89.17,Subscription,170.72677419400000000000
Active,Restauration,free,persona_x_initial_plan,140,89.17,Total revenue,3390.62499574138853366964
At-risk,Restauration,free,persona_x_initial_plan,9,5.73,Banking fees,36.51999999999999600000
At-risk,Restauration,free,persona_x_initial_plan,9,5.73,Deposit interest,0.90376215178082189180
At-risk,Restauration,free,persona_x_initial_plan,9,5.73,Interchange,0.99044999999999506000
At-risk,Restauration,free,persona_x_initial_plan,9,5.73,Subscription,0.00000000000000000000
At-risk,Restauration,free,persona_x_initial_plan,9,5.73,Total revenue,38.41421215178081295180
Churned proxy,Restauration,free,persona_x_initial_plan,8,5.1,Banking fees,8.00000000000000000000
Churned proxy,Restauration,free,persona_x_initial_plan,8,5.1,Deposit interest,3.78381032602739758420
Churned proxy,Restauration,free,persona_x_initial_plan,8,5.1,Interchange,5.59021423166930920000
Churned proxy,Restauration,free,persona_x_initial_plan,8,5.1,Subscription,0.00000000000000000000
Churned proxy,Restauration,free,persona_x_initial_plan,8,5.1,Total revenue,17.37402455769670678420
Active,Restauration,plus,persona_x_initial_plan,72,93.51,Banking fees,1092.00000000000000000000
Active,Restauration,plus,persona_x_initial_plan,72,93.51,Deposit interest,754.64297261205484586165
Active,Restauration,plus,persona_x_initial_plan,72,93.51,Interchange,5814.35402759996922294700
Active,Restauration,plus,persona_x_initial_plan,72,93.51,Subscription,1606.63118279500000000000
Active,Restauration,plus,persona_x_initial_plan,72,93.51,Total revenue,9267.62818300702406880865
At-risk,Restauration,plus,persona_x_initial_plan,3,3.9,Banking fees,0.00000000000000000000
At-risk,Restauration,plus,persona_x_initial_plan,3,3.9,Deposit interest,1.07155349643835621600
At-risk,Restauration,plus,persona_x_initial_plan,3,3.9,Interchange,31.28641199999984600000
At-risk,Restauration,plus,persona_x_initial_plan,3,3.9,Subscription,75.00000000000000000000
At-risk,Restauration,plus,persona_x_initial_plan,3,3.9,Total revenue,107.35796549643820221600
Churned proxy,Restauration,plus,persona_x_initial_plan,2,2.6,Banking fees,0.00000000000000000000
Churned proxy,Restauration,plus,persona_x_initial_plan,2,2.6,Deposit interest,3.56484829479452042065
Churned proxy,Restauration,plus,persona_x_initial_plan,2,2.6,Interchange,449.90279999999768000000
Churned proxy,Restauration,plus,persona_x_initial_plan,2,2.6,Subscription,0.00000000000000000000
Churned proxy,Restauration,plus,persona_x_initial_plan,2,2.6,Total revenue,453.46764829479220042065
Active,Restauration,start,persona_x_initial_plan,217,93.53,Banking fees,1199.58000000000000000000
Active,Restauration,start,persona_x_initial_plan,217,93.53,Deposit interest,1285.62339707835630274062
Active,Restauration,start,persona_x_initial_plan,217,93.53,Interchange,4980.09355919997288246900
Active,Restauration,start,persona_x_initial_plan,217,93.53,Subscription,2097.13814516100000100000
Active,Restauration,start,persona_x_initial_plan,217,93.53,Total revenue,9562.43510143932918620962
At-risk,Restauration,start,persona_x_initial_plan,9,3.88,Banking fees,-4.00000000000000000000
At-risk,Restauration,start,persona_x_initial_plan,9,3.88,Deposit interest,2.02316943013698647523
At-risk,Restauration,start,persona_x_initial_plan,9,3.88,Interchange,0.87209999999999660000
At-risk,Restauration,start,persona_x_initial_plan,9,3.88,Subscription,75.00000000000000000000
At-risk,Restauration,start,persona_x_initial_plan,9,3.88,Total revenue,73.89526943013698307523
Churned proxy,Restauration,start,persona_x_initial_plan,6,2.59,Banking fees,4.00000000000000000000
Churned proxy,Restauration,start,persona_x_initial_plan,6,2.59,Deposit interest,5.13057572821918011240
Churned proxy,Restauration,start,persona_x_initial_plan,6,2.59,Interchange,64.50281150368112150000
Churned proxy,Restauration,start,persona_x_initial_plan,6,2.59,Subscription,31.00000000000000000000
Churned proxy,Restauration,start,persona_x_initial_plan,6,2.59,Total revenue,104.63338723190030161240
Active,Retail,business,persona_x_initial_plan,22,68.75,Banking fees,35.00000000000000000000
Active,Retail,business,persona_x_initial_plan,22,68.75,Deposit interest,99.21302384273974725070
Active,Retail,business,persona_x_initial_plan,22,68.75,Interchange,1250.27239859999329373000
Active,Retail,business,persona_x_initial_plan,22,68.75,Subscription,1280.00000000000000000000
Active,Retail,business,persona_x_initial_plan,22,68.75,Total revenue,2664.48542244273304098070
At-risk,Retail,business,persona_x_initial_plan,7,21.88,Banking fees,0.00000000000000000000
At-risk,Retail,business,persona_x_initial_plan,7,21.88,Deposit interest,6.73889994904109456230
At-risk,Retail,business,persona_x_initial_plan,7,21.88,Interchange,721.05121799999715479000
At-risk,Retail,business,persona_x_initial_plan,7,21.88,Subscription,80.00000000000000000000
At-risk,Retail,business,persona_x_initial_plan,7,21.88,Total revenue,807.79011794903824935230
Churned proxy,Retail,business,persona_x_initial_plan,3,9.38,Banking fees,0.00000000000000000000
Churned proxy,Retail,business,persona_x_initial_plan,3,9.38,Deposit interest,17.18419387506851209000
Churned proxy,Retail,business,persona_x_initial_plan,3,9.38,Interchange,230.28514011160750000000
Churned proxy,Retail,business,persona_x_initial_plan,3,9.38,Subscription,80.00000000000000000000
Churned proxy,Retail,business,persona_x_initial_plan,3,9.38,Total revenue,327.46933398667601209000
Active,Retail,free,persona_x_initial_plan,899,91.55,Banking fees,2083.56000000000000260000
Active,Retail,free,persona_x_initial_plan,899,91.55,Deposit interest,3349.68928133589040410555
Active,Retail,free,persona_x_initial_plan,899,91.55,Interchange,7191.34352279996107946544
Active,Retail,free,persona_x_initial_plan,899,91.55,Subscription,520.29999999999999900000
Active,Retail,free,persona_x_initial_plan,899,91.55,Total revenue,13144.89280413585148517099
At-risk,Retail,free,persona_x_initial_plan,54,5.5,Banking fees,240.25999999999999940000
At-risk,Retail,free,persona_x_initial_plan,54,5.5,Deposit interest,40.19807369095890969491
At-risk,Retail,free,persona_x_initial_plan,54,5.5,Interchange,239.69321999999896589100
At-risk,Retail,free,persona_x_initial_plan,54,5.5,Subscription,0.00000000000000000000
At-risk,Retail,free,persona_x_initial_plan,54,5.5,Total revenue,520.15129369095787498591
Churned proxy,Retail,free,persona_x_initial_plan,29,2.95,Banking fees,13.60000000000000000000
Churned proxy,Retail,free,persona_x_initial_plan,29,2.95,Deposit interest,58.86763668931509397069
Churned proxy,Retail,free,persona_x_initial_plan,29,2.95,Interchange,200.31468457190242373000
Churned proxy,Retail,free,persona_x_initial_plan,29,2.95,Subscription,0.00000000000000000000
Churned proxy,Retail,free,persona_x_initial_plan,29,2.95,Total revenue,272.78232126121751770069
Active,Retail,plus,persona_x_initial_plan,245,85.96,Banking fees,1251.88000000000000000000
Active,Retail,plus,persona_x_initial_plan,245,85.96,Deposit interest,3457.01497657315079902655
Active,Retail,plus,persona_x_initial_plan,245,85.96,Interchange,11483.06797079993666101900
Active,Retail,plus,persona_x_initial_plan,245,85.96,Subscription,4961.04276881500000000000
Active,Retail,plus,persona_x_initial_plan,245,85.96,Total revenue,21153.00571618808746004555
At-risk,Retail,plus,persona_x_initial_plan,19,6.67,Banking fees,4.10000000000000000000
At-risk,Retail,plus,persona_x_initial_plan,19,6.67,Deposit interest,10.89500776000000099834
At-risk,Retail,plus,persona_x_initial_plan,19,6.67,Interchange,786.71198699999681500000
At-risk,Retail,plus,persona_x_initial_plan,19,6.67,Subscription,300.00000000000000000000
At-risk,Retail,plus,persona_x_initial_plan,19,6.67,Total revenue,1101.70699475999681599834
Churned proxy,Retail,plus,persona_x_initial_plan,21,7.37,Banking fees,0.00000000000000000000
Churned proxy,Retail,plus,persona_x_initial_plan,21,7.37,Deposit interest,49.11295736547945769964
Churned proxy,Retail,plus,persona_x_initial_plan,21,7.37,Interchange,566.96239396910316954300
Churned proxy,Retail,plus,persona_x_initial_plan,21,7.37,Subscription,275.00000000000000000000
Churned proxy,Retail,plus,persona_x_initial_plan,21,7.37,Total revenue,891.07535133458262724264
Active,Retail,start,persona_x_initial_plan,999,91.07,Banking fees,4121.14000000000000000000
Active,Retail,start,persona_x_initial_plan,999,91.07,Deposit interest,9764.84468232383538539533
Active,Retail,start,persona_x_initial_plan,999,91.07,Interchange,14348.73039119992225981100
Active,Retail,start,persona_x_initial_plan,999,91.07,Subscription,9686.93903225646875200000
Active,Retail,start,persona_x_initial_plan,999,91.07,Total revenue,37921.65410578022639720633
At-risk,Retail,start,persona_x_initial_plan,53,4.83,Banking fees,36.34000000000000000000
At-risk,Retail,start,persona_x_initial_plan,53,4.83,Deposit interest,87.48107302465756519366
At-risk,Retail,start,persona_x_initial_plan,53,4.83,Interchange,248.85871019999886894200
At-risk,Retail,start,persona_x_initial_plan,53,4.83,Subscription,407.31250000000000000000
At-risk,Retail,start,persona_x_initial_plan,53,4.83,Total revenue,779.99228322465643413566
Churned proxy,Retail,start,persona_x_initial_plan,45,4.1,Banking fees,0.00000000000000000000
Churned proxy,Retail,start,persona_x_initial_plan,45,4.1,Deposit interest,214.70104706301380306335
Churned proxy,Retail,start,persona_x_initial_plan,45,4.1,Interchange,205.03132459223117402000
Churned proxy,Retail,start,persona_x_initial_plan,45,4.1,Subscription,315.00000000000000000000
Churned proxy,Retail,start,persona_x_initial_plan,45,4.1,Total revenue,734.73237165524497708335
Active,Wholesale,business,persona_x_initial_plan,17,89.47,Banking fees,0.08000000000000000000
Active,Wholesale,business,persona_x_initial_plan,17,89.47,Deposit interest,140.22446936602738928600
Active,Wholesale,business,persona_x_initial_plan,17,89.47,Interchange,944.41734359999531241200
Active,Wholesale,business,persona_x_initial_plan,17,89.47,Subscription,1040.00000000000000000000
Active,Wholesale,business,persona_x_initial_plan,17,89.47,Total revenue,2124.72181296602270169800
At-risk,Wholesale,business,persona_x_initial_plan,2,10.53,Banking fees,0.00000000000000000000
At-risk,Wholesale,business,persona_x_initial_plan,2,10.53,Deposit interest,0.65399210958904119300
At-risk,Wholesale,business,persona_x_initial_plan,2,10.53,Interchange,39.05013599999984600000
At-risk,Wholesale,business,persona_x_initial_plan,2,10.53,Subscription,160.00000000000000000000
At-risk,Wholesale,business,persona_x_initial_plan,2,10.53,Total revenue,199.70412810958888719300
Active,Wholesale,free,persona_x_initial_plan,121,90.98,Banking fees,1180.24000000000000000000
Active,Wholesale,free,persona_x_initial_plan,121,90.98,Deposit interest,1324.10239529972611754440
Active,Wholesale,free,persona_x_initial_plan,121,90.98,Interchange,1324.95292079999279908000
Active,Wholesale,free,persona_x_initial_plan,121,90.98,Subscription,116.80000000000000000000
Active,Wholesale,free,persona_x_initial_plan,121,90.98,Total revenue,3946.09531609971891662440
At-risk,Wholesale,free,persona_x_initial_plan,8,6.02,Banking fees,22.40000000000000000000
At-risk,Wholesale,free,persona_x_initial_plan,8,6.02,Deposit interest,78.47712504712330081650
At-risk,Wholesale,free,persona_x_initial_plan,8,6.02,Interchange,41.38084799999979960000
At-risk,Wholesale,free,persona_x_initial_plan,8,6.02,Subscription,0.00000000000000000000
At-risk,Wholesale,free,persona_x_initial_plan,8,6.02,Total revenue,142.25797304712310041650
Churned proxy,Wholesale,free,persona_x_initial_plan,4,3.01,Banking fees,0.00000000000000000000
Churned proxy,Wholesale,free,persona_x_initial_plan,4,3.01,Deposit interest,2.27214422356164379130
Churned proxy,Wholesale,free,persona_x_initial_plan,4,3.01,Interchange,0.00000000000000000000
Churned proxy,Wholesale,free,persona_x_initial_plan,4,3.01,Subscription,0.00000000000000000000
Churned proxy,Wholesale,free,persona_x_initial_plan,4,3.01,Total revenue,2.27214422356164379130
Active,Wholesale,plus,persona_x_initial_plan,85,93.41,Banking fees,257.08000000000000000000
Active,Wholesale,plus,persona_x_initial_plan,85,93.41,Deposit interest,1050.87651479780821236249
Active,Wholesale,plus,persona_x_initial_plan,85,93.41,Interchange,4098.44499299997771553400
Active,Wholesale,plus,persona_x_initial_plan,85,93.41,Subscription,1866.40860215000000000000
Active,Wholesale,plus,persona_x_initial_plan,85,93.41,Total revenue,7272.81010994778592789649
At-risk,Wholesale,plus,persona_x_initial_plan,1,1.1,Banking fees,0.00000000000000000000
At-risk,Wholesale,plus,persona_x_initial_plan,1,1.1,Deposit interest,1.71104895342465780000
At-risk,Wholesale,plus,persona_x_initial_plan,1,1.1,Interchange,138.43616399999945000000
At-risk,Wholesale,plus,persona_x_initial_plan,1,1.1,Subscription,0.00000000000000000000
At-risk,Wholesale,plus,persona_x_initial_plan,1,1.1,Total revenue,140.14721295342410780000
Churned proxy,Wholesale,plus,persona_x_initial_plan,5,5.49,Banking fees,0.00000000000000000000
Churned proxy,Wholesale,plus,persona_x_initial_plan,5,5.49,Deposit interest,0.07799072438356169283
Churned proxy,Wholesale,plus,persona_x_initial_plan,5,5.49,Interchange,0.33121799999999824500
Churned proxy,Wholesale,plus,persona_x_initial_plan,5,5.49,Subscription,75.00000000000000000000
Churned proxy,Wholesale,plus,persona_x_initial_plan,5,5.49,Total revenue,75.40920872438355993783
Active,Wholesale,start,persona_x_initial_plan,177,93.65,Banking fees,261.08000000000000000000
Active,Wholesale,start,persona_x_initial_plan,177,93.65,Deposit interest,1883.31088091013700556839
Active,Wholesale,start,persona_x_initial_plan,177,93.65,Interchange,2529.02134079998629296800
Active,Wholesale,start,persona_x_initial_plan,177,93.65,Subscription,1788.32838709700000000000
Active,Wholesale,start,persona_x_initial_plan,177,93.65,Total revenue,6461.74060880712329853639
At-risk,Wholesale,start,persona_x_initial_plan,8,4.23,Banking fees,0.00000000000000000000
At-risk,Wholesale,start,persona_x_initial_plan,8,4.23,Deposit interest,44.41803514301370380500
At-risk,Wholesale,start,persona_x_initial_plan,8,4.23,Interchange,0.19709999999999922000
At-risk,Wholesale,start,persona_x_initial_plan,8,4.23,Subscription,49.90625000000000000000
At-risk,Wholesale,start,persona_x_initial_plan,8,4.23,Total revenue,94.52138514301370302500
Churned proxy,Wholesale,start,persona_x_initial_plan,4,2.12,Banking fees,9.60000000000000000000
Churned proxy,Wholesale,start,persona_x_initial_plan,4,2.12,Deposit interest,3.53868997479452075390
Churned proxy,Wholesale,start,persona_x_initial_plan,4,2.12,Interchange,18.23846399999990489000
Churned proxy,Wholesale,start,persona_x_initial_plan,4,2.12,Subscription,33.00000000000000000000
Churned proxy,Wholesale,start,persona_x_initial_plan,4,2.12,Total revenue,64.37715397479442564390
